:020000040048B2
:10000000A55AA55A010000000000000000084800A1
:100010000000000000084800000000000008480040
:1000200000000000000000000000000000000000D0
:10003000FFFFFFFFFFFFFFFFFFFFFFFFFFFFFFFFD0
:10004000FFFFFFFFFFFFFFFFFFFFFFFFFFFFFFFFC0
:10005000FFFFFFFFFFFFFFFFFFFFFFFFFFFFFFFFB0
:10006000FFFFFFFFFFFFFFFFFFFFFFFFFFFFFFFFA0
:10007000FFFFFFFFFFFFFFFFFFFFFFFFFFFFFFFF90
:10008000FFFFFFFFFFFFFFFFFFFFFFFFFFFFFFFF80
:10009000FFFFFFFFFFFFFFFFFFFFFFFFFFFFFFFF70
:1000A000FFFFFFFFFFFFFFFFFFFFFFFFFFFFFFFF60
:1000B000FFFFFFFFFFFFFFFFFFFFFFFFFFFFFFFF50
:1000C000FFFFFFFFFFFFFFFFFFFFFFFFFFFFFFFF40
:1000D000FFFFFFFFFFFFFFFFFFFFFFFFFFFFFFFF30
:1000E000FFFFFFFFFFFFFFFFFFFFFFFFFFFFFFFF20
:1000F000FFFFFFFFFFFFFFFFFFFFFFFFFFFFFFFF10
:10010000FFFFFFFFFFFFFFFFFFFFFFFFFFFFFFFFFF
:10011000FFFFFFFFFFFFFFFFFFFFFFFFFFFFFFFFEF
:10012000FFFFFFFFFFFFFFFFFFFFFFFFFFFFFFFFDF
:10013000FFFFFFFFFFFFFFFFFFFFFFFFFFFFFFFFCF
:10014000FFFFFFFFFFFFFFFFFFFFFFFFFFFFFFFFBF
:10015000FFFFFFFFFFFFFFFFFFFFFFFFFFFFFFFFAF
:10016000FFFFFFFFFFFFFFFFFFFFFFFFFFFFFFFF9F
:10017000FFFFFFFFFFFFFFFFFFFFFFFFFFFFFFFF8F
:10018000FFFFFFFFFFFFFFFFFFFFFFFFFFFFFFFF7F
:10019000FFFFFFFFFFFFFFFFFFFFFFFFFFFFFFFF6F
:1001A000FFFFFFFFFFFFFFFFFFFFFFFFFFFFFFFF5F
:1001B000FFFFFFFFFFFFFFFFFFFFFFFFFFFFFFFF4F
:1001C000FFFFFFFFFFFFFFFFFFFFFFFFFFFFFFFF3F
:1001D000FFFFFFFFFFFFFFFFFFFFFFFFFFFFFFFF2F
:1001E000FFFFFFFFFFFFFFFFFFFFFFFFFFFFFFFF1F
:1001F000FFFFFFFFFFFFFFFFFFFFFFFFFFFFFFFF0F
:10020000FFFFFFFFFFFFFFFFFFFFFFFFFFFFFFFFFE
:10021000FFFFFFFFFFFFFFFFFFFFFFFFFFFFFFFFEE
:10022000FFFFFFFFFFFFFFFFFFFFFFFFFFFFFFFFDE
:10023000FFFFFFFFFFFFFFFFFFFFFFFFFFFFFFFFCE
:10024000FFFFFFFFFFFFFFFFFFFFFFFFFFFFFFFFBE
:10025000FFFFFFFFFFFFFFFFFFFFFFFFFFFFFFFFAE
:10026000FFFFFFFFFFFFFFFFFFFFFFFFFFFFFFFF9E
:10027000FFFFFFFFFFFFFFFFFFFFFFFFFFFFFFFF8E
:10028000FFFFFFFFFFFFFFFFFFFFFFFFFFFFFFFF7E
:10029000FFFFFFFFFFFFFFFFFFFFFFFFFFFFFFFF6E
:1002A000FFFFFFFFFFFFFFFFFFFFFFFFFFFFFFFF5E
:1002B000FFFFFFFFFFFFFFFFFFFFFFFFFFFFFFFF4E
:1002C000FFFFFFFFFFFFFFFFFFFFFFFFFFFFFFFF3E
:1002D000FFFFFFFFFFFFFFFFFFFFFFFFFFFFFFFF2E
:1002E000FFFFFFFFFFFFFFFFFFFFFFFFFFFFFFFF1E
:1002F000FFFFFFFFFFFFFFFFFFFFFFFFFFFFFFFF0E
:10030000FFFFFFFFFFFFFFFFFFFFFFFFFFFFFFFFFD
:10031000FFFFFFFFFFFFFFFFFFFFFFFFFFFFFFFFED
:10032000FFFFFFFFFFFFFFFFFFFFFFFFFFFFFFFFDD
:10033000FFFFFFFFFFFFFFFFFFFFFFFFFFFFFFFFCD
:10034000FFFFFFFFFFFFFFFFFFFFFFFFFFFFFFFFBD
:10035000FFFFFFFFFFFFFFFFFFFFFFFFFFFFFFFFAD
:10036000FFFFFFFFFFFFFFFFFFFFFFFFFFFFFFFF9D
:10037000FFFFFFFFFFFFFFFFFFFFFFFFFFFFFFFF8D
:10038000FFFFFFFFFFFFFFFFFFFFFFFFFFFFFFFF7D
:10039000FFFFFFFFFFFFFFFFFFFFFFFFFFFFFFFF6D
:1003A000FFFFFFFFFFFFFFFFFFFFFFFFFFFFFFFF5D
:1003B000FFFFFFFFFFFFFFFFFFFFFFFFFFFFFFFF4D
:1003C000FFFFFFFFFFFFFFFFFFFFFFFFFFFFFFFF3D
:1003D000FFFFFFFFFFFFFFFFFFFFFFFFFFFFFFFF2D
:1003E000FFFFFFFFFFFFFFFFFFFFFFFFFFFFFFFF1D
:1003F000FFFFFFFFFFFFFFFFFFFFFFFFFFFFFFFF0D
:10040000FFFFFFFFFFFFFFFFFFFFFFFFFFFFFFFFFC
:10041000FFFFFFFFFFFFFFFFFFFFFFFFFFFFFFFFEC
:10042000FFFFFFFFFFFFFFFFFFFFFFFFFFFFFFFFDC
:10043000FFFFFFFFFFFFFFFFFFFFFFFFFFFFFFFFCC
:10044000FFFFFFFFFFFFFFFFFFFFFFFFFFFFFFFFBC
:10045000FFFFFFFFFFFFFFFFFFFFFFFFFFFFFFFFAC
:10046000FFFFFFFFFFFFFFFFFFFFFFFFFFFFFFFF9C
:10047000FFFFFFFFFFFFFFFFFFFFFFFFFFFFFFFF8C
:10048000FFFFFFFFFFFFFFFFFFFFFFFFFFFFFFFF7C
:10049000FFFFFFFFFFFFFFFFFFFFFFFFFFFFFFFF6C
:1004A000FFFFFFFFFFFFFFFFFFFFFFFFFFFFFFFF5C
:1004B000FFFFFFFFFFFFFFFFFFFFFFFFFFFFFFFF4C
:1004C000FFFFFFFFFFFFFFFFFFFFFFFFFFFFFFFF3C
:1004D000FFFFFFFFFFFFFFFFFFFFFFFFFFFFFFFF2C
:1004E000FFFFFFFFFFFFFFFFFFFFFFFFFFFFFFFF1C
:1004F000FFFFFFFFFFFFFFFFFFFFFFFFFFFFFFFF0C
:10050000FFFFFFFFFFFFFFFFFFFFFFFFFFFFFFFFFB
:10051000FFFFFFFFFFFFFFFFFFFFFFFFFFFFFFFFEB
:10052000FFFFFFFFFFFFFFFFFFFFFFFFFFFFFFFFDB
:10053000FFFFFFFFFFFFFFFFFFFFFFFFFFFFFFFFCB
:10054000FFFFFFFFFFFFFFFFFFFFFFFFFFFFFFFFBB
:10055000FFFFFFFFFFFFFFFFFFFFFFFFFFFFFFFFAB
:10056000FFFFFFFFFFFFFFFFFFFFFFFFFFFFFFFF9B
:10057000FFFFFFFFFFFFFFFFFFFFFFFFFFFFFFFF8B
:10058000FFFFFFFFFFFFFFFFFFFFFFFFFFFFFFFF7B
:10059000FFFFFFFFFFFFFFFFFFFFFFFFFFFFFFFF6B
:1005A000FFFFFFFFFFFFFFFFFFFFFFFFFFFFFFFF5B
:1005B000FFFFFFFFFFFFFFFFFFFFFFFFFFFFFFFF4B
:1005C000FFFFFFFFFFFFFFFFFFFFFFFFFFFFFFFF3B
:1005D000FFFFFFFFFFFFFFFFFFFFFFFFFFFFFFFF2B
:1005E000FFFFFFFFFFFFFFFFFFFFFFFFFFFFFFFF1B
:1005F000FFFFFFFFFFFFFFFFFFFFFFFFFFFFFFFF0B
:10060000FFFFFFFFFFFFFFFFFFFFFFFFFFFFFFFFFA
:10061000FFFFFFFFFFFFFFFFFFFFFFFFFFFFFFFFEA
:10062000FFFFFFFFFFFFFFFFFFFFFFFFFFFFFFFFDA
:10063000FFFFFFFFFFFFFFFFFFFFFFFFFFFFFFFFCA
:10064000FFFFFFFFFFFFFFFFFFFFFFFFFFFFFFFFBA
:10065000FFFFFFFFFFFFFFFFFFFFFFFFFFFFFFFFAA
:10066000FFFFFFFFFFFFFFFFFFFFFFFFFFFFFFFF9A
:10067000FFFFFFFFFFFFFFFFFFFFFFFFFFFFFFFF8A
:10068000FFFFFFFFFFFFFFFFFFFFFFFFFFFFFFFF7A
:10069000FFFFFFFFFFFFFFFFFFFFFFFFFFFFFFFF6A
:1006A000FFFFFFFFFFFFFFFFFFFFFFFFFFFFFFFF5A
:1006B000FFFFFFFFFFFFFFFFFFFFFFFFFFFFFFFF4A
:1006C000FFFFFFFFFFFFFFFFFFFFFFFFFFFFFFFF3A
:1006D000FFFFFFFFFFFFFFFFFFFFFFFFFFFFFFFF2A
:1006E000FFFFFFFFFFFFFFFFFFFFFFFFFFFFFFFF1A
:1006F000FFFFFFFFFFFFFFFFFFFFFFFFFFFFFFFF0A
:10070000FFFFFFFFFFFFFFFFFFFFFFFFFFFFFFFFF9
:10071000FFFFFFFFFFFFFFFFFFFFFFFFFFFFFFFFE9
:10072000FFFFFFFFFFFFFFFFFFFFFFFFFFFFFFFFD9
:10073000FFFFFFFFFFFFFFFFFFFFFFFFFFFFFFFFC9
:10074000FFFFFFFFFFFFFFFFFFFFFFFFFFFFFFFFB9
:10075000FFFFFFFFFFFFFFFFFFFFFFFFFFFFFFFFA9
:10076000FFFFFFFFFFFFFFFFFFFFFFFFFFFFFFFF99
:10077000FFFFFFFFFFFFFFFFFFFFFFFFFFFFFFFF89
:10078000FFFFFFFFFFFFFFFFFFFFFFFFFFFFFFFF79
:10079000FFFFFFFFFFFFFFFFFFFFFFFFFFFFFFFF69
:1007A000FFFFFFFFFFFFFFFFFFFFFFFFFFFFFFFF59
:1007B000FFFFFFFFFFFFFFFFFFFFFFFFFFFFFFFF49
:1007C000FFFFFFFFFFFFFFFFFFFFFFFFFFFFFFFF39
:1007D000FFFFFFFFFFFFFFFFFFFFFFFFFFFFFFFF29
:1007E000FFFFFFFFFFFFFFFFFFFFFFFFFFFFFFFF19
:1007F000FFFFFFFFFFFFFFFFFFFFFFFFFFFFFFFF09
:1008000000000120B10C48006F3C4A006DC1480057
:100810007B784A0003994A0003A94A0000000000BF
:1008200000000000000000000000000063B84A0063
:10083000B3E34A00000000006BE54A004F7C48002B
:1008400043EB4A0043EB4A0043EB4A0043EB4A00C8
:1008500043EB4A0043EB4A0043EB4A0043EB4A00B8
:1008600043EB4A0043EB4A0043EB4A0043EB4A00A8
:1008700043EB4A0043EB4A0043EB4A0043EB4A0098
:1008800043EB4A0043EB4A0043EB4A0043EB4A0088
:1008900043EB4A0043EB4A0043EB4A0043EB4A0078
:1008A00043EB4A0043EB4A0043EB4A0043EB4A0068
:1008B00043EB4A0043EB4A0043EB4A0043EB4A0058
:1008C00043EB4A0043EB4A0043EB4A0043EB4A0048
:1008D00043EB4A0043EB4A0043EB4A0043EB4A0038
:1008E00043EB4A0043EB4A0043EB4A0043EB4A0028
:1008F00043EB4A0043EB4A0043EB4A0043EB4A0018
:1009000043EB4A0043EB4A0043EB4A0043EB4A0007
:1009100043EB4A0043EB4A0043EB4A0043EB4A00F7
:1009200043EB4A0043EB4A0043EB4A0043EB4A00E7
:1009300043EB4A0043EB4A0043EB4A0043EB4A00D7
:1009400043EB4A0043EB4A0043EB4A0043EB4A00C7
:1009500043EB4A0043EB4A0043EB4A0043EB4A00B7
:1009600043EB4A0043EB4A0043EB4A0043EB4A00A7
:1009700043EB4A0043EB4A0043EB4A0043EB4A0097
:1009800043EB4A0043EB4A0043EB4A0043EB4A0087
:1009900043EB4A0043EB4A0043EB4A0043EB4A0077
:1009A00043EB4A0043EB4A0043EB4A0043EB4A0067
:1009B00043EB4A0043EB4A0043EB4A0043EB4A0057
:1009C00043EB4A0043EB4A0043EB4A0043EB4A0047
:1009D00043EB4A0043EB4A0043EB4A0043EB4A0037
:1009E00043EB4A0043EB4A0043EB4A0043EB4A0027
:1009F00043EB4A0043EB4A0043EB4A0043EB4A0017
:100A000043EB4A0043EB4A0043EB4A0043EB4A0006
:100A100043EB4A0043EB4A0043EB4A0043EB4A00F6
:100A200043EB4A0043EB4A0043EB4A0043EB4A00E6
:100A300043EB4A0043EB4A0043EB4A0043EB4A00D6
:100A400043EB4A0043EB4A0043EB4A0043EB4A00C6
:100A500043EB4A0043EB4A0043EB4A0043EB4A00B6
:100A600043EB4A0043EB4A0043EB4A0043EB4A00A6
:100A700043EB4A0043EB4A0043EB4A0043EB4A0096
:100A800043EB4A0043EB4A0043EB4A0043EB4A0086
:100A900043EB4A0043EB4A0043EB4A0043EB4A0076
:100AA00043EB4A0043EB4A0043EB4A0043EB4A0066
:100AB00043EB4A0043EB4A0043EB4A0043EB4A0056
:100AC00043EB4A0043EB4A0043EB4A0043EB4A0046
:100AD00043EB4A0043EB4A0043EB4A0043EB4A0036
:100AE00043EB4A0043EB4A0043EB4A0043EB4A0026
:100AF00043EB4A0043EB4A0043EB4A0043EB4A0016
:100B000043EB4A0043EB4A0043EB4A0043EB4A0005
:100B100043EB4A0043EB4A0043EB4A0043EB4A00F5
:100B200043EB4A0043EB4A0043EB4A0043EB4A00E5
:100B300043EB4A0043EB4A0043EB4A0043EB4A00D5
:100B400043EB4A0043EB4A0043EB4A0043EB4A00C5
:100B500043EB4A0043EB4A0043EB4A0043EB4A00B5
:100B600043EB4A0043EB4A0043EB4A0043EB4A00A5
:100B700043EB4A0043EB4A0043EB4A0043EB4A0095
:100B800043EB4A0043EB4A0043EB4A0043EB4A0085
:100B900043EB4A0043EB4A0043EB4A0043EB4A0075
:100BA00043EB4A0043EB4A0043EB4A0043EB4A0065
:100BB00043EB4A0043EB4A0043EB4A0043EB4A0055
:100BC00043EB4A0043EB4A0043EB4A0043EB4A0045
:100BD00043EB4A0043EB4A0043EB4A0043EB4A0035
:100BE00043EB4A0043EB4A0043EB4A0043EB4A0025
:100BF00043EB4A0043EB4A0043EB4A0043EB4A0015
:100C000043EB4A0043EB4A000000000000000000F4
:100C1000090000006C2C402094B24B0014BA4B0029
:100C2000EC33402014BA4B0000BB4B00D8344020BA
:100C30000CBB4B000CBB4B000040402000BB4B00EA
:100C40000CBB4B001A4640200CBB4B000CBB4B00AE
:100C5000007C40200CBB4B000CBB4B000000002074
:100C600000084800080C480008040020CC9F4B00F6
:100C700094B24B00000000000CBB4B000CBB4B00BF
:100C80000400000000004020C3244020C424402071
:100C90006C2C4020404040201A46402000000000BC
:100CA0000000000000BF00BF00BF00BFFAE7000067
:100CB00072B6002100220023002400250026002710
:100CC000B846B946BA46BB46BC464FF06400013848
:100CD0000028FCDC49480168494A01EA0201002970
:100CE00017D148480168464A41EA02010160464876
:100CF0000168012241EA020101604448444901605F
:100D0000444901603D4801683D4A01EA0201002969
:100D1000F8D04148414901604149086820F0040089
:100D200040F0010008603F49086820F0040040F0EE
:100D3000010008603C4880F308883C4801680020B6
:100D4000814200D028E03A483A4901603A490160BE
:100D50003A483B49016008E03A4836490160364963
:100D60000160394836490160FFE73848002813D050
:100D700037480168012201EA0201002902D0354901
:100D8000354A01E03549344A521A013A04DD00205F
:100D9000002309C1083AFCDA3148002809D031495A
:100DA000314A521A013A04DD0020002309C1083AF1
:100DB000FCDA2E48002809D02D492E4A521A013A51
:100DC00004DD0020002309C1083AFCDA2A48006843
:100DD0002A498842FAD0154801680020814202D091
:100DE0002EF035FD01E02EF0D1FC1FF05BFD62B668
:100DF0001FF050FD0BF090F900BFFEE710C32D402F
:100E00000000000130C32D4004C32D4000C02D4020
:100E1000F05A00000FA5000008ED00E000000020DF
:100E200094EF00E090EF00E0000001200400264075
:100E30001000274020C5000028D9000000002740EE
:100E4000400000FF10C0464000C0464001000000C6
:100E500000C02840000040200080402000004020CA
:100E6000010000000000002000000120010000003F
:100E70000000000000800000582C40205A5A5A5AA6
:100E80002DE9F8430600002463220020DFF8C05B50
:100E900055F82200B04203D255F8226000E002006B
:100EA00055F82200B04205D3A0184008A04201D056
:100EB00090420FD155F82400864211D1DFF8940BEF
:100EC0000473DFF8941B01EBC40190F8EC0031F8D7
:100ED0001000A9E055F82010B142E0D20400DFE78D
:100EE00055F8220086420BD1DFF8680B0273DFF859
:100EF000681B01EBC20190F8EC0031F8100093E0A0
:100F000055F8220055F82410401A002802D15FF04D
:100F1000000816E0DFF8403BDFF8381B03EBC202A5
:100F200091F8EC7032F8172003EBC40391F8EC1041
:100F300033F81110521A55F82410711A4A43B2FBB3
:100F4000F0F8DFF8107B387B002809D0DFF8A89B89
:100F5000387B99F80010401A00F012FE032815DBC8
:100F6000DFF8F40A00EBC40097F8EC1030F9110038
:100F700018EB00083C73387BDFF87C1B0870DFF847
:100F80007C0BA0F80080404680B24DE0387BA04248
:100F900025D2387B55F82000397B55F8211010EB0D
:100FA0001110864214D3DFF8B00A00EBC40097F8A2
:100FB000EC1030F9110018EB00083C73387B89F80D
:100FC0000000DFF8380BA0F80080404680B22BE02C
:100FD00099F800003873DFF8240B008824E0387B90
:100FE00055F82000397B55F82110B0EB11108642DE
:100FF00014D2DFF8640A00EBC40097F8EC1030F963
:10100000110018EB00083C73387B89F80000DFF80A
:10101000EC0AA0F80080404680B205E099F8000094
:101020003873DFF8D80A0088BDE8F2832DE9F8416B
:1010300085B004000D0017001E00002001A810213B
:1010400000F0A2FD04210022E846404600F0ACFD7D
:101050008DF8007030008DF80200B6B2360A8DF8B7
:101060000160EDB2ADF804500320ADF80A00002095
:101070008DF80C006846049001A92000C0B226F04B
:10108000B5FAC0B206B0BDE8F0812DE9F84185B0EF
:1010900004000D0017001E00002001A8102100F020
:1010A00073FD04210022E846404600F07DFD8DF8E6
:1010B0000070ADF804500120ADF80A0000208DF852
:1010C0000C0001208DF809006846049001A9200059
:1010D000C0B226F08BFAADF804500220ADF80A0039
:1010E00001208DF80C0000208DF80900684604905E
:1010F00001A92000C0B226F079FA30709DF80100F5
:101100009DF8001050EA012080B206B0BDE8F081E1
:1011100070B5DFF84069B6F886001421484300F046
:1011200077FD0022DFF8D83900F084FD04000D00BF
:10113000B6F888000621484300F06AFD0022DFF877
:10114000C43900F077FD22002B0000F049FE00F0CA
:1011500077FFC6F8AC00D6F8AC0040F215518842D3
:1011600002D3002086F8EC00D6F8AC0040F24C41E7
:10117000884202D2012086F8EC00DFF88C09017861
:1011800096F8EC20914234D096F8EC100170F07A89
:1011900002282ED196F8EC00002815D0282096F8C9
:1011A000F31041430A2291FBF2F1A6F8FA10317BC9
:1011B000C90342F2107291FBF2F111FB00F189B206
:1011C00004202EF01DF914E0532096F8F31041434B
:1011D0000A2291FBF2F1A6F8FA10317BC90342F220
:1011E000107291FBF2F111FB00F189B204202EF094
:1011F00007F970BD10B500204CF6106301224421A0
:101200000020FFF713FFC0B2002808D1DFF8440820
:10121000D0F8E41031F08001C0F8E41007E0DFF806
:101220003408D0F8E41051F08001C0F8E410DFF881
:101230002448D4F8E400C0F3C010002802D0DFF83E
:10124000CC3800E0A3A3DFF8C828A3A1082001F050
:1012500081FFC820A4F88600C820A4F8880010BD2B
:1012600038B500208DF8000000206B460022442194
:101270000020FFF70AFF04009DF80000002805D0B9
:10128000DFF890080168491C016017E00020DFF8D2
:1012900084180860DFF8BC57D5F8E400C0F3C0102C
:1012A00000280BD0DFF870288BA1082001F052FF36
:1012B000D5F8E40030F08000C5F8E400DFF8540809
:1012C0000068042813D3DFF88C57D5F8E400C0F386
:1012D000C010002805D1DFF844287FA1042001F0C8
:1012E00039FFD5F8E40050F08000C5F8E400FFF7BE
:1012F0000FFF0121200080B2000B8140A4B2240521
:10130000240D04FB01F400EE104AB8EE400A31BD92
:1013100038B5002000200020DFF83847D4F89C00C2
:10132000002811D1FFF79CFFBCEEC00A10EE100A96
:1013300002F010F85FF03332DFF8E43700F07AFCA7
:1013400000F07EFEC4F89C00D4F89C00FFF798FDE6
:101350000500DFF8D00701884A1C028089B26529A0
:1013600016DB00210180FFF77BFFBCEEC00A10EE08
:10137000100A01F0EFFF5FF03332DFF8A43700F01E
:1013800059FC00F05DFEC4F89C00012084F8780050
:10139000E07A012877D194ED460AB5EE400AF1EEE5
:1013A00010FA48D500F05AFBD4F80C01C4F8080133
:1013B000D4F89C00C4F80C01D4F89C10D4F80001B7
:1013C000091A94F8F00011FB00F0A4F8FC00ADB28B
:1013D00000EE105AB8EE400AD4ED460AB7EE001AF5
:1013E00070EE810A20EE200ABDEEC00A10EE101A3F
:1013F000B4F9FC004018DFF8601694F8EC2001EB1B
:101400004202B2F8202303009BB29A4209D294F818
:10141000EC0001EB4000B0F82003DFF80C17088067
:1014200002E0DFF804170880DFF8FC06B0F90000DE
:10143000A4F8FA0027E0ADB200EE105AB8EE400A68
:10144000D4ED460AB7EE001A70EE810A20EE200AAB
:10145000BDEEC00A10EE100ADFF8FC1594F8EC207F
:1014600001EB4202B2F8202303009BB29A4208D259
:1014700094F8EC0001EB4000B0F92003A4F8FA0066
:1014800001E0A4F8FA00B4F9FA1094F8F40041432A
:101490000A20B1FBF0F0A17B022903D094F82511BA
:1014A000012916D12178032913D1C0034FF47A7191
:1014B000B0FBF1F189B204202DF0A2FFD4F8300185
:1014C000C0F34020002802D0A07CE07001E00020A2
:1014D000E07031BD4F4B00007379730078B585B073
:1014E00005000020DFF86C45E079002803D12800D2
:1014F000C0B27F2800D1EAE02078032806D0DFF8C8
:101500002C26B1A1082001F025FEE0E02800C0B2A1
:10151000652801DB642504E02800C0B2002800D162
:10152000012553206073637B9BB240222C21012054
:1015300002F0D5F8D4F8300130F04000C4F83001A2
:10154000DFF8EC050068C4F8B400E07A012870D137
:10155000D4F89C00C4F80001D4F89C00FFF790FC7C
:10156000DFF8F41400EE100AB8EE400A94F8EC200C
:1015700001EB4202B2F8202300EE902AF8EE600A56
:1015800080EE200ADFED910A20EE200ABDEEC00AAF
:1015900010EE102AA4F804212A00D2B200EE102A7C
:1015A000B8EE400ADFED890A80EE200A94F8EC20BC
:1015B00001EB4201B1F8201300EE901AF8EE600A38
:1015C00020EE200ABCEEC00A10EE106A311A00EEBE
:1015D000101A002802D1F7EE000A07E0F8EEC00A60
:1015E00001EE100AB8EE411AC0EE810AC4ED460AB7
:1015F000A4F8FA60B4F8041104918DED030A029680
:101600000190BDEEE00A10EE100A80B20090EDB23B
:101610002B00DFF820256CA1102001F09BFDF603C4
:101620004FF47A70B6FBF0F189B204202DF0E8FE99
:101630004DE0257384F8F3502800C0B20A2110FB56
:1016400001F0A4F8F60084F82051EDB2DFF80804A8
:1016500094F8EC1000EB4100B0F8200345436420FF
:1016600095FBF0F0A4F8FA0094F8EC00002815D0EF
:10167000282094F8F31041430A2291FBF2F1A4F8D8
:10168000FA10217BC90342F2107291FBF2F111FBB7
:1016900000F189B204202DF0B3FE14E0532094F839
:1016A000F31041430A2291FBF2F1A4F8FA10217BD6
:1016B000C90342F2107291FBF2F111FB00F189B201
:1016C00004202DF09DFE94F8F30002F0F2FF06B026
:1016D00070BD00007CB506009FED950ADFF87443ED
:1016E0002078032806D0DFF8502437A1082001F025
:1016F00031FD59E03000C0B2002855D032A533008A
:10170000DBB2DFF838242900102001F023FDE67257
:10171000E07A012808D00020C4F818010020A4F8BD
:1017200004010020A4F8FC00E07A022839D1B4F9C1
:10173000FA00019094F8F300009094F8F230DFF88A
:1017400000242900102001F005FDB4F9FA006421FD
:1017500010FB01F000EE100AB8EEC00ABE4894F883
:10176000EC1000EB4100B0F8200300EE900AF8EE18
:10177000600A80EE200A10EE100A03F039F941ECFD
:10178000100B03F059F951EC100B03F089F984F8B0
:10179000F20094F8F20084F8F30094F8F30002F0F9
:1017A00088FFE07A02F0BCFF73BDDFF8981381F880
:1017B000F1007047DFF88C13A1F888007047DFF85C
:1017C0008413A1F886007047737973000000C84243
:1017D0007CB50D009F4C94F825110200D2B29142C5
:1017E00000F0A4800100C9B202291DD194F8300193
:1017F000C00740F19B8033206073637B9BB2402223
:101800002C21012001F06BFF0120E071022084F8FF
:1018100025010095E379CC4AB6A1102001F09AFC8D
:10182000022003F0C1F981E0C0B2012879D1002083
:101830002DF046FD0020E0700020207402210220DF
:101840002DF026FEBA4E3068C4F8B8000020E071D2
:10185000012084F8250133206073637B9BB2402212
:101860002C21012001F03BFFD4F8300130F0400082
:10187000C4F830013068C4F8B40094F8EC000028D3
:1018800001D0B24800E071A09AA601900095E379DA
:10189000AF4A3100082001F05DFCE07A02283CD11B
:1018A00094F8EC0000281CD02078032835D1282596
:1018B000207BC00342F2107190FBF1F36B43A54A09
:1018C0003100102001F046FC207BC00342F2107171
:1018D00090FBF1F010FB05F189B204202DF090FD92
:1018E0001BE02078032818D15325207BC00342F247
:1018F000107190FBF1F36B43974A3100102001F017
:1019000029FC207BC00342F2107190FBF1F010FB28
:1019100005F189B204202DF073FD012003F044F994
:1019200004E08E4A73A1022001F014FC73BD000094
:101930000000000070477CB5894D464CA07E297997
:10194000884203D1E07E297B88420FD02879A07697
:10195000287BE076834890F8B9000190E07E009003
:10196000A37E814A63A1082001F0F4FB7D4E96F826
:10197000BA00012829D1D6F8B000002825D096F861
:10198000B900002821D179480078002803D0784890
:10199000007801280DD10220C4F8E0000120207455
:1019A0000020A0730020E07361480068C4F8B8000C
:1019B00002E00120C4F8E00040F22B410220FFF7D2
:1019C00007FF0020C6F8B0003FE096F8B9000028F5
:1019D0003BD0A07E65490870E07E65490870287B91
:1019E000012802D02879002812D10220C4F8E00092
:1019F000012020740020A0734D480068C4F8B8008E
:101A00000020E07340F242410220FFF7E1FE1CE0BB
:101A1000287B002819D12879012802D028790228AA
:101A200013D10120C4F8E000E07B00280DD1607FD5
:101A3000022805D140F253410220FFF7C9FE04E01D
:101A400040F255410120FFF7C3FE73BD44617900A8
:101A50009C004B00C014002030024B0080B5394977
:101A6000D1F89C00434A90422FD3B1F80421D1F819
:101A70009C30D1F800011B1A4FF4FA60B3FBF0F070
:101A80008018020092B2642A03DA042081F8F00080
:101A90001EE0020092B2962A03DA082081F8F000D4
:101AA00016E0020092B2C82A03DA0A2081F8F00098
:101AB0000EE080B2B0F5967F03DA0D2081F8F000D9
:101AC00006E00F2081F8F00002E0002081F8F0002D
:101AD0002948027891F8F0309A4209D091F8F02024
:101AE000027091F8F030254A02A1082001F032FB83
:101AF00001BD000073797300682440204424402015
:101B00000000E83F0000D03F69244020ACFE4A00BE
:101B100098FE4A0000004020B4FE4A00CCFE4A0075
:101B20003333F33F4624402048244020E4FE4A005B
:101B3000F81E402010FF4A0044FF4A0070FF4A0090
:101B40008CFF4A00C0140020ACFF4A0004004B0088
:101B5000D4FF4A000C004B002C004B0048004B0007
:101B6000D01600209004002064004B006A2440201E
:101B70006B244020017102006C2440208C004B003B
:101B8000002848BF40427047002203F031B8826805
:101B9000521C8260426832B10268531C03601170AB
:101BA0004168491E4160704762F30F2262F31F4291
:101BB000401810F0030308D0C91A1FD3DB0748BF31
:101BC00000F8012D28BF20F8022D130030B4144670
:101BD0001546103928BF20E93C00FAD8490728BF2C
:101BE00020E90C0048BF40F8042D890028BF20F8E8
:101BF000022D48BF00F8012D30BC7047C91818BF2E
:101C000000F8012DCB0728BF00F8012D7047000018
:101C100010F0004160B148BF4042B0FA80F29040FD
:101C2000D21CC2F5846241EA025202EBD021400587
:101C30007047000030B540F2FF7C1CEA11541DBF14
:101C40001CEA1355644565453FE0641981EA030CBD
:101C50006FF35F530CF0004C43F48013C90241F062
:101C6000004141EA505EC5021100A5FB02020028B6
:101C70004FF00000EEFB01204FF00001E3FB0521D7
:101C800018BF42F00102401800214941E3FB0E0158
:101C9000A4F580640D0302D292184041494154F1E9
:101CA000010470DD450872F1004250F1000051EB73
:101CB0000451A1F5801102D441EA0C0130BD40F27B
:101CC000FF7E4CEA0E51002030BD0CEA13556445EE
:101CD00018BF654581EA030C0CF0004C41D050EA76
:101CE000410E1CBF52EA430E02E06146002030BDA7
:101CF00024422C441BD15FEA050EF6D0090302BF33
:101D000001460020AEF1140EB1FA81F5AEEB0504E8
:101D100001FA05FE0C35C5F1200100FA05F5C840B1
:101D20004EEA000E6FF35F5343F480139CE733F0E9
:101D30000043B3FA83F504BFB2FA82FE75440B3D4B
:101D4000641BB5F1200E2FBF02FA0EF3AB40C5F1B4
:101D5000200E22FA0EFE38BF43EA0E03AA40641C8E
:101D60007CE750EA410E14BF52EA430E6FF00001C7
:101D70004FF4001515EB430F8EBF194615EB410FBD
:101D80009DE7B4D830BDD4F10104B4F120050FDAD9
:101D9000C4F12005520828BF42F0010210FA05FEE6
:101DA00001FA05F57244E2BFE0402843E1400FE04C
:101DB000352C9ADCC5F1200452EA400220FA05F2E3
:101DC00018BF42F0010231FA05F0A1400A43002198
:101DD00072F1004250F1000051EB0C0130BD0000E7
:101DE00070B491EA030F4FF0004540F1BF806B40A3
:101DF000841A71EB030604D26E40001BB141121924
:101E000073414FF4001C1CEB410F34BF7CEB4306C5
:101E100083E00C0DA4EB1356362E00F37C80012ECC
:101E200045EAC32341DC43EA525312BFD202920275
:101E30005B08240545EAC12141EA5051D2EBC0209C
:101E4000994125D407D1B0FA80F610FA06F162D094
:101E50000020203608E0B1FA81F6B140C6F1200238
:101E600020FA02F21143B0404FEAF474B4EB465446
:101E700034F001064FEA74040AD8D6F50016760D40
:101E800004F00044F04061FA06F25040F14048404E
:101E9000C00A40EA415021F0004128BF5FEA5005E6
:101EA00050F1000044EBD12135E0DB0A45EAC121C5
:101EB000C90AB6F120050EDD42EA0242120CC5F154
:101EC000200603FA06F6EB4042EA06056D42984109
:101ED00061F100010DE062FA06F5F240554063FA47
:101EE00006FC82EA0C02F3405A406D42904161EBDD
:101EF000030111F4801F05D1641E620502D06D003C
:101F00004041494121F48011430875F1004350F1EB
:101F1000000041EB045170BC70471CEB410F15D21F
:101F200023F0004352EA43060BD04FEA4C0CBCEBC3
:101F3000410F04D80C0D661E342EB7DDEBE7801A76
:101F4000994150EA410608BF0021E4E708BF1CEBB5
:101F5000430F28BF6FF00001DDE7000070B491EA85
:101F6000030F4FF000457FF543AF6B40841A71EBD0
:101F7000030603D2001BB141121973414FF4001C38
:101F80001CEB410F34BF7CEB430442E00C0DA4EB8F
:101F90001356352E4FDC45EAC323DB0A45EAC1213F
:101FA000C912B6F120050DDD63FA05F6EB4086EAAD
:101FB0000305124218BF45F00105C01851F1000198
:101FC0000CD213E062FA06F5F2405540F3415A4054
:101FD000B340F3405A408018594107D349085FEA9B
:101FE00030005FEA350528BF45F0010501F5801195
:101FF000420875F1004250F1000041EB04514E00DF
:1020000016F5001F70BC38BF70470020090D090588
:1020100070471CEB410F10D252EA43060BD0BCEBC9
:10202000410F05D80C0DAB43661E342EB6DD02E021
:10203000AB438018594170BC704770BC70470000BA
:10204000400D40F21E4C40EAC120BCEB115C40F058
:10205000004003D48CF30701C84070476FEAE17079
:10206000704700003EB504000D0000208DF801000F
:1020700000208DF800006A460DF10101002002F0F9
:102080007FFF681C019095F841000290E4B2002C9B
:1020900037D12878092804D00E280FD00F2819D05E
:1020A00024E0002002F063FF012806D101A90020EE
:1020B00002F0DAFF022003F02FFC22E09DF800007E
:1020C000032806D1082003F027FC01A9002005F011
:1020D000CEF816E09DF80000032806D1082003F092
:1020E0001BFC01A9012005F0C2F80AE005F0E2FBA3
:1020F000012806D195F84120691C287880B200F0AB
:1021000001F837BD2DE9F843040088461700002088
:10211000200080B2112803D23800C0B2412800D379
:102120007EE06825DFF8E86C200080B26843304428
:10213000806C10F10F0F0AD2200080B26843304447
:10214000210089B269433144896C491C816400F0E3
:1021500045FF012818D1200080B26843304490F830
:102160005100002810D1200080B26843304490F81C
:102170005200012808D1200080B2684306EB000914
:1021800005F0ACFDC9F86400200080B2684330441B
:10219000012180F85110200080B2684306EB00094D
:1021A00005F09CFDC9F86000200080B2684330440F
:1021B00080F844703A00D2B24146200080B26843B1
:1021C0003044001D05F0D8FD002803D1200080B266
:1021D000012825D13A00D2B2200080B268433044B1
:1021E00010F104094146484605F0FAFD3800C0B236
:1021F00040280ED23900C9B2D1F14001002220009E
:1022000080B268433044FFB23844071D3800FFF7FE
:10221000CBFCA4B26C4306EB0400012180F8501003
:10222000BDE8F183F8B500251FE0402100225424C9
:10223000DFF8E06B2800C0B260433044471C380030
:10224000FFF7B2FC2800C0B2604306EB000705F0C0
:1022500045FDB8642800C0B204FB00F406EB04009E
:102260002900C9B2A0F84E106D1C2800C0B20C287D
:10227000DBD3F1BDF8B50020002430E0402100227E
:102280006825DFF88C6B200080B268433044071D5E
:102290003800FFF789FC200080B2684330440021F9
:1022A00080F85210200080B268433044002180F84A
:1022B0005110200080B268433044002180F8501053
:1022C000200080B26843304400218164200080B245
:1022D00005FB00F5354405F001FD2866641C20006F
:1022E00080B21128CAD3DFF8300BDFF8301B41660B
:1022F000DFF82C1BC166DFF82C1B4167DFF8281BB9
:102300004165DFF8281BC164DFF8241BC165DFF8D5
:10231000241BC0F88810DFF8201BC163DFF81C1BEA
:10232000C0F8A010DFF8181BC0F8A810DFF8141BC5
:10233000C0F89010DFF8101B0161DFF88C1C816081
:102340007F2180F86110F1BDF8B5002000240AE17A
:102350006825DFF8BC6A200080B26843304490F8FA
:102360005100012840F0D780200080B268433044FB
:10237000C06D002800F0CF8005F0B0FC210089B2CC
:1023800069433144CA6D210089B269433144096E01
:10239000401A824280F0BF80200080B268433044FF
:1023A000002180F8511040210022200080B26843B3
:1023B0003044071D3800FFF7F7FB200080B205FB13
:1023C00000F506EB0500012180F85010A3E000F0B5
:1023D00005FE0128BCD16825DFF8346A200080B2F0
:1023E0006843304490F8520001282AD1200080B27E
:1023F0006843304490F85100012822D105F06EFC6A
:10240000210089B2694331448A6D210089B2694350
:102410003144496E401A824213D2200080B2684390
:102420003044002180F85210DFF8A00B210089B25F
:1024300050F82130DFF8982BDFF8981B082000F0C7
:1024400089FE200080B26843304490F85200002892
:1024500029D105F043FC210089B2694331444A6D1A
:10246000210089B269433144096E401A82421AD26E
:10247000200080B268433044002180F851102000D1
:1024800080B268433044012180F85210DFF83C0BE1
:10249000210089B250F82130DFF83C2BDFF8341BE3
:1024A000022000F057FE200080B26843304490F8CC
:1024B000520001282FD1200080B268433044C06D03
:1024C000002828D005F00AFC210089B26943314474
:1024D000CA6D210089B269433144096E401A8242B3
:1024E00019D2200080B268433044002180F8511096
:1024F00040210022200080B268433044071D38008C
:10250000FFF752FB200080B205FB00F506EB05004B
:10251000012180F850106825DFF8F468200080B2AF
:102520006843304490F8500001281BD1200080B24D
:1025300068433044002180F8501005F0BBF90128B1
:1025400010D1200080B26843304490F8442020002D
:1025500080B205FB00F506EB0500011D200080B2EE
:1025600000F007F8641C200080B21128FFF42FAFA0
:10257000F1BDF0B585B00C0080B200281ED0012856
:1025800023D0022828D003282DD0042832D00528B3
:1025900037D006283CD0072847D008284CD00A2836
:1025A00050D00B2800F0E4800C2800F0E8800D28C3
:1025B00000F0EC80102800F0F080F4E0D2B22100AE
:1025C000DFF8540805F05FFCEDE0D2B22100DFF83F
:1025D000540B05F0A3FCE6E0D2B22100DFF8480B73
:1025E00005F063FDDFE0D2B22100DFF8400B05F01B
:1025F0005AFCD8E0D2B22100DFF8340B05F0EEFD32
:10260000D1E0D2B22100DFF82C0B05F0DEFDCAE0EC
:10261000DFF8FC0790F8C102012805D1D2B22100F1
:10262000DFF8140B05F00DFEBDE0D2B22100DFF89B
:102630000C0B05F0ECFDB6E01100C9B2200000F073
:1026400010FDB0E0D2B22100DFF8F40A06F0D4FAAF
:102650000020A5782800C0B2002802D1DFF8E46A83
:1026600002E00125DFF8E06AE078012818D16279FC
:102670002179C9B249082800C0B200F0ACFEC0B24E
:1026800003903078029060790190207900902B00BF
:10269000DBB2DFF8B82ADFF83C19082000F05AFD59
:1026A000E07803281ED1E0798DF8100004A800908E
:1026B000012362792179C9B249082800C0B200F02B
:1026C00057FEC0B203903078029060790190207973
:1026D00000902B00DBB2DFF8782ADFF8F81808202A
:1026E00000F038FDE07805281FD16079A77957EA16
:1026F00000273A0092B22179C9B24908C9B289B219
:102700002800C0B201F0C5F8C0B203903078029042
:10271000BFB20197207900902B00DBB2DFF82C2AA2
:10272000DFF8B018082000F015FDE07807281ED16A
:102730006079A77957EA0027E3793A0092B22179C4
:10274000C9B249082800C0B201F074F8C0B20390C1
:1027500030780290BFB2019720790090EDB22B0043
:10276000DFF8EC29DFF86C18082000F0F3FC1AE021
:10277000D2B22100DFF8480B05F079FC13E0D2B2A9
:102780002100DFF8400B05F0C3FB0CE0D2B22100C2
:10279000DFF8340B05F0E2FB05E01100C9B22000C0
:1027A00006F07EFAFFE705B0F0BD2DE9F84193B0E1
:1027B00004002078002805D020780A2802D020784C
:1027C0000C2800D323E0601C0190207801281AD047
:1027D00002281FD0032800F0F680042800F0F980BA
:1027E000052800F01181062800F02981072800F053
:1027F0004181082800F08C82092800F08D820B2886
:1028000000F0AE8203E39DF80C0084F8410014B0A0
:10281000BDE8F081002010210022DFF8B06AB51C6D
:102820002F003800FFF7C0F9DFF8A47A38780028C5
:1028300002D0012862D0BFE0DFF8988A404608F055
:10284000F5FEDFF8940A00210170002110E00BE092
:10285000027838F82220521EF281027808EB8202B8
:10286000927812F0010232740278521C0270491CF4
:102870000278D8F890309A4238D20A00D2B2042AAC
:1028800034DA0278042392FBF3FC03FB1C22002AB7
:1028900005D0022A1DD00FD3032AD9D0D7E702785A
:1028A00038F82220521E7280027808EB8202927859
:1028B00012F001023271D7E7027838F82220521E56
:1028C000F280027808EB8202927812F001023272F2
:1028D000CAE7027838F82220521E7281027808EB8B
:1028E0008202927812F001023273BDE70078D8F8C4
:1028F0009010884201D2012038705FE0002010E083
:102900000BE00B7832F823305B1EF3810B7802EB7F
:102910008302927812F0010232740A78521C0A7013
:10292000401CDFF8B029DFF8B0190B78D2F890C05E
:10293000634539D20300DBB2042B35DA0B785FF044
:10294000040C93FBFCFE0CFB1E33002B05D0022B6A
:102950001DD00FD3032BD4D0D2E70B7832F823301D
:102960005B1E73800B7802EB8302927812F00102F7
:102970003271D2E70B7832F823305B1EF3800B788C
:1029800002EB8302927812F001023272C5E70B78F3
:1029900032F823305B1E73810B7802EB830292784E
:1029A00012F001023273B8E70878D2F8901088422A
:1029B00001D30020387001E00020387001A9280000
:1029C00006F040F81FE701A9DFF8100905F052FDF5
:1029D00019E7DFF80C09D0E90023CDE9092309AA9A
:1029E0000321012009F075FBC0B2002806D10C229A
:1029F0000A99DFF8F058280005F0F2F901A9DFF88C
:102A0000E40805F068FBFEE6DFF8DC08D0E9002307
:102A1000CDE9072307AA0321012009F05AFBC0B220
:102A2000002806D10C220899DFF8C058280005F0CC
:102A3000D7F901A9DFF8B40805F0AFFCE3E6DFF849
:102A4000B008D0E90023CDE9052305AA0321012020
:102A500009F03FFBC0B2002806D10C220699DFF82E
:102A60009458280005F0BCF901A9DFF8880805F0A2
:102A7000ACFAC8E600208DF800000DF101026946AD
:102A8000002002F07DFADFF8445805F027F92863AA
:102A900009F0A8FBA886DFF860084178007850EAC2
:102AA0000120E886DFF854084178007850EA0120D8
:102AB000288703F070F8002801D1012000E00020F1
:102AC00085F83A00D4480179012902D0007902281A
:102AD00001D1012000E0002085F83B0002F0C3FF97
:102AE000400810F0010085F83C00002085F83D000A
:102AF00002F0B9FFC00810F0010085F83E00002088
:102B000085F83F000AF0D4FAA5F8400002F0F5FF7E
:102B100085F842009DF8000085F84800DFF8E007DE
:102B2000017885F84910407885F84A0000206864EB
:102B3000DFF8D017C87F8A7F52EA0022A5F84E201E
:102B400091F8210091F8202052EA0022A5F84C20AB
:102B500091F82501012808D1B1F9FA2091F8F40083
:102B600042430A2092FBF0F000E00020A5F870003C
:102B700091F8EC0085F87200C87885F87300487900
:102B800085F87400087985F87500D1F8E400A86725
:102B9000D1F8E800E867D1F89800C5F88000B1F8EE
:102BA00080004CF2010290420ADBB1F88000B0F5DF
:102BB00040407FF0FF0290FBF2F085F8760005E0E0
:102BC000B1F8800080B2000A85F87600D1F89C0048
:102BD000DFF83427904203D2D1F89C00C5F8840076
:102BE000002118E068208A4A0B00DBB243431344FB
:102BF00093F85230012B0DD10B00DBB200FB03F038
:102C0000104490F85300002804D1686C01228A40D7
:102C100010436864491C0800C0B21128E2D37C4804
:102C200090F8221185F8541090F85A1285F8551032
:102C300090F8F21185F8561090F82A1385F857107D
:102C400090F8C21285F8581090F8521085F8591073
:102C500090F88A1185F85A1090F8321585F85B10B3
:102C600090F8BA1085F85C1090F89A1585F85D1008
:102C700090F8CA0485F85E000AF0BDFA85F8620093
:102C800002F0C2FF85F85F0002F0C9FFA5F86000FE
:102C90000AF014FAA5F866000CF0B2FC85F868009A
:102CA0000CF0FCFC85F869000BF063FB85F8630011
:102CB0000BF063FB85F864000AF0FDF985F8650008
:102CC00003F0F0F885F86A0003F02AFA85F86B0043
:102CD000012085F86C000CF00BFD012803D10120C8
:102CE00085F86D000AE00CF007FD012803D10220F1
:102CF00085F86D0002E0002085F86D000CF0D2FC34
:102D000085F86E0001A915F1300005F0EBFB7AE5BE
:102D100040208DF80C0076E5DFF8B055DFF8DC05D3
:102D20004178007850EA0120A5F8D80009F05AFA55
:102D3000A5F8D400DFF8D4054178007850EA0120E6
:102D4000A5F8D200DFF8B0054178007850EA0120FC
:102D5000A5F8D60001A915F1D20005F0EBFE52E569
:102D600004A8DFF8AC150A6802600BA8DFF8A41508
:102D70000E2205F035F8002508208DF80C000FA86C
:102D800001F0F3FB04A801F02CFC0BA801F001FCFE
:102D90000C22DFF884150FA804F0EEFF002801D103
:102DA000012512E00C22DFF874150FA804F0E4FFEF
:102DB000002801D1022508E00C22DFF864150FA8D5
:102DC00004F0DAFF002800D10325019805709DF872
:102DD00010000DF039F90199487004AD68780DF0D4
:102DE00033F901998870A8780DF02EF90199C8700F
:102DF0000BA830210171002181720CAA03210198D6
:102E0000001D0DF0C1F800200199C871FBE4FEE43B
:102E100090040020780B0020D0160020DD1448001C
:102E2000C17849005D78490001774900157C490067
:102E3000D5164800A5E34900AB174800BF17480066
:102E4000B51748001590480037194800F8B500201C
:102E5000002000242FE006E005FB04F13144496C1A
:102E6000814200DA0127FFB2002F23D004F036FFA1
:102E700005FB04F13144886404F006FD01280CD1FF
:102E800005FB04F03044FFF790FC012205FB04F53C
:102E900006EB050100200DF08BFBDFF888140878A5
:102EA000002807D101200870DFF87C244949082058
:102EB00000F050F9641C0C2C80F085800027002C59
:102EC00001D00A2C00D1F5E75425DFF8606405FB3A
:102ED00004F0304490F842000028EBD005FB04F0E9
:102EE000304490F8430001280ED105FB04F0304433
:102EF00090F85100002807D1002005FB04F506EBEF
:102F0000050181F85000D5E705FB04F03044B0F826
:102F10004E00002812D005FB04F03044B0F84E00FB
:102F2000401E05FB04F13144A1F84E0005FB04F0FE
:102F30003044B0F84E000028BCD1012704F0CEFE8A
:102F400005FB04F13144896C401A05FB04F131445E
:102F500091F84310002903D002291CD008D37AE746
:102F600005FB04F13144496C814200DA01277AE71C
:102F700005FB04F13144496C81420BDA05FB04F096
:102F8000304490F85100401E05FB04F1314481F8B3
:102F90005100012767E705FB04F1314491F8501017
:102FA00001297FF459AF05FB04F13144B1F84C100D
:102FB0008142BFF651AF002005FB04F1314481F896
:102FC000500001274FE7F1BD35194800702C402013
:102FD000180B4B00100B4B00280B4B0070B502F088
:102FE00013FE01280AD10AF006F9002806D10020B4
:102FF0000DF05AFE012801D1012000E00020002838
:1030000001D0012000E000200021C94C21780200FD
:10301000D2B2914223D02070207800281FD0002502
:1030200019E06820C3492A0092B242430A440023AF
:1030300082F852302A0092B242430A44002382F8B6
:1030400050302A0092B200FB02F001EB000604F0BF
:1030500045FE30666D1C280080B21128E1D320782F
:1030600070BDF8B504000020012100226D46280043
:10307000FEF79AFDAD4D15F155062078312835D172
:103080006078012832D1A078B0282FD1E0780228CA
:103090002CD14021002237003800FEF785FD0DF1CC
:1030A00001026946201D0EF04AFA9DF801100843FE
:1030B000C0B200280BD17120307001207070B02098
:1030C000B0700220F0709DF80000307105E07F20A4
:1030D0003070312070701020B070402085F895005D
:1030E000012215F1540100200DF062FAF1BD70B516
:1030F000010014008D4D402085F8E102402205F2C8
:10310000A126300004F06CFE24B2B4F5807F01D11A
:10311000012200E00022D2B215F5287100200DF046
:1031200047FA70BDD4160020E4160020F0160020E7
:103130000817002010170020141700205017002037
:1031400054170020C1140020C2140020380B4B007B
:10315000680B4B0008B42DE9F847C4B006000F0017
:1031600015004FF48074210000220DF11008404634
:10317000FEF71AFD002000205FF0000968466E4946
:10318000062204F02DFE02A86946062204F028FE5D
:10319000002001F034FF01280DD1300000B20228D8
:1031A00009D0300000B2042805D0300000B2B0F5DC
:1031B000807F40F07F80300000B202280BD15FF0AA
:1031C00007084246D2B25D4904A800EB090A5046FE
:1031D00004F006FE1FE0300000B2042804D03000E6
:1031E00000B2B0F5807F0BD15FF007084246D2B243
:1031F000534904A800EB090A504604F0F1FD0AE027
:103200005FF004084246D2B24E4904A800EB090A16
:10321000504604F0E5FD4046C0B2241A59FA88F938
:103220001022494904A800EB090A504604F0D8FDD1
:10323000103C19F11009012C3CDB300080B20EF07B
:10324000CCFA03000097414A210004A848440EF03C
:1032500017FB0700E41B17EB0907012C2ADB2A00E8
:103260004DAB210004A838440EF02CFB241AC719DA
:10327000300000B2802819D0002001F0ADFE04001B
:1032800004F002FB012811D1E4B2032C0ED1304826
:10329000007801280AD1320012B24146C9B2791A27
:1032A00004A85FFA88F84044FFF721FF390004A81A
:1032B0000EF0E0FA45B0BDE8F0075DF808FB00004D
:1032C0005C170020681700206C1700208017002072
:1032D000762440205C18002077244020921700209C
:1032E000080C4B0094170020100C4B00A017002076
:1032F000180C4B00AC170020FABF4B00F8BF4B0076
:103300005E244020C014002040420F00FABF440059
:10331000980B4B00200C4B009C0B4B00AC0B4B0054
:10332000BC0B4B0078244020CC0B4B00780B0020CA
:103330007924402090040020041F4020E40B4B001F
:10334000EC0B4B00F40B4B0003150020FC0B4B0067
:103350007A24402050B1B0FA80F18840C91CC1F5F0
:103360008461090501EBD021400570470146704793
:103370002DE9F84388B005000E0090461F00109C10
:10338000002068461021FEF7FFFB102100220DF1FE
:1033900010094846FEF708FC8DF810803A00D2B2BA
:1033A00021000DF11104200004F01AFDF6B2ADF871
:1033B0000060FFB27F1CADF8067000208DF8080099
:1033C00004A8039069462800C0B224F00FF9C0B2E7
:1033D00009B0BDE8F083F0B585B004000D0016001B
:1033E00000204FF6FF7001A81021FEF7CDFB04214D
:1033F00000226F463800FEF7D7FB8DF800602800EA
:10340000C0B2ADF804000120ADF80A0000208DF82C
:103410000C0001208DF809006846049001A92000E5
:10342000C0B224F0E3F8EDB2ADF804500120ADF8DD
:103430000A0001208DF80C0000208DF80900684674
:10344000049001A92000C0B224F0D0F804980078BC
:10345000C0B205B0F0BDF0B587B004000D00160095
:10346000002003A81021FEF78FFB0421002202AFE9
:103470003800FEF799FB8DF808508DF809602000A0
:10348000C0B2ADF80C000220ADF8120000208DF89B
:10349000140002A8069003A9002024F0A7F8060053
:1034A0003000C0B200280CD03000C0B20190EDB2A4
:1034B0000095E4B22300DFF8902CABA10220FFF7C7
:1034C00049FE3000C0B207B0F0BD78B587B0040047
:1034D0000D00002000204FF6FF7003A81021FEF71A
:1034E00053FB0421002202AE3000FEF75DFB8DF895
:1034F00008502000C0B2ADF80C000120ADF8120059
:1035000000208DF8140001208DF8110002A806900B
:1035100003A9002024F06AF80100C9B200290CD0E8
:10352000C0B201902800C0B200902300DBB2DFF8E7
:10353000402C8DA10220FFF70DFE2000C0B2ADF897
:103540000C000120ADF8120001208DF814000020BD
:103550008DF8110002A8069003A9002024F046F877
:103560000100C9B200290BD0C0B20190EDB20095A4
:10357000E4B22300DFF8042C7BA10220FFF7EAFD70
:1035800006980078C0B208B070BD2DE9F04188B04F
:1035900004000D0016001F00002004A81021FEF7F3
:1035A000F3FA042100220DF10C084046FEF7FCFA64
:1035B000300080B2000A8DF80C0030008DF80D004C
:1035C0008DF80E702800C0B2ADF810000320ADF8E1
:1035D000160000208DF8180003A8079004A9200009
:1035E000C0B224F003F880464046C0B2002814D090
:1035F00004A92000C0B223F0F9FF80464046C0B2C3
:103600000290FFB20197B6B20096EDB22B00DFF840
:10361000702C55A10220FFF79DFD4046C0B208B0B6
:10362000BDE8F081F8B588B004000D001600002058
:1036300000204FF6FF7004A81021FEF7A5FA042120
:10364000002203AF3800FEF7AFFA300080B2000A64
:103650008DF80C0030008DF80D00ADF810500220F0
:10366000ADF8160000208DF8180001208DF8150027
:1036700003A8079004A92000C0B223F0B7FFADF85B
:1036800010500120ADF8160001208DF81800002020
:103690008DF8150003A8079004A92000C0B223F0FC
:1036A000A5FF07990F78C0B2002814D004A9200004
:1036B000C0B223F09BFF040004F010FB0290E4B2C0
:1036C0000194B6B20096ADB22B00DFF8B82B26A15C
:1036D0000220FFF73FFD3800C0B209B0F0BD2DE970
:1036E000F84187B004000D0016001F00002003A859
:1036F0001021FEF749FA042100220DF10808404686
:10370000FEF752FA30008DF8080038008DF80900F5
:10371000BFB23F0A8DF80A70ADF80C500320ADF827
:10372000120000208DF8140002A8069003A92000C2
:10373000C0B223F05BFF04002000C0B200280CD010
:103740002000C0B20190B6B20096ADB22B00DFF8F7
:10375000382B05A10220FFF7FDFC2000C0B208B005
:10376000BDE8F0810000000049324300F0B587B0A9
:1037700004000D0016000020002003A81021FEF711
:1037800003FA0421002202AF3800FEF70DFA3000E0
:103790008DF80800ADF80C500120ADF812000020A3
:1037A0008DF8140001208DF8110002A8069003A9DD
:1037B0002000C0B223F01AFF0100C9B200290CD0CA
:1037C000C0B20190300080B200902B009BB2DFF8B5
:1037D000BC2A17A10220FFF7BDFCADF80C50022057
:1037E000ADF8120001208DF8140002A80690002008
:1037F0008DF8110003A92000C0B223F0F7FE0100EC
:10380000C9B200290BD0C0B20190B6B20096ADB2D9
:103810002B00DFF8882A06A10220FFF79BFC9DF809
:1038200008009DF8091050EA012080B207B0F0BDF1
:10383000493243002DE9F84185B004000D0017001E
:103840001E00002001A81021FEF79EF9042100228D
:10385000E8464046FEF7A8F9380080B2000A8DF825
:1038600000008DF801708DF80260EDB2ADF80450E3
:103870000320ADF80A0000208DF80C006846049083
:1038800001A92000C0B223F0B1FEC0B206B0BDE86D
:10389000F081F0B585B004000D00160000204FF651
:1038A000FF7001A81021FEF76FF9042100226F4676
:1038B0003800FEF779F9300080B2000A8DF8000078
:1038C0008DF80160ADF804500220ADF80A00002028
:1038D0008DF80C0000208DF809006846049001A9BD
:1038E0002000C0B223F082FE022004F0FAF9ADF805
:1038F00004500120ADF80A0001208DF80C000020D2
:103900008DF809006846049001A92000C0B223F098
:103910006DFE04980078C0B205B0F0BD38B5DFF890
:1039200080492078002816D0022830D021D30428DE
:1039300000F0B08150D3062800F00282C0F0C981A7
:10394000082800F02B82C0F015820A2800F05F8260
:10395000C0F043826FE2DFF84C090168491C016046
:1039600001680B2904D32178491C217000210160D2
:1039700067E208F037FC012805D102231122282133
:103980000120FFF702FE2078401C207059E2DFF88A
:1039900014090168491C0160016802291BD32178C0
:1039A000491C217000210160DFF8FC480D224021F4
:1039B0000120FFF737FEA072A07A9B2807D09B203A
:1039C000A072DFF8E82856A10820FFF7C3FB00200B
:1039D000DFF8DC18086034E2DFF8CC08807A9B2836
:1039E00040F09280DFF8C8582868012805D0C0F060
:1039F0008780032857D02BD382E0002340F2133274
:103A000028210120FFF7C1FD802340F21D3228212B
:103A10000120FFF7BAFD00234FF445722821012051
:103A2000FFF7B3FD802340F2163228210120FFF773
:103A3000ACFD042340F2173228210120FFF7A5FD39
:103A4000182340F2193228210120FFF79EFD57E08C
:103A5000802340F21D3228210120FFF796FD072325
:103A600040F24B4228210120FFF78FFD002340F256
:103A70004C4228210120FFF788FD242340F24D42CB
:103A800028210120FFF781FD242340F24E42282106
:103A90000120FFF77AFD002340F24F422821012048
:103AA000FFF773FD2CE000234FF48A6228210120E8
:103AB000FFF76BFD012340F2514228210120FFF75F
:103AC00064FD012340F2524228210120FFF75DFDF1
:103AD000152340F26D4228210120FFF756FD0023F7
:103AE00040F2611228210120FFF74FFD24234FF4FB
:103AF000487228210120FFF748FD2078401C2070E3
:103B00002868401C2860C4E0DFF8A4572868002813
:103B100008D002285CD030D3032800F08380B5E0C1
:103B200049324300002340F2133228210120FFF7DD
:103B30002CFD00234FF44C7240210120FFF725FD9E
:103B4000E02340F2323240210120FFF71EFD042322
:103B500040F2333240210120FFF717FD64234FF478
:103B6000427240210120FFF710FD402340F2113244
:103B700040210120FFF709FD88E05E234FF44672E3
:103B800040210120FFF701FD422340F2D5224021D0
:103B90000120FFF7FAFC842340F2D32240210120C8
:103BA000FFF7F3FC102340F2023240210120FFF71F
:103BB000ECFC022340F2C72240210120FFF7E5FC84
:103BC000A3234FF4327240210120FFF7DEFC5DE0B9
:103BD000432340F2C92240210120FFF7D6FC5F2396
:103BE000062228210120FFF7D0FC23234FF448723E
:103BF00028210120FFF7C9FC022340F213322821BB
:103C00000120FFF7C2FC072340F24B42282101208C
:103C1000FFF7BBFC152340F26D4228210120FFF77E
:103C2000B4FC33E0002340F24F4228210120FFF78B
:103C3000ACFC00234FF48A6228210120FFF7A5FC89
:103C4000012340F2514228210120FFF79EFC01236D
:103C500040F2524228210120FFF797FC042340F252
:103C6000C22228210120FFF790FCA32340F2C322A7
:103C700028210120FFF789FC43234FF431722821CA
:103C80000120FFF782FC2078401C20702868401C2F
:103C90002860D6E0DFF81006807A9B280CD1DFF888
:103CA000040601684A1C0260152911D32178491CB9
:103CB0002170002101600BE0DFF8E80501684A1C73
:103CC0000260652904D32178491C2170002101601C
:103CD000B7E0DFF8D405807A9B282DD1122340F27B
:103CE000893240210120FFF750FC7D234FF46072A0
:103CF00040210120FFF749FC002340F28732402198
:103D00000120FFF742FC942340F28532402101203C
:103D1000FFF73BFC232340F2863240210120FFF7CE
:103D200034FC002340F2D32240210120FFF72DFC78
:103D30002078401C207002E02078401C207080E039
:103D4000DFF86405807A9B280CD1DFF858050168FC
:103D50004A1C026065290CD32178491C217000217E
:103D6000016006E02078401C20700020DFF8341548
:103D7000086066E0DFF83005807A9B2806D1B8231A
:103D800040F2D32240210120FFF7FFFB2078401CA6
:103D900020700020DFF80C15086052E0DFF80455B1
:103DA0002868411C2960152816D3DFF8FC04807AA6
:103DB0009B280CD1002340F2D62240210120FFF79E
:103DC000E4FB3123102228210120FFF7DEFB2078BD
:103DD000401C20700020286033E0DFF8CC04807A9B
:103DE0009B280CD1DFF8BC0401684A1C02606529DD
:103DF0000CD32178491C21700021016006E0207855
:103E0000401C20700020DFF89C14086019E0DFF8E7
:103E10009804807A9B2806D1022340F2133228218D
:103E20000120FFF7B2FB002020700020DFF874149F
:103E30000860012006E0002020700020DFF86414F4
:103E40000860002032BD00B585B0002001A8102117
:103E5000FDF79AFE6846DFF85C140A6802602E20BF
:103E6000ADF804000420ADF80A0000208DF80C0025
:103E70006846049001A9012023F0B8FBC0B205B048
:103E800000BD38B5DFF82044B2222E210120FFF713
:103E90006DFCA4F87C004AF2AE25B4F87C00A84280
:103EA00028D02B00B2222E210120FFF718FC4FF45E
:103EB0000043FE222E210120FFF711FCB2222E2109
:103EC0000120FFF753FCA4F87C00B4F87C00A84262
:103ED00010D0B4222E210120FFF748FC4FF6FF71CD
:103EE000884201D1FFF7AFFFD4F8E40050F48070AE
:103EF000C4F8E400002320222C210120FFF7EFFB6F
:103F000020222C210120FFF731FC28222C21012026
:103F1000FFF72CFC47F6FF7328222C210120FFF726
:103F2000DEFB53206073637B9BB240222C21012077
:103F3000FFF7D5FB31BD2DE9FF4100200020002017
:103F40000020DFF87443207801286DD054222C2102
:103F50000120FFF70BFC050056222C210120FFF762
:103F600005FC804658222C210120FFF7FFFB0600AC
:103F70004FF429722E210120FFF7F8FB070017F0FC
:103F80001F0758EA0500304380B2002803D13800EB
:103F900080B2112801D177A300E077A3300080B26E
:103FA0000390404680B20290280080B20190380011
:103FB00080B20090C14A72A10820FFF7CBF843F20B
:103FC000CF30284058EA000080B2002806D14CF6D5
:103FD000FF70064202D1BFB2112F05D1012020701F
:103FE0000020B74908701FE0ADB2002D06D04FF693
:103FF000FF7354222C210120FFF771FB1FFA88F870
:10400000B8F1000F06D04FF6FF7356222C21012085
:10401000FFF765FBB6B2002E06D04FF6FF735822AD
:104020002C210120FFF75BFBBDE8FF8170B5A24D9D
:10403000287800284BD0A24C2078002803D00228F2
:1040400021D00CD33FE00021892027F0DEFB03F0D4
:1040500045FE9C4908602078401C207037E003F042
:104060003DFE984D2968401A40F2C311884209DB91
:104070000121892027F0C9FB03F030FE2860207859
:10408000401C207023E003F029FE8E490968401A85
:10409000022817DB4FF6FF76330054222C21012033
:1040A000FFF71DFB330056222C210120FFF717FBE1
:1040B000330058222C210120FFF711FB0020207033
:1040C0000020287003E0002028700020207070BDC0
:1040D00010B50400892027F085FB2100C9B2884271
:1040E0002ED0E4B2002C1ED00121892027F08DFBB8
:1040F000012003F0F6FD4FF6FF74230054222C211B
:104100000120FFF7ECFA230056222C210120FFF7B3
:10411000E6FA230058222C210120FFF7E0FA0120C3
:10412000694908700CE00021892027F06EFB00200F
:1041300061490870002062490870002062490870D7
:1041400010BD6148007870471C594B0080B55F492D
:10415000087800280BD00020087000205C49087007
:1041600000205C49087003F0B9FD5B49086001BD9F
:1041700048594B00657272006F6B000078594B0014
:104180004932430010B509F036F8002852D14E48A4
:10419000007800284ED08D2027F024FB00280AD17B
:1041A0004C480178012910D00121017003F096FDDF
:1041B0004949086009E047490878002805D00020EF
:1041C000087003F08BFD4449086003F087FD424C02
:1041D0002168401A40F22D11884229DB03F07EFD50
:1041E00020603B4C3B482178027891420CD000780B
:1041F00020702078002801D125A300E025A3374AAC
:1042000025A10820FEF7A6FF2078002807D1264820
:10421000D0F8E41031F48071C0F8E41008E02248CE
:10422000D0F8E41051F48071C0F8E410FFF783FE79
:10423000FFF7FCFE10BDF8B584B005000E001F00AE
:104240000A9C2800C0B2002802D11748447001E03F
:1042500015488470D2B2002A0FD103F03FFD0390BD
:10426000E4B20294BFB20197F6B20096EDB22B0011
:104270001B4A09A10220FEF76DFF05B0F0BD00004A
:10428000A4594B00D4594B00085A4B00385A4B00E4
:104290006F6B00006572720049324300685A4B0030
:1042A000B6244020701C4020C0140020985A4B00B7
:1042B000741C4020B05A4B00B8244020B45A4B0024
:1042C000B7244020781C4020B9244020BC24402042
:1042D000BA244020BB2440207C1C4020E05A4B00E4
:1042E000F85A4B0038B50024DFF8A856FE21280004
:1042F0000DF023FBDFF8A036B3F8401080B28842FF
:1043000005D0FE22290018000DF0E5FD0400E4B2FE
:10431000002C01D1012000E00020C0B232BD70B5F8
:104320004FF480710022DFF86C4625002800FDF76D
:104330003BFC002084F83C00012084F83D00012073
:1043400084F83E00002084F83900012084F83A0007
:10435000012084F83B000F2214F16001DFF83C06D5
:104360000BF0AAFE1121FF252A0014F128063000C7
:10437000FDF71AFC0E2114F11A062A003000FDF791
:1043800013FC01234FF6FF72FE2120000DF080FE8A
:10439000A4F8FE0070BD70B5C0B0DFF8FC45DFF8D2
:1043A000F455FE22290020000DF0ACFDFE2128006E
:1043B0000DF0C3FAB4F8401080B2884257D0002004
:1043C00000200020DFF8D805DFF8D8652A004FF478
:1043D00080710DF0B4FF6A464FF4807130000DF02B
:1043E000AEFF4FF6FF7601233200FE2128000DF0CC
:1043F0004FFEB5F8FE1080B2884215D0012332007E
:10440000FE2168460DF044FEBDF8FE1080B28842E1
:1044100002D0FFF784FF18E04FF4807269462E0047
:10442000300003F0DDFC10E001233200FE2168467D
:104430000DF02EFEBDF8FE1080B2884205D14FF47B
:1044400080726946280003F097FCDFF85C655FF432
:10445000803130000DF07AFE4FF480723100200080
:104460000DF0C5FBFE22290020000DF034FD40B008
:1044700070BD80B54FF48072DFF82C15DFF8180599
:104480000DF0B5FB01BD80B5FFF7F3FFFFF783FF2C
:1044900001BD70B515210022DFF8F8442500280081
:1044A000FDF782FB0020E082002020831121FF2500
:1044B0002A0014F128063000FDF776FB002084F86E
:1044C0003C00012084F83D00012084F83E001121C9
:1044D000002214F13F063000FDF766FB102114F1B5
:1044E00050062A003000FDF75FFB002006E00021A7
:1044F0000200D2B2224482F86F10401C0100C9B2FF
:104500000229F4DB01234FF6FF72FE2120000DF09B
:10451000BFFDA4F8FE00FFF7E5FE70BD10B5010079
:104520001522DFF87044200003F05AFCFFF7DAFE92
:1045300010BD10B504001522DFF85814200003F058
:104540004FFC10BDDFF84C04C08A7047DFF844040C
:10455000008B704710B501000F22DFF85044200097
:1045600003F03EFCFFF7BEFE10BD10B504000F22A5
:10457000DFF83814200003F033FC10BD10B5010043
:104580000E22DFF82C44200003F02AFCFFF7AAFEDD
:1045900010BD10B504000E22DFF81414200003F043
:1045A0001FFC10BD10B501001122DFF808442000E7
:1045B00003F016FCFFF796FE10BD10B504001122A3
:1045C000DFF8F013200003F00BFC10BD10B5010064
:1045D0000322DFF8E443200003F002FCFFF782FE31
:1045E00010BD10B504000322DFF8CC13200003F047
:1045F000F7FB10BD10B501000322DFF8C043200017
:1046000003F0EEFBFFF76EFE10BD10B504000322B1
:10461000DFF8A813200003F0E3FB10BD10B5010084
:104620001122DFF89C43200003F0DAFBFFF75AFE6B
:1046300010BD10B504001122DFF88413200003F030
:10464000CFFB10BD10B501001022DFF87843200029
:1046500003F0C6FBFFF746FE10BD10B504001022A4
:10466000DFF86013200003F0BBFB10BD80B5020033
:10467000D2B2022A01DB002006E0C64AC0B21044D2
:1046800080F86F10FFF72EFE02BD0200D2B2022AA0
:1046900005DAC04AC0B2104490F86F000870704745
:1046A000BC49496F01607047BA494A6F8018486732
:1046B000704780B5B74981F87800FFF713FE02BD57
:1046C000B44991F87820652A02DB322281F87820FB
:1046D00091F878100170704780B5AE4981F8790083
:1046E000FFF700FE02BDAB4991F8791001707047E9
:1046F00080B5A84981F87A00FFF7F4FD02BDA5490D
:1047000091F87A100170704780B5A24981F87B005A
:10471000FFF7E8FD02BD9F4991F87B1001707047DB
:1047200080B59C4981F87C00FFF7DCFD02BD99490A
:1047300091F87C100170704780B5964890F87D1014
:10474000FF2904D090F87D10491C80F87D10FFF7F8
:10475000C9FD02BD80B500208E4981F87D00FFF7BC
:10476000C1FD02BD8B4890F87D10042901DB0021BA
:1047700001E090F87D1080F87D1090F87D0080B207
:104780007047F8B5ADF5805D0020002000200026C0
:104790008D4F01234FF6FF7240F6FE7138000DF089
:1047A00077FCA7F8FE0F5FF49804884D6A464FF433
:1047B000805120000DF0C3FD4FF48052694638004F
:1047C00003F0DAFA002809D04FF4805239002000B3
:1047D0000DF0D8FDC0B2002800D0761C6A464FF418
:1047E000805128000DF0ABFD4FF48052694638002F
:1047F00003F0C2FA002809D04FF480523900280093
:104800000DF0C0FDC0B2002800D0761CF6B2002E1C
:1048100001D1012000E00020C0B20DF5805D01B0A3
:10482000F0BD38B54FF480510022674C25002800B8
:10483000FDF7BAF901234FF6FF7240F6FE71200032
:104840000DF026FCA4F8FE0F31BDF8B5ADF5805D86
:1048500000200020002000255FF498005B4E5A4C99
:1048600022004FF480510DF06AFD6A464FF48051EA
:1048700030000DF064FD40F6FE764FF6FF77012321
:104880003A00310020000DF003FCB4F8FE1F80B2A6
:10489000884216D001233A00310068460DF0F8FB3B
:1048A000BDF8FE1F80B2884203D0FFF7BAFF012592
:1048B0001DE04FF480526946200003F091FA012573
:1048C00015E001233A00310068460DF0E1FBBDF828
:1048D000FE1F80B2884201D0012508E04FF48052CB
:1048E0006946200003F048FA002800D00125EDB207
:1048F000002D00D000200DF5805D01B0F0BD80B529
:10490000FFF7A3FF01BD1CB50DF1010269460020B0
:1049100000F036FB2E4C2078012814D109F029FD37
:10492000002803D19DF80000022807D003F0D6F933
:1049300028490968401A2849884208DB002020706D
:1049400000F006F803E003F0C9F92249086013BD3E
:1049500080B5FFF716FF01BDF8B50C0015001E006D
:10496000002720003200D2B22900200003F004FA10
:10497000002809D0F6B232002900200003F030FAF6
:1049800001201349087000E05A273800C0B2F2BD78
:10499000000000008C1C40208C1D4020F05B4B0070
:1049A00000C04B0000E04B0000404C00EC1C4020DD
:1049B000A61C4020B41C4020C51C4020C81C402020
:1049C000CB1C4020DC1C40200442002000204C0076
:1049D000BE244020F41E4020C127090010B50C0061
:1049E00011001A00D2B2200003F0FAF9002010BD25
:1049F000C0F3C75181B1FF2906D0C110400721F093
:104A0000E04101F16051704741020CBF40F4E00108
:104A10006FF000410020704700F0004100020AD012
:104A2000B0FA80FC00FA0CF001F16051A1EB0C51DE
:104A300001EBD0214005704700B551EC100B00F0A0
:104A400003F841EC100B00BD40F2FF7C1CEA115250
:104A500040F2FE33D21A18DD352A1FDAB2F11503FF
:104A600009DA6FEA4C53D340094201D4401E594140
:104A70000020994370476FF00002DA40094202D4E7
:104A8000801851F100019043704750EA41021CBF69
:104A9000591C090528BF4FF0004100207047000055
:104AA000C1F30A5340F21E42D31A0CDDCA0283F34B
:104AB000070342EA505242F00042DA4002EBE17250
:104AC00082EAE17070476FEAE17203F2E13008B107
:104AD00082F000407047000080B50020424890F806
:104AE0002511022931D1C078192819D023280CD0DA
:104AF000372820D14FF4804102202AF081FC41F672
:104B0000284103202AF07CFC1FE045F6B861022012
:104B10002AF076FC41F6991103202AF071FC14E08A
:104B200046F2666102202AF06BFC40F24711032036
:104B30002AF066FC09E04FF4804102202AF060FC74
:104B40004FF4804103202AF05BFC01BD10B54FF407
:104B5000804100202AF054FC4FF4804102202AF0CA
:104B60004FFC4FF4804103202AF04AFC4FF480416F
:104B700005202AF045FC022102202AF089FC1A4C6B
:104B8000A07CE0706420A074002105202AF038FC8D
:104B90000021062026F039FE0121832026F035FE73
:104BA000532084F8200110BD80B510494B680E4990
:104BB0000978032916D10100C9B2022905D10122C1
:104BC0000C2118002BF04EF90CE0C0B2012809D1DD
:104BD00000220C2118002BF045F94FF480410320EE
:104BE0002AF00EFC01BD0000C0140020E85B4B0061
:104BF00000B500BF130096469446103928BFA0E8C0
:104C00000C50FAD85FEA417C28BF0CC048BF40F87E
:104C1000042BC90728BF20F8022B48BF00F8012B3E
:104C200000BD00002DE9F041DFF888492060002533
:104C30007DE00020306177E0206801682A00D2B270
:104C40003C20424301EB0207DFF86C092900C9B29E
:104C500089010844061D002030700120707000207A
:104C6000B070012086F83A00012086F83B00002051
:104C700086F83000002086F83C00002086F83100DD
:104C80000821002216F11C084046FCF78DFF082180
:104C9000002216F132084046FCF786FF0821002268
:104CA00016F124084046FCF77FFF16F11C0138007E
:104CB00000F070FB8046380000F072FB002201001B
:104CC0004046FCF771FF16F13201380000F062FB3C
:104CD0008046380000F064FB002201004046FCF7EB
:104CE00063FF97F82800FF280AD0B87897F82810B3
:104CF00031440877B87897F82810314481F83200A9
:104D000097F82900FF280AD0002097F8291031448D
:104D10000877002097F82910314481F83200386B69
:104D2000002886D0002030610020B0616D1C280072
:104D3000C0B200283FF480AF0020DFF87C18087074
:104D4000BDE8F08180B5DFF86C2811684968C0B211
:104D5000095C106802680B00DBB23C20434302EBA5
:104D60000300DFF85428C9B289011144091D00224B
:104D70000A78002A04D1002200F06DFB002000E038
:104D80000120C0B202BD80B5DFF82828116849684B
:104D9000C0B2095C106802680B00DBB23C204343E0
:104DA00002EB0300DFF81028C9B289011144091D84
:104DB00001228A700A78002A11D190F82920FF2A4E
:104DC00009D090F829200A44127F52F0100290F87E
:104DD00029300B441A77012200F03DFB2AE00A78C3
:104DE000012A11D190F82920FF2A09D090F8292012
:104DF0000A44127F52F0100290F829300B441A77BF
:104E0000012200F0F0FA15E00A78032A12D14A785C
:104E1000032A0FD190F82920FF2A09D090F82920E1
:104E20000A44127F52F0100290F829300B441A778E
:104E300000F081FB002002BD10B50024DFF87427CC
:104E400011684968C0B2095C106802680B00DBB2E7
:104E50003C2043431A44DFF86007C9B28901084483
:104E6000011D91F83A00002800D101242000C0B2B1
:104E700000280AD1002088700878032805D14878D6
:104E8000042802D1100000F048FB2000C0B210BD81
:104E900001000020DFF81C2712685268C9B2515C7B
:104EA000DFF81427C9B289011144091D0A78032AC1
:104EB00000D001200200D2B2002A02D1002281F8E3
:104EC0003A20C0B2704710B40021DFF8E8462268EB
:104ED0005268C0B2135CDFF8E0061A00D2B2920149
:104EE0001044021D20680468DBB23C204343234485
:104EF0001078032800D001210800C0B2002813D187
:104F000092F83A00002800D001210800C0B2002821
:104F10000AD19C695868041914619C68586804197E
:104F20005460012082F83A000800C0B210BC7047FB
:104F3000DFF88416C0B280010844001D002180F80B
:104F40003B1000207047DFF87016C0B280010844A3
:104F5000001D012180F83B1000207047DFF8581633
:104F6000C0B280010844001D90F83B007047DFF894
:104F70004816C0B280010844001D90F83A007047FE
:104F800010B4DFF830462368002B01D101200EE079
:104F900023685B68C0B2185CDFF81C36C0B28001C1
:104FA0001844001D43780B7000781070002010BC6E
:104FB0007047DFF800261168002901D100200AE0BF
:104FC00011684968C0B2085CDFF8EC15C0B2800116
:104FD0000844001D40787047DFF8D8251168002983
:104FE00001D100200AE011684968C0B2085CDFF80E
:104FF000C815C0B280010844001D00787047DFF872
:10500000B41509684968C0B2085CDFF8AC15C0B2D5
:1050100080010844001D90F83000704710B5002151
:10502000DFF89005006802680B009BB23C20434308
:1050300002EB0300DFF8802589B2890111440C1DC1
:1050400094F83110032906D1008F0DF0BDF900202E
:1050500084F8310005E02178032902D1210000F015
:105060009FFA0020A06110BD70B50122DFF8442531
:10507000126813680400A4B23C2254431C44DFF8B5
:10508000382580B280011044051D626A096815F157
:105090002406300002F0A4FE002694F82900FF2820
:1050A00006D094F82900284490F8246016F00106F0
:1050B0002878002804D12900200000F0F5F921E02B
:1050C0002878012805D100222900200000F08BF962
:1050D00018E02878032815D12900200000F060FA94
:1050E000F6B2002E0ED06878032804D129002000E3
:1050F00000F043FA06E06878042803D12900200074
:1051000000F0F8F970BD70B500243DE0307801285A
:1051100039D13100280000F09FF834E0DFF8940422
:10512000006801682200D2B23C20424301EB020534
:10513000DFF884042100C9B289010844061D3078D3
:105140000328E3D17078052803D13100280000F04E
:105150006BF83100280000F091F896F83A0000282A
:1051600003D03100280000F02DF87078052802D017
:105170007078042807D196F83A00002803D031004F
:10518000280000F08FF8641C2000C0B20028C5D0B1
:1051900070BDDFF8202411684968C0B2095CDFF8EF
:1051A00018040B00DBB29B011844031D1068026851
:1051B000C9B23C20414302EB010090F8340083F86F
:1051C0003C00704780B542684B689A4227D3002262
:1051D0004A604A78052A05D1002281F8312000F082
:1051E00068F920E04A78042A05D1002281F83120AC
:1051F00000F09EF917E04A78032A14D190F829208C
:10520000FF2A09D090F829200A44127F12F0EF02F9
:1052100090F829300B441A7700F09CF903E04A68B3
:105220004068121A4A6001BD80B542688B689A4294
:105230000DD300228A604A78052A0CD18A78002A88
:1052400002D000F048F906E000F036F903E08A6881
:105250004068121A8A6001BD80B54268CB689A42E4
:1052600007D30022CA600A78012A06D100F0E4F8C8
:1052700003E0CA684068121ACA6001BD10B50C008C
:10528000A16900290DD04168A269914205D34078F7
:1052900000F08FF90020A06103E0A1694068091ABD
:1052A000A16110BD80B542680B699A4211D391F893
:1052B0003020012A08D1CA6A002A02D1C26A0A61D2
:1052C00004E0C26A0A6101E042690A6100F006F87E
:1052D00003E00A694068121A0A6101BD38B584B05A
:1052E00004000D000121002015F11C000290606AED
:1052F000039095F83A00002800D10021C9B2002996
:1053000039D095F83100002835D1012085F83100D9
:1053100015F11C01200000F03DF80090200000F085
:105320003FF801906946208F0DF068F8E069A861A8
:1053300095F83B00012804D102A9208C0BF0D4F988
:1053400000E00020C0B2002802D1208F0DF03CF810
:1053500095F8300001280BD1E86A401CE862E86A41
:10536000216B884204D1002085F8300060692861F3
:10537000002085F8310005B030BD0100002091F813
:105380002820FF2A00D0401C91F82910FF2900D0C6
:10539000401C704710B50C00FFF7EFFF204410BD14
:1053A00010B504002000FFF7E8FF616A081A10BD7D
:1053B00090F82920FF2A15D090F829200A44127F5E
:1053C00012F0FE0290F829300B441A7790F8292049
:1053D0000A4492F8322012F0FE0290F829000844A4
:1053E00080F83220704710B50400032008700520B3
:1053F0004870206B00280AD0D2B2002A07D00020C3
:1054000008610020C862012081F8300003E0A26931
:10541000606882180A61E268606882188A60A2681F
:10542000606882184A60607800F0C1F805220221A5
:1054300060780DF03BF810BD10B504000020087036
:1054400001204870607800F0B1F8012202216078F4
:105450000DF02CF810BD10B50400032008700520D5
:105460004870206B00280AD0D2B2002A07D0002052
:1054700008610020C862012081F8300003E0A269C1
:10548000606882180A61A268606882184A60E268EF
:10549000606882188A60607800F089F8052201212E
:1054A00060780DF003F810BD80B5407800F07DF80D
:1054B00001BD80684860704710B504000320087083
:1054C000032048702000FFF773FF03220521607856
:1054D0000CF0ECFF10BD10B5040003200870042090
:1054E00048702000FFF764FF0422052160780CF06B
:1054F000DDFF10BD80B503220A7005224A70C36823
:105500004268D3188B6083694268D3180B61052207
:10551000042140780CF0CAFF01BD80B503220A7057
:1055200003224A700322042140780CF0BFFF01BD22
:1055300080684860704780B503220A7004224A7070
:1055400083694268D3180B610422032140780CF070
:10555000ADFF01BD10B504000120087002204870A5
:105560002069C86000208861607800F021F802227C
:10557000032160780CF09AFF10BD80B503220A70F9
:1055800005224A70C3684268D3188B6083694268F9
:10559000D3180B610522032140780CF087FF01BD71
:1055A0008268406882184A60704770477047704749
:1055B0007047704734024020742E4020704701002D
:1055C00009B2002909D4012210F01F018A40DFF836
:1055D000201B00B2400941F82020704710B5042478
:1055E00008E02000C0B229F029FB200000B2FFF73C
:1055F000E6FF641C200000B2C528F2DB10BD10B528
:10560000DFF8784829F04FFA20702378DFF8702807
:10561000A7A10420FDF79EFD10BDDFF8600800780B
:10562000704738B5DFF8CC0A0468A1A5DFF8C82AAE
:1056300029000820FDF78EFD600705D5DFF8BC2A9C
:1056400029000820FDF786FDA00705D5DFF8B02A60
:1056500029000820FDF77EFDE00705D5DFF8A42A24
:1056600029000820FDF776FD31BD2DE9F04F9FB0F0
:105670001BA8DFF8941A102202F0C2FB00208DF85C
:10568000560000208DF8570001208DF855000020AD
:105690008DF854000DF155000DF0FFF815A80DF030
:1056A000DEF80DF157020DF156010020FFF768FCFE
:1056B0000DF058FE8DF85F000DF067FE8DF85E006E
:1056C0000DF0A4FF8DF85D009DF856000CF074FFFE
:1056D0001A9002F078F9C0B202F04DF9199000204A
:1056E0000BF0E2FA012801D188A407E000200BF0BA
:1056F000DBFA022801D186A400E086A406F072FD40
:105700008DF85C0008F023FE8DF85B0009F079FD50
:105710008DF85A0000F004FD8DF8590000F0C2FB2E
:105720008DF8580007F0C7FC189000F0EAF9050062
:1057300000F099F9C0F3801616F0010600F093F915
:10574000C0F3002717F0010700F025FA002802D166
:105750005FF0010801E05FF0000800F084F9814685
:1057600000F081F9824600F07EF98346FFF755FF8D
:1057700003009DF85F0014909DF85E0013909DF863
:10578000540012909DF8550011909DF85D00109006
:105790001A980F9019980E900D949DF85C000C903B
:1057A0009DF85B000B909DF85A000A909DF85900F7
:1057B00009909DF85800089018980790069505964E
:1057C00004975FFA88F8CDF80C805FEA591919F050
:1057D0000109CDF808905FEADA0A1AF0010ACDF85B
:1057E00004A05FEA5B0B1BF0010BCDF800B0DBB24D
:1057F000DFF820292EA18020FDF7ACFC1FB0BDE80A
:10580000F08F80B5DFF8EC08002181600021817401
:105810000021416100210176002141760021C16112
:105820000021C16000F0FFF901BD000010B562B6B3
:105830000DF004FF0DF07CFF0EF0D8F80BF030FFF8
:105840001BA4DFF8D42821000820FDF783FCDFF833
:10585000CC2821000820FDF77DFCFEF714FEFFF7A1
:10586000ADFEFFF7CEFF06F0BBFDDFF8881891F81C
:105870002100002802D1FFF7C2FE05E091F82100C7
:10588000032801D1FFF7CDFE002010BD80B5FFF742
:10589000B8FF02F06DFA0DF04CFF06F0A7FD0020F6
:1058A0000AF0D8FC0BF006FF0EF0F3F801BD000083
:1058B0007379730001280FD0022810D0082811D066
:1058C000102812D0202812D0402812D0802813D0BF
:1058D000B0F5807F13D015E0DFF8580A14E0DFF848
:1058E000580A11E0DFF8540A0EE097A00CE097A0E8
:1058F0000AE0DFF84C0A07E0DFF8480A04E0DFF8C6
:10590000480A01E0DFF8440A704700004E6F720059
:105910006F666600756E6B007CB504000CF072FE5D
:10592000012020404440DFF8CC57A868204253D1E2
:10593000DFF81C1A0878002816D1202C02D102208A
:10594000087006E0022C02D10120087001E003205B
:105950000870DFF8000A0021C0F8E010D0F830111C
:1059600031F48061C0F8301102F0B8F9060020006F
:10597000FFF7A0FF03000096DFF8DC29A1A10420B7
:10598000FDF7E8FBDFF8CC69C6F8D840A8682043EB
:10599000A860DFF8C8090068C6F8B8000020F073F6
:1059A0000CF07CFE202C0ED1D6F8E00002280AD0A4
:1059B0000120C6F8E000707F012804D140F2911167
:1059C0000120FBF705FF022C06D1D6F8E0000228E3
:1059D00002D00120C6F8E00020000CF0ABFE73BD41
:1059E0007CB50400DFF80C57A8682040A04239D1EC
:1059F00002F074F906002000FFF75CFF0300009638
:105A0000DFF864297FA10420FDF7A4FBA868A04368
:105A1000A8600CF043FE202C24D100208DF800005B
:105A200000208DF801000DF1010269460020FFF70A
:105A3000A7FA9DF8000004280BD1DFF81809D0F868
:105A4000D800202804D14FF4DE710220FBF7C0FEFD
:105A500008E09DF80000032804D040F2C3110220A2
:105A6000FBF7B6FE73BDDFF88C06806870473EB565
:105A70000020FFF7F8FF0400DFF8785668698442D9
:105A800014D0FFF7F0FF002801D1002000E0012032
:105A9000A8746C6105208DF80000A87C8DF80400C6
:105AA000686902906946002006F0F3FA37BD1FB519
:105AB000DFF8404607F0FCFAE06107F07AFAE168A7
:105AC000642902D27820E06103200100227EC9B25D
:105AD000914211D0217E6176207606208DF800005B
:105AE000607E8DF80400207E8DF80500E06902904C
:105AF0006946002006F0CDFA1FBDDFF8F805007EEC
:105B00007047DFF8F005C0697047C0B2002808D0C0
:105B100002280CD008D304280FD00BD305280FD0AF
:105B200010E0DFF848080EE0DFF844080BE0DFF88B
:105B3000440808E0DFF8400805E0DFF8400802E02C
:105B400087A000E086A07047504E430041434300C9
:105B50007CB50400DFF89C5595F820002100C9B2FF
:105B6000884212D02000C0B2FFF7CFFF060095F8A0
:105B70002000FFF7CAFF03000096DFF8042821A1E8
:105B80000820FDF7E7FA85F8204073BDDFF86405CB
:105B900090F82000704738B50120DFF8E8472078FA
:105BA000002805D101F00FFF012801D1012027E0D5
:105BB000012020706D2025F015FEDFF8CC47010094
:105BC0002278C9B2914205D0207002F087F8DFF840
:105BD000BC17086002F082F8DFF8B0572968401A55
:105BE00006280ADBDFF8A80701782278914204D062
:105BF0002178017002F072F82860DFF894070078CD
:105C000032BD000073797300DFF8E804008A40F2C7
:105C1000DC51884201DA002000E001207047DFF803
:105C2000D404008A704780B5DFF8C814088A0028B9
:105C30000AD00020088202F051F80300DFF8542750
:105C40008DA10420FDF786FA01BD10B5DFF8A4444C
:105C5000208A4FF6FF7188421CD0208A002808D184
:105C600002F03CF80300DFF8302783A10420FDF7A1
:105C700071FA208A401C2082208A40F2DC5188423E
:105C800008D102F02BF80300DFF810277AA10420D6
:105C9000FDF760FA10BD10B54FF6FF70DFF8544401
:105CA000618C814202D0618C491C6184E16881422F
:105CB00002D2E068401CE060FFF7D5FE800603D406
:105CC000FFF7D1FEC00502D5FFF7BFFF01E0FFF7E8
:105CD000AAFF206B401C2063FFF758FF042803D065
:105CE000FFF754FF012805D107F01EFA00F0DAF89B
:105CF00000F016FAFFF74AFF002805D0FFF746FF2D
:105D0000012801D007F0E1F910BD80B5FFF73EFF93
:105D1000042807D0FFF73AFF012803D0FFF73BFF25
:105D2000002805D10DF0BDFEFFF7A1FEFFF7BFFE75
:105D300001BDC0B2002812D10878012806D002287F
:105D40000AD0032809D0062808D008E00020DFF890
:105D5000A41381F8210002E001E000E0FFE77047B2
:105D60004D617800C9B2002901D0112000E0112056
:105D700070473EB5FFF70AFF0400FFF707FF002852
:105D800006D0012808D0032840D004281CD05BE0AE
:105D90000120FFF7DDFE5AE0FFF748FD002802D0A2
:105DA0000320FFF7D5FE02208DF800006946002091
:105DB00006F06FF9DFF8E8252FA10820FDF7CAF9F2
:105DC0000420FFF7C5FE42E0CA48418CB1F57A7F56
:105DD00003DB00214184FFF748FCFEF794FD06F049
:105DE00004F9002811D00DF05CFEDFF8B82522A1DF
:105DF0000820FDF7AFF90320FFF7AAFE03208DF876
:105E000000006946002006F044F920E00DF049FE4C
:105E1000DFF8942518A10820FDF79CF900200AF06E
:105E2000EBFA00216E2025F0F0FC01F057FF050091
:105E3000FFF7B1FE002804D001F050FF401B1A28E4
:105E4000F6DB28F05AFA02E00020FFF781FE250079
:105E5000FFF79CFEEDB2854204D0A64880F82140B1
:105E600000214184FFF797FE002802D12020FFF790
:105E700053FD0BF090FC37BD73797300E533402080
:105E80001C244B0080B50020FFF793F8012807D1B0
:105E900001F024FF40F6B931884201DB012000E027
:105EA000002002BD7FB5DFF80445207800284DD0E2
:105EB000022800F0948080F0DB8007F0F9F8B52824
:105EC00019D3DFF8EC54287802283ED001F006FF01
:105ED000060007F0EDF800960300DFF8D82483A150
:105EE0000420FDF737F90220287001F0F7FEDFF8F3
:105EF000C814086029E007F0DBF8502819D3DFF850
:105F0000B0542878002820D001F0E8FE060007F001
:105F1000CFF803000096DFF8A42474A10420FDF755
:105F200019F90020287001F0D9FEDFF88C14086000
:105F30000BE0DFF87C040178012906D00121017013
:105F400001F0CCFEDFF8701408609CE007F0B0F8B8
:105F5000B92819D3DFF85854287802283ED001F028
:105F6000BDFE060007F0A4F800960300DFF85024F9
:105F70005EA10420FDF7EEF80220287001F0AEFECD
:105F8000DFF83414086029E007F092F84C280CD3AD
:105F9000DFF81C140878002820D00020087001F0D9
:105FA0009DFEDFF81414086018E0DFF80454287828
:105FB000012813D001F092FE060007F079F8009650
:105FC0000300DFF8002449A10420FDF7C3F80120F5
:105FD000287001F083FEDFF8E013086053E007F05B
:105FE00067F8502819D2DFF8C853287801283ED026
:105FF00001F074FE060007F05BF800960300DFF87E
:10600000C8233AA10420FDF7A5F80120287001F06B
:1060100065FEDFF8A413086029E007F049F8B52809
:1060200019D2DFF88C532878002820D001F056FED2
:10603000060007F03DF800960300DFF890232BA13F
:106040000420FDF787F80020287001F047FEDFF8F4
:10605000681308600BE0DFF858030178022906D0C6
:106060000221017001F03AFEDFF84C1308600AE0EB
:10607000002020700020DFF83813087001F02EFE99
:10608000DFF83413086001F029FEDFF82C63316873
:10609000401A40F2D171884225DBC54D287821781D
:1060A000884220D001F01AFE306001F017FE060091
:1060B00006F0FEFF01002878002801D113A005E0BA
:1060C0002878012801D112A000E0C148039602916E
:1060D0000190287800902378BE4A04A10420FDF79F
:1060E00039F828782070207804B070BD7379730077
:1060F00080E200E0C800402038244B006C244B00B4
:1061000088244B00A4244B0090294B006F6B0000A7
:106110004C6F7700F4244B00B4254B00BC254B009A
:106120007FB5AD4C2078002845D0022800F084804F
:1061300080F0C38006F0BCFFBA2816D3A74D28789C
:10614000022837D001F0CAFD060006F0B1FF009624
:106150000300A34A76A10420FCF7FCFF022028706C
:1061600001F0BCFD9F49086024E006F0A1FF4B2828
:1061700016D39A4D287800281CD001F0AFFD0600F8
:1061800006F096FF03000096974A69A10420FCF7E9
:10619000E1FF0020287001F0A1FD9249086009E0AC
:1061A0008E480178012905D00121017001F096FD8A
:1061B0008C4908608AE006F07BFFBE2816D3874D25
:1061C0002878022837D001F089FD060006F070FF1C
:1061D00000960300854A56A10420FCF7BBFF02206D
:1061E000287001F07BFD7F49086024E006F060FF25
:1061F00047280AD37949087800281CD00020087065
:1062000001F06CFD7749086015E0744D287801288D
:1062100011D001F063FD060006F04AFF009603006E
:10622000734A43A10420FCF795FF0120287001F078
:1062300055FD6C49086049E006F03AFF4B2816D23C
:10624000664D2878012837D001F048FD060006F099
:106250002FFF00960300674A35A10420FCF77AFF60
:106260000120287001F03AFD5E49086024E006F044
:106270001FFFBA2816D2594D287800281CD001F0EB
:106280002DFD060006F014FF009603005A4A28A1CF
:106290000420FCF75FFF0020287001F01FFD51492A
:1062A000086009E04D480178022905D002210170FB
:1062B00001F014FD4B49086008E000202070002028
:1062C0004649087001F00AFD4649086001F006FDE4
:1062D000444E3168401A40F2D171884225DB3F4D6F
:1062E00028782178884220D001F0F8FC306001F055
:1062F000F5FC060006F0DCFE01002878002801D13C
:1063000017A005E02878012801D116A000E0304848
:10631000039602910190287800902378374A04A1CF
:106320000420FCF717FF28782070207804B070BD97
:1063300073797300D0254B00D8254B00E0254B0026
:10634000E8254B00F0254B00F8254B0004264B00B8
:1063500089244020C014002010264B00F81E402045
:106360006F6B00004C6F77002C264B0048264B00CB
:1063700050264B0058264B0068264B0070264B00D9
:1063800078264B008A244020E6334020FC00402041
:10639000E733402094264B00A4264B00B4264B0044
:1063A000CC264B00F8264B0010274B008B244020B6
:1063B0008C24402050274B000001402078274B00C0
:1063C000A0274B00C8274B00F0274B0018284B0094
:1063D0006C284B0040284B008D2440208E24402008
:1063E00074284B00040140209C284B00C4284B001B
:1063F000EC284B0014294B003C294B0064294B002E
:10640000DFF8781A096809680968B0FBF1F070478D
:106410000200002000231278002A04D0012A05D1AE
:1064200009680B7802E009684B78FFE713F0F00188
:10643000C9B2002906D0102906D0202906D030295B
:1064400006D014E0012012E0022010E003200EE04C
:1064500013F00F03002B03D0022B05D002D305E06D
:10646000042004E0042002E0042000E00420C0B284
:10647000704730B4002300230078002835D001286D
:1064800035D100230020087010681C00E4B22044BD
:10649000407814681D00EDB2645D14F00F0424020E
:1064A00054FA80F000281ED110681C00E4B2204489
:1064B000807814681D00EDB22C44E478240454EA7A
:1064C000006410681D00EDB22844007954EA0024ED
:1064D0001068DBB2184440792043B0F5805F00D2E9
:1064E000002001220A7030BC70470123CAE7002057
:1064F000F9E7012101740021C172002141800021CE
:10650000018000214161002181610021C1610021E0
:10651000A0F86610002180F864104FF6FF71A0F813
:1065200068107047012101740021C172002141806F
:106530000021018000214161002181610021C161B0
:10654000022180F864104FF6FF71A0F868107047C0
:106550002DE9F84305000C0016001F00DDF820802F
:106560000020C8F80000207C032806D014F11C028B
:106570006169A8880DF0B3FA0AE0DFF8981C0020E2
:1065800048600020086014F11C02A8880DF09AFAF7
:106590000100C9B200291DD1DFF8789CC9F800605C
:1065A000E069B84208D3C9F8047014F11C024946E6
:1065B000A8880DF087FA00E002200100C9B2002986
:1065C00008D1D9F80410C8F80010A269D9F804104D
:1065D0008A18A261C0B2BDE8F28330B40300002083
:1065E00000244024E4B2A2420BD2002005E00C5C5F
:1065F00003EB000585F82040401C9042F7D31A6653
:106600000120C0B230BC704770B5837C012B3CD1F7
:1066100040235368092B01D208232AE05368093B21
:10662000032B01D20C2324E053680C3B042B01D232
:1066300010231EE05368103B042B01D2142318E0F2
:106640005368143B042B01D2182312E05368183B03
:10665000082B01D220230CE05368203B102B01D2E1
:10666000302306E05368303B112B01D2402300E079
:106670005368546803E0552516683555641C1D00A1
:10668000EDB2AC42F7DBDBB253600389CB60012390
:10669000CB72110040880AF027F870BD70B5402316
:1066A0005368092B01D208232AE05368093B032BC6
:1066B00001D20C2324E053680C3B042B01D210239D
:1066C0001EE05368103B042B01D2142318E05368DA
:1066D000143B042B01D2182312E05368183B082BFB
:1066E00001D220230CE05368203B102B01D2302331
:1066F00006E05368303B112B01D2402300E0536881
:10670000847C012C0BD1546803E05525166835555F
:10671000641C1D00EDB2AC42F7DBDBB253600389B1
:10672000CB600123CB721100008809F0DDFF70BD42
:1067300070B592B004000D0000210120002002A8D5
:106740000090A079002805D1287A02AB0E00F6B29D
:106750009855491CD2B2002A05D0022A31D02FD335
:10676000032A54D066E002AA30200B00DBB2D054DA
:10677000491CA079002805D1E8696B7CB0FBF3F0D7
:10678000401C04E0E8696B7CB0FBF3F0401CE3794B
:1067900006009BB2B6B2B34200D2E079E379AB72A5
:1067A0000B00DBB2D054491CE38A0E00F6B29355BD
:1067B000491C2880C9B201910020A5F8660039E083
:1067C00038E002AA31200B00DBB2D054491CA0797A
:1067D000002805D1E8696B7CB0FBF3F0401C04E0B5
:1067E000E8696B7CB0FBF3F0401CA8720B00DBB2D5
:1067F000D054491CE08A0B00DBB2D054491CC9B20A
:106800000191B5F86600401CA5F8660012E002A8E8
:1068100032220B00DBB2C254491C49220B00DBB20E
:10682000C254491CE28A0B00DBB2C254491CC9B2F3
:106830000191FFE76A4629002000FFF7E5FEC0B29C
:1068400000280CD00121A0880DF042F90120287405
:106850004FF6FF70A5F86800002085F8640012B0BC
:1068600070BD2DE9FE4304000D001600002100203C
:106870000020002000200020002001900120A079AD
:1068800000280BD1002030680A00D2B2805C491C7D
:10689000C0B2E2691268904240F00481287C03286B
:1068A00040F0008170686A7C904213D06A7C6B690A
:1068B000A8691B1A9A420DD20121A0880DF008F98F
:1068C000012028744FF6FF70A5F86800002085F8B5
:1068D0006400E7E030680A00D2B2805C10F00F007C
:1068E000491C0200D2B2022A00D10122C0B2AA7809
:1068F00012F00F0290420DD00521A0880DF0E8F8AB
:10690000012028744FF6FF70A5F86800002085F874
:106910006400C7E077680800C0B23F1AD5F8149049
:10692000A869B9EB0009B94501D24F46FFE701A8B4
:1069300000903B003068C9B200EB01022900200042
:10694000FFF706FE80464046C0B201280DD1012166
:10695000A0880DF0BDF8012028744FF6FF70A5F84F
:106960006800002085F864009CE04046C0B2022820
:1069700068D10020A079012806D1B9F1080F01D310
:10698000012007E0002005E0B9F1070F01D3012045
:1069900000E00020002801D0012000E0002029882C
:1069A000012941D1C0B200283ED05FF00009019812
:1069B0003F1AA079012815D13A003068019908449E
:1069C000411C2800FFF709FE012816D00120287479
:1069D0004FF6FF70A5F86800002085F864005FF0AE
:1069E00001090AE0012028744FF6FF70A5F868003D
:1069F000002085F864005FF001095FFA89F9B9F1B8
:106A0000000F4FD16888401C68806089401C686016
:106A100005202874012085F864004246D2B229007E
:106A20002000FFF785FE3DE00121A0880DF050F821
:106A3000012028744FF6FF70A5F86800002085F843
:106A400064002FE05FFA88F8B8F1000F2AD1686976
:106A5000A969401A002818D06888401C68802888D6
:106A6000002802D02888401E28802888002808D1C5
:106A7000A87A002805D0002229002000FFF758FE40
:106A800010E0A089401C68600CE0012028744FF6DB
:106A9000FF70A5F86800002085F864000021A08838
:106AA0000DF016F8BDE8F783FEB504000D000020D8
:106AB00000202E6E3000C0B22844203000904021CB
:106AC0000A00D2B23000C0B2121A6B69A8691B1A50
:106AD0009A4205D2C9B23000C0B2091A019103E04E
:106AE0006969A869091A019115F11C030022694618
:106AF00060880CF0FAFF0700296E0198411829669A
:106B0000A96901984118A9613800C0B2002814D1C0
:106B100015F120000090019850FA86F0019020892C
:106B2000401C6860092028746A4629002000FFF78D
:106B3000B5FDC0B2002800D001273800C0B2FEBDAC
:106B400038B504000D006888401C68800120286664
:106B5000A079002802D1286E40002866A87810F09D
:106B60000F002030296E2944C8772888002802D0D9
:106B70002888401E2880A869696988420DD30021B1
:106B800060880CF0B9FF012028744FF6FF70A5F85B
:106B90006800022085F864004BE02888002808D1AE
:106BA000A87A002805D06089401C686008202874F5
:106BB0003FE0687A00281ED129002000FFF774FF0B
:106BC0000100C9B2002934D0C0B2022805D1A08981
:106BD000401C6860072028742BE0012160880CF0BD
:106BE0008BFF012028744FF6FF70A5F86800022083
:106BF00085F864001DE0687A802805DA687AFFF776
:106C0000FFFB401C686012E0687AF138092809D25D
:106C1000687AF0380A2190FBF1F0FFF7F1FB401C95
:106C2000686004E07F20FFF7EBFB401C68600620F3
:106C3000287431BD38B50C0000238179002908D1B2
:106C400000211168C95C5B1CC9B245692D68A94265
:106C500046D1217C082943D1591C1568EB5C13F0FF
:106C60000F03002B03D0022B1FD018D32BE0136887
:106C70005B5C491CA372DBB223804B1C1568695C0A
:106C8000002902D10121617203E01168C95C6172BF
:106C90005B1C8089401C60600720207420E04089D4
:106CA000401C6060082020741AE00A2140880CF023
:106CB00023FF012020744FF6FF70A4F86800022023
:106CC00084F864000CE0062140880CF015FF0120D8
:106CD00020744FF6FF70A4F86800022084F8640066
:106CE00031BD2DE9FC4105000E001700984600203B
:106CF000307C012814D0307C052811D0307C042849
:106D00000ED0DFF8600B00684168B6F868202820D4
:106D1000424301EB02000089012180B20CF0D8FE51
:106D2000A87900280CD10020386800780100C9B289
:106D3000EA691268914203D0C0B2FF2840F09A80FD
:106D40003000FFF7D6FBA879012817D13868007802
:106D5000002808D1386844783868821C3F2C01D25A
:106D6000002C0DD186E03868047814F00F043868E0
:106D7000421C082C01D2002C02D17BE03868821C16
:106D8000786808280ED00C2832D0102835D0142866
:106D900038D018283BD020283ED0302841D0402879
:106DA00044D048E0082C65D2746102203074012080
:106DB00086F864006889401C7060A6F8688001A8A5
:106DC0000090230031002800FFF7C2FB0100C9B288
:106DD000002931D10021A8880CF07AFE01203074FE
:106DE0004FF6FF70A6F86800002086F8640041E0C6
:106DF000B4F1080003283DD2D6E7B4F10B00042813
:106E000038D2D1E7B4F10F00042833D2CCE7B4F183
:106E1000130004282ED2C7E7B4F11700082829D29E
:106E2000C2E7B4F11F00102824D2BDE7B4F12F004F
:106E300010281FD2B8E71DE0C0B2022811D1A879EE
:106E4000012802D13868411C01E03868811C220009
:106E50003000FFF7C2FB04203074012086F8640084
:106E600008E0012030744FF6FF70A6F8680000209B
:106E700086F86400BDE8F3810000000008064020A9
:106E8000FEB505000E0014001F00002000200020A9
:106E90008DF804006068412880F00981A8790028F5
:106EA00007D120680078C0B2E9690968884240F0DB
:106EB000FE80307C012814D0307C052811D0307C35
:106EC00004280ED0DFF89C0900684168B6F86820F5
:106ED0002820424301EB02000089012180B20CF01E
:106EE000F7FD3000FFF705FB220001A9A81DFFF701
:106EF000C0FA01000829C0F0DA80A87901280DD174
:106F00009DF80400002804D16068801E884213D3D5
:106F1000CDE06068801F88420ED3C8E09DF8040071
:106F2000002804D16068C01E884205D3BFE06068B5
:106F3000C01F884280F0BB80606870747161A6F8E1
:106F400068700120708002203074012086F864008F
:106F500068897060A87901281BD19DF80400002879
:106F60000BD102A8009063689B1E2068821C310030
:106F70002800FFF7EDFA070029E002A800906368F7
:106F80009B1F2068821D31002800FFF7E1FA0700EF
:106F90001DE0A869006830729DF8040000280BD13C
:106FA00002A800906368DB1E2068C21C3100280024
:106FB000FFF7CEFA07000AE002A800906368DB1F23
:106FC0002068C21D31002800FFF7C2FA0700380010
:106FD000C0B200280ED1A889401C70600320307414
:106FE000012086F864003A00D2B231002800FFF791
:106FF0009FFB5CE03800C0B2022838D1A879012894
:1070000013D19DF80400002807D16268921E206801
:10701000811C3000FFF7E1FA1AE06268921F2068D5
:10702000811D3000FFF7D9FA12E09DF80400002816
:1070300007D16268D21E2068C11C3000FFF7CDFA6C
:1070400006E06268D21F2068C11D3000FFF7C5FA54
:107050006889401C706005203074012086F8640047
:107060003A00D2B231002800FFF762FB1FE038007F
:10707000C0B203280FD13A00D2B231002800FFF786
:1070800057FB012030744FF6FF70A6F8680000200F
:1070900086F864000BE0FFB2012F08D101203074A4
:1070A0004FF6FF70A6F86800002086F86400F7BD70
:1070B000030000209A79002A0BD13E22D2B24969FE
:1070C0008A4201D301200FE0D97C01290CD1022092
:1070D0000AE03F22D2B249698A4201D3012003E08B
:1070E000D97C012900D10220C0B2704770B50022BE
:1070F000002200220624DFF86C371D68AD68060008
:10710000B6B2664335446D884FF6FF76B5427DD002
:107110001A68926880B260431044428818684368D5
:107120001400A4B22820444303EB0400051DDFF83B
:107130003837AC7B4FF4A270444303EB0400041DCA
:10714000207C012861D1002020660020A061002061
:10715000608048686061A889401C6060032084F8F2
:107160006400A4F8682021002800FFF7A1FF0100B7
:10717000A879002807D1206E421C2266AA691268ED
:10718000204480F82020C9B2012902D002291FD052
:1071900037E06069C0B200280AD0207D082807DAED
:1071A000206E411C21666169204480F820100DE0AA
:1071B000206E411C21660021204480F82010206EA2
:1071C000411C21666169204480F82010002219E0EA
:1071D000206E411C21666169090A11F00F0151F00E
:1071E0001001204480F82010206E411C2166616946
:1071F000204480F82010012020800120A07200226D
:1072000000E001220720207400E001221000C0B23B
:1072100070BD00000C06402070B5DFF8481608600D
:1072200000241BE04FF4A275DFF83C662000C0B2DA
:1072300068433044001DFFF775F92000C0B2684371
:1072400030447030FFF755F92000C0B205FB00F55F
:1072500006EB0500DC30FFF74CF9641C2000C0B2DF
:107260000328DFDB0120DFF80016487070BD2DE930
:10727000F843050000204FF6FF794846DFF8E46543
:10728000280080B2326812689268904280F0D18003
:10729000DFF8D4757878012840F0CB800C00606866
:1072A0000828C0F0C6805FF00608306880682900B2
:1072B00089B208FB01F108442100FFF7A9F8020098
:1072C0001000C0B2042847D130688068290089B214
:1072D00008FB01F10844B0F802C03068806829005A
:1072E00089B208FB01F108448088484533D03068F2
:1072F0008068290089B208FB01F108448188306860
:10730000436889B22820414303EB0100031D997BA8
:107310004FF4A270414307EB0100011D0020D2B2DF
:10732000002A00F08580022A55D003D3042A71D0A8
:1073300063D37EE000284DD022681278022A44D11F
:10734000226852783E2A40D122689278802A3CD125
:107350000BF068FA6DE06CE030688068290089B253
:1073600008FB01F10844408848452DD0306880680A
:10737000290089B208FB01F10844B0F802C0306866
:10738000416863469BB22820434301EB0300001D84
:10739000C17C00290BD1837B4FF4A2714B4307EBD7
:1073A0000301DC310023DFF8C4743B700AE0837B07
:1073B0004FF4A2714B4307EB030170310123DFF857
:1073C000AC743B700023AAE733E063469BB2220013
:1073D000FFF787FC2DE02A0092B2012A29D03268FB
:1073E0009268ADB208FB05F52A445388002803D003
:1073F0009BB22200FFF744FD1BE032689268ADB2F9
:1074000008FB05F52A445288002802D02200FFF725
:1074100028FA0EE030688068ADB208FB05F5284414
:107420004088002B03D022001800FFF703FC00E087
:10743000FFE7BDE8F18310B5002100210622DFF847
:1074400024140B689B680400A4B2544323445B8853
:107450004FF6FF74A34234D00B689B6880B2504350
:10746000184442882823086840681400A4B25C438A
:10747000005D002814D10868406892B25A43104455
:10748000001DDFF8E423837B4FF4A2714B4302EB32
:107490000301091D0A7C092A13D1FFF751FB10E0F3
:1074A0000868406892B25A431044001DDFF8B813D0
:1074B000827B4FF4A270424301EB0200002180F86E
:1074C0007B1010BD3EB505000C006068002802D09E
:1074D0006068401E606001A80090236E14F12002D5
:1074E00021002800FFF734F801000800C0B200288E
:1074F0000DD10021A8880CF0EBFA012020744FF682
:10750000FF70A4F86800002084F8640012E008000E
:10751000C0B2022802D16068002802D0C9B2012995
:1075200008D1012020744FF6FF70A4F868000020F5
:1075300084F8640037BD38B505000C00207C0628AF
:1075400006D06DD3082841D010D3092855D067E064
:107550006068002802D06068401E60606068002893
:107560005ED107202074A889401C6060210028009B
:10757000FFF79AFA0100C9B2002926D0C0B202284A
:1075800016D16068002802D06068401E60606068A4
:1075900000281AD1012020744FF6FF70A4F868006B
:1075A000022084F86400012168880CF0A5FA0CE040
:1075B000012020744FF6FF70A4F86800022084F8C0
:1075C0006400012168880CF097FA29E060680028BF
:1075D00002D06068401E6060606800280CD1012005
:1075E00020744FF6FF70A4F86800022084F864004D
:1075F000032168880CF080FA12E06068002802D04D
:107600006068401E60606068002808D10120207416
:107610004FF6FF70A4F86800022084F86400FFE7CA
:1076200031BD3EB504000D00287C032806D0C0F013
:10763000AD80052819D0C0F0A480A7E068680028B4
:1076400002D06868401E6860686800280CD1042178
:10765000A0880CF03DFA012028744FF6FF70A5F8C1
:107660006800002085F8640090E06868002802D077
:107670006868401E6860002001A800902B6E15F11C
:10768000200229002000FEF763FF02006869A96953
:10769000401A1100C9B2002919D1002809D0D2B26C
:1076A00029002000FFF744F8A089686003202874AF
:1076B00066E0012028744FF6FF70A5F868000020EE
:1076C00085F864000021A0880CF002FA58E0100050
:1076D000C0B202283ED16868002821D1B5F8660002
:1076E000217D89B2884207D2022229002000FFF7BB
:1076F0001FF86089686043E0012028744FF6FF702E
:10770000A5F86800002085F864000020A5F8660050
:10771000A869002834D00121A0880CF0D9F92FE005
:10772000B5F86600217D89B2884229D301202874EA
:107730004FF6FF70A5F86800002085F8640000206F
:10774000A5F86600A86900281AD00121A0880CF0CD
:10775000BFF915E0D2B2012A12D1012028744FF6E8
:10776000FF70A5F86800002085F864000020A5F8E7
:107770006600A869002803D00121A0880CF0A8F9B0
:1077800004E029002000FFF79DFEFFE737BD80B52C
:107790000A7C042A02D1FFF795FEFFE701BD2DE91F
:1077A000F84300200020002000202F4C60780128A2
:1077B00055D1002551E04FF4A27606FB05F0204498
:1077C000B0F86C1006FB05F02044B0F8D89006FB2A
:1077D00005F02044B0F844714FF6FF7808004246A7
:1077E00080B290420ED01F480068426889B22820BB
:1077F000414302EB0100001D06FB05F12144091D78
:10780000FFF799FE4846414680B2884210D015489D
:10781000006841681FFA89F9282000FB09F901EB8B
:107820000900001D06FB05F121447031FFF7F9FE48
:10783000380080B240450FD00A4800684168BFB2A6
:107840002820474301EB0700001D06FB05F604EB6B
:107850000601DC31FFF79BFF6D1C032DABD3BDE8A8
:10786000F18300000806402038024020AA2440206E
:107870000020DFF858130870002070470120DFF85F
:107880004C13087000207047DFF840030078002890
:1078900001D0012000E00020C0B270470020DFF8D6
:1078A0002C134870002070470120DFF82013487027
:1078B00000207047DFF814034078002801D0012031
:1078C00000E00020C0B2704780B5FEF729FC002818
:1078D00001D0002000E0012002BD80B5002009F0A9
:1078E00030FAFAF79FFCFAF7C5FC01BD80B500211C
:1078F000002008F0D4FCB649002008F036FCFFF761
:10790000BDFFFFF7D1FF0AF072FE0020FDF71BFB61
:107910000020FDF7D8FAFFF7E0FF01BDAB48816812
:10792000012902DB8168491E8160704780B5002013
:107930006A460DF10101C0B2FDF722FB9DF800007F
:10794000032805D10AF035FE002801D0FBF77EFAA6
:1079500001BD80B5002009F0A7F901280AD1FFF781
:10796000B3FF012806D1002008F0ADFC012801D1A9
:10797000FFF7DCFF01BDC0B2012810D0022810D0F3
:10798000042810D0052810D0062810D0072810D0C1
:10799000082810D0092810D00A2810D011E084A09F
:1079A00010E084A00EE084A00CE084A00AE084A093
:1079B00008E0884806E0884804E0884802E08848F3
:1079C00000E080A070478748007870477CB50400CD
:1079D000844D28782100C9B288421AD02000C0B254
:1079E000012803D02000C0B2072802D100207E4920
:1079F00088602000C0B2FFF7BEFF06002878FFF7BE
:107A0000BAFF03000096794A6FA10820FBF7A2FB9A
:107A10002C7073BD80B5C0B2002803D0022806D0F8
:107A200001D307E006E00820FFF7D0FF02E00920BD
:107A3000FFF7CCFF01BD80B501206A494870FFF710
:107A40006DFF0AF000FE002009F0B9F9FFF781FF91
:107A5000002008F06FFDFFF7B6FF012803D0FFF705
:107A6000B2FF0A2808D1604881684FF6FF72914240
:107A700002D28168491C816001BD80B5012059494D
:107A8000887000208DF8010000208DF800006A4603
:107A90000DF101010020FDF773FA9DF800000328A5
:107AA00010D153480179012902D00079022804D16C
:107AB0004FF48070FDF730FF08E04FF48070FDF761
:107AC0008FFF03E04FF48070FDF78AFF01BD10B512
:107AD000087800280AD0012809D0022811D00328EC
:107AE00015D0052817D0062816D016E015E00C2171
:107AF00000223D4C2000FAF757F80120FFF766FFFF
:107B00000BE0FFF7F3FE0A20FFF760FF05E001201E
:107B1000FFF75CFF01E000E0FFE710BDC9B20129FB
:107B200001D0112000E01120704710B52D4C607875
:107B3000012821D1002060702E490868022802D354
:107B40000120086002E00868401E086008680028FC
:107B500005D101200860FDF7D6FA0AF056FD002095
:107B600008F0B1FB012807D1002009F09DF8012899
:107B700002D1002008F010FEA078012801D10020D9
:107B8000A070002008F0D5FDFFF794FE012801D178
:107B9000FAF7DAFB0020FDF71FFA032806D1FFF7FA
:107BA00093FE012802D1002009F034FA10BD000034
:107BB0004F46460042535300524D53004E4F530020
:107BC00052535300554E4B0063616E001C00402021
:107BD00028314B00FC094B00040A4B00100A4B00F3
:107BE0001C0A4B006C2C402028004020240A4B002B
:107BF000D01600203400402001207047002050495A
:107C0000086000204F4908604F4800210180002192
:107C100081700021C1700021818000204B490860E3
:107C2000704780B5FFF7EAFF4948002101604949E4
:107C3000494A11600021494A11600321016001BDD8
:107C400080B5002042490860FFF7D8FF01BD3C48DD
:107C50000168491C01603D480168491C01603A48BF
:107C60008188491C81808188B1F57A7F14DB0021ED
:107C70008180C178491CC170C1783C290CDB00218E
:107C8000C1708178491C817081783C2904DB002116
:107C900081700188491C018031480178C90705D5E8
:107CA0000178491E027861F3000202702D490A78BA
:107CB000521C0A700A780A2A0FDB00220A70017827
:107CC000C1F34001C9B2002907D00178C9B24908FF
:107CD000491E027861F34102027070471B48006838
:107CE000704738B504000020FFF7F8FF0500FFF7E4
:107CF000F5FF401B8442FADA31BD1948007810F0D4
:107D0000010090F00100C0B270471548017851F0B1
:107D1000010101700B480168491C0160704710485F
:107D20000078C0B2400810F0010090F00100C0B22D
:107D300070470B48017851F0020101707047000054
:107D4000F81E4020FC1E4020041F4020001F402041
:107D500010E000E08038010014E000E018E000E0EE
:107D6000BF244020C024402080B5FFF75AFF01BD4A
:107D700080B5FFF765FF01BD0300002013F0030F7E
:107D800009D0521E22BF13F8010B11F801CBB0EB42
:107D90000C00F3D0704711F0030F14D1121F22BF53
:107DA00053F8040B51F804CB6045F7D0121D0AD2EA
:107DB00000BA9CFA8CFCB0EB0C0038BF6FF00000EE
:107DC00088BF01207047521E22BF13F8010B11F823
:107DD00001CBB0EB0C00F6D0521C08BF1046704728
:107DE00062B38B0708D0521E11F8013B00F8013B2B
:107DF00000F024808B07F6D1830740F0208000BF7D
:107E0000103A07D330B4B1E83810103AA0E838106F
:107E1000F9D230BC530724BFB1E80810A0E808101D
:107E200044BF51F8043B40F8043BD20724BF31F86B
:107E3000022B20F8022B44BF0B7803707047121FEF
:107E400017D35B0009D151F8043B20F8023B1B0C0F
:107E5000121F20F8023BF6D20BE051F8043B00F869
:107E6000013B1B0A20F8023B1B0C121F00F8013BD0
:107E7000F3D238BF121D521E24BF11F8013B00F887
:107E8000013BF8D87047002200238A79CB79DBB216
:107E9000DB08DBB253EA42130380C979C1F38001E6
:107EA00081709620704730B4002200230A7812F0C7
:107EB000030202700A78C2F3810242700A78D2B2D9
:107EC000120982704C780025250200248A7800234C
:107ED0001300002214431D43CA78120600231443E2
:107EE0001D430A791204002314431D434A791202E8
:107EF000002314431D438A79002322432B43C0E906
:107F00000223C97911F03F0101749E2030BC7047F3
:107F100000220023C9790170C220704738B50400DF
:107F20000D00002000216878C0F34110C0B200218C
:107F300020706068002802D02078616888476878DF
:107F4000C0B2C009C0B200212072E068002802D08F
:107F5000207AE168884740F2092032BD38B5040034
:107F60000D000020002128786A78D2B21209D2B21E
:107F700052EA001292B2002320880021994201D1D6
:107F8000904206D022806068002802D02088616874
:107F900088476A78120212F47062A878024392B29B
:107FA000002320890021994201D1904206D02281EC
:107FB000E068002802D02089E16888476879C0B26B
:107FC0004009207440F2393032BD2DE9F0410500FE
:107FD0000C00072600275FF0000813E0002021684E
:107FE0004246D2B288540BE03000390042460BF0D2
:107FF0008BFDC007F2D5002021684246D2B28854DA
:1080000018F101084046C0B20828EDD32068017875
:108010002878C0F380100143687851EA4001206855
:10802000017020684178287851EA8001A878C0F36F
:10803000411001432068417020688178A87851EA96
:10804000C001E878C0F30210014320688170206805
:10805000C078E97850EA01102168C87040F27F309A
:1080600060600821217200216172BDE8F08138B59D
:1080700004000D00002000216A78D2B21209D2B2A9
:10808000002320780021994201D1904206D022702D
:108090006068002802D0207861688847A878C0B25C
:1080A0000009207240F2973032BD002200238A7806
:1080B000CB781B0253EA02430A79134303608A799F
:1080C000520012F00202C979C9B252EAD112027109
:1080D00040F29D3070472DE9F04105000C00FF266D
:1080E00000275FF0000813E0002021684246D2B26A
:1080F00088540BE03000390042460BF005FDC00704
:10810000F2D5002021684246D2B2885418F1010805
:108110004046C0B20828EDD320680078298889B28B
:10812000090A0843216808702068417828880143BB
:108130002068417020688078698889B2090A0843FC
:10814000216888702068C178688801432068C17000
:1081500020680079297911F0070108436979C9007D
:1081600011F038010843A97950EA8110216808719B
:1081700020684079E97911F007010843297AC9009C
:1081800011F038010843697A50EA8110216848717A
:1081900020688179A87AC0F380000143E87A51EA27
:1081A0004001206881712068C079A97A50EA811065
:1081B0002168C8714FF46E70606008202072002042
:1081C00060724FF46E70BDE8F08100220023C97F19
:1081D000C1F3C101017040F2EF30704710B50400E7
:1081E000002200230A7FD2B25209D2B200232078A3
:1081F0000021994201D1904206D022706068002887
:1082000002D020786168884740F2FF3010BD00221C
:1082100000230A78D20012F018024B78DBB252EA3F
:10822000531202700A78D2B2920842704A7812F061
:108230001F0282708978C9B28908C17040F26F50FC
:10824000704738B504000D000020002128786978B7
:1082500051EA00212180A87810F00700A070A878CA
:10826000C0F3C200E070AA78D2B29209D2B2002361
:1082700020790021994201D1904206D02271A06854
:10828000002802D02079A1688847EA7812F0070216
:108290000023207B0021994201D1904206D0227315
:1082A0002069002802D0207B21698847E878C0F344
:1082B000C2002075EA78D2B29209D2B20023607D62
:1082C0000021994201D1904206D06275A069002830
:1082D00002D0607DA16988472879800010F00400F1
:1082E0006979C9B250EA911020772A79D2B252083E
:1082F000D2B20023607F0021994201D1904206D082
:108300006277206A002802D0607F216A88476A79F4
:10831000520012F07E02A879C0B252EAD012D2B254
:10832000002394F824000021994201D1904208D002
:1083300084F82420A06A002803D094F82400A16ABD
:108340008847AA7912F07F02002394F82C000021BC
:10835000994201D1904208D084F82C20206B00284B
:1083600003D094F82C00216B8847EA79D2B25208E6
:10837000D2B2002394F834000021994201D19042F6
:1083800008D084F83420A06B002803D094F834007F
:10839000A16B884740F2AE5032BD2DE9F041050097
:1083A0000C00FF2600275FF0000813E00020216882
:1083B0004246D2B288540BE03000390042460BF0FE
:1083C000A3FBC007F2D5002021684246D2B28854F0
:1083D00018F101084046C0B20828EDD320680178A2
:1083E000287801432068017020684078698889B244
:1083F000090A084321684870206881786888014329
:10840000206881702068C078A98889B2090A084369
:108410002168C87020680179A8880143206801712B
:1084200020684179A879C0F3C0000143E87951EA96
:1084300040012068417120688079A97950EA411093
:10844000297A11F003010843697A890011F01C01AF
:108450000843216888712068C179A87A014320689F
:10846000C17140F2FA5060600821217200216172EE
:10847000BDE8F0812DE9F04105000C00032600273E
:108480005FF0000813E0002021684246D2B2885411
:108490000BE03000390042460BF036FBC007F2D546
:1084A000002021684246D2B2885418F101084046A3
:1084B000C0B20828EDD320680078298889B2090A5B
:1084C00008432168087020684178288801432068A3
:1084D000417040F2166060600821217200216172D3
:1084E000BDE8F0812DE9F04105000C0001260027D0
:1084F0005FF0000813E0002021684246D2B28854A1
:108500000BE03000390042460BF0FEFAC007F2D50E
:10851000002021684246D2B2885418F10108404632
:10852000C0B24028EDD3206800782968090E0843BE
:1085300021680870206840782968090C0843216880
:108540004870206880782968090A08432168887083
:108550002068C178286801432068C17020680079CC
:10856000A98889B2090A08432168087120684179FD
:10857000A88801432068417120688079E98889B220
:10858000090A0843216888712068C179E888014395
:108590002068C1712068007A298989B2090A0843D4
:1085A000216808722068417A288901432068417255
:1085B0002068807AA97A11F001010843E97A49001C
:1085C00011F002010843297B890011F004010843DE
:1085D000697BC90011F008010843A97B090111F06A
:1085E00010010843E97B490111F02001084395F887
:1085F0002F10890111F0400108432168887220681A
:10860000C07A298A89B2090A08432168C872206899
:10861000017B288A0143206801732068417BA87C84
:108620000143206841732068807B6969090E084313
:10863000216888732068C07B6969090C0843216838
:10864000C8732068007C6969090A084321680874B6
:108650002068417C68690143206841742068817CFE
:10866000287E0143206881742068C17C687E0143B4
:108670002068C1742068017DA87E014320680175CF
:108680002068407DA98B89B2090A08432168487592
:108690002068817DA88B0143206881752068C07D9A
:1086A000E98B89B2090A08432168C8752068017EF0
:1086B000E88B0143206801762068407E296A090E14
:1086C0000843216848762068807E296A090C08439F
:1086D000216888762068C07E296A090A08432168D3
:1086E000C8762068017F286A0143206801772068E6
:1086F000407F95F8241011F00101084395F82510EA
:10870000490011F00201084395F82610890011F084
:108710000401084395F82710C90011F00801084327
:1087200095F82810090111F01001084395F8291057
:10873000490111F020010843216848772068807FB3
:1087400095F82A1011F00101084395F82B10490003
:1087500011F00201084395F82C10890011F0040172
:10876000084395F82D10C90011F00801084395F849
:108770002E10090111F01001084321688877206844
:10878000C07F298E89B2090A08432168C87720680A
:1087900090F82010288E0143206880F8201020686F
:1087A00090F8210095F8321011F003010843216878
:1087B00081F82100206890F8210095F83310890095
:1087C00011F01C010843216881F82100206890F80D
:1087D000221095F834000143206880F822102068A8
:1087E00090F8231095F835000143206880F8231095
:1087F000206890F82400E98E89B2090A08432168AC
:1088000081F82400206890F82510E88E0143206844
:1088100080F82510206890F8261095F8380001435C
:10882000206880F82610206890F8271095F8390005
:108830000143206880F82710206890F8280095F8F8
:108840003A1011F003010843216881F828002068DC
:1088500090F8280095F83B10890011F00C010843AE
:10886000216881F828002068807F95F83C10490134
:1088700011F020010843216888772068807F95F8EF
:108880003D1050EA8110216888772068807A95F839
:108890003E1050EAC11021688872206890F82900C3
:1088A000B5F9401009120843216881F829002068B1
:1088B00090F82A10B5F840000143206880F82A108B
:1088C000206890F82B1095F842000143206880F84A
:1088D0002B10206890F82C1095F843000143206875
:1088E00080F82C10206890F82D1095F84400014372
:1088F000206880F82D10206890F82E1095F845001B
:108900000143206880F82E10206890F82F00A96C91
:10891000090E0843216881F82F00206890F8300084
:10892000A96C090C0843216881F83000206890F890
:108930003100A96C090A0843216881F831002068D8
:1089400090F83210A86C0143206880F8321020683B
:1089500090F83300E96C090E0843216881F8330070
:10896000206890F83400E96C090C0843216881F80C
:108970003400206890F83500E96C090A0843216842
:1089800081F83500206890F83610E86C01432068C3
:1089900080F83610206890F83700296D090E0843DA
:1089A000216881F83700206890F83800296D090C9B
:1089B0000843216881F83800206890F83900296D53
:1089C000090A0843216881F83900206890F83A10B4
:1089D000286D0143206880F83A10206890F83B0029
:1089E000696D090E0843216881F83B00206890F802
:1089F0003C00696D090C0843216881F83C0020683F
:108A000090F83D00696D090A0843216881F83D002E
:108A1000206890F83E10686D0143206880F83E1091
:108A2000206890F83F1095F946000143206880F8CF
:108A30003F1040F217606060402121720021617296
:108A4000BDE8F0812DE9F04105000C00FF2600276C
:108A50005FF0000813E0002021684246D2B288543B
:108A60000BE03000390042460BF04EF8C007F2D55B
:108A7000002021684246D2B2885418F101084046CD
:108A8000C0B20828EDD320680078298889B2890807
:108A900008432168087020684078298850EA8110CE
:108AA000A97811F001010843216848702068807896
:108AB000A98889B289080843216888702068C0782D
:108AC000A98850EA8110A97911F0010108432168B1
:108AD000C87020680079298989B28908084321680B
:108AE000087120684079298950EA8110A97A11F02B
:108AF000010108432168487120688079A98989B2F9
:108B000089080843216888712068C079A98950EADA
:108B10008110A97B11F0010108432168C8714FF44D
:108B2000C560606008202072002060724FF4C5604C
:108B3000BDE8F0812DE9F04105000C00FF2600277B
:108B40005FF0000813E0002021684246D2B288544A
:108B50000BE03000390042460AF0D6FFC007F2D5DC
:108B6000002021684246D2B2885418F101084046DC
:108B7000C0B20828EDD320680078298889B2090A94
:108B800008432168087020684178288801432068DC
:108B9000417020688078698889B2090A0843216891
:108BA00088702068C178688801432068C170206897
:108BB0000079A98889B2090A0843216808712068E8
:108BC0004179A88801432068417120688079E9884B
:108BD00089B2090A0843216888712068C179E88848
:108BE00001432068C17140F22B606060082121724E
:108BF00000216172BDE8F08110B50400002200235D
:108C00000A78D2B21209D2B2002320780021994208
:108C100001D1904206D022706068002802D02078EE
:108C20006168884740F2F66010BD000010B58CB056
:108C30000022002200224FF47A7200230AF096FFED
:108C4000CDE90001DDE90023DFF8D00390F8220030
:108C50004FF461614843C11710185941CDE9000133
:108C6000DDE90001DFF8B8230023994204DC01DBD1
:108C7000904201D2002011E068460BF08FF803000B
:108C8000DFF8A423282102A80BF091F8102202A9F2
:108C9000DFF898432000FFF7A3F801200CB010BDC7
:108CA0001CB5C9B208291BD1C478E4B264092000FC
:108CB000C0B2002814D0DFF86C0390F8261122000F
:108CC000D2B291420CD080F82641FFF707F800900D
:108CD000E4B22300DFF85823B4A11020FAF73AFADF
:108CE00013BD80B5D3490A780300DBB29A421CD089
:108CF00008700878012818D10021062022F085FD8F
:108D00000121832022F081FDC64864218174002165
:108D100041710021052026F073FBFEF7DFFF030001
:108D2000C54AA2A11020FAF715FA01BD7CB50500CD
:108D30000026FDF7B7F8002808D1BA4CD4F8E000B7
:108D4000022803D02800C0B2012803D10120FFF778
:108D5000C8FF07E12800F6B2C0B2864200F00281E7
:108D60002800C0B20228C0F2F7802800C0B2022852
:108D700006D0C0F0E480042800F098804BD3DEE0F9
:108D800004200BF065F880B200F0EDF8012180B20C
:108D900000F00EF96079012803D1A07C372800F09B
:108DA000E1800020FFF79DFF2078002808D10021F6
:108DB000062022F02AFD0121832022F026FD07E073
:108DC0000021832022F021FD0121062022F01DFD3B
:108DD0003720A07440F20730A4F88A00B4F88A0063
:108DE000FAF7B8FA954A964BF8F724FFFBF758FEC6
:108DF000010089B2052026F003FB01206071FEF717
:108E00006DFF0090EDB26D1E2B008E4A67A1102001
:108E1000FAF7A0F9A6E004200BF01AF880B200F0EF
:108E2000A2F8022180B200F0C3F86079022803D1D1
:108E3000A07C232800F096800020FFF752FF2078C6
:108E4000002808D10021062022F0DFFC0121832028
:108E500022F0DBFC07E00021832022F0D6FC012178
:108E6000062022F0D2FC2320A0744FF4D270A4F884
:108E70008A00B4F88A00FAF76DFA704A704BF8F776
:108E8000D9FEFBF70DFE010089B2052026F0B8FAE5
:108E900002206071FEF722FF0090EDB26D1E2B00E4
:108EA000684A42A11020FAF755F95BE004200AF065
:108EB000CFFF80B200F057F8032180B200F078F8BD
:108EC0006079032802D1A07C19284BD00020FFF73D
:108ED00008FF2078002808D10021062022F095FC08
:108EE0000121832022F091FC07E00021832022F061
:108EF0008CFC0121062022F088FC1920A0745C2043
:108F0000A4F88A00B4F88A00FAF724FA4B4A4C4BCA
:108F1000F8F790FEFBF7C4FD010089B2052026F0AA
:108F20006FFA03206071FEF7D9FE0090EDB26D1E5E
:108F30002B00444A1DA11020FAF70CF912E0002181
:108F4000062022F062FC0121832022F05EFC6420D6
:108F5000A0740020607105E06079002802D0012033
:108F6000FFF7BFFE73BD80B580B2FAF7F3F95FF08B
:108F70006632354BF8F75EFE41EC100B51EC100BEE
:108F80000022324BF8F756FE41EC100B51EC100B5F
:108F90000AF07EFF00EE100A2D480AF0ADFFBDEE8C
:108FA000C00A10EE100A80B202BD0000545000004A
:108FB00080B5284AC9B2515C020089B292B291428E
:108FC0000BD21849B1F88A20B2F57A7F0FDAB1F8DE
:108FD0008A20521CA1F88A2009E0124AB2F88A10AD
:108FE000002904D0B2F88A10491EA2F88A100D494F
:108FF000A1F88C00B1F88A00FAF7ACF90F4A104BCF
:10900000F8F718FEFBF74CFD010089B2052026F0A9
:10901000F7F901BD0349087170470000D016002020
:1090200000D36C38C014002058054B0003150020F5
:109030006C054B006D24402088054B00FCA9F1D243
:109040004D624040A0054B0066664A3F0000594013
:10905000082D4020C0054B00002070470300002071
:109060001A00D2B2012A01D1012008E08A69002A3F
:1090700005D089694979DBB2994200D10120C0B29B
:109080007047030000207FF07F42934201D101200E
:1090900007E08A69002A04D089690968994200D1E9
:1090A0000120C0B2704730B4020000200023002429
:1090B0000CE0002309E04B682500ADB22B445B783F
:1090C0001500EDB2AB42F4D10123641C2500ADB212
:1090D000002D03D11D00EDB2002DECD0DBB2002B32
:1090E00000D00120C0B230BC70470120C0B2704730
:1090F0000120C0B2704730B4002200230EE00022ED
:109100000BE0DFF8EC4C1D00EDB22C225543625B06
:109110000400A4B2A242F2D101225B1C1C00E4B202
:10912000242C03DA1400E4B2002CEAD0D2B2002AD4
:1091300009D0DFF8BC2CDBB22C20434302EB030048
:109140002C38086001E00020086030BC704730B463
:109150000200DFF8A00C00680368002400E0641C33
:10916000200080B24001185A1500ADB2A84206D0C6
:10917000200080B240011844007F0028EFD020007A
:1091800080B240011844007F002805D1A4B26401D8
:1091900003EB0400086001E00020086030BC704769
:1091A00030B40200DFF84C0C006803680021002492
:1091B00000E0641C200080B24001185A1500ADB2D6
:1091C000A84206D0200080B240011844007F002849
:1091D000EFD0200080B240011844007F00281ED14B
:1091E000002000220CE0200080B2400118444068BA
:1091F0001500ADB228444078022800D10121521C4C
:10920000100080B200280AD1200080B2400118442A
:1092100040681500ADB2284440780028E3D108002A
:10922000C0B230BC70470100C9B20029012900D882
:10923000FFE7C0B27047F8B504000D0068684068E9
:10924000C068466871892000C0B2002800F03481EF
:10925000022800F0ED80C0F02A81032840F031811F
:109260000220A874B5F90800B6F90A20904280F2ED
:10927000DC803078012807D1B5F90800B6F908205C
:10928000904201DA30892881B5F9080072881018F7
:10929000B6F90A20904205DA2A89B6F90200821846
:1092A0002A8101E070892881002000E0401C020032
:1092B000D2B2DFF8943C1B689A420DD2DFF8002D41
:1092C0002B880700FFB232F82770BB42EED1C0B244
:1092D00002EB800090F90210B5F908002A7E12B264
:1092E000904201DA287E00E028892876B5F9080046
:1092F00049B209B2884228DB15F12400017851F007
:109300000101017015F12400017851F00201017092
:1093100015F12400017851F00401017095F8250041
:10932000C0F30010C0B2002809D103F062FFC5F8F5
:109330001D0015F12500017851F01001017015F1A3
:109340002400017851F010010170B5F90800B6F958
:109350000A1088426BD115F12400017851F0800188
:1093600001700020E874287D002801D000202875B5
:1093700015F12500017851F00101017095F82500E3
:10938000C0F34000C0B2002813D1A87DFF2808D048
:10939000A87DD0F1FF00022803DBA87D401CA87542
:1093A00001E0FF20A87515F12500017851F00201B8
:1093B000017095F82500C0F38000C0B2002813D1D9
:1093C000E87DFF2808D0E87DD0F1FF00022803DB0C
:1093D000E87D401CE87501E0FF20E87515F12500E7
:1093E000017851F00401017095F82500C0F3801058
:1093F000C0B200281BD195F8230000280BD195F8A6
:109400002300D0F10100022805DB95F82300401C61
:1094100085F8230002E0012085F8230015F12500DE
:10942000017851F04001017001E07089288148E025
:109430000120A874B6F90C00B5F90810884233DA97
:109440007078012807D1B6F90600B5F908108842EE
:1094500001DAF0882881B6F90C10B5F90820B08837
:10946000121A914205DA2989B6F90400091A2981EC
:1094700001E0B0892881B5F90800B6F90C108842DE
:1094800014D115F12400017811F0FE01017095F856
:109490002500C0F38000C0B2002807D1E87D002875
:1094A00004D00020E87501E0B089288109E002209D
:1094B000A8747089288104E00120A874B0892881EB
:1094C000FFE7B5F90800B6F90A10884201DB01246C
:1094D00007E0B6F90C00B5F90810884201DB00245A
:1094E000FFE7B5F90800B5F90A10884202DAB5F9C4
:1094F0000A0001E0B5F9080068812000C0B2F2BDA1
:10950000C97D4068407A814201D3012000E00020FB
:10951000704730B58BB004000D00287CFF2802D0C6
:10952000287C401C287429002000FFF7E9FF002850
:1095300015D00020E875A87B000710D4A87B50F058
:109540000800A8732B0002226946200000F03AFDB3
:10955000C0B2002803D16946200001F0EFF90BB03A
:1095600030BD2DE9F8418DB004000F00150098467C
:109570000020002069462088FFF7BDFD00980028E4
:109580004FD1EDB2002D4CD069460020FFF7B3FD5E
:109590000098002845D020880099088000984460F1
:1095A000002000990881002000994881002000993E
:1095B000888150200099887300200099C87300208A
:1095C0000099087400200099487400200099C8741C
:1095D0000020009908750020009948750020009926
:1095E000887500200099C875002000990876002031
:1095F0000099C1F819000099C1F81D000021009AD6
:1096000082F824100099C1F825000020009981F803
:1096100021000020009981F822000020009981F8A3
:1096200023000098002800F0D48100980589606824
:10963000C068002815D06068C0680078002802D093
:10964000012807D00DE000993800C0B2FFF7EBFD0C
:10965000060006E000993800C0B2FFF7ECFD0600F6
:10966000FFE70098078900200099C8733000C0B256
:10967000012803D03000C0B203282DD10098B0F9E2
:109680000800DFF83C19009A128801EB820191F979
:10969000021009B288421FDB009B012202A92000B0
:1096A00000F090FCC0B2002816D102A9200001F001
:1096B00045F9009890F82500C0F3C000C0B200281A
:1096C0000AD103F096FD0099C1F8190000982530E1
:1096D000017851F0080101700098807BC00605D523
:1096E0000098807B10F0EF00009988730098807BD1
:1096F000400605D50098807B10F0BF000099887364
:109700003000C0B2012840F0C480009B032202A9AF
:10971000200000F057FCC0B2002809D1DFF8002B70
:10972000CCA10820F9F716FD02A9200001F006F9E6
:10973000009B052202A9200000F044FCC0B20028D2
:1097400009D1DFF8E02AC3A10820F9F703FD02A937
:10975000200001F0F3F8009B042202A9200000F091
:1097600031FCC0B200280AD1DFF8BC2AB9A1082018
:10977000F9F7F0FC02A9200001F0E0F81CE00098E5
:10978000407C002818D1009B042202A9200000F090
:1097900099FC009B042202A9200000F013FCC0B237
:1097A000002809D1DFF8802AAAA10820F9F7D2FC05
:1097B00002A9200001F0C2F8009B062202A92000A5
:1097C00000F000FCC0B200280AD1DFF8602AA1A195
:1097D0000820F9F7BFFC02A9200001F0AFF81CE057
:1097E0000098407C002818D1009B062202A9200086
:1097F00000F068FC009B062202A9200000F0E2FBBA
:10980000C0B2002809D1DFF8242A92A10820F9F774
:10981000A1FC02A9200001F091F80098807BC0070C
:109820000FD400988089401C0099888101200099FC
:10983000C8730098807B800703D400992000FFF74D
:1098400068FE0120009948740020009981F82100E9
:109850000098807B50F0270000998873A069002849
:1098600009D0A0694079022805D10098807B50F08A
:10987000800000998873009890F82500C0F340108C
:10988000C0B2002805D100982530017851F02001A0
:1098900001703000C0B2002876D10098807B10F0B3
:1098A000410F02D001200099C8730098807B10F00E
:1098B000FE0000998873A069002809D0A06940794A
:1098C000022805D10098807B10F07F0000998873F2
:1098D0000098807B800627D5009890F82500C00767
:1098E00022D40098007D002805D10098243001780A
:1098F00011F0F70101700098007DFF280BD000984F
:10990000007DD0F1FF00022805DB0098007D401C9F
:109910000099087502E0FF2000990875009825302D
:10992000017851F0010101700020009948740098FD
:10993000807B000728D5009890F82500C0F34010E0
:10994000C0B2002820D1009890F82100FF280ED046
:10995000009890F82100D0F1FF00022807DB009862
:1099600090F82100401C009981F8210003E0FF20BD
:10997000009981F82100009801F03EF90098253007
:10998000017851F020010170F6B2032E08D16DB2BA
:10999000012D05DA7FB2012F02DB01200099C87387
:1099A0000098B0F908000099B1F90A10884203DA6A
:1099B0000098B0F90A0002E00098B0F90800009998
:1099C00048812C220098019001994046FEF708FA40
:1099D0003CE00020A8F800000020A8F808000020C3
:1099E000A8F80A000020A8F80C00502088F80E0003
:1099F000002088F80F00002088F81000002088F868
:109A00001100002088F81300002088F814000020BE
:109A100088F81500002088F81600002088F8170044
:109A2000002088F818000020C8F81900C8F81D00A8
:109A3000002188F82410C8F82500002088F82100AB
:109A4000002088F82200002088F823000EB0BDE82E
:109A5000F081000044656D001CB504006946208853
:109A6000FFF749FB01A92088FFF771FB0098002848
:109A700000F09E800098818960884118009881815B
:109A80000098807B10F0DF00009988730098807B3D
:109A9000217911F020010843009988730098807B98
:109AA00010F0EF00009988730098807B217911F005
:109AB00010010843009988730098807B10F0FB0028
:109AC000009988730098807B10F0F70000998873E4
:109AD0000098807B217911F00C010843009988736C
:109AE0000098807B10F07F00009988730098807B3D
:109AF000217911F08001084300998873A0790099B9
:109B000048746079D0F1FF000099097C884203DA3B
:109B1000FF200099087405E00098017C60794118E5
:109B200000980174019800280BD000990198FFF764
:109B3000E7FC002805D00098807B50F008000099D1
:109B40008873E0790099C874207A00990875607A62
:109B500000994875A07A00998875E07A0099C875CF
:109B6000207B00990876D4F80D000099C1F81900FF
:109B7000D4F811000099C1F81D00207E009981F8E9
:109B80002400D4F819000099C1F82500607D0099DF
:109B900081F82100A07D009981F82200E07D0099E4
:109BA00081F82300002000998874009801F024F8BF
:109BB00013BD80B569460088FFF79DFA009800281C
:109BC00040D0002000990881002000994881502051
:109BD0000099887300200099C8730020009988813B
:109BE0000020009908740020009948740020009912
:109BF000C87400200099087500200099487500205D
:109C00000099887500200099C87500200099087691
:109C100000200099C1F819000099C1F81D00002129
:109C2000009A82F824100099C1F8250000200099BC
:109C300081F821000020009981F82200002000997D
:109C400081F8230001BD1CB50C00694680B2FFF706
:109C500052FA0098002807D02C2200980190019910
:109C60002000FEF7BDF801E00020208013BD30B5D4
:109C70008BB00D00140069460088FFF7E4FFBDF8C3
:109C8000000000281AD02800C0B2012808D1BDF871
:109C90000C0080B2000A2070BDF80C0060700DE06E
:109CA0002800C0B2022803D1BDF80800207005E0EA
:109CB000EDB2032D02D1BDF80A0020700BB030BD0B
:109CC00070B40200002300200860002421E02C254D
:109CD000474E200080B26843305A002818D0200038
:109CE00080B26843304440688069002810D020006A
:109CF00080B268433044406880690068904207D170
:109D0000200080B205FB00F506EB0500086001238A
:109D1000641C200080B2242803DA1800C0B2002896
:109D2000D5D01800C0B270BC704770B504000025D3
:109D3000DFF8046CA07B3178084226D060680028E8
:109D400023D061687078FFF789F900281DD0616819
:109D5000B078FFF7A8F9002817D0F078012808D0CC
:109D6000F078002811D161683079FFF7BEF900283A
:109D70000BD07079012807D0F078002805D16068F1
:109D8000FFF7B6F9002800D001252800C0B270BD49
:109D900070B5040000256068002825D0DFF8986BB6
:109DA00061687078FFF75AF900281DD06168B078B3
:109DB000FFF779F9002817D0F078012808D0F0785B
:109DC000002811D161683079FFF78FF900280BD096
:109DD0007079012807D0F078002805D16068FFF776
:109DE00087F9002800D001252800C0B270BD00000E
:109DF000182B0020BC1B40202DE9F0438BB0040041
:109E00000D000020002000263EE05FF02C08380006
:109E100080B208FB00F004EB00018868310089B2D1
:109E200008FB01F104EB01029168884224D22C2244
:109E3000300080B208FB00F004EB0001E946484620
:109E4000FDF7CEFF2C22380080B208FB00F004EBB7
:109E50000001300080B208FB00F004EB0009484626
:109E6000FDF7BEFF2C226946380080B208FB00F8DF
:109E7000A0444046FDF7B4FF7F1E3000390080B299
:109E800089B28842C1D3761C3000290080B289B2E1
:109E9000884201D26F1EF0E70BB0BDE8F083F0B549
:109EA000002400250025002500E06D1C2E000F0079
:109EB000B6B2BFB2BE4243D22C262F00BFB2774308
:109EC0000744BF78022FF0D0002701E0002427E0EC
:109ED000BC461FFA8CFCBCF1240FE6DAA4465FFAFC
:109EE0008CFCBCF1000FE0D1DFF8904CBC461FFAAF
:109EF0008CFC06FB0CFC34F80CC0AE461FFA8EFE40
:109F000006FB0EFE30F80EE0F445DFD1BC461FFA2A
:109F10008CFC06FB0CFC6444A47B1442D6D10124C7
:109F2000A4465FFA8CFCBCF1000F07D0AC461FFAC8
:109F30008CFC06FB0CFC8444C3F800C07F1CC7E704
:109F40002000C0B2F0BD0000A032402038B50400AF
:109F50000020DFF82C5C24212800FFF74DFF2300B0
:109F6000082224212800FFF79AFF0100C9B2002926
:109F700005D12300012224212800FFF790FF0100D2
:109F8000C9B200291AD1002110E02C220B009BB28B
:109F900053432B449B78022B07D0080080B202FB6E
:109FA00000F205EB020020600120491C0A0092B279
:109FB000242A03DA0200D2B2002AE6D0C0B232BDAF
:109FC000B0514B002DE9F341060017001D000020A1
:109FD0000020ADF8000000243800C0B2002801D1F4
:109FE000012051E02C210022DDF804804046F7F7E3
:109FF000DBFDF068002820D0002100E0491CF0685B
:10A000000A0092B250F82200002816D0F0680A0028
:10A0100092B250F8220080783A00D2B29042EDD14C
:10A02000F06889B250F8214001AA6178308800F0C8
:10A030001EFD002801D0012026E0002C26D06068FB
:10A04000002811D02078012806D16B4601AA211DD5
:10A05000308801F03FFE07E02078022804D16A46EC
:10A0600001A9201D01F0CCFDBDF8000000280FD192
:10A07000002001990880BDF800000199A1F80500B1
:10A080000020019948850120BDE8F6810120FBE709
:10A09000308801990880A8890199A1F80300BDF8CA
:10A0A00000000199A1F8050060780199C871207835
:10A0B000019988702A210198FEF7CEFF0199488501
:10A0C0000020E1E773B50400150000200020002007
:10A0D0002800C0B2002801D1012038E02C21002244
:10A0E000019E3000F7F760FDE068002820D00021D5
:10A0F00000E0491CE0680A0092B250F822000028F3
:10A1000016D0E0680A0092B250F8220080782A0047
:10A11000D2B29042EDD1E06889B250F8210001AA94
:10A120004178208800F0A3FC002801D101200EE036
:10A1300000200199088000200199C8711E21002289
:10A14000019810F10C042000F7F72EFD002076BDD9
:10A1500030B4002219E02C21DFF80C3C1400A4B22A
:10A160004C431C5B0588AC420ED11400A4B24C4396
:10A170001C441500ADB201FB05F11944B1F80330E0
:10A180004188CB18A4F80330521C110089B224294D
:10A19000E1DB30BC704770B40100002000220023D6
:10A1A00017E02C24DFF8D859180080B26043285AF1
:10A1B00000280DD0180080B2604328448068824295
:10A1C00006D2180080B204FB00F405EB040082689C
:10A1D0005B1C180080B22428E3DB521C002315E02E
:10A1E000DFF8845B2C24180080B26043285A0028D2
:10A1F0000BD0180080B2604328441E00B6B204FBA6
:10A2000006F42C44A468141984605B1C180080B206
:10A210002428E5DB086812180A6070BC704700004B
:10A2200078424B0098424B00B8424B00D8424B005A
:10A2300038B50020002200240DE000200AE0DFF8FD
:10A240002C3B2500ADB21F204543585B0B8898423C
:10A25000F3D10120641C23009BB2242B03DA0300FA
:10A26000DBB2002BEBD0C0B2002800F0B580DFF8E5
:10A27000FC5A8A8923009BB21F20434305EB03004D
:10A2800020F81D2C8A7B23009BB21F20434305EB43
:10A29000030000F81B2C0A7C23009BB21F204343C1
:10A2A00005EB030000F81A2C4A7C23009BB21F2008
:10A2B000434305EB030000F8192CCA7C23009BB232
:10A2C0001F20434305EB030000F8182C0A7D2300F0
:10A2D0009BB21F20434305EB030000F8172C4A7D77
:10A2E00023009BB21F20434305EB030000F8162C0C
:10A2F0008A7D23009BB21F20434305EB030000F837
:10A30000152CCA7D23009BB21F20434305EB03009D
:10A3100000F8142C0A7E23009BB21F20434305EB58
:10A32000030000F8132CD1F8192023009BB21F2042
:10A33000434305EB030040F8122CD1F81D20230005
:10A340009BB21F20434305EB030040F80E2C91F80D
:10A35000242023009BB21F20434305EB030000F899
:10A36000072CD1F8252023009BB21F20434305EB87
:10A37000030040F8062C91F8212023009BB21F20F7
:10A38000434305EB030000F80A2C91F82220230038
:10A390009BB21F20434305EB030000F8092C91F802
:10A3A0002310220092B21F20424305EB020000F866
:10A3B000081C1D21220092B21F20424305EB02001F
:10A3C0001F38FEF749FE220092B21F214A4305EBD7
:10A3D000020121F8020CD7E000240CE0002209E081
:10A3E000DFF8882923009BB21F204343D05A00285E
:10A3F000F4D10122641C200080B2242803DA10006A
:10A40000C0B20028ECD0D2B2002A00F0BD80DFF844
:10A410005C590A8823009BB21F20434305EB0300CD
:10A4200020F81F2C8A8923009BB21F20434305EB91
:10A43000030020F81D2C8A7B23009BB21F2043437E
:10A4400005EB030000F81B2C0A7C23009BB21F20A5
:10A45000434305EB030000F81A2C4A7C23009BB20F
:10A460001F20434305EB030000F8192CCA7C23008E
:10A470009BB21F20434305EB030000F8182C0A7D14
:10A4800023009BB21F20434305EB030000F8172C69
:10A490004A7D23009BB21F20434305EB030000F8D5
:10A4A000162C8A7D23009BB21F20434305EB03003B
:10A4B00000F8152CCA7D23009BB21F20434305EBF7
:10A4C000030000F8142C0A7E23009BB21F20434394
:10A4D00005EB030000F8132CD1F8192023009BB2E0
:10A4E0001F20434305EB030040F8122CD1F81D2038
:10A4F00023009BB21F20434305EB030040F80E2CC2
:10A5000091F8242023009BB21F20434305EB030056
:10A5100000F8072CD1F8252023009BB21F204343CD
:10A5200005EB030040F8062C91F8212023009BB294
:10A530001F20434305EB030000F80A2C91F822206A
:10A5400023009BB21F20434305EB030000F8092CB6
:10A5500091F82310220092B21F20424305EB020023
:10A5600000F8081C1D21220092B21F20424305EB77
:10A5700002001F38FEF770FD220092B21F214A43ED
:10A5800005EB020121F8020CDFF8E017002223009E
:10A590009BB21F20434301EB030020F81D2C002237
:10A5A00023009BB21F20434301EB030000F81A2C49
:10A5B000220092B21F20424301EB0200801F02786A
:10A5C00012F0FE020270220092B21F20424301EB01
:10A5D0000200801F027812F0FD020270220092B287
:10A5E0001F20424301EB0200801F027812F0FB02A1
:10A5F0000270220092B21F20424301EB0200801F32
:10A60000027812F0DF020270220092B21F20424351
:10A6100001EB0200801F027812F0BF0202701F23BC
:10A62000220092B21F20424301EB0200B0F11F0250
:10A63000DFF8C41BA4B21F20444301EB0400B0F1B7
:10A640001F010020FAF788F931BDF8B50400002099
:10A6500000253DE000200AE0DFF81067290089B2FC
:10A660001F204143705A21888842F3D10120C0B293
:10A6700000282CD01F2100222B009BB21F20434317
:10A6800006EB03073800F7F78FFA1D212A0092B274
:10A690001F20424306EB0200FEF7DEFC2A0092B2C6
:10A6A0001F214A4306EB0201A1F81D001F232900C8
:10A6B00089B21F20414306EB0102DFF83C1B2E004C
:10A6C000B6B21F20464331440020FAF745F96D1C0D
:10A6D000280080B22428BFDBF1BD70B504000D0056
:10A6E000002601E0FFE7761C300080B2002819D177
:10A6F0006068310089B208444078002812D0606850
:10A70000310089B2084440780128ECD0EAD303280C
:10A71000E9D002D30428E6D0E4E729002000FFF7BF
:10A7200087FDE0E770BDF0B40400002588680028CC
:10A7300038D00026002725E08868BC461FFA8CFC2C
:10A7400050F82C000078A4465FFA8CFC604507D1D5
:10A7500088683D00ADB250F8250010601E800125CC
:10A760008868BC461FFA8CFC50F82C00007902283F
:10A7700007D08868BC461FFA8CFC50F82C00408833
:10A7800086197F1C380080B200280BD18868BC462F
:10A790001FFA8CFC50F82C00002803D02800C0B20F
:10A7A0000028C9D02800C0B2F0BC7047F8B50C0032
:10A7B000002200210023002316E0002213E02C22B7
:10A7C000DFF8BC531E00B6B25643AE5B0788BE42EC
:10A7D000F3D11E00B6B202FB06F22A44D279E57923
:10A7E000AA42EAD101225B1C1D00ADB2242D03DA7E
:10A7F0001500EDB2002DE2D0D2B2002A0ED02C22EC
:10A80000DFF87C139BB22C20434301EB0300B0F133
:10A810002C0521002800FDF7E3FA33E000230CE0CB
:10A82000002109E0DFF858131A0092B22C204243AD
:10A83000885A0028F4D101215B1C180080B224281A
:10A8400003DA0800C0B20028ECD0C9B200290DD04C
:10A850002C22CB499BB22C20434301EB0300B0F1E7
:10A860002C0521002800FDF7BBFA0BE06846FFF736
:10A870006DFBC0B2002805D02C22009D21002800CD
:10A88000FDF7AEFAF1BD70B5040000251EE0002C06
:10A8900008D0BB492A0092B22C204243885A218812
:10A8A000884212D12C202C23B5492A0092B242436F
:10A8B0000A44DFF844192E00B6B200FB06F0084443
:10A8C00000F25C410020FAF747F86D1C280080B2C6
:10A8D0002428DCDB70BD2DE9F0410400002525E0D3
:10A8E0002C26A74F280080B27043385A218888420E
:10A8F0001BD12C210022280080B2704307EB0008F6
:10A900004046F7F751F92C23280080B2704307EB3B
:10A910000002DFF8E408290089B206FB01F63044A2
:10A9200000F25C410020FAF717F86D1C280080B295
:10A930002428D5DBBDE8F081C01B402070B50400A1
:10A940000D00002601E0FFE7761C300080B20028F1
:10A9500024D16068310089B20844407800281DD0B5
:10A960006068310089B2084440780128ECD0EAD30D
:10A970000328E9D002D30428E6D0E4E7A878022827
:10A9800004D12900200001F0ADFA03E029002000E5
:10A99000FFF70CFF2000FFF776FFD5E770BD70B41E
:10A9A00003000024C86800281ED0002511E0C868F4
:10A9B0002E00B6B250F8260040781E00F6B2B04223
:10A9C00006D1C8682C00A4B250F8240010600124FD
:10A9D0006D1CC8682E00B6B250F82600002803D0BF
:10A9E0002000C0B20028E2D02000C0B270BC704786
:10A9F000F8B50C00150001260020ADF80000206815
:10AA0000002831D000270FE020684068390089B263
:10AA100050F82100407CADF800002988BDF8000006
:10AA20004118891C29807F1C20684068390089B240
:10AA300050F82100002817D020684068390089B2FA
:10AA400050F8210080680028DED0684621684968F7
:10AA50003A0092B251F8221089688847C0B20028A3
:10AA6000DBD00020C0B201E03000C0B2F2BDF0B4D3
:10AA70000023002418E0002315E02C23DFF894596C
:10AA80002600B6B25E43AE5B0700BFB2BE42F2D153
:10AA90002600B6B203FB06F32B44DB790D00EDB2C2
:10AAA000AB42E8D10123641C2500ADB2242D03DAAA
:10AAB0001D00EDB2002DE0D01800C0B2002808D073
:10AAC000DFF85019A4B22C20444301EB04002C38C9
:10AAD00010601800C0B2F0BC704778B58DB00C00A3
:10AAE00000252100694680B2FEF731FB009800285E
:10AAF0003FD0009840688079052838DADFF8040AEA
:10AB0000009949688979405C01282ED1DFF8686A8C
:10AB1000307800280BD000997068FEF7B2FA002850
:10AB200005D00099307AFEF799FA002822D101A9C0
:10AB300000980088FEF7DFFA0198002808D00198F5
:10AB4000807BC0B2400910F0010090F0010000E0ED
:10AB5000012002AB01222100C9B20098FEF701FDDD
:10AB600002A90098FFF7B9FD04E0012502E00125E4
:10AB700000E001252800C0B20EB070BD182B0020E7
:10AB8000D43B002080B5694680B2FEF7B4FA009845
:10AB9000002805D00098807B10F0FE000099887393
:10ABA00001BD38B50400002501E0FFE76D1C280059
:10ABB00080B200281FD16068290089B2084440781B
:10ABC000002818D06068290089B20844407801281C
:10ABD000ECD0EAD303280DD002D30428E6D0E4E772
:10ABE0002000FFF732FD2000FFF775FE2000FFF781
:10ABF0004AFEDBE7DAE731BDF8B5002400E0641C6B
:10AC0000210089B2242980F2AC802C25DFF8486B22
:10AC10000188220092B26A43B25A9142EFD190F871
:10AC20002100210089B26943314449684968097AA1
:10AC30008842C0F096800020200080B268433044F3
:10AC400090F82200FF2817D0200080B268433044DB
:10AC500090F82200D0F1FF0002280DDB200080B226
:10AC600068433044210089B26943314491F822108D
:10AC7000491C80F8221006E0200080B2684330446E
:10AC8000FF2180F82210200080B268433044002168
:10AC90008175200080B26843304490F82270200013
:10ACA00080B2684330444068FFF77BFF200080B2E9
:10ACB00068433044210089B269433144897B11F0F3
:10ACC000F7018173200080B268433044210089B2CB
:10ACD00069433144897B11F0FB018173200080B20C
:10ACE00068433044210089B269433144897B11F0C3
:10ACF0007F018173200080B26843304400210174D9
:10AD0000200080B26843304400214174200080B2AA
:10AD100068433044002180F82110200080B268434D
:10AD2000304480F82270200080B2684330442430E0
:10AD3000017851F008010170200080B2684330446E
:10AD40002430017811F07F010170200080B2684347
:10AD500006EB0001A4B26C4306EB04004068FFF769
:10AD6000BCFCF1BD00000000483100207837002015
:10AD700070B5050000242800C0B2052880F2348197
:10AD80000800C0B2012803D0022800F0E88029E1C1
:10AD9000DFF870072A00D2B28154002194E0080045
:10ADA00080B258431044FF26467527E0080080B261
:10ADB00058431044FF26C674080080B2584310441C
:10ADC000807B80061AD5080080B258431044407D2D
:10ADD000FF28E4D0080080B258431044407DD0F1F1
:10ADE000FF000228DBDB080080B2584310440E004D
:10ADF000B6B25E431644767D761C4675080080B276
:10AE0000584310442530067816F0FE0606700800F8
:10AE100080B2584310442530067816F0FD060670BF
:10AE2000080080B2584310442530067816F0FB061F
:10AE30000670080080B2584310442530067816F09A
:10AE4000EF060670080080B258431044243006789C
:10AE500016F0FE060670080080B2584310442430F5
:10AE6000067816F0FD060670080080B258431044BC
:10AE70002430067816F0EF060670080080B25843BA
:10AE800010442430067816F0DF060670080080B201
:10AE9000584310442430067816F0BF0606700800A8
:10AEA00080B2584310442530067816F0DF0606704D
:10AEB000080080B203FB00F302EB030025300278A8
:10AEC00012F0BF020270491C080080B2242845DA43
:10AED0002C23DFF88428080080B25843105A002839
:10AEE000F1D0080080B2584310444068406880792F
:10AEF0002E00F6B2B042E6D1080080B258431044AA
:10AF00000E00B6B25E431644B67B16F0FD0686739D
:10AF1000080080B258431044807B80067FF54CAF18
:10AF2000080080B258431044C07CFF283FF43EAF75
:10AF3000080080B258431044C07CD0F1FF000228C2
:10AF4000FFF634AF080080B2584310440E00B6B28A
:10AF50005E431644F67C761CC6742DE745E0DFF8A8
:10AF6000A4052A00D2B28154002636E02C22DFF854
:10AF7000E837300080B25043185A00282CD03000F7
:10AF800080B2504318444068406880792900C9B2B3
:10AF9000884221D1300080B250431844807B10F0A9
:10AFA000420F19D1300080B250431844310089B2A9
:10AFB00051431944897B11F0FB018173300080B249
:10AFC000504303EB0001300080B202FB00F203EBC0
:10AFD00002004068FFF781FB761C300080B2242815
:10AFE000C4DB02E0012400E001242000C0B270BDF7
:10AFF0007CB5DFF8F409DFF8F41909680160002175
:10B0000006E00222DFF8FC340C00A4B21A55491CF9
:10B010000A0092B2052AF4DB00218CE02C22DFF832
:10B02000383700240D00ADB255435C530C00A4B278
:10B0300054431C44002565600C00A4B254431C44D6
:10B04000002525810C00A4B254431C4400256581D1
:10B050000C00A4B254431C440025A5810C00A4B2EA
:10B0600054431C445025A5730C00A4B254431C4403
:10B070000025E5730C00A4B254431C44002525743C
:10B080000C00A4B254431C44002565740C00A4B207
:10B0900054431C440025E5740C00A4B254431C44E2
:10B0A000002525750C00A4B254431C440025657589
:10B0B0000C00A4B254431C440025A5750C00A4B296
:10B0C00054431C440025E5750C00A4B254431C44B1
:10B0D0000025257600240D00ADB255431D44C5F86A
:10B0E00019400D00ADB255431D44C5F81D400D007B
:10B0F000ADB255431D44002685F824600D00ADB265
:10B1000055431D44C5F825400C00A4B254431C44CB
:10B11000002584F821500C00A4B254431C4400259F
:10B1200084F822500C00A4B202FB04F21A4400235B
:10B1300082F82330491C0A0092B2242AFFF66EAF2F
:10B1400000240068056813E069460020FDF7D3FF7E
:10B15000009800280BD0200080B24001285A0099A6
:10B160000880200080B24001284400994860641C97
:10B17000200080B240012844007F0028E4D0002055
:10B180000EE00400A4B254430C441D00ADB22C44A4
:10B19000002525735B1C1C00A4B21E2CF1DB401C97
:10B1A000010089B224291DDADFF828192C220300B6
:10B1B0009BB253430B4400245C8500230400A4B2DB
:10B1C00054430B5303009BB253430B440024A3F896
:10B1D000034003009BB253430B440024A3F80540F3
:10B1E0000023D8E70120DFF8901308700120DFF872
:10B1F000E818087073BD000004420020F8B5002074
:10B20000DFF8D4482078012840F0C88000251BE0F2
:10B210002C21DFF8C828280080B248431044B0F839
:10B220005C0400280FD02C23280080B2484310442F
:10B2300000F25C4277482E00B6B201FB06F10144F1
:10B240000020F9F7CBFB6D1C280080B22428DFDB3F
:10B25000002540E0290089B21F20414306EB010090
:10B26000FEF7FAFB290089B21F20414306EB0100DB
:10B27000FEF76EFF1F23290089B21F20414306EB12
:10B280000102DFF860182E00B6B21F204643314499
:10B290000020F9F7A3FB1DE0DFF84068290089B220
:10B2A0001F204143705AFDF77BFF01002A0092B234
:10B2B0001F204243B05A002802D0C9B20029C9D188
:10B2C0001F2100222B009BB21F2043431E4430004D
:10B2D000F6F76AFC6D1C280080B22428DCDBDFF85E
:10B2E0007008FEF758FF00251CE04A4E2C27280066
:10B2F00080B27843305AFDF753FF0100280080B236
:10B300007843305A002802D0C9B2002909D12C2133
:10B310000022280080B207FB00F73E443000F6F719
:10B3200043FC6D1C280080B22428DEDB002511E0E0
:10B33000DFF824342C22280080B25043185A002809
:10B3400007D06946280080B202FB00F2985AFDF748
:10B35000FEFE6D1C280080B22428E9DB002519E0E0
:10B36000DFF870772C26280080B27043385A002806
:10B370000FD06946280080B27043385AFDF7E7FEC7
:10B38000280080B206FB00F607EB06010098FFF7E5
:10B39000D5FA6D1C280080B22428E1DB01210020B1
:10B3A000FFF7E6FCDFF84808FF210170012141703A
:10B3B000022181700121C1700021017101214171BF
:10B3C0002421C18000206C4908702420DFF8241853
:10B3D0000880022020700120DFF81C180870F1BDE1
:10B3E00080B50020DFF81018087002210020FFF758
:10B3F000BFFC0020DFF8E016087001BD10B5DFF8D3
:10B40000FC472078002804D00020FFF73CFA0020F9
:10B41000207010BDD43B002010B50024DFF8B81612
:10B420000978022903D180B2FFF7ACFB00E00124C8
:10B430002000C0B210BD80B5DFF89C261278012A2A
:10B4400002D0022A01D005E004E0C9B280B2FFF7C1
:10B4500044FBFFE701BD09210170002070472DE981
:10B46000FC4106000F0090461D0000246846FFF7CF
:10B47000F2FFDFF864060078022810D109980899D5
:10B48000DFF86C379DF8002016401E705F7083F85F
:10B490000280DD70197158712420D88000E00124E9
:10B4A0002000C0B2BDE8F6817CB50E0015001C007E
:10B4B0000421DFF82416097802291FD16946FEF716
:10B4C000FFFB002818D0009841683000C0B2FDF79B
:10B4D000C5FD00280ED0009841682800C0B2FDF7D5
:10B4E000E2FD002804D00098807B2070002006E058
:10B4F000022004E0032002E0012000E00420C0B2AA
:10B5000076BD0000D41B40202DE9F843040000253F
:10B510000026DFF8C4050078022828D1002720E0A3
:10B520005FF02C08DFF8C894380080B208FB00F008
:10B5300039F80000002813D0380080B208FB00F072
:10B540004844FEF7F2FB00280AD0380080B208FB1E
:10B5500000F809EB080040688069002800D06D1CE5
:10B560007F1C380080B22428DADB258000E0012629
:10B570003000C0B2BDE8F283C81B40202DE9F0477F
:10B5800004000D0000260027DFF84C050078022893
:10B5900039D001263000C0B2BDE8F087B8F8060007
:10B5A000401EA8F806005FF02C09DFF8ACA1B8F83F
:10B5B000060009FB00F03AF80000002823D0B8F894
:10B5C000060009FB00F05044FEF7AFFB00281AD03C
:10B5D000B8F8060009FB00F0504440688069002874
:10B5E00011D0B8F8060009FB00F0504440688069AB
:10B5F00000682060B8F8060009FB00F90AEB0900B2
:10B60000807B287001273800C0B2002805D1DFF800
:10B61000E085B8F806000028C0D1FFB2002FB9D1EC
:10B620002420DFF8CC15C8800126B3E7F8B5040064
:10B630000020C4F89000002533E02C26DFF8B0731A
:10B6400006FB05F0385A00282AD006FB05F03844DE
:10B65000FEF76BFB002823D006FB05F0384440685A
:10B66000806900281CD006FB05F03844807BC007A9
:10B6700016D5D4F8900004EB800006FB05F13944A0
:10B68000897B11F00101817006FB05F6B85BD4F8E7
:10B69000901024F82100D4F89000401CC4F89000C9
:10B6A0006D1C242DC9D3F1BD2DE9F04704000D0018
:10B6B00000260027DFF820040078022839D0012670
:10B6C0003000C0B2BDE8F087B8F80600401EA8F808
:10B6D00006005FF02C09DFF880A0B8F8060009FB2F
:10B6E00000F03AF80000002823D0B8F8060009FB63
:10B6F00000F05044FEF74CFB00281AD0B8F80600C2
:10B7000009FB00F0504440688069002811D0B8F867
:10B71000060009FB00F05044406880690068206022
:10B72000B8F8060009FB00F90AEB0900807B2870D5
:10B7300001273800C0B2002805D1DFF8B484B8F87A
:10B7400006000028C0D1FFB2002FB9D12420DFF8B5
:10B75000A014C8800126B3E7182B00202DE9F84378
:10B760000700884615005FF00009DFF86C030078D9
:10B7700002286BD108F035FCDFF828680020308201
:10B7800007E05FF0020901E05FF00209308A401C27
:10B790003082308A24285BDA2C21954A308A48434B
:10B7A000105A80B20028F1D0308A01FB00F102EB80
:10B7B00001004468002CE9D021004046C0B2FDF7EA
:10B7C0004DFC0028E2D021003800FDF75AFC00288B
:10B7D000DCD0002100200CE0002109E061680200BB
:10B7E00092B2114449782A00D2B29142F4D1012197
:10B7F000401C020092B2002A03D10A00D2B2002AF1
:10B80000ECD0C9B20029C1D02800C0B20128BBD0F9
:10B81000B7D30328B8D002D30428B5D0B1E7206944
:10B82000002807D020690068002803D00120216982
:10B83000096888472000FEF708FF2000FFF74BF853
:10B840002000FEF7B6F95FF000099FE75FF00409FA
:10B8500001F0A3FC4846C0B2BDE8F283DFF88002E5
:10B860000078704702000020DFF86C321B78022B52
:10B8700016D17FF07F439A4210D10B00DBB2012B2F
:10B8800003D00B00DBB2022B06D1DFF854325A6032
:10B8900019720121197004E0012002E0022000E089
:10B8A0000120C0B27047F8B50025DFF82C020078FF
:10B8B000022834D100262AE02C214D4A300080B2E3
:10B8C0004843105A002821D0300080B201FB00F11B
:10B8D00002EB01004468002C18D0DFF8047221004C
:10B8E000387AFDF7BBFB002810D021007868FDF7FF
:10B8F000C8FB00280AD02069002807D0206900680A
:10B90000002803D00220216909688847761C30008E
:10B9100080B22428D0DB00207149087000E00125A6
:10B920002800C0B2F2BDFEB50C0015001E000127B4
:10B93000002100910021ADF80810DFF87016097899
:10B9400002294DD101A9FEF7BBF9002849D0019881
:10B9500041682000C0B2FDF781FB00283ED001986D
:10B9600041682800C0B2FDF79EFB002834D002AB2E
:10B970006A46019841683000C0B2FEF7D4FE002844
:10B9800028D0099C208800994988884220D30899AA
:10B9900000988068002809D001980088009A926871
:10B9A000904700984088208000271AE00098007B8C
:10B9B00000280BD00A000098017B01984068FEF730
:10B9C00056F900984088208000270AE0012708E007
:10B9D000052706E0042704E0022702E0032700E031
:10B9E00001273800C0B2FEBDBC1B4020AC514B004B
:10B9F000182B00207FB50E0014001D00012100212E
:10BA000002910021ADF80010DFF8A0150978022995
:10BA10005CD101A9FEF754F9002855D0019841687E
:10BA20003000C0B2FDF71AFB00284BD001984168E6
:10BA30002000C0B2FDF737FB002841D002AA0198D0
:10BA400041682800C0B2FEF7AAFF002836D0099E40
:10BA50006A4602A92800C0B2FEF7CAFF3088BDF8C6
:10BA60000010884228D3E4B2012C21D022D3032C29
:10BA70001ED002D3042C1BD01CE003AA2900C9B29B
:10BA800001980088FEF7F3FF00280DD0089CBDF850
:10BA90000020039810F10C012000FCF7A1F9BDF87B
:10BAA00000003080002002E00020308000200EE006
:10BAB00002200CE002200AE0062008E0042006E054
:10BAC000022004E0032002E0012000E00720C0B2D1
:10BAD00004B070BD48310020B02440200442002052
:10BAE000C81B4020783700207CB504000120DFF817
:10BAF000BC140978022928D1002500261CE02C223C
:10BB0000DFF8AC34300080B25043185A002812D00D
:10BB1000002000906946300080B202FB00F2985A83
:10BB2000FDF7E9FA0098002805D000984068806980
:10BB3000002800D06D1C761C300080B22428DEDB8B
:10BB4000258000202B4908800020C0B276BD00006F
:10BB5000DC1B40202DE9F84F82468B460124002053
:10BB60000090DFF84804007802283CD10025214EDF
:10BB7000378830E05FF02C08DFF83494380080B26A
:10BB800008FB00F039F80000002823D0694638008F
:10BB900080B208FB00F039F80000FDF7ACFA00981D
:10BBA000002817D0009840688069002812D038001B
:10BBB00080B208FB00F809EB0800C0798BF80000A0
:10BBC0000098406880690068CAF80000781C3080DE
:10BBD000012500247F1C380080B2242803DA2800C5
:10BBE000C0B20028C6D02000C0B2BDE8F28F00006D
:10BBF000C01B402062244020B2244020B1244020B9
:10BC00002DE9F0470C001500002100210021002241
:10BC10000668002740E0494689B201222068434671
:10BC20009BB2184410F10C0A5046F5F7BDFF494687
:10BC300011EB08012FE0380080B256F82000007C9C
:10BC400022680B009BB21A441073491C88463800C6
:10BC500080B256F8200040690028DCD020684146B8
:10BC600089B208440C30390089B256F8211049696C
:10BC70008847C0B200280BD0494689B2012220680B
:10BC800043469BB2184410F10C0A5046F5F78CFF5E
:10BC9000494611EB08017F1C380080B256F820009D
:10BCA000002814D0380080B256F82000807C00288C
:10BCB0000DD1380080B256F8200090F81190484617
:10BCC00080B210FA81F0401C1F28B4DBFFE7298006
:10BCD000BDE8F0872DE9FC47040015001E00002098
:10BCE00000205FF000080020ADF800000F685FF052
:10BCF00000093CE0BDF800100122286843469BB2D1
:10BD0000184410F10C0A5046F5F74EFF4046BDF8B6
:10BD1000008018EB000828E0484680B257F8200061
:10BD2000C0680028E6D02868414689B2084410F16E
:10BD30000C01200080B24A4692B257F82220D26805
:10BD40009047C0B200280BD0BDF80010012228682F
:10BD500043469BB2184410F10C0A5046F5F724FFF5
:10BD60004046BDF8008018EB000819F1010948466B
:10BD700080B257F82000002800F0B080484680B21A
:10BD800057F82000807C002840F0A880484680B208
:10BD900057F82000806800286ED06846494689B26E
:10BDA00057F8211089688847C0B2002860D1BDF8D3
:10BDB000000010FA88F0801C1F2880F28980484615
:10BDC00080B257F82000808880B2000A2968424675
:10BDD00092B21144087318F10108484680B257F82E
:10BDE000200080882968424692B21144087318F1F5
:10BDF0000108484680B257F82000006800288BD020
:10BE00000DF10200494689B257F8211009688847A8
:10BE10009DF802100843C0B2002847D1484680B2BE
:10BE200057F82000C06800282ED02868414689B203
:10BE3000084410F10C01200080B24A4692B257F833
:10BE40002220D2689047C0B200280BD0BDF8001065
:10BE50000122286843469BB2184410F10C0A504650
:10BE6000F5F7A2FE4046BDF8008018EB00087CE71D
:10BE700000202968088033E0484680B257F8200047
:10BE8000407CADF8000092E7BDF800100122286860
:10BE900043469BB2184410F10C0A5046F5F784FE55
:10BEA0004046BDF8008018EB00085EE7BDF80010C2
:10BEB0000122286843469BB2184410F10C0A5046F0
:10BEC000F5F772FE4046BDF8008018EB00084CE71D
:10BED000384A35A10220F7F73DF9FFE7A6F80080C0
:10BEE000BDE8F38738B50C000020002100220022B5
:10BEF0000092002214E0002011E02C232C4D1000B1
:10BF000080B25843285A0028F5D0100080B203FBB5
:10BF100000F305EB030080780228ECD10120521CCD
:10BF200013009BB2242B03DA0300DBB2002BE4D016
:10BF3000C0B2002835D100230BE0002108E01C49E5
:10BF40001A0092B22C204243885A0028F5D10121D0
:10BF50005B1C180080B2242803DA0800C0B2002855
:10BF6000EDD0C9B200290DD02C2211499BB22C2052
:10BF7000434301EB0300B0F12C0521002800FBF73F
:10BF80002FFF0EE06846FDF7E1FFC0B2012808D19F
:10BF90000098002805D02C22009D21002800FBF7E6
:10BFA0001FFF31BDE01B402044656D00B0244020E0
:10BFB000D43B0020F4424B0010B4002082490A68B0
:10BFC000052A00D3401C002208E0804B1C2404FBFF
:10BFD00002F41B5D934200D0401C521C0B689A4235
:10BFE000F3D30028FDD110BC704710B50120002408
:10BFF00000E0641C744909688C420FD21C22734B08
:10C0000002FB04F119448969002905D002FB04F2FE
:10C0100003EB0200806980470028EAD110BD10B50B
:10C02000FBF76BFE002816D0FBF76FFE00240EE036
:10C030001C21664A01FB04F010444068002805D02A
:10C0400001FB04F102EB010040688047641C5E487C
:10C0500000688442ECD310BD10B5FBF760FE0028E9
:10C0600016D0FBF766FE00240EE01C21574A01FBA8
:10C0700004F010448068002805D001FB04F102EBB5
:10C08000010080688047641C4F4800688442ECD3FC
:10C0900010BDF8B504000D004B4E2000C0B2316851
:10C0A000884215D2002710E01C22484B02FB07F003
:10C0B0001844C068002807D029002000C0B202FB45
:10C0C00007F21A44D26890477F1C30688742EBD34E
:10C0D000F1BD38B53C4B0400E4B21D68AC4204D25B
:10C0E0000C00E4B21B689C4201D3712013E01C24B5
:10C0F000364D0B00DBB263432B441B69002B09D088
:10C10000C9B2C0B20B00C9B2614329440C6919001D
:10C11000A04700E0712032BD1FB5F02100222C4C59
:10C120002000F5F741FDFFF747FF01208DF80000E3
:10C1300069460020FFF7ADFFFFF771FFFFF78CFFA7
:10C140000024214800688442F6D21C211F4A01FBCA
:10C1500004F010444069002805D001FB04F102EB13
:10C16000010040698047641CEBE700001FB5002018
:10C17000704618490968814206D01749096881420A
:10C1800002D0EFF3088401E0EFF30984303413495F
:10C190000868002801D0086808601148006801900C
:10C1A0004FF402400290684616F030FCC0B20228FC
:10C1B00007D1206820604FF40051019805F0C6FFB8
:10C1C0001FBD05F0E8FAFCE718244B00A8234B003C
:10C1D00000E400E0C0004020C40040202CED00E05E
:10C1E00038ED00E010B50020002007F031FE0021FE
:10C1F0000FE00B4A0B00DBB232F82330984207D332
:10C200000B00DBB202EB83025288904200D20C009A
:10C21000491C0A00D2B20C2AEBDB2000C0B210BDD0
:10C22000A432402010B5022007F012FE04000120C5
:10C2300007F00EFE67490C60B0214843B0FBF4F0F4
:10C240006549086010BD70B400210521634A92F869
:10C2500030300C00E4B293FBF4F504FB153382F8A4
:10C26000303092F8303002EB8303D86192F830001E
:10C27000401C82F83000D3691E001D00012414E028
:10C2800002EB8400C069854202D202EB8400C569DA
:10C2900002EB8400C069B04202D202EB8400C6699E
:10C2A00002EB8400C069C318641C0800C0B2844259
:10C2B000E6D35D1BAD1BC9B2891EB5FBF1F070BCA6
:10C2C000704702001000D2B2012A07D053D3032ACC
:10C2D00023D013D3052A3ED02ED34CE0BE2901D360
:10C2E00005200AE0B92901D3042006E0502901D332
:10C2F000032002E04B2900D302204DE0BE2901D3E8
:10C30000052006E0B92901D3042002E0502900D31A
:10C310000320472900D201203EE0BE2901D3052099
:10C3200002E0B92900D30420472901D2012002E00C
:10C330004C2900D202202FE0BE2900D30520472936
:10C3400001D2012006E04C2901D2022002E0B529E9
:10C3500000D2032020E0472901D201200AE04C2925
:10C3600001D2022006E0B52901D2032002E0BA2959
:10C3700000D2042010E0B92901D305200CE0B52932
:10C3800001D3042008E04B2901D3032004E046290F
:10C3900001D3022000E00120C0B2704710B50F4C5D
:10C3A000002084F83000002004E0002104EB80022B
:10C3B000D161401C0528F8D3002020760020207091
:10C3C00001F0C5FF012802D10420E06001E0032054
:10C3D000E06010BD801C4020841C4020D4324020EE
:10C3E00080B5FFF7DBFF07F012FD01BD80B5FFF759
:10C3F000D5FF07F029FD01BD10B5002001F0A7FF12
:10C4000001F0BBFF01F0B5FF0400002002F007FFC0
:10C410000100C9B200296ED1DFF840098168C9293D
:10C4200003DB0221C16000F0C3BD8168BF2903DBCB
:10C430000321C16000F0BCBD8168B52903DB032185
:10C44000C16000F0B5BD8168AB2903DB0321C16089
:10C4500000F0AEBD8168A12903DB0321C16000F0BB
:10C46000A7BD8168972903DB0321C16000F0A0BD4F
:10C4700081688D2903DB0321C16000F099BD8168CB
:10C48000832903DB0421C16000F092BD8168792912
:10C4900003DB0321C16000F08BBD81686F2903DBE2
:10C4A0000321C16000F084BD8168652903DB03219D
:10C4B000C16000F07DBD81685B2903DB0421C160A0
:10C4C00000F076BD8168512903DB0421C16000F0D2
:10C4D0006FBD8168472903DB0421C16000F068BD9E
:10C4E00081683D2903DB0421C16000F061BD0421A6
:10C4F000C16000F05DBD0100C9B2012940F0878430
:10C50000E4B2002C00F02284022C0BD00AD3042CBD
:10C5100000F01C8406D3062C00F01484C0F01284B2
:10C5200000F046BD0020002002F074FE092859DA10
:10C530000021DFF828088268332A01DA0022F5E3B7
:10C5400082683A2A01DA0122F0E382683F2A01DA9E
:10C550000222EBE38268452A01DA0322E6E38268DD
:10C560004A2A01DA0422E1E38268542A01DA052228
:10C57000DCE382685E2A01DA0622D7E38268682A51
:10C5800001DA0722D2E38268732A01DA0822CDE3B6
:10C5900082687D2A01DA0922C8E38268872A01DAE3
:10C5A0000A22C3E38268912A01DA0B22BEE3826881
:10C5B0009B2A01DA0C22B9E38268A62A01DA0D224D
:10C5C000B4E38268AF2A01DA0E22AFE38268B92AA7
:10C5D00001DA0F22AAE38068C42801DA1022A5E359
:10C5E0001022A3E302F016FE112859DA0121DFF828
:10C5F0006C078268332A01DA002297E38268392ABD
:10C6000001DA012292E382683F2A01DA02228DE3F5
:10C610008268442A01DA032288E38268492A01DA1F
:10C62000042283E38268542A01DA05227EE38268C9
:10C630005E2A01DA062279E38268682A01DA072293
:10C6400074E38268732A01DA08226FE382687D2A24
:10C6500001DA09226AE38268872A01DA0A2265E39D
:10C660008268912A01DA0B2260E382689B2A01DA50
:10C670000C225BE38268A62A01DA0D2256E3826867
:10C68000AF2A01DA0E2251E38268B92A01DA0F22B9
:10C690004CE38068C42801DA102247E3102245E306
:10C6A00002F0B8FD192859DA0221DFF8B0068268D5
:10C6B000322A01DA002239E38268392A01DA0122BA
:10C6C00034E382683E2A01DA02222FE38268442A98
:10C6D00001DA03222AE38268492A01DA042225E3E7
:10C6E0008268532A01DA052220E382685E2A01DA91
:10C6F00006221BE38268682A01DA072216E38268B1
:10C70000722A01DA082211E382687C2A01DA0922FE
:10C710000CE38268862A01DA0A2207E38268912AFA
:10C7200001DA0B2202E382689B2A01DA0C22FDE285
:10C730008268A62A01DA0D22F8E28268AF2A01DABD
:10C740000E22F3E28268B92A01DA0F22EEE2806853
:10C75000C42801DA1022E9E21022E7E202F05AFDD1
:10C76000222859DA0321DFF8F4058268332A01DA36
:10C770000022DBE28268382A01DA0122D6E28268EE
:10C780003E2A01DA0222D1E28268442A01DA032237
:10C79000CCE28268492A01DA0422C7E28268532A7D
:10C7A00001DA0522C2E282685D2A01DA0622BDE2D0
:10C7B0008268682A01DA0722B8E28268722A01DAFE
:10C7C0000822B3E282687C2A01DA0922AEE282689A
:10C7D000862A01DA0A22A9E28268912A01DA0B226A
:10C7E000A4E282689B2A01DA0C229FE28268A52AD1
:10C7F00001DA0D229AE28268AF2A01DA0E2295E26E
:10C800008268B92A01DA0F2290E28068C42801DA2E
:10C8100010228BE2102289E202F0FCFC2A2859DA6D
:10C820000421DFF838058268332A01DA00227DE22C
:10C830008268382A01DA012278E282683E2A01DA27
:10C84000022273E28268432A01DA03226EE28268DE
:10C85000482A01DA042269E28268532A01DA0522B1
:10C8600064E282685D2A01DA06225FE28268682A51
:10C8700001DA07225AE28268722A01DA082255E2B6
:10C8800082687C2A01DA092250E28268862A01DA6B
:10C890000A224BE28268912A01DA0B2246E2826880
:10C8A0009A2A01DA0C2241E28268A52A01DA0D22D5
:10C8B0003CE28268AF2A01DA0E2237E28268B92AA6
:10C8C00001DA0F2232E28068C32801DA10222DE259
:10C8D00010222BE202F09EFC322859DA0521DFF803
:10C8E0007C048268332A01DA00221FE28268372A38
:10C8F00001DA01221AE282683D2A01DA022215E2F7
:10C900008268432A01DA032210E28268482A01DAA7
:10C9100004220BE28268532A01DA052206E28268C9
:10C920005D2A01DA062201E28268672A01DA07221B
:10C93000FCE18268722A01DA0822F7E182687C2A27
:10C9400001DA0922F2E18268862A01DA0A22EDE19F
:10C950008268902A01DA0B22E8E182689A2A01DAD9
:10C960000C22E3E18268A52A01DA0D22DEE1826869
:10C97000AF2A01DA0E22D9E18268B92A01DA0F2240
:10C98000D4E18068C32801DA1022CFE11022CDE182
:10C9900002F040FC3B2859DA0621DFF8C003826828
:10C9A000332A01DA0022C1E18268372A01DA012242
:10C9B000BCE182683D2A01DA0222B7E18268422A9C
:10C9C00001DA0322B2E18268482A01DA0422ADE1E9
:10C9D0008268532A01DA0522A8E182685D2A01DA19
:10C9E0000622A3E18268672A01DA07229EE18268B3
:10C9F000722A01DA082299E182687C2A01DA092286
:10CA000094E18268862A01DA0A228FE18268902AFC
:10CA100001DA0B228AE182689A2A01DA0C2285E186
:10CA20008268A52A01DA0D2280E18268AF2A01DA44
:10CA30000E227BE18268B92A01DA0F2276E1806852
:10CA4000C32801DA102271E110226FE102F0E2FB4B
:10CA5000432859DA0721DFF804038268332A01DA10
:10CA6000002263E18268362A01DA01225EE18268EF
:10CA70003C2A01DA022259E18268422A01DA0322C1
:10CA800054E18268472A01DA04224FE18268522A7F
:10CA900001DA05224AE182685C2A01DA062245E1D0
:10CAA0008268672A01DA072240E18268722A01DA85
:10CAB00008223BE182687C2A01DA092236E1826899
:10CAC000862A01DA0A2231E18268902A01DA0B22F1
:10CAD0002CE182689A2A01DA0C2227E18268A52AD1
:10CAE00001DA0D2222E18268AE2A01DA0E221DE16E
:10CAF0008268B92A01DA0F2218E18068C32801DAB6
:10CB0000102213E1102211E102F084FB4B2858DAC5
:10CB1000082192488268332A01DA002206E18268FD
:10CB2000352A01DA012201E182683C2A01DA022277
:10CB3000FCE08268422A01DA0322F7E08268472A91
:10CB400001DA0422F2E08268522A01DA0522EDE0DD
:10CB500082685C2A01DA0622E8E08268672A01DA44
:10CB60000722E3E08268712A01DA0822DEE08268A7
:10CB70007B2A01DA0922D9E08268852A01DA0A22B1
:10CB8000D4E08268902A01DA0B22CFE082689A2AE8
:10CB900001DA0C22CAE08268A52A01DA0D22C5E07A
:10CBA0008268AE2A01DA0E22C0E08268B92A01DA70
:10CBB0000F22BBE08068C32801DA1022B6E0102201
:10CBC000B4E002F027FB542858DA09216348826850
:10CBD000332A01DA0022A9E08268342A01DA01222C
:10CBE000A4E082683B2A01DA02229FE08268412A9F
:10CBF00001DA03229AE08268472A01DA042295E0EA
:10CC00008268522A01DA052290E082685C2A01DA01
:10CC100006228BE08268672A01DA072286E08268B2
:10CC2000712A01DA082281E082687B2A01DA09226E
:10CC30007CE08268852A01DA0A2277E08268902AFD
:10CC400001DA0B2272E082689A2A01DA0C226DE086
:10CC50008268A52A01DA0D2268E08268AE2A01DA2C
:10CC60000E2263E08268B82A01DA0F225EE0806853
:10CC7000C32801DA102259E0102257E00921374871
:10CC80008268332A01DA002250E08268342A01DA0D
:10CC900001224BE082683B2A01DA022246E08268E8
:10CCA000412A01DA032241E08268472A01DA04229C
:10CCB0003CE08268522A01DA052237E082685C2A69
:10CCC00001DA062232E08268672A01DA07222DE0C3
:10CCD0008268712A01DA082228E082687B2A01DA58
:10CCE000092223E08268852A01DA0A221EE082688E
:10CCF000902A01DA0B2219E082689A2A01DA0C22C2
:10CD000014E08268A52A01DA0D220FE08268AE2ABB
:10CD100001DA0E220AE08268B82A01DA0F2205E061
:10CD20008068C32801DA102200E01022DFF8E43323
:10CD3000C9B21120414303EB0100D2B2805C074924
:10CD4000C86035E100200549C86031E103488168C9
:10CD5000C92905DB0221C16058E000BFD432402060
:10CD60008168BF2902DB0321C1604FE08168B529DA
:10CD700002DB0321C16049E08168AB2902DB0321AA
:10CD8000C16043E08168A12902DB0321C1603DE06D
:10CD90008168972902DB0321C16037E081688D2912
:10CDA00002DB0321C16031E08168832902DB0421B9
:10CDB000C1602BE08168792902DB0321C16025E095
:10CDC00081686F2902DB0321C1601FE0816865294A
:10CDD00002DB0321C16019E081685B2902DB0421C9
:10CDE000C16013E08168512902DB0421C1600DE0BC
:10CDF0008168472902DB0421C16007E081683D2981
:10CE000002DB0421C16001E00421C160D0E0C0B2B6
:10CE1000022840F0CD80E4B2002C6CD0022C07D068
:10CE200006D3042C67D003D3062C60D05FD3BFE0B9
:10CE3000DFF8E4028168C92902DB0721C16055E0FF
:10CE40008168BF2902DB0821C1604FE08168B529F4
:10CE500002DB0821C16049E08168AB2902DB0821BF
:10CE6000C16043E08168A12902DB0821C1603DE087
:10CE70008168972902DB0821C16037E081688D292C
:10CE800002DB0821C16031E08168832902DB0821CF
:10CE9000C1602BE08168792902DB0821C16025E0AF
:10CEA00081686F2902DB0821C1601FE08168652964
:10CEB00002DB0821C16019E081685B2902DB0921DE
:10CEC000C16013E08168512902DB0921C1600DE0D6
:10CED0008168472902DB0B21C16007E081683D2999
:10CEE00002DB0C21C16001E00D21C16060E0002087
:10CEF0008949C8605CE088488168C92902DB022151
:10CF0000C16055E08168BF2902DB0321C1604FE0A9
:10CF10008168B52902DB0321C16049E08168AB2942
:10CF200002DB0321C16043E08168A12902DB032108
:10CF3000C1603DE08168972902DB0321C16037E0D1
:10CF400081688D2902DB0321C16031E0816883297A
:10CF500002DB0421C1602BE08168792902DB032117
:10CF6000C16025E081686F2902DB0321C1601FE0F9
:10CF70008168652902DB0321C16019E081685B29B2
:10CF800002DB0421C16013E08168512902DB042126
:10CF9000C1600DE08168472902DB0421C16007E020
:10CFA00081683D2902DB0421C16001E00421C160E8
:10CFB00010BD38B5584C2078FFF734F9E5682D18C6
:10CFC0002800FFF740F9010054480268062A06D2FB
:10CFD0000168491C016000202076207E67E08D42B8
:10CFE00001D36D1A00E04D1B062D01D3207E5EE0BB
:10CFF000A1602078FFF765F901002278C9B291425B
:10D0000002D02070002060606068401C6060207E5C
:10D01000002801D102200DE0207E032804DB2078C7
:10D02000022801D1052005E02078012801D1052042
:10D0300000E005206168814209D36060207E21788C
:10D04000884233D020782076FFF7D6F92EE00021F1
:10D05000227E012A07D022D3032A0FD008D3052A23
:10D0600018D011D31BE0A268482A00DA012117E08A
:10D07000A268483A052A00D2012111E0A2684D3A7F
:10D08000692A00D201210BE0A268B63A052A00D233
:10D09000012105E0A268BB2A00DB012100E000219C
:10D0A000C9B2002902D0217E21706060207E32BD8D
:10D0B0001948406970471848C068704710B5164C49
:10D0C000FFF7B0F82061206910BD10B5144C20782E
:10D0D00000280AD101202070FFF7A4F800EE100A02
:10D0E000B8EE400A0F4880ED040A207801280FD1DD
:10D0F000FFF798F8084CE168081800EE100AB8EE3F
:10D10000400A084806F0F8FEBDEEC00A84ED050AA4
:10D1100010BD00003C5B4B00D4324020881C4020F6
:10D12000BD2440201C2D402080B506F0A7FEFFF74F
:10D1300063F9FFF7CAFF01BD10B5002404E0200029
:10D1400080B2FEF769F9641C200080B22628F6DB65
:10D1500010BD80B5FDF74CFFFEF750F800F01DF84C
:10D16000FAF7BCFD0300DFF8A825DFF8A8151020AA
:10D17000F5F7F0FF01BD80B5F7F7EAFBFEF730F9F0
:10D18000FFF7DAFFFAF7AAFD0300DFF88C25DFF8D6
:10D1900084151020F5F7DEFF01BDF8B5002423E06B
:10D1A0002425DFF878650020210089B26943705496
:10D1B000200080B2684330440021417000202100EB
:10D1C00089B269437054200080B2684306EB0007BF
:10D1D000FAF784FD7860200080B205FB00F5354445
:10D1E000FAF77CFD6861641C200080B22628D7DB3A
:10D1F000F1BD00207047DFF82805007870477FB543
:10D20000DFF82045207800284FD0022800F09880D1
:10D2100080F0E180FFF74CFFA3281AD3DFF8085510
:10D220002878022840D0FAF759FD0600FFF740FFA2
:10D2300000960300DFF8F424DFF8D8140420F5F793
:10D2400089FF02202870FAF749FDDFF8E41408602E
:10D250002AE0FFF72DFF5D281AD3DFF8CC54287899
:10D26000002821D0FAF73AFD0600FFF721FF03005E
:10D270000096DFF8C024DFF89C140420F5F76AFF5D
:10D2800000202870FAF72AFDDFF8A41408600BE0EC
:10D29000DFF894040178012906D001210170FAF722
:10D2A0001DFDDFF88C140860A0E0FFF701FFA32844
:10D2B0001AD3DFF874542878022840D0FAF70EFD0C
:10D2C0000600FFF7F5FE00960300DFF86024DFF8A4
:10D2D00044140420F5F73EFF02202870FAF7FEFC04
:10D2E000DFF84C1408602AE0FFF7E2FE57280CD361
:10D2F000DFF834140878002821D000200870FAF7ED
:10D30000EDFCDFF82C14086019E0DFF81C542878D5
:10D31000012814D0FAF7E2FC0600FFF7C9FE0096D8
:10D320000300DFF81424DFF8EC130420F5F712FFF4
:10D3300001202870FAF7D2FCDFF8F413086055E0FA
:10D34000FFF7B6FE58281AD2DFF8DC5328780128F8
:10D3500040D0FAF7C3FC0600FFF7AAFE00960300D0
:10D36000DFF8D423DFF8AC130420F5F7F3FE012037
:10D370002870FAF7B3FCDFF8B81308602AE0FFF76B
:10D3800097FE9E281AD2DFF8A0532878002821D0D3
:10D39000FAF7A4FC0600FFF78BFE00960300DFF807
:10D3A0009C23DFF870130420F5F7D4FE00202870CA
:10D3B000FAF794FCDFF8781308600BE0DFF86803F5
:10D3C0000178022906D002210170FAF787FCDFF804
:10D3D000601308600AE0002020700020DFF8481386
:10D3E0000870FAF77BFCDFF848130860FAF776FC60
:10D3F000DFF83C633168401A40F2F511884225DBC2
:10D40000C94D28782178884220D0FAF767FC30602F
:10D41000FAF764FC0600FFF74BFE010028780028AD
:10D4200001D1A6A005E02878012801D1A4A000E040
:10D43000C348039602910190287800902378C14A4E
:10D44000B4490420F5F786FE287820702078B44986
:10D4500008707FBD7CB5040000200020200080B251
:10D46000801E242880F0CF80AC49220092B2242074
:10D47000424301EB0205E869002800F0C480A86976
:10D48000002800F0C080A8698047002804D120004F
:10D4900080B2FDF7C1FFB6E095F82000002802D168
:10D4A000E869804701E095F82200297B01294ED1E7
:10D4B00029780200D2B2914203D02870FAF70EFC0C
:10D4C0006861287800281FD0FAF708FC2A8A696961
:10D4D000401A824218DA6878002860D1012068700A
:10D4E00001202872FAF7FAFB0600FAF7F7FB01961B
:10D4F0006969401A009023009BB25B1E924A8549DD
:10D500000420F5F727FE4AE02878002847D1FAF7EB
:10D51000E5FBEA896969401A824240DA68780028A6
:10D520003DD00020687001202872FAF7D7FB060072
:10D53000FAF7D4FB01966969401A009023009BB268
:10D540005B1E824A73490420F5F704FE27E0C0B24F
:10D55000002812D06878002821D1012068700120AD
:10D560002872FAF7BBFB009023009BB25B1E784A3F
:10D5700068490420F5F7EEFD11E0687800280ED028
:10D580000020687001202872FAF7A8FB00902300A1
:10D590009BB25B1E6F4A5F490420F5F7DBFDFAF78B
:10D5A0009DFB6A886968401A82422CDAFAF796FB7A
:10D5B000686095F82100002825D1287A012814D127
:10D5C00000202872FAF78AFB01006878002801D051
:10D5D0004DA000E04DA00191009023009BB25B1E86
:10D5E0005D4A4C490420F5F7B5FD6878002805D060
:10D5F0000321200080B2FDF71EFF04E0022120007D
:10D6000080B2FDF718FF73BD10B5F8F7FDFA0028DA
:10D6100003D0FEF723F901280CD1504801780129E5
:10D6200007D100210170FFF7B8FD02F03FFBF6F7CC
:10D630008DFD0FE0F6F7A6FD012048490870002493
:10D6400004E0200080B2FFF705FF641C200080B2D8
:10D650002628F6DB10BD80B5FFF7D6FFFFF7CFFD1C
:10D6600002F036FB01BD10B424222C4B0400A4B2FE
:10D6700054431C4484F82210010089B251431944D8
:10D68000012481F8204080B250431844002180F8E2
:10D69000211010BC704710B42421204A03009BB213
:10D6A0004B431344012483F8214080B24843104483
:10D6B000002180F8201010BC704700006F6B000044
:10D6C0004C6F770010B4002018E02421134A0300A7
:10D6D0009BB24B431344002483F8224003009BB2C7
:10D6E0004B431344002483F8204003009BB201FB0A
:10D6F00003F11144002281F82120401C010089B26D
:10D700002629E2DB10BC70474E4700004F4B00005B
:10D71000E40E4B00DC0E4B00F40E4B00680F0020B3
:10D720007E2440207F24402080244020040F4B0092
:10D73000940040202C0F4B00540F4B007C0F4B00EB
:10D74000D00F4B00A40F4B00D80F4B00FC0F4B0029
:10D7500020104B003C104B0058104B0081244020FF
:10D7600080B500218A201EF050F8002180201EF094
:10D770004CF80020DFF8101B0870DFF8102BA8A170
:10D780000820F5F7E7FC01BD80B501218A201EF0D5
:10D790003CF8012180201EF038F80120DFF84C1BF6
:10D7A00008700120DFF8E01A0870DFF8442B9CA114
:10D7B0000820F5F7CFFC01BD10B5DFF8384B208805
:10D7C000DFF8341B097889B288421ED2DFF82C0BAF
:10D7D0000188491C018000880A2110FB01F0DFF854
:10D7E000601C228831F8322080B290420DD320880C
:10D7F00001EBC0004068002807D0208801EBC00082
:10D80000406880472088401C208010BDDFF8341C11
:10D81000087070477FB5DFF86C4B207F002840F020
:10D82000F58008F059F9012814D171201DF0DAFFB4
:10D83000002805D1DFF8500B0168491C016008E0A1
:10D84000DFF8444B2068062801D308F03AF900209D
:10D850002060DBE071201DF0C5FF00281DD120787D
:10D86000032806D0DFF8242B6DA10820F5F772FC01
:10D87000CCE0DFF81C0B0068C4F8B800DFF8140B2C
:10D880000078002867D0DFF8000B0168491C0160B0
:10D890000120DFF8041B08705DE0DFF8F80A01786A
:10D8A000491C017001780B2903DB00210170012163
:10D8B0000170DFF8E40A017801294CD100210170E0
:10D8C000DFF8CC0A0068C4F8B8000220E07554A55F
:10D8D000E0790390A07B0290D4F8E0000190E07E14
:10D8E0000090A37EDFF8642B29000820F5F732FCB6
:10D8F0002078032806D094F86900002802D1A07B84
:10D90000022828D10020DFF8801A0860D4F8E0004F
:10D9100001287BD1A07B02281DD0E079002810D0FF
:10D9200094F864000090637FDFF8242B290008201E
:10D93000F5F710FCB1210120F3F74AFF01206077D1
:10D9400005E0B7210220F3F743FF022060770120B2
:10D95000DFF8001B0870DFF8FC5A2878012821D175
:10D96000607FF6F7D1FE012809D100202870637F7F
:10D97000DFF8E42A2AA10820F5F7ECFB12E0DFF833
:10D98000DC0A0178491C0170017803290ADB0021B7
:10D99000297000210170637FDFF8C42A20A10220D2
:10D9A000F5F7D8FBDFF8E059286840F2B731884234
:10D9B0000DD3DFF8B06A3078002805D1DFF8A82A47
:10D9C00017A10820F5F7C6FB0120307003E0002006
:10D9D000DFF8901A0870286840F2E931884215D3C0
:10D9E000D4F8E000012811D10020DFF8AC1908704C
:10D9F000DFF8780A0121417600210176DFF8702AEC
:10DA000007A10820F5F7A6FB05F094FE7FBDDFF81F
:10DA1000640A00787047DFF85C1A087070470000ED
:10DA2000545000007CB500200020DFF84C4A2088CC
:10DA3000002823D0022800F08E80C0F088800428BF
:10DA400000F0A380C0F08B80062800F0CA80C0F0F0
:10DA5000B680082800F0E980C0F0D5800A2800F0E0
:10DA6000FF80C0F0F0800C2800F02181C0F00B8115
:10DA70000E2800F04E81C0F044816FE2DFF86C08A0
:10DA80000078012813D1DFF8F4090090D6A3DFF85D
:10DA9000F029D6A10420F5F75DFB0B202080DFF8EC
:10DAA000F0080068DFF8DC18C1F8B8004AE0DFF8D9
:10DAB000CC090090CCA3DFF8CC29CCA10820F5F745
:10DAC00049FBDFF8C05802202870FEF795FC0121C1
:10DAD0006E201DF09AFE2088401C208000210D2021
:10DAE0001DF093FE002101201DF08FFE00218020FB
:10DAF0001DF08BFE00218A201DF087FE0020DFF83C
:10DB00008817087000216F201DF07FFE00218820FB
:10DB10001DF07BFE002068700020A87019F007FD42
:10DB2000002019F0B1FC002021F0CAFBF7F70EF835
:10DB3000D5F8300130F48060C5F830010020DFF8FE
:10DB4000481908800020DFF8481808600CE2208897
:10DB50004000208008E22088401C208004E2DFF89A
:10DB600028090188491C0180018815290CDB002146
:10DB700001802088401C208001216F201DF045FE7F
:10DB8000012188201DF041FEEEE1DFF8FC0801884C
:10DB9000491C01800188062910DB002101802088B2
:10DBA000401C2080012180201DF02FFE01218A20B1
:10DBB0001DF02BFE0120DFF8D0160870D4E1DFF84D
:10DBC000C8080188491C01800188062908DB00215A
:10DBD00001802088401C208001210D201DF015FEB1
:10DBE000C2E1DFF8A4080188491C018001880629E8
:10DBF00008DB002101802088401C208001210120B9
:10DC00001DF003FEB0E1DFF880080188491C0180A7
:10DC10000188062908DB002101802088401C208023
:10DC2000012123201DF0F1FD9EE1DFF85C08018851
:10DC3000491C018001880B2904DB00210180208818
:10DC4000401C208090E10020DFF83817C1F8B400B4
:10DC50002088401C20800020DFF82C18088083E1F9
:10DC6000DFF824582888401C28802888062809DBEB
:10DC70000120F6F72DFAF3F7BDFA0020288020885E
:10DC8000401C208070E1F5F749FE00280ED0F6F721
:10DC9000F8F80020DFF8F01708802088401C20806A
:10DCA0000120F6F715FA0120FFF7B5FE5CE1DFF879
:10DCB0003C060078012804D1DFF8C8060178012964
:10DCC00012D108F013F900281AD0DFF8C406006852
:10DCD000DFF8B016C1F8C4000020DFF8AC170880E8
:10DCE0002088401C20800BE0DFF8A4160968C0F8EB
:10DCF000C4100020DFF8901708802088401C208086
:10DD000032E1012170201DF080FD2088401C208020
:10DD10002AE1002020800020DFF86C170880DFF85F
:10DD20006446DFF86C663068C4F8C40003202070D5
:10DD3000FEF762FBF9F7D2FF2CA500903368DFF8FD
:10DD40004C2729000420F5F705FA3068C4F8B8001C
:10DD50000220E07500206074D4F8300130F4807047
:10DD6000C4F830010020C4F8D4000020C4F8280111
:10DD70000020E0740020A4F88400D4F8300130F0D2
:10DD80008000C4F8300101202075D4F8300150F033
:10DD90000800C4F830010121642008F051FD002181
:10DDA000042021F02DFB14F10B00F6F7C0FC14F158
:10DDB000F300F6F785FCE07A022823D194F8F3000B
:10DDC000002802D1012084F8F30094F8EC00002828
:10DDD0000ED094F8F310282041430A2091FBF0F074
:10DDE000A4F8FA0010E000BF38444A005450000084
:10DDF00094F8F310532041430A2091FBF0F0A4F86B
:10DE0000FA0001E00120E07204F22310F6F76BFC47
:10DE100014F59270F6F773FC14F11D00F6F77BFC15
:10DE2000607F02280DD0DFF8680690F8B90001285D
:10DE30000DD1DFF860160879002802D0087B012890
:10DE400005D10120E071022084F8250104E00020C2
:10DE5000E071012084F82501607F02280BD0DFF8F3
:10DE60003016D1F8B000002805D091F8BA0001288A
:10DE700001D000F05FF9607F009094F82531DFF861
:10DE8000182629000820F5F765F9FF26A676D4F8AC
:10DE90003001C0F3401000280AD00020E0710120BA
:10DEA00084F82501DFF8F42529000820F5F752F958
:10DEB000D4F8300130F04000C4F830010A2084F872
:10DEC000F400002021F0FCF9012009F0E0FBD4F877
:10DED000300130F40060C4F83001D4F8300140085B
:10DEE0004000C4F8300194F85B00002802D1002003
:10DEF00084F85C00002084F85B00002084F85E0059
:10DF0000002084F85D00002084F85F0084F86060E1
:10DF1000002084F863000020C4F89400002084F8F6
:10DF2000660094F86700002802D1002084F8680099
:10DF3000002084F8670000202067002084F8690032
:10DF4000002084F864000020DFF8A013087084F833
:10DF500061602672012008F0E1FD05E000202080CC
:10DF60000020DFF82415088073BD10B5DFF80845E0
:10DF7000208800280BD0022831D01FD3042864D079
:10DF800043D3062800F09580C0F08580B2E0F9F711
:10DF9000A5FE0300DFF8082565A10420F5F7DAF8EF
:10DFA0000620DFF8E0130870FEF726FA2088401CF0
:10DFB0002080002170201DF028FCA1E0DFF8E4049F
:10DFC0000188491C018001881F2907DB218849003D
:10DFD0002180002101800020F6F77AF890E0DFF838
:10DFE000C4040188491C01800188BF290CDB2188F9
:10DFF000491C218000210180002101201DF005FC29
:10E00000002123201DF001FC7AE0DFF8980401884C
:10E01000491C01800188102916DB2188491C2180B8
:10E020000021018000210D201DF0EFFB0021802048
:10E030001DF0EBFB00218A201DF0E7FB0020AB491F
:10E0400008700020904908705AE0DFF858040188F1
:10E05000491C018001881F291CDB2188491C218063
:10E0600000210180002188201DF0CFFB00216F20BE
:10E070001DF0CBFB002166201DF0C7FB00216920AD
:10E080001DF0C3FB002106201DF0BFFB01218320F2
:10E090001DF0BBFB34E0DFF80C040188491C018053
:10E0A0000188332904DB2188491C2180002101805B
:10E0B00026E0002020800020DFF8E8130880B14C23
:10E0C00000202070FEF798F9002060716420A07491
:10E0D000D4F8300130F02000C4F83001FEF78CF99C
:10E0E000F9F7FCFD0300DFF8C02311A10420F5F7C8
:10E0F00031F805E0002020800020DFF8A813088018
:10E1000010BD10B50C210022DFF8A0432000F3F76A
:10E110004BFD0C210022DFF898432000F3F744FD6B
:10E1200004210022DFF88C432000F3F73DFD10BDF1
:10E1300054500000F8B5012400200020DFF85003FF
:10E1400090F86D10C1F3411590F86D70FFB2FF09A2
:10E150006A460DF101010020F6F712FFF7F7A2FE63
:10E16000884EB576F7769DF80010032923D101007B
:10E17000C9B200291FD12800C0B2012803D028004D
:10E18000C0B2022805D13800C0B2002801D1012454
:10E1900070E02800C0B2012803D02800C0B20228D5
:10E1A00004D1FFB2012F01D1022463E0EDB2002DB2
:10E1B00060D102245EE09DF80010002923D1010007
:10E1C000C9B200291FD12800C0B2012803D02800FD
:10E1D000C0B2022805D13800C0B2002801D1012404
:10E1E00048E02800C0B2012803D02800C0B20228AD
:10E1F00004D1FFB2012F01D102243BE0EDB2002D8A
:10E2000038D1022436E09DF80010032923D1010003
:10E21000C9B200291FD02800C0B2012803D02800AD
:10E22000C0B2022805D13800C0B2002801D10124B3
:10E2300020E02800C0B2012803D02800C0B2022884
:10E2400004D1FFB2012F01D1022413E0EDB2002D61
:10E2500010D102240EE09DF8001000290AD1C0B2AE
:10E26000002807D02800C0B2002802D0EDB2022D4D
:10E2700000D102242300DBB28F4A73A10820F4F7F7
:10E2800069FF86F82541F1BD90244020A0294B006C
:10E2900080B500208DF8000000208DF801000DF100
:10E2A000010269460020F6F76BFE9DF80000012888
:10E2B00003D09DF80000022800D116E0314908780B
:10E2C000002802D0087804280FD101200870FEF73A
:10E2D00093F8002068490880F9F700FD0300DFF893
:10E2E000102C59A10820F4F735FF01BD92244020DD
:10E2F000B4294B0054244020605E4B00562440203B
:10E3000010B5204C2078032820D105202070FEF77E
:10E3100073F8002058490880002106201DF075FA86
:10E32000012183201DF071FA21F01EF8FFF7E9FEAC
:10E3300000206074F9F7D2FC0300DFF8B82B42A18B
:10E340000820F4F707FF0020FFF765FB10BDDFF89A
:10E35000A80B0178032902D00078012801D10120FF
:10E3600000E00020002801D0012000E00020C0B221
:10E370007047DFF8840B007870473F480088C0B2D0
:10E3800070470000C01400200C014020C4294B003D
:10E39000F81E402094244020932440201CB56A4657
:10E3A0000DF101010020F6F7EBFD9DF800000328B8
:10E3B0000AD1F7F777FD002806D107F08DFB00287A
:10E3C00002D1FFF765FF01E0FFF79AFFDFF8284B66
:10E3D0002078012802D02078022802D1FFF722FB02
:10E3E00007E02078052802D02078062801D1FFF721
:10E3F000BCFD07F07DFB07F02BFB94F82601FAF734
:10E4000095FC207803281AD105F05BFF05F06CFF1E
:10E4100006F0F6F806F032FB08F0C8FCD4F8280144
:10E42000C0F34020002801D009F08EFAB4F834017E
:10E43000002804D0B4F83401401EA4F8340113BD00
:10E44000E02E4B009124402054500000E8294B005E
:10E450001C2A4B0096244020382A4B009724402049
:10E46000582A4B0095244020782A4B004800402031
:10E47000A42A4B008F24402052244020E82A4B003D
:10E48000CC2A4B00F42A4B00582440200C2B4B0084
:10E4900090040020D0160020342B4B004C2B4B0056
:10E4A000742B4B005A244020902B4B00F018002076
:10E4B000FC18002008190020AC2B4B007CB5002074
:10E4C0008DF8040001F07DF80DF105020DF1060153
:10E4D0000020F6F755FD9DF80500032803D1F7F756
:10E4E000E1FC00280BD0002106201DF08EF901214F
:10E4F00083201DF08AF920F037FF00F0F7BCFFF70A
:10E5000089F9DFF8FC09D0E90A01FAF78FFB9DF8D9
:10E510000600022804D140F295310220F3F758F9A1
:10E5200007F0DAFA01280FD1F9F7D8FB4FF47A7126
:10E5300090FBF1F201FB1200002805D1DFF8C4299D
:10E540005AA10420F4F706FE41201DF04BF9DFF834
:10E55000A849C0B2D4F8301160F34101C4F83011B9
:10E560002078032840F0AC83142009F05AFC1420D2
:10E5700009F070FC002008F0D1FA94F86000FF2840
:10E5800032D1F6F7EFF884F86000F7F746F80500A7
:10E5900094F8600003280BDA94F8600000902B00D8
:10E5A000DBB2DFF8642941A10820F4F7D3FD0BE0CA
:10E5B00094F86000401E00902B00DBB2DFF8482981
:10E5C0003AA10820F4F7C6FD94F86000FF2802D0B5
:10E5D000EDB2002D08D194F86000002801D0F6F7C4
:10E5E000B9F8002084F8600094F83001C00727D4FF
:10E5F000DFF8181C0A78DFF8040C00780243D2B266
:10E60000002A1DD1D4F89400401CC4F89400D4F81A
:10E61000940097280FD3012008700020DFF8081C11
:10E620000880DFF8080C0368DFF8042C1FA108201D
:10E63000F4F790FD0AE00020DFF8F81B088005E001
:10E640000020C4F89400002084F86200DFF8BC0BBE
:10E650000078012801D1FFF7AFF894F85F00002897
:10E6600000F0858094F86000032880F2808094F8A0
:10E67000600000281CD1F6F75FF8DFF8BC5B287853
:10E68000002874D1F9F72AFB009094F86030DFF885
:10E69000AC2B06A10220F4F75DFDFFF731FE01204F
:10E6A0002870F6F75FF884F8600060E054500000CE
:10E6B000DFF88C5B2878002814D1DFF8706B3168A4
:10E6C000D4F89000091A41F6912081420AD3F6F756
:10E6D00033F83368DFF86C2B7FA10220F4F73AFDA2
:10E6E00001202870287801281FD1DFF8406B31689D
:10E6F000D4F89000091A41F6F520814215D3022082
:10E7000028700020F5F7E4FC092277215D20F4F75A
:10E71000A2FE802276215D20F4F79DFE3368DFF8AB
:10E72000282B6DA10220F4F715FD287802281ED1B0
:10E73000DFF8F80A0168D4F89000091A41F6593058
:10E74000814214D301A804F0A8F89DF80430DFF842
:10E75000FC2A61A10220F4F7FDFC9DF804000128C9
:10E7600003D09DF80400002801D104F0E3FF00F07D
:10E7700073FD207D002807D1607D032804DADFF8CF
:10E78000D00A0078002803D094F86300002821D034
:10E790000120DFF8BC1A0870D4F8300130F008000E
:10E7A000C4F8300100218A201DF02FF800218020BC
:10E7B0001DF02BF80020DFF89C1A08700020F5F7F8
:10E7C00087FCDFF8680A0368DFF8242C42A10220E6
:10E7D000F4F7C0FCDFF8785A2878002837D0B4F86E
:10E7E0008400411CA4F8841080B21F282FDB002075
:10E7F0002870607D401C607501202070D4F83001C5
:10E8000030F01000C4F83001D4F8300130F48070DA
:10E81000C4F8300100206074D4F8280130F480601E
:10E82000C4F828010020C4F8C800FF20207201208D
:10E8300008F074F90020C4F8D40094F8303113F0D3
:10E840000103DFF8B02B24A10220F4F783FC207F22
:10E85000002800F08680207F0A2880F28280DFF87E
:10E86000CC693168D4F8DC00091A41F28830814261
:10E8700077D2DFF8845B2878002802D10020F5F7F2
:10E8800027FC0120287094F82501012805D0316863
:10E89000D4F8DC00091A652909D294F83001C007C0
:10E8A0000AD43168D4F8DC00091A652904D34FF47E
:10E8B0000051042020F0A4FD022340F2133228214D
:10E8C0000120F4F762FE207F072807D10020F5F72A
:10E8D000FFFBA07CE07043E0545000000020E0709B
:10E8E00007F04CFC207F01281DD1D4F83001C0F383
:10E8F0008020002801D009F08FFD33206073637BF6
:10E900009BB240222C210120F4F7E9FED4F830011B
:10E9100030F04000C4F830013068C4F8B400012081
:10E92000F5F7D6FB1CE0D4F83001C0F380200028B6
:10E9300001D009F021FE33206073637B9BB240223B
:10E940002C210120F4F7CBFED4F8300130F0400048
:10E95000C4F830013068C4F8B4000120F5F7B8FB02
:10E96000C4E200202077DFF8901A0878002814D03D
:10E9700000200870A07B002803D107F034FF07F0C7
:10E980002FFC022340F2133228210120F4F7FDFD71
:10E990000120F5F79DFB0020E07094F83001C007DE
:10E9A00040F1998000211E2007F04AFF2072207A52
:10E9B000012829D194F86910DFF884080078014310
:10E9C000C9B2002906D10020DFF8301A08700020F3
:10E9D00008F00AF994F86900002815D0DFF84C080F
:10E9E0000168E06E091AD3290ED3DFF8101A0878EF
:10E9F000002809D194F82501022805D001200870CB
:10EA000094F82501F6F7D0F8DFF8340800780028EC
:10EA100001D108F03FF8207A012822D1D4F8B400BF
:10EA200000281ED14FF48041022020F0E9FCDFF8DD
:10EA3000FC673068C4F8B4003068C4F8B000332014
:10EA40006073637B9BB240222C210120F4F747FEC8
:10EA5000D4F8300130F04000C4F830013068C4F818
:10EA6000B4006078002802D1A078002833D0D4F810
:10EA7000A000411CC4F8A01006282CD3DFF8AC1766
:10EA80000A68D4F8A400121A652A24D30020607002
:10EA90000020A0700868C4F8A4000020C4F8A000FA
:10EAA000012148201CF0B1FE012149201CF0ADFEDF
:10EAB00001214F201CF0A9FE012150201CF0A5FED1
:10EAC00018F035FD002018F0DFFCDFF8402BA1A185
:10EAD0000220F4F73FFBDFF854673168D4F8B40044
:10EAE000091A40F2E930814221D3D4F83001C0F351
:10EAF000801000281BD1D4F8B400002817D0E0798A
:10EB0000002814D1D4F8300150F04000C4F830018E
:10EB1000D3206073637B9BB240222C210120F4F749
:10EB2000DEFDDFF8EC2A8BA10820F4F713FB94F844
:10EB30006400002839D10020DFF8D81A08600020CE
:10EB4000A0733068C4F8B800032005F081F980B2E2
:10EB500009F07EFD09F0A5FDC4F89800287800288A
:10EB600004D10521C82008F0A7F82075207A0128D3
:10EB70000BD13168D4F8C800091AC92905D3D4F8D3
:10EB8000C800002801D0F2F7C3FB94F82501022841
:10EB900005D10021042020F033FCA07CE0700A2184
:10EBA000D4F8980009F0D7FD87E03168D4F8B800B0
:10EBB000091A41F28930814202D2207C00282FD0EC
:10EBC0000020207433206073637B9BB240222C2191
:10EBD0000120F4F784FDD4F8300130F04000C4F88F
:10EBE00030013068C4F8B4000120E071022084F8DC
:10EBF00025010020A0730021042020F001FCA07C4E
:10EC0000E070FF202072012007F088FF0020607470
:10EC10000020C4F8B40094F82501F5F7C5FF4CE0D6
:10EC200094F82501012842D1DFF8E8592868401CF2
:10EC30002860286815280AD3D4F83001C0F3802052
:10EC4000002804D03068C4F8B400F2F761FBA07B60
:10EC5000022832D0D4F83001C0F3802000282CD014
:10EC6000002028600220A0730120F5F79DFF3320CB
:10EC70006073637B9BB240222C210120F4F72FFDAF
:10EC8000D4F8300130F04000C4F8300109F0C4FB82
:10EC9000DFF884292FA10820F4F75CFA0120E07343
:10ECA0003068C4F8B4003068C4F8B80005E000214A
:10ECB000042020F0A5FBA07CE07000F0A1FB11E097
:10ECC0000021042020F09CFBA07CE070FF2020723B
:10ECD000012007F023FF0020C4F8B40000202074B6
:10ECE0000020A0732078032859D1607C002856D1D9
:10ECF000D4F83001C0F30020002850D0DFF82C05F4
:10ED00000168D4F8D400091A40F6B930814246D3DC
:10ED10004AF2B4022021012008F015FA00281BD184
:10ED200001206074D4F8280150F48060C4F82801F0
:10ED3000D4F8E800C0F30030002805D0D4F8E8008B
:10ED400030F48050C4F8E8000020DFF8D0180870D4
:10ED500025E000BF54500000A078032805D0A0781B
:10ED6000092802D0A078012819D194F83001C007F1
:10ED700015D5D4F8E800C0F3003000280FD1DFF833
:10ED80009C0801784A1C0270C9B20B2907DB0021DC
:10ED90000170D4F8E80050F48050C4F8E800D4F8CA
:10EDA0003001C0F3C000002827D094F83001C0071C
:10EDB00023D4D4F8300150F01000C4F83001D4F856
:10EDC000300130F00800C4F83001002084F85D0004
:10EDD000002084F85F00D4F8300130F48070C4F86B
:10EDE00030010020C4F82801DFF840040368DFF890
:10EDF000302842A11020F4F7ADF9D4F83001C0F367
:10EE00000010002836D0DFF81C088068002831D0B8
:10EE100094F83001C0072DD5D4F8300130F480705B
:10EE2000C4F830010120207000206074D4F8300153
:10EE300030F01000C4F83001D4F8280130F48060BC
:10EE4000C4F828010020C4F8C800FF202072012067
:10EE500007F064FE0020C4F8D40000206075002094
:10EE6000A075DFF8C8030368DFF8BC2723A11020D2
:10EE7000F4F770F9207801280FD194F825010128C2
:10EE80000BD1607B332808D033206073637B9BB247
:10EE900040222C210120F4F722FCD4F83001C0F3E9
:10EEA0008020002820D1207803281DD1DFF87C079E
:10EEB0000078042818D007F0C8FB002814D006F00A
:10EEC000DEFF09F02CF9DFF868270CA11020F4F719
:10EED00041F9D4F8300150F48060C4F83001DFF813
:10EEE0004C030068C4F8B80008F03FFC73BD000094
:10EEF000C02B4B00DC2B4B00C014002054500000F2
:10EF0000D0160020F82B4B00242C4B0080B508783D
:10EF100000280AD0012809D002280BD003280AD0E3
:10EF200005280BD006280AD00AE009E00020FEF7E9
:10EF300072FD05E004E0FFF7E3F901E000E0FFE720
:10EF400001BD70B50023C9B2032901D0112054E1DD
:10EF5000C0B2012840F0508114002078002805D06C
:10EF6000022800F0F380C0F0868043E1DFF8C45649
:10EF700095F8250101284FD1E87A01282ED1B5F95D
:10EF8000FA00642110FB01F000EE100AB8EEC00A8E
:10EF9000DFF8A40695F8EC1000EB4100B0F8200370
:10EFA00000EE900AF8EE600A80EE200A10EE100AD9
:10EFB000F5F71EFD41EC100BF5F73EFD51EC100B83
:10EFC000F5F76EFD85F8F200DFF8700695F8F2109F
:10EFD000C172C07ADFF86816087021E0DFF86016A9
:10EFE0000878002803D195F8F30008700FE0DFF8E7
:10EFF000542692F86100002802D10120087006E032
:10F0000092F86100652802DA92F8610008700878C9
:10F01000DFF82816C87203E00020DFF82016C87257
:10F02000D5F89C006421B0FBF1F0B0F5803F01D32E
:10F030004FF6FF70DFF80466308006F04DFD0028C3
:10F040000AD1FEF7E4FC002802D10020B07105E0EF
:10F0500095F82501B07101E00220B07195F8210109
:10F06000F071B5F87E007080E87A7072E87D70719A
:10F0700066600020C1E040F60100DFF8B815D1F865
:10F0800030210240824204D10120DFF8BC255072B9
:10F0900021E0D1F830210240012A04D10220DFF81A
:10F0A000A825507217E0D1F830210240B2F5006F68
:10F0B00004D10320DFF8902550720CE0D1F8302104
:10F0C000024204D10420DFF88025507203E00020C2
:10F0D000DFF874255072DFF87025C87F8B7F53EA04
:10F0E00000235380D1F898000A2390FBF3F02830D6
:10F0F000107091F8250101280BD1B1F9FA000A230B
:10F1000090FBF3F0D071D079002804D10120D071A8
:10F1100001E00020D071D1F83001C0F38000002858
:10F1200002D00020907101E0012090718879107266
:10F13000B1F8820090804879002803D0B1F88C00A3
:10F14000907201E000209072626092E7DFF8FC5458
:10F15000DFF8E06496F82301687096F824012870BF
:10F1600096F82501012834D1F07A012828D1B6F982
:10F17000FA00642110FB01F000EE100AB8EEC00A9C
:10F18000DFF8B40496F8EC1000EB4100B0F820036F
:10F1900000EE900AF8EE600A80EE200A10EE100AE7
:10F1A000F5F726FC41EC100BF5F746FC51EC100B83
:10F1B000F5F776FC86F8F20096F8F200A87002E007
:10F1C00096F8F300A870A878002804D10120A87050
:10F1D00001E00020A870F079002805D0DFF8700465
:10F1E0007179405CE87003E0F078D0F16400E87079
:10F1F00065603EE7112000E0112070BD92244020A0
:10F200007047DFF8300400787047000091244020F8
:10F2100001207047DFF83004C07980B27047DFF812
:10F22000140490F82501704754244020F81E402013
:10F230004C2C4B00562440209D244020602C4B0039
:10F240009B244020802C4B00AC2C4B00D82C4B0036
:10F2500099244020902440203EB5DFF8D84394F80C
:10F260006410606F00280CD094F86400002807D068
:10F27000002084F8640040F296610120F2F7A8FAB9
:10F28000B4E094F83001C00706D494F8640050F05C
:10F29000010084F8640005E094F8640010F0FE00BA
:10F2A00084F8640094F85F0000281BD0DFF8A423E2
:10F2B0001368D4F890001B1A40F2D170834211D326
:10F2C00094F86000002813D094F8640000070FD46D
:10F2D00094F8640050F0080084F864001068C4F8E2
:10F2E000B80005E094F8640010F0F70084F86400BA
:10F2F000A07D002814D0D4F8E800C0F340300028E6
:10F300000ED094F86400C00610D494F8640050F055
:10F31000100084F86400CF480068C4F8B80005E025
:10F3200094F8640010F0EF0084F8640094F85B0037
:10F3300000280ED094F86400800710D494F864007C
:10F3400050F0020084F86400C2480068C4F8B800B5
:10F3500005E094F8640010F0FD0084F8640094F86F
:10F36000670000280ED094F86400400710D494F889
:10F37000640050F0040084F86400B6480068C4F8E3
:10F38000B80005E094F8640010F0FB0084F8640015
:10F39000080094F86420C0B2904227D097A5C9B263
:10F3A0000191D4F8B800009094F86430AA4A29007A
:10F3B0000820F3F7CFFE94F86400002816D107F078
:10F3C00012FA06F00DFF092277215D20F4F743F8C9
:10F3D000802276215D20F4F73EF89E4803689F4A1C
:10F3E00029000220F3F7B6FE0020A07337BD00000D
:10F3F000002D4B00182D4B00982440209C244020C9
:10F4000078B585B0002000208A4C94F87800002858
:10F410003BD094F82501012808D1E07A012802D1D7
:10F4200094F8F20003E094F8F30000E000208C4927
:10F430000A8803009BB29A4223D00880002084F8F7
:10F44000780094F82501012808D1B4F9FA2094F83D
:10F45000F40042430A2092FBF0F200E0002294F80C
:10F46000EC00002801D168A000E07E4802920988E3
:10F4700001910090D4F89C307B4A60A10820F3F7FA
:10F4800069FE002084F878008AE06420774D2968BE
:10F490002A68B2FBF0F200FB1210002812D1032000
:10F4A00004F0D6FC724E3188020092B2914209D02B
:10F4B0003080F8F713FC009033886E4A4FA1082083
:10F4C000F3F748FE2868411C2960B0F5FA7F0AD09E
:10F4D000B0F57A7F16D040F2DC51884220D0B0F5EA
:10F4E000FA6F2FD05CE0E0790290D4F89800019098
:10F4F000D4F83001009023795F4A40A10820F3F747
:10F5000029FE4DE060790290B4F88C000190A07C57
:10F510000090E378594A39A10820F3F71BFE3FE039
:10F52000574890F976000290D4F82801019094F899
:10F530002301009094F82431524A30A10820F3F7B7
:10F5400009FE2DE094F82501012808D1B4F9FA103C
:10F5500094F8F40041430A2091FBF0F100E000210F
:10F56000E07A012802D194F8F22001E094F8F32027
:10F5700094F8EC00002801D123A000E03948049160
:10F580000392E17A02910190A079009094F82531DC
:10F590003D4A1AA10820F3F7DDFD00202860FFE7AF
:10F5A00006B070BD10B50020022004F051FC04002C
:10F5B000052004F04DFC78214843B0FBF4F080B204
:10F5C00010BD80B531490878002804D101200870A9
:10F5D0002F48304A0261087801280ED1FFF7E2FF78
:10F5E00080B200EE100AB8EE400A294804F084FC0C
:10F5F000BCEEC00A284880ED000A01BD545000004E
:10F600002548006870470000446179003C2D4B009C
:10F61000482D4B0010014020542D4B009A244020CF
:10F62000642D4B00C8004020882D4B006C2C4020DE
:10F63000AC2D4B00C014002030024B00F01800200D
:10F640009E244020D0160020FC180020081900201D
:10F65000C4054B00F81E4020C02D4B00E82D4B0088
:10F66000D8334020182E4B00FC2D4B0014014020B5
:10F67000DA334020202E4B00382E4B00642E4B00F6
:10F6800080170020882E4B00B42E4B009F24402072
:10F69000302D40200000DC420801402080B5FFF7FB
:10F6A00081FF02BD80B500208DF8000000208DF89C
:10F6B0000100002001F0F8FA012801D0002016E036
:10F6C000FDF799FD002801D0002010E00DF10102A6
:10F6D00069460020F5F754FC9DF80000002803D08F
:10F6E0009DF80000012801D1002000E0012002BDAA
:10F6F000DFF8500840797047DFF84C0840797047D0
:10F7000080B5F6F70DFD002801D0002000E00120B3
:10F7100002BD80B5002001F0DAFA012801D10120F4
:10F7200000E00020C0B202BD0120704780B5FFF7A5
:10F73000DFFF012801D1012000E00020C0B202BD9E
:10F740000120704780B5FFF7D7FF012801D10120C4
:10F7500000E00020C0B202BD80B5FFF7A3FF02BDEC
:10F76000DFF8E80790F85200012801D1012000E0FD
:10F770000020C0B2704780B5FFF794FF02BDDFF8EC
:10F78000CC0790F8BA00012801D1012000E0002048
:10F79000C0B2704780B5FFF785FF02BDDFF8AC0748
:10F7A00090F83205012801D1012000E00020C0B20C
:10F7B000704780B5FFF776FF02BDDFF8900790F83D
:10F7C0002201012801D1012000E00020C0B27047D1
:10F7D00080B5FFF767FF02BDDFF8700790F88A0178
:10F7E000012801D1012000E00020C0B2704780B59F
:10F7F000FDF701FD002801D0002000E0012002BD3E
:10F8000080B564201BF0EEFF002801D0002000E04E
:10F810000120C0B202BD80B5FDF7EDFC002801D08B
:10F82000002000E0012002BDDFF82407D0F8980096
:10F8300040F21B41884201DB012000E00020C0B201
:10F84000704780B5FDF7D7FC002801D0002000E00C
:10F85000012002BD80B506F0EFF9C0B202BD80B54F
:10F86000FDF7C9FC002801D0002006E006F0E6F80C
:10F87000002801D1002000E0012002BDDFF8D00601
:10F88000D0F8E800C00C10F00100704780B5FDF71B
:10F89000B2FC002801D0002000E0012002BDDFF80A
:10F8A000B006D0F8E400C0F3C010C0B2704780B515
:10F8B000FDF7A1FC002801D0002006E0F4F741FC90
:10F8C000002801D1002000E0012002BDDFF8800601
:10F8D000D0F8E400000A10F00100704780B5FDF791
:10F8E0008AFC002801D0002000E0012002BDDFF8E2
:10F8F0006006D0F8E400400A10F00100704780B5BF
:10F90000FDF779FC002801D0002006E006F096F80B
:10F91000002801D1002000E0012002BDDFF8300600
:10F92000D0F8E800800C10F00100704780B5FDF7BA
:10F9300062FC002801D0002006E006F07FF80028D5
:10F9400001D1002000E0012002BDDFF80406D0F85C
:10F95000E800C0F38010C0B2704780B5FDF74BFCE3
:10F96000002801D0002006E006F068F8002801D148
:10F97000002000E0012002BDDFF8D405D0F8E80047
:10F98000400C10F00100704780B5FDF734FC0028F2
:10F9900001D0002006E006F051F8002801D1002037
:10F9A00000E0012002BDDFF8A805D0F8E800C0F3B0
:10F9B000C010C0B2704780B5FDF71DFC002801D013
:10F9C000002006E006F03AF8002801D1002000E00F
:10F9D000012002BDDFF87805D0F8E800800A10F0B9
:10F9E0000100704780B5FDF706FC002801D000201B
:10F9F00006E006F023F8002801D1002000E00120F5
:10FA000002BDDFF84C05D0F8E800C00A10F0010094
:10FA1000704780B5FDF7EFFB002801D0002006E01D
:10FA200006F00CF8002801D1002000E0012002BD02
:10FA30000020704780B5FDF7DEFB002801D00020D4
:10FA400006E005F0FBFF002801D1002000E00120C6
:10FA500002BDDFF8FC04D0F8E800C00B10F0010094
:10FA6000704780B5FDF7C7FB002801D0002006E0F5
:10FA700005F0E4FF002801D1002000E0012002BDD4
:10FA8000DFF8CC04D0F8E800000C10F0010070475B
:10FA900080B5FDF7B0FB002801D0002006E005F09E
:10FAA000CDFF002801D1002000E0012002BDDFF8D9
:10FAB000A004D0F8E800400B10F00100704780B5BA
:10FAC000FDF799FB002801D0002006E005F0B6FF05
:10FAD000002801D1002000E0012002BDDFF8700401
:10FAE000D0F8E800800B10F00100704780B5FDF7FA
:10FAF00082FB002801D0002000E0012002BD80B57B
:10FB00008B201BF06FFE002801D0002000E00120B8
:10FB1000C0B202BD80B5FDF76EFB002801D0002009
:10FB200006E005F08BFF002801D1002000E0012055
:10FB300002BDDFF81C0490F8E80010F001007047E7
:10FB400080B5FDF758FB002801D0002006E005F045
:10FB500075FF002801D1002000E0012002BDDFF880
:10FB6000F003D0F8E800C0F38000C0B2704780B561
:10FB7000FDF741FB002801D0002006E005F05EFF04
:10FB8000002801D1002000E0012002BDDFF8C00301
:10FB9000D0F8E800C0F30010C0B2704780B5FDF7A0
:10FBA0002AFB002801D0002006E005F047FF0028CE
:10FBB00001D1002000E0012002BDDFF89403D0F85D
:10FBC000E800C0F34010C0B2704780B5FDF713FBEA
:10FBD000002801D0002006E005F030FF002801D108
:10FBE000002000E0012002BDDFF86403D0F8E80047
:10FBF000000D10F00100704780B5FDF7FCFA0028F9
:10FC000001D0002006E005F019FF002801D10020F6
:10FC100000E0012002BDDFF83803D0F8E800400D15
:10FC200010F00100704780B5FDF7E5FA002801D01B
:10FC3000002006E005F002FF002801D1002000E0CE
:10FC4000012002BDDFF80803D0F8E800800D10F0B5
:10FC50000100704780B5FDF7CEFA002801D00020E2
:10FC600006E005F0EBFE002801D1002000E00120B5
:10FC700002BDB748D0F8E800C00D10F00100704791
:10FC800080B5FDF7B8FA002801D0002006E005F0A5
:10FC9000D5FE002801D1002000E0012002BDAC48C3
:10FCA000D0F8E800000E10F00100704780B5A949B7
:10FCB000087800280BD0002008700020A6490870A2
:10FCC0000020A6490870F8F709F8A549086001BDA9
:10FCD0007FB5F5F799FF002803D0FBF7BFFD01289A
:10FCE00006D19C480178012901D10021017023E14E
:10FCF0009849087800280BD1012008700020964907
:10FD00000870002095490870F7F7E8FF94490860EB
:10FD1000914C2078002845D0022800F0848080F0A3
:10FD2000C380FDF7C5F9A12816D38C4D2878022889
:10FD300037D0F7F7D3FF0600FDF7BAF900960300B6
:10FD4000884A89490420F3F705FA02202870F7F75A
:10FD5000C5FF8349086024E0FDF7AAF9552816D3AA
:10FD60007E4D287800281CD0F7F7B8FF0600FDF775
:10FD70009FF9030000967D4A7B490420F3F7EAF9D6
:10FD800000202870F7F7AAFF7549086009E073485A
:10FD90000178012905D001210170F7F79FFF704913
:10FDA00008608AE0FDF784F9A52816D36B4D287802
:10FDB000022837D0F7F792FF0600FDF779F9009691
:10FDC00003006B4A68490420F3F7C4F90220287045
:10FDD000F7F784FF6249086024E0FDF769F95128CC
:10FDE0000AD35E49087800281CD000200870F7F775
:10FDF00075FF5B49086015E0584D2878012811D03F
:10FE0000F7F76CFF0600FDF753F900960300594A17
:10FE100055490420F3F79EF901202870F7F75EFF9B
:10FE20004F49086049E0FDF743F9552816D24B4D7C
:10FE30002878012837D0F7F751FF0600FDF738F989
:10FE4000009603004C4A48490420F3F783F9012047
:10FE50002870F7F743FF4249086024E0FDF728F9CE
:10FE6000A12816D23D4D287800281CD0F7F736FF80
:10FE70000600FDF71DF900960300404A3A490420A8
:10FE8000F3F768F900202870F7F728FF3449086075
:10FE900009E032480178022905D002210170F7F704
:10FEA0001DFF2F49086008E00020207000202B492A
:10FEB0000870F7F713FF2A490860F7F70FFF284E7D
:10FEC0003168401A40F2D171884225DB234D2878F1
:10FED0002178884220D0F7F701FF3060F7F7FEFE67
:10FEE0000600FDF7E5F801002878002801D113A0ED
:10FEF00005E02878012801D111A000E020480396F0
:10FF0000029101902878009023781E4A1649042017
:10FF1000F3F720F9287820702078022801D10120F9
:10FF200000E00020084948712078012801D1012013
:10FF300000E00020034948717FBD00006F6B0000A6
:10FF40004C6F770098004020A000402090040020D3
:10FF5000C014002084244020822440208324402098
:10FF6000A80040207C104B0074104B00A4104B00E4
:10FF7000CC104B00F4104B001C114B0044114B00F3
:10FF800094114B006C114B0070B403000020002052
:10FF9000002410784138062811D210784138284DB5
:10FFA000C0B22D5C2D01521C10784138062821D298
:10FFB00010784138224EC0B2305C05432FE01078F3
:10FFC0006138062806D2107861381D4DC0B22D5C0C
:10FFD0002D01E8E7107830380A2806D2107830383A
:10FFE000184DC0B22D5C2D01DDE7107818705B1C38
:10FFF000521C1EE010786138062806D2107861384D
:020000040049B1
:100000000F4EC0B2305C054309E0107830380A2842
:1000100005D2107830380B4EC0B2305C0543521C0C
:100020001D705B1C641C20000D00C0B2EDB2A84224
:1000300003D210780028ACD1FFE7002070BC7047D5
:10004000C82E4020BC2E402010B401000020002308
:100050000BE00A2491FBF4F204FB12149A00944082
:1000600020430A2291FBF2F15B1C0129F1DA10BC5A
:1000700070472DE9F04116003200D2B2092A01D3AF
:10008000002017E0002704000D0098460BE0200038
:100090002900F21B521ED20003F036FD3900C9B20E
:1000A00008F801007F1C38003100C0B2C9B2884294
:1000B000EDD30120BDE8F0812DE9F04104000D00F1
:1000C0001600200008F06CFC070031002022A84632
:1000D0004046F1F769FDBE4200D33E0032002100E8
:1000E0002800F7F77DFEBDE8F081000010B50400A0
:1000F0002000C0B2002801D1012000E00020C0B2E1
:1001000008F069FC2000C0B200282DD1002012F0B8
:100110003DFF2000C0B200F0A7FB0022DFF8181B53
:100120006D201DF055F80022DFF8101B6E201DF029
:100130004FF80022DFF8081B6F201DF049F804215A
:100140006D201EF0CBFD05216E201EF0C7FD06219F
:100150006F201EF0C3FD6D201DF03FF86E201DF0D6
:100160003CF86F201DF039F810BD2DE9F041050075
:100170000C002800C0B2002801D1012000E00020BE
:10018000C0B208F028FC3426DFF8B87A2800C0B2E4
:100190007043385C00285BD12B00DBB2DFF8A82A63
:1001A000D1A10820F2F7D6FF342100222800C0B2E6
:1001B000704307EB00084046F1F7F6FC2800C0B298
:1001C00070433844216881612800C0B270433844CC
:1001D000217901772800C0B270433844A1680162D8
:1001E0002800C0B270433844217B80F824102800D6
:1001F000C0B270433844002180F827102800C0B2F4
:10020000704338442169C1622800C0B27043384449
:10021000217D80F8301001202900C9B27143785443
:100220002800C0B270433844002180F8251028000F
:10023000C0B206FB00F607EB0600002180F826108E
:100240002800C0B2FFF752FF2800C0B200F0ADF89E
:10025000BDE8F08138B50400DFF8E8192200D2B219
:100260003420424301EB02052000C0B2002801D136
:10027000012000E00020C0B208F0ADFB2878002883
:100280000CD000212000C0B200F056FBE4B22300E5
:10029000DFF8B82994A10820F2F75CFF31BD38B52A
:1002A00004000D002000C0B2002801D1012000E0B0
:1002B0000020C0B208F08FFBDFF88819E4B23420C8
:1002C00044430D5531BD10B504002000C0B20028D4
:1002D00001D1012000E00020C0B208F07CFBDFF873
:1002E0006419E4B234204443085D10BD0100481E87
:1002F00089B20029FAD1704738B504000D002000FA
:10030000C0B2002801D1012000E00020C0B208F0F6
:1003100062FB2000C0B2002846D1EDB2012D04D00E
:1003200042D3032D27D015D33EE04FF47A70FFF768
:10033000DDFF012120201BF068FA01214E201BF077
:1003400064FAE4B22300DFF8082967A10820F2F775
:1003500001FF29E0002120201BF057FA00214E2048
:100360001BF053FAE4B22300DFF8E8285EA108206E
:10037000F2F7F0FE18E000214E201BF046FA0121B2
:1003800020201BF042FA4FF47A70FFF7AFFF0021F4
:1003900020201BF03AFAE4B22300DFF8BC2852A177
:1003A0000820F2F7D7FEFFE731BD38B50400DFF8CB
:1003B00094182200D2B23420424301EB02052000FF
:1003C000C0B2002801D1012000E00020C0B208F036
:1003D00002FB2878012801D0012028702300DBB21D
:1003E000DFF8782840A10820F2F7B4FE05212000AC
:1003F000C0B200F0A1FA31BD38B50400DFF84418EE
:100400002200D2B23420424301EB02052000C0B2E8
:10041000002801D1012000E00020C0B208F0DBFA82
:100420002878012814D12000C0B200F05FF82878A5
:10043000022801D0022028702300DBB2DFF8202838
:100440005AA10820F2F786FE2000C0B2FFF702FF93
:1004500031BD38B50400DFF8EC172200D2B23420E9
:10046000424301EB02052000C0B2002801D1012067
:1004700000E00020C0B208F0AEFA287801280DD1C3
:100480002000C0B200F032F812F0A9FDE4B223005F
:10049000DFF8D02745A10820F2F75CFE31BD10B58A
:1004A000DFF8A0270300DBB234214B4302EB030447
:1004B000C0B2002801D1012000E00020C0B208F045
:1004C0008AFA607F401C0100227F89B292B2914279
:1004D00000D30020A17F80B289B2884201D10120DF
:1004E00000E00020C0B210BD63616E0038B5DFF8D7
:1004F00054270300DBB234214B4302EB0304C0B2A8
:10050000002801D1012000E00020C0B208F063FA09
:10051000002504E0280080B212F06CFE6D1C28005B
:1005200080B20E28F6DB002084F82500002084F835
:10053000260031BD38B50400DFF808172200D2B21A
:100540003420424301EB02052000C0B2002801D153
:10055000012000E00020C0B208F03DFA95F8270025
:1005600001280DD1A86A002803D0A86A401EA862FD
:1005700006E0002085F827002000C0B2FFF7B6FF94
:1005800031BD10B5DFF8BC26C0B234214843104459
:10059000002180F83110002180F8321090F83010DE
:1005A0000022C46A2000F1F7FFFA10BD63616E00FB
:1005B0002DE9F84F04000D00DFF888162300DBB2A8
:1005C0003420434301EB030696F825704220316A3C
:1005D00096F82530434301EB030896F8249016F172
:1005E000250A96F826B02978082911D1D2B2002A16
:1005F0000ED196F83170F16A96F8312000FB02F0C6
:1006000001EB000896F8309016F1310A96F832B0F6
:100610002000C0B2002801D1012000E00020C0B2BB
:1006200008F0D9F93078002801D101205AE0DFF82C
:1006300038162000C0B201EB40008078002806D0B8
:100640002000C0B201EB40008078012801D10120D8
:1006500048E02000C0B201EB40004078012801D002
:1006600001203FE02000C0B201EB40008078042868
:1006700006D02000C0B201EB40008078052806D1EA
:100680000021287880B200F0BAFA00202AE0200089
:10069000C0B200F009FB012801D0012022E07F1C3C
:1006A00038004946C0B2C9B2884200D30027FFB221
:1006B0005FFA8BFB5F4501D1072013E0404629001C
:1006C0004222F7F78DFB9AF80000401C8AF80000E0
:1006D0009AF800005FFA89F9484502D300208AF8A9
:1006E00000000020BDE8F28F30B591B004000D008D
:1006F0002868002802D06868412801D3012016E04C
:10070000F7F7E2F8002801D1012010E08DF8004051
:1007100068688DF841006A6829680DF101042000BD
:10072000F7F75EFB012269460020FFF741FF11B099
:1007300030BD78B591B00400DFF808152200D2B2C0
:100740003420424301EB02052000C0B2002801D151
:10075000012000E00020C0B208F03DF9687FA97FC9
:10076000884217D04222A969AB7F422043431944F3
:100770006E463000F7F734FB69462000C0B2F1F74F
:1007800071FCA87F401CA877A87F297F884201D3ED
:100790000020A87712B070BDFEB5DFF8A8240300D2
:1007A000DBB234214B4302EB03040027C0B2002824
:1007B00001D1012000E00020C0B208F00CF994F84B
:1007C000270001284FD04221206A94F826204A436E
:1007D000104414F1260594F82460DFF8902413885F
:1007E0005B1C138013880A2B18DB0023138094F8FA
:1007F000312094F832309A421CD0E06A94F83220CA
:1008000001FB02F10844411C009190F84110019154
:1008100014F1320594F8306001270BE094F82510AC
:1008200094F82620914205D0411C009190F8411087
:1008300001910127FFB2002F15D0012184F8271064
:100840004A21A1626946007880B213F015FAC0B25D
:10085000002808D12878401C28702878F6B2B042C9
:1008600001D300202870F7BD38B504002000C0B2C5
:10087000002801D1012000E00020C0B208F0ABF850
:10088000DFF8E45302202100C9B205EB41014870B2
:100890000020E4B205EB44018870002013F0E8F971
:1008A0000120287031BD70B505000C002800C0B2D1
:1008B000002801D1012000E00020C0B208F08BF830
:1008C00000262000C0B2012802D0032813D025E062
:1008D00001212800C0B212F0C1FB01212800C0B2E2
:1008E000FFF70AFD2B00DBB2DFF8842391A108207B
:1008F000F2F730FC13E003212800C0B212F0AEFB87
:1009000003212800C0B2FFF7F7FC2B00DBB2DFF8B1
:10091000642388A10820F2F71DFC00E001263000C6
:10092000C0B2002805D1DFF84003EDB200EB45006E
:1009300044703000C0B270BD2DE9F04104000D00DC
:100940002000C0B2002801D1012000E00020C0B288
:1009500008F041F80026DFF810732000C0B207EB62
:10096000400080788046EDB2002D09D0022D21D0C4
:100970000CD3042D5CD031D3062D44D003D36FE0CB
:100980005FF000086DE05FF003086AE00100C9B2A3
:10099000032902D15FF002080BE00100C9B201296E
:1009A00002D15FF0000804E0C0B2052801D15FF079
:1009B000040856E00100C9B2022902D15FF0030821
:1009C0000BE00100C9B2002902D15FF0010804E088
:1009D000C0B2042801D15FF0050842E00100C9B2AD
:1009E000032903D00100C9B2052902D15FF0010833
:1009F00008E00100C9B2022902D0C0B2042801D126
:100A00005FF000082DE00100C9B2002903D0010009
:100A1000C9B2022902D15FF0040808E00100C9B29E
:100A2000032902D0C0B2012801D15FF0050818E007
:100A30000100C9B2002902D15FF002080FE00100F5
:100A4000C9B2012903D00100C9B2052902D15FF062
:100A5000030804E0C0B2042801D15FF0020800E0FE
:100A600001264046C0B2002803D04046C0B2042848
:100A700005D103212000C0B2FFF715FF04E00121DA
:100A80002000C0B2FFF70FFFE4B207EB440080F88C
:100A900002803000C0B2BDE8F08180B5C0B200284D
:100AA00001D1012000E00020C0B207F094FF01BD99
:100AB00010B504002000C0B2002801D1012000E0E0
:100AC0000020C0B207F087FF5E492200D2B2342076
:100AD000424301EB02000078012807D12000C0B298
:100AE000FFF7B7FC2000C0B200F0CAF810BDF8B59F
:100AF0000C00544D0021AA696B7F42214B4302EB4D
:100B00000306307062682168771C3800F7F768F9CF
:100B1000606886F841000020FFF7C1FC002808D17A
:100B2000687F401C6877687F297F884201D3002056
:100B30006877F1BD63616E00F8B592B0140041486A
:100B40000020002500202200D2B2412A03D2220038
:100B5000D2B2002A01D100204FE0002901D50020A7
:100B60004BE0454A0A40B2F5806F06D12200D2B26E
:100B7000082A02D10925012023E0002200E0521CAE
:100B80001600F6B2112E1CD23C4E1700FFB256F8DA
:100B900037708F42F3D11500EDB211F4E061B1F579
:100BA000E06F05D12100C9B208290ADB012008E065
:100BB000D2B206EBC20109792200D2B2914200D131
:100BC0000120C0B2002801D1002016E02000C0B2F0
:100BD000412801D3002010E02200D2B202AE190059
:100BE0003000F7F7FDF802A80090E4B201946946DE
:100BF000280080B2FFF77BFF012013B0F0BD114841
:100C0000002180F82710704780B50E49002281F836
:100C1000272080B2002802D10020F4F7FFF901BD9F
:100C200080B50849002281F8272080B20A2802D125
:100C30000220F6F700FC01BD27FE4A0031FE4A0003
:100C400041FE4A001C1C4020E8574B00FC574B005B
:100C500014584B0034584B0054584B0070584B00FC
:100C600080584B0098584B00501C40206624402070
:100C7000B0584B00D0584B0000F7FFFF080400208D
:100C800010B504002000C0B2002801D1012000E00E
:100C90000020C0B207F09FFE0121DFF88026E4B2F9
:100CA00014204443115510BD80B5C0B2002801D1B5
:100CB000012000E00020C0B207F08DFEDFF86006E2
:100CC0004078002801D0022000E0012002BD10B5CC
:100CD00004002000C0B2002801D1012000E0002063
:100CE000C0B207F078FEDFF83416E4B214204443B3
:100CF00001EB04004079002801D0012000E0002031
:100D0000C0B210BD10B5040001202000C0B2002800
:100D100001D1012000E00020C0B207F05CFE1420E9
:100D2000DFF8F8152200D2B242438A5C012A05D1CD
:100D30000022E4B244430A55022000E00120C0B280
:100D400010BD10B504002000C0B2002801D1012060
:100D500000E00020C0B207F03EFE1420DFF8BC1512
:100D60002200D2B242430A44002353702200D2B27E
:100D700042430A440023D3602200D2B242430A44D1
:100D8000002393602200D2B242430A44002313742A
:100D90002200D2B242430A44002393702200D2B20E
:100DA00042430A440123D370E4B2444301EB0400FC
:100DB000002101710020DFF86815487010BD10B5E2
:100DC00004002000C0B2002801D1012000E0002072
:100DD000C0B207F000FE1420DFF840152200D2B2A6
:100DE00042430A442300DBB243430B445B785B1C61
:100DF00053702200D2B242430A442300DBB2434381
:100E00000B44DB685B1CD3602200D2B242430A442D
:100E1000E4B2444301EB04008068401C906010BDC4
:100E200010B504002000C0B2002801D1012000E06C
:100E30000020C0B207F0CFFD1420DFF8E01422003C
:100E4000D2B242430A44002393602200D2B242430A
:100E50000A44002313742200D2B242430A440223FC
:100E6000D3702200D2B242430A441279FF2A0AD038
:100E70002200D2B242430A442300DBB243430B4474
:100E80001B795B1C13712200D2B242430A44002337
:100E9000D36000222300DBB24343CA54E4B244438C
:100EA00001EB04000079DFF87814087010BD38B544
:100EB000040000252000C0B2002801D1012000E07C
:100EC0000020C0B207F087FD1420DFF85014220084
:100ED000D2B242430A44002393602200D2B242437A
:100EE0000A44002313742200D2B242430A4400236E
:100EF00053712200D2B242430A440123D37022002C
:100F0000D2B242430A44002393702200D2B200FBC3
:100F100002F00844002101710020DFF80414487039
:100F20002800C0B2F4F745F8C0B2002808D0022863
:100F30000ED009D3042813D00ED3052814D017E0FF
:100F40000120F6F743FD13E00220F6F73FFD0FE026
:100F50000720F6F73BFD0BE00620F6F737FD07E02C
:100F60000520F6F733FD03E00420F6F72FFDFFE739
:100F7000F6F7B4FE0090E4B22300DFF8A82324A122
:100F80000820F2F7E7F831BD78B593B004000D0002
:100F90004021002203AE3000F0F706FEDFF88803A0
:100FA000D0E90023CDE9012303A801902000C0B2BD
:100FB000002801D1012000E00020C0B207F00BFDA5
:100FC0001420DFF858132200D2B242430A4400230F
:100FD00093602200D2B200FB02F0084401210174A8
:100FE0002300DBB2D14A402103A800F049FC01A94B
:100FF000280080B212F040FEF6F770FE0090E4B2D6
:101000002300CB4A02A10820F2F7A4F814B070BD67
:1010100063616E002DE9FF41040001202000C0B291
:10102000002801D1012000E00020C0B207F0D3FC6D
:101030002000C0B2FFF766FE05001426B74F20005F
:10104000C0B2704338448078002807D0022800F0EE
:10105000C58052D3032800F0108130E12800C0B2CF
:10106000022849D12000C0B2FFF7DAFE0120F6F7CE
:10107000D1FC0120AA4948700220F4F7B1FC0820F5
:10108000F4F7AEFC1020F4F7ABFC2000C0B27043C4
:1010900038440121817000212000C0B2FFF7FFF821
:1010A000A4492000C0B2FFF760F82000C0B270432E
:1010B00038440079A0492200D2B2895C884205D325
:1010C0002000C0B27043384401214171F6F706FE9A
:1010D00002902000C0B27043384440790190200053
:1010E000C0B270433844007900902300DBB2934AC9
:1010F00089A10220F2F72EF8E5E0DFF84482200013
:10110000C0B270433844C0682100C9B218F8011059
:10111000884262D388482100C9B2405C2100C9B22C
:1011200071433944097988420FD386482100C9B2F6
:1011300030F811102000C0B2FFF726FF2000C0B227
:10114000704338440021817047E02000C0B2FFF7AF
:1011500067FE0220F6F75EFC02207149487002200B
:10116000F4F73EFC0820F4F73BFC1020F4F738FCC1
:1011700000212000C0B2FFF792F86E492000C0B2F3
:10118000FEF7F3FF2000C0B2704338442100C9B21B
:1011900018F80110C1602000C0B270433844032128
:1011A00081702000C0B27043384401214171F6F7CC
:1011B00095FD02902000C0B2704338444079019000
:1011C0002000C0B270433844007900902300DBB2A5
:1011D0005D4A51A10220F1F7BDFF74E02800C0B2C2
:1011E000022849D12000C0B2FFF71AFE0220F6F70C
:1011F00011FC02204A4948700220F4F7F1FB082054
:10120000F4F7EEFB1020F4F7EBFB2000C0B27043C4
:1012100038440321817000212000C0B2FFF73FF85D
:1012200044492000C0B2FEF7A0FF2000C0B27043C6
:101230003844007940492200D2B2895C884205D303
:101240002000C0B27043384401214171F6F746FDD9
:1012500002902000C0B270433844407901902000D1
:10126000C0B270433844007900902300DBB2374AA3
:1012700029A10220F1F76EFF25E02000C0B27043E3
:101280003844C06832492200D2B251F82210884254
:1012900014D32000C0B2704338440021C1602948F3
:1012A0002100C9B230F811102000C0B2FFF76CFE67
:1012B0002000C0B2704338440221817003E0200056
:1012C000C0B2FFF73EFDEDB2012D22D12000C0B229
:1012D00070433844007C01281BD12000C0B206FBBB
:1012E00000F607EB060080681A492200D2B251F8D6
:1012F000221088420DD3F6F7F1FC00902300DBB2F8
:10130000154A05A10820F1F725FF2000C0B2FFF71C
:10131000CEFDBDE8FF81000063616E002002402029
:101320005E24402040314B0068324B0068314B0056
:1013300084314B0028314B00625E4B00B4314B00CE
:10134000615E4B00585E4B00E0314B000C324B00AD
:1013500060324B0064324B0038324B0010B5002035
:10136000C0480178012903D1002141720221017096
:10137000BD4C6078012802D0207801280DD1F6F705
:10138000ADFC6168401A4EF66121884205DB002001
:10139000607000202070FCF795F910BD0120B34962
:1013A000087070470020B14908707047AF48007856
:1013B0007047012070470120704780B5F3F769F846
:1013C000012002BD38B50C00150000210021017874
:1013D000427883781B0453EA0263C27853EA0223FB
:1013E00000791843A24A904203D10800C0B20B28EA
:1013F00003DB31202870012029E0C9B2012906D081
:1014000004290DD006290FD00A2912D016E002F0C7
:10141000E8FDFFF7CEFFC0B2012813D1002012E093
:10142000FFF7BCFF0120F6E702F0DBFDFFF7C3FF8B
:10143000F1E702F0D6FDFFF7C0FFECE7312028709E
:10144000012004E00120207000202870002032BD1F
:1014500038B50C001500FBF78EFEFBF77AFE002076
:10146000207000202870002032BD2DE9F8430D00C7
:10147000140001784278120252EA01428178114345
:101480000026002790F80380002200E0521C794BD0
:101490001868006894461FFA8CFC5FEA4C1C604494
:1014A000007F01281CD01868006894461FFA8CFC45
:1014B0005FEA4C1C604480690028E7D01868006827
:1014C00094461FFA8CFC5FEA4C1C604480690068FB
:1014D0008842DBD11868006892B25201875A01260F
:1014E0003000C0B2002822D0DFF87C91012089F8BA
:1014F0000000002089F80100F6F7F0FBC9F80400AD
:101500003800C0B280B2FCF7C6F85FFA88F8B8F1CC
:10151000000F06D00321FFB2380080B2F9F78BFF2D
:1015200005E00221FFB2380080B2F9F784FF96F09F
:1015300001062E70002020700020BDE8F2832DE906
:10154000F84F0C00150001784278120252EA01426D
:101550008678164300275FF000085FF0000990F8D6
:1015600003A05FF0000B002100E0491C414A106815
:1015700000680B009BB25B011844007F012819D062
:10158000106800680B009BB25B011844806900285A
:10159000EBD0106800680B009BB25B0118448069B7
:1015A0000068B042E1D11068006889B2490130F8A2
:1015B000018001273800C0B200282FD0DFF8A890A2
:1015C000012089F80100002089F80000F6F786FB69
:1015D000C9F80400002000E0401C0E2806D226496D
:1015E00051F820108E42F7D15FF0010B5FFA8BFBB0
:1015F000BBF1000F08D002F0F4FC5146C9B2300034
:1016000003F044FD814609E05FF001095146C9B28B
:101610005FFA88F8404680B2FCF725F8FFB2002F49
:1016200006D05FFA89F9B9F1010F01D1002000E07D
:1016300001202070002028700020BDE8F28F38B50E
:101640000C00002010700D4D01F0B8FE2877287FA7
:10165000012802D10020207001E00120207000202C
:1016600032BD000070004020840040207D244020D6
:1016700044332211AC514B00B42C40204800402090
:101680007F201070012070477F201070012070476C
:101690007F201070012070477F201070012070475C
:1016A00010B56C4C2078012803D007F0B5F9012063
:1016B000207010BD10B5674C2078002803D007F0CB
:1016C000C7F90020207010BD38B50100C9B26139DA
:1016D0001A291DD30100C9B241391A2918D30100B2
:1016E000C9B20D2914D00100C9B230390A290FD36B
:1016F0000100C9B27B290BD00100C9B27D2907D0F6
:101700000100C9B2222903D00100C9B23A293ED151
:10171000514C217D6054217D491C2175217D142966
:1017200002D2C0B20D2835D120787B2819D1E07BB8
:101730007D2816D1494D4A480068C5F8DC00A07BD9
:1017400030382877287F072805D152210220F0F76A
:101750003FF8002028772B7F424A34A10420F1F77C
:10176000F9FC4149200007F043FA002805D13F4920
:10177000200007F03DFA002801D001F0DBFF002037
:101780002075142100222000F0F70EFA02E000205C
:101790003149087531BD38B52E480078002800D190
:1017A00031BD0121684607F05EF904002000C0B297
:1017B000002801D0002509E007F0C6F9F0E76846E7
:1017C0002900C9B2405CFFF77FFF6D1C2800210093
:1017D000C0B2C9B28842E4D2F1E780B2012811D088
:1017E000022811D0042811D0082811D0102811D0B7
:1017F000202811D0402811D0802811D0B0F5807F4A
:1018000010D011E00AA010E00AA00EE00AA00CE03F
:101810000AA00AE00AA008E00AA006E00AA004E084
:101820000AA002E00AA000E0114870476462670065
:101830004100000045000000570000005400000077
:101840004900000044000000530000004300000075
:10185000494D0000B3244020541C4020C0140020F7
:10186000F81E4020EC584B0004594B000C594B001B
:1018700014594B0080B589B207F031F901BD000061
:1018800008B438B585B009AC002504940395002947
:101890000EBF01950190491E0291009504AB01A96C
:1018A000074878441A3007F0BCF9019901B10D706E
:1018B000002858BF039806B030BC5DF808FB00BF95
:1018C000CF02FFFF08B584B00023039300290EBFA9
:1018D00001930190491E0291009301A904AB0748AE
:1018E0007844183007F09DF9019909B100220A7077
:1018F000002858BF039805B000BD00BF9302FFFF4A
:1019000080B500F023FC02BD70B504000D00160088
:101910002300DFF800278FA10820F1F71BFC2A0025
:101920003100200000F07CFC70BD80B513000A007F
:10193000190000F004FD02BD704730B402004FF6FC
:10194000FF7000240CE00500ADB22D0AADB2135DAE
:101950006B40DFF8C45655F8233093EA0020641C2E
:101960008C42F0D380B230BC704710F5AE7318686B
:1019700000FB021111F5006108007047F0B400256A
:1019800000E06D1C8D4215D2465D002700E07F1CF3
:10199000082FF6DA5FF0010C1CFA07FC3400E4B201
:1019A00014EA0C0FF3D015601F601168186810EB73
:1019B000C10000E00020F0BC704710B504004A20D0
:1019C0002070462060704520A0704520E070DFF850
:1019D0004C2660A10820F1F7BDFB14F5A87108683A
:1019E0004FF40051FFF78CFF14F5A8710868082226
:1019F0002100FFF789FF14F5AA7108680822210069
:101A0000FFF782FF14F5A870016800234FF4D86235
:101A1000200000F0A1F814F5AC70016814F5A27371
:101A200014F5A472C908491C14F10800FFF7A6FFB9
:101A300014F5A071086014F5A070026814F5A87080
:101A400001682000FFF791FF14F5A67108600020DF
:101A500010BD2DE9FC4105000E00170000200020FC
:101A60000020019000200090002015F5AC70016866
:101A70006B4601AAC908491C15F10800FFF77EFF53
:101A800004000FF2D0082300DFF894254146082017
:101A9000F1F760FB002C01D0641E00E0002400E0A0
:101AA000641E012C2BDB15F5A870016822002800AC
:101AB000FFF75BFF4FF4807215F14001FFF735FF30
:101AC000FE2115F14200FFF738FFB5F8401080B253
:101AD0008842E5D115F5AE710868B84203D215F514
:101AE000AE700768FFE715F142013A003000F6F7E3
:101AF00077F9DFF8302541460820F1F72BFB00206D
:101B0000BDE8F68137B502000800DBB2002B09D032
:101B100012F5A4710B68082202A918180830FFF703
:101B2000F3FE15E06946DFF80035D3E90045C1E969
:101B3000004512F5A4710B6812F5A2710C68082219
:101B4000694614EBC30410EBC4000830FFF7DCFE59
:101B500000203EBD656570002DE9FE4304000D00C8
:101B60001600DBB2002B07D0402221002800FFF72F
:101B7000DCFE0020BDE8FE83082221002800FFF7DC
:101B8000D4FE082100226F463800F0F70DF8002738
:101B90000CE004EB0800007A012111FA09F959EA76
:101BA000000904EB080080F808900837B742E0D23B
:101BB000B9465FEAD909C8465FEAD80819F00709AB
:101BC0000822694678190830FFF7AFFE9DF800003B
:101BD000FE28DED104EB0800007A012111FA09F990
:101BE00030EA090904EB080080F80890DDE77FB5CA
:101BF000040011F5005514F5A870056014F5AE70D9
:101C0000026014F5AA70016014F5AC70D721016070
:101C100014F5A870016800234FF4D8622000FFF784
:101C20009BFF0A212000FFF787FEDFF800640422F3
:101C300031002000F6F7A0F8002859D014F5AA705A
:101C4000016800234FF4D8622000FFF785FF0422CB
:101C500031002000F6F790F8002803D02000FFF7AD
:101C6000ACFE45E014F5A87108684FF40051FFF789
:101C700047FE14F5AC70016814F5A27314F5A47254
:101C8000C908491C14F10800FFF778FE14F5A0718B
:101C90000860E74805F60805056014F5A0721168AC
:101CA0000068D0F50050B1EB102F0CD214F5A070E5
:101CB000026814F5AA7001682000FFF756FE14F5BB
:101CC000A67108600BE014F5A070026814F5A87006
:101CD00001682000FFF749FE14F5A671086014F5AD
:101CE000A67108684FF4807214F14001FFF71DFEE1
:101CF00014F5AC70016814F5A27314F5A472C90848
:101D0000491C14F10800FFF739FE14F5A0710860B2
:101D100014F5A070026814F5A87001682000FFF7A0
:101D200024FE14F5A671086014F5A271086814F574
:101D3000A472116814F5A0731A6814F5A6742368C8
:101D4000029001910092BB4AB1A10820F1F702FA7A
:101D5000002004B070BD1CB50400FE2114F1420047
:101D6000FFF7EBFDA4F8400014F5A0710868D72830
:101D70001FD3B14AA6A10820F1F7ECF914F5AA7116
:101D800008684FF40051FFF7BBFD14F5AA70016815
:101D900000222000FFF7E9FD4FF4807214F14001AA
:101DA000FFF7B2FD14F5B070012101602000FFF7CC
:101DB00004FE14F5A6710868C0040ED114F5A671CE
:101DC000086814F5A8721168884206D014F5A67147
:101DD00008684FF40051FFF793FD14F5A6710868E9
:101DE000B0F50050B0F5005F20D214F5B07108686E
:101DF00000281BD114F5A671086814F5A6710B68AC
:101E0000B0F5005001904FF4005000908B4A80A133
:101E10000820F1F79FF914F5A67108684FF4807255
:101E200014F14001B0F50050FFF76EFD14F5A671F6
:101E300008684FF4807214F14001FFF765FD14F556
:101E4000A471086814F5A472116814F5A2731A68D5
:101E50002144097A012313FA02F231EA02022044F2
:101E6000027214F5A471086814F5A87211680023B1
:101E70002044027A2000FFF745FE14F5A47108689B
:101E800014F5AA72116800232044027A2000FFF79B
:101E900039FE14F5AC70016814F5A27314F5A47240
:101EA000C908491C14F10800FFF768FD14F5A0717A
:101EB000086014F5A070026814F5A870016820008D
:101EC000FFF753FD14F5A671086014F5B0700021FA
:101ED0000160002016BD38B5040014F5AE73186813
:101EE000801E904204D214F5AE700268921EFFE785
:101EF00014F142052800F5F773FF2000FFF72BFFD0
:101F0000002032BD2DE9FF4104000D001600002025
:101F1000002014F5AC70016814F5A27314F5A472D6
:101F2000C908491C14F10800FFF728FD14F5A07139
:101F3000086014F5A070026814F5A870016820000C
:101F4000FFF713FD14F5A671086014F5A071086879
:101F5000002804D014F5A0700268521E00E0002290
:101F600014F5A87001682000FFF7FFFC80464FF4CD
:101F7000807214F140014046FFF7D7FC14F5A271BE
:101F8000086814F5A472116814F5A0731A6820A7E4
:101F90000290019100924346294A39000820F1F746
:101FA000D9F8FE2114F14200FFF7C7FCB4F8401045
:101FB00080B2884210D114F1420132002800F5F7B6
:101FC0000FFF204A39000820F1F7C4F80A2114F164
:101FD0004200FFF7B1FC17E01B4A39000820F1F777
:101FE000B9F8320029002000FFF733FD00280BD19B
:101FF0004FF400511548FFF783FC4FF4005114488B
:10200000FFF77EFCF2F735FA002004B0BDE8F0815E
:102010006565700094524B00E8534B00A4524B008E
:10202000B8524B00D0524B00E4524B00EC524B00E4
:10203000F41B4020F4524B003C534B004C534B00DC
:102040007C534B00C4534B00D4534B0000404C0016
:1020500000604C0030B4002300E05B1C834213D2CC
:10206000CC5C92EA0422002401E052000AE0250040
:10207000EDB2082DF1D21504F7D5150041F2210279
:1020800092EA4502641CF2E7100080B230BC70474F
:1020900010B50C00DBB2012B02D14FF6FF72FFE747
:1020A00092B201002000FFF7D5FF80B210BD000002
:1020B00038B50020AE48016811F1010F02D0016867
:1020C000491C0160AB4C2078012801D1012014E0AB
:1020D000A94D01234FF6FF72D8212800FFF7D8FF42
:1020E00043F6E53180B2884201D0002005E02800A7
:1020F00010F0D2F901202070012032BD9C48016807
:10210000491E01600068002802D10020994908702A
:1021100070479848007870477047704710B5974CE3
:102120002078012800D1002095480FF095FE45F653
:10213000A52180B2884203D101202070002002E056
:10214000002020700120C0B210BD00002DE9F04138
:102150000D0045F6A524260010F01EFC070005F52D
:10216000F855FF356D0B002084480078002801D118
:10217000FFF7D4FFFFF79CFFFFF7CBFF002801D14B
:1021800004204BE05FF000080EE018EB070010F0B1
:1021900007F84EF6B801884204D1002118EB070079
:1021A00010F050F818F10108A845EED372B65FF0B0
:1021B000000801E018F10108A84512D2002118EB2F
:1021C000070010F06EF910F0CAF9060030004EF268
:1021D000427180B28842F6D03000210080B288423D
:1021E000E8D062B65FF000080EE018EB07000FF0D1
:1021F000D7FF4EF6B801884204D1002118EB070042
:102200000FF058FF18F10108A845EED3FFF776FF4D
:10221000B6B2A64201D0012000E00020BDE8F08166
:102220002DE9F84F84B004008A46914645F6A5256D
:10223000AB46200010F0B0FB06000AF5F857FF3758
:102240007F0B1AF107085FEAD8081AF0070ACDF8E1
:1022500000A0002049480078002801D1FFF75EFF68
:10226000FFF726FFFFF755FF002801D1042063E0A8
:102270005FF0000A0EE01AEB06000FF091FF4EF639
:10228000B801884204D100211AEB06000FF0DAFFF2
:102290001AF1010ABA45EED372B65FF0000A01E006
:1022A0001AF1010AC2452DD2B8F10100824514D1BC
:1022B0000098002811D00821FF220DF1040B584688
:1022C000EFF772FC0098039009EBCA010DF1040BC3
:1022D000039A5846F5F784FD07E0082209EBCA0186
:1022E0000DF1040B5846F5F77BFD002301AA0821E8
:1022F00014EBCA0010F00EFA83465846290080B24B
:102300008842CDD062B600240BE0A0190FF048FF40
:102310004EF6B801884203D10021A0190FF0CAFE81
:10232000641CBC42F1D3FFF7E9FE1FFA8BFBAB45FF
:1023300001D0012000E0002005B0BDE8F08F70B5AD
:1023400004000D0016000D480078002801D1FFF7A9
:10235000E5FE3200290020000FF01AFE45F6A52107
:1023600080B2884201D1002000E00120C0B270BDDF
:102370006C1C4020B5244020F8150020B4244020D7
:10238000D05F4B00F8B504000D0016000020640B70
:102390006403FFF78DFE01F084FB4FF40051200031
:1023A000FFF7D4FE070001F07CFB3800C0B2002824
:1023B00005D12A0031002000FFF732FF0700FFF7A8
:1023C0009DFE3800C0B2F2BD80B500206A460DF116
:1023D0000101C0B2F2F7D4FDDFF8A013087800289D
:1023E0000BD101200870F5F779FC0300DFF890238A
:1023F000DFF890130420F0F7ADFE01BD3EB50C00F0
:102400000DF1010269460020F2F7BAFD0621002213
:1024100001AD2800EFF7C8FBDFF86C0300789DF8EA
:10242000041060F305018DF804109DF800000528E4
:1024300001D0012000E000209DF8041060F3861117
:102440008DF80410F3F70FFB000A9DF8051060F3F8
:1024500000018DF80510F3F706FBC0089DF8051084
:1024600060F341018DF80510F3F795FB002801D1C9
:10247000012000E000209DF8051060F382018DF836
:1024800005109DF8050010F0F7008DF805000622F4
:1024900001A924682000F5F7A3FCDFF8F00200682A
:1024A000DFF8EC12C1F8CC0000203EBDFEB50C00F8
:1024B0001500F5F713FC06002800C0B200F07CF808
:1024C00007002000C0B200F077F8019600970300E3
:1024D000DFF8C022DFF8AC120420F0F73BFE280042
:1024E000C0B2012803D02800C0B2022802D10020C7
:1024F000A2490870632019F0A1F9EDB2002D08D0AF
:10250000022D19D009D3042D4AD045D3052D4BD027
:102510004EE00120F5F75AFA4AE0F5F754FA082898
:1025200003D0F5F750FA092800D141E0F3F77BFB1F
:102530000220F5F74BFA3BE0F5F745FA082803D0FF
:10254000F5F741FA092800D132E00020FEF719F82A
:1025500000208D4908700720F5F738FAEFF762FE82
:10256000EFF788FE01208A490874A1210220EFF7C5
:102570002FF90021062019F048F90121832019F0D4
:1025800044F91CF0F1FEFAF7F6FDF2F7E1F9F3F782
:102590004AFB03F096FA0BE00620F5F717FA07E07E
:1025A0000520F5F713FA03E00420F5F70FFAFFE72B
:1025B000F7BD724800787047C0B2012809D014D323
:1025C00003280AD007D305280BD008D306280AD041
:1025D0000BE064A00AE0704808E063A006E063A096
:1025E00004E063A002E063A000E063A0704780B550
:1025F0006A48F2F717FB0020F2F7CBFD012068498B
:10260000087001BD6648007870471CB50DF10102E5
:1026100069460020F2F7B4FC624C207800280BD108
:10262000F3F721FA000707D59DF80000032803D12E
:102630000120207000F032F8F3F715FA000701D4FA
:102640000020207013BD10B5574C6068002808D0DA
:102650006068401E60606068002802D10820F3F7BF
:10266000BFF9A068002808D0A068401EA060A0683C
:10267000002802D10220F3F7B3F9E06800280CD05B
:10268000E068401EE060E068002806D12020F3F7F3
:10269000A7F94FF48070F3F7A3F910BD38B5002403
:1026A000F3F7E1F9050015F49D7F3ED00DF101022D
:1026B00069462000C0B2F2F763FC9DF801000028D3
:1026C00003D09DF80100012818D1A80704D52000E7
:1026D000C0B2F2F737FB2CE015F4987F09D1280738
:1026E00027D59DF80000032803D09DF80000052899
:1026F0001FD12000C0B2F2F746FB1AE015F4987F14
:1027000009D128070CD59DF80000032803D09DF8B7
:102710000000052804D12000C0B2F2F734FB08E025
:102720002000C0B2F2F788FB03E02000C0B2F2F74D
:1027300083FB31BD1C491D4A022807D0082809D057
:1027400020280BD0B0F5807F08D00AE05068401EEA
:10275000886006E01068401E486002E09068401EF5
:10276000C860704742535300525353004E4F5300BA
:10277000524D530053530000554E4B007A244020D5
:10278000380C4B00300C4B0089244020F81E4020B0
:10279000C0140020580C4B00740C4B00AC324B00A2
:1027A0007B2440207C244020380040207C0C4B00BF
:1027B00049690989A0F86210012180F86410704706
:1027C000002180F86410704780B590F86720012AD6
:1027D00008D0022A0AD0032A0CD0042A0AD0FF2AE1
:1027E00008D00BE0002280F8662007E0002280F885
:1027F000662003E0002280F86620FFE70A00D2B2DC
:10280000521E05D0521E022A05D9FD3A03D005E01A
:1028100080F8671002E080F86710FFE7002007F0FB
:1028200063F901BD80B5DFF88C0B4168002902D047
:10283000C869FFF7BDFF01BD02000120DFF8741B6E
:102840004968002902D0087810700020C0B2704793
:10285000DFF8601B4968C96981F8660070470200AB
:1028600001200021DFF84C1B4968002904D0C86909
:1028700090F8660010700020C0B2704780B501006B
:102880000020DFF8300B4068002805D0C069C9B2CD
:10289000FFF79AFFFFF7C6FF01BD020001200021EC
:1028A000DFF8101B4968002904D0C86990F8670058
:1028B00010700020C0B2704710B40200DFF8F83A80
:1028C00018680068806A006800E00830017892F8B3
:1028D0006740A14202D081790029F6D0817901298F
:1028E00003D118680068806A006810BC7047F0B4B3
:1028F000040000202500ADB2022D1ADA059D049EC9
:10290000DFF8B40A00688068C0680768A4B20C20C9
:10291000444307EB04000860086800681060106812
:10292000006818601868006830603068C069286006
:102930000120C0B2F0BC7047F0B4040000202500B4
:10294000ADB2002D1AD1059D049EDFF86C0A006817
:102950008068C0684768A4B20C20444307EB0400B9
:1029600008600868006810601068006818601868DF
:10297000006830603068C06928600120C0B2F0BCD7
:1029800070470022C368DB681A7000228368DB6826
:102990001A7000220A7700220A724FF6FF71C0688F
:1029A000C0680181704700B587B000210691002101
:1029B000059100210491002103910021029102A9B7
:1029C000019103A9009104AB05AA06A980B2FFF703
:1029D0008EFF002803D002990398FFF7D2FF07B0BB
:1029E00000BD30B587B004000D0000200690002027
:1029F000059000200490002003900020029002A87F
:102A0000019003A8009004AB05AA06A9200080B29B
:102A1000FFF76DFF00280ED0EDB2002D02D0012D82
:102A200004D008E003200299087704E0200080B277
:102A3000FFF7B9FFFFE707B030BD30B587B004003E
:102A40000D0000200690002003900020059000203B
:102A500004900020029002A8019004A8009005AB09
:102A600003AA06A9E0690088FFF741FF00282BD0E0
:102A7000029890F84000002826D1029880F85C5017
:102A80000520029981F840007F20029981F84100D9
:102A9000A06840680078029981F84200029880F8A6
:102AA0004350029841300299086503200299486515
:102AB0000420029981F84000029810F15001039817
:102AC0000069808808F034FE07B030BD70B504009E
:102AD0000120002500E06D1C0C22DFF8DC381968AD
:102AE000896849682E00B6B256433144097A0029F4
:102AF00017D11968896849682E00B6B256438959BA
:102B00000029E8D02000C0B21968896849682B0004
:102B10009BB202FB03F2895888470100C9B2002921
:102B2000D9D0C0B270BD010000200A6812783E2AD8
:102B300004D109684978802900D10120C0B27047CA
:102B400000200020DFF8700800688068C068816895
:102B500024E0C8690022027200220277002280F875
:102B60002020002280F84020002280F866200122E8
:102B700080F86720002280F860200022427700223F
:102B80008B68DB681A700022CB68DB681A704FF61E
:102B9000FF72CB68DB681A81C287243191F820006C
:102BA0000028D6D0DFF80C08012101700021416017
:102BB000704730B587B0002000200290DFF8F8475A
:102BC00020688068C06885680DE00BE0F5F786F83E
:102BD0000299D1F88C10401A40F2F511884201DBBD
:102BE000FFF7AEFF243595F82000002840F0B680AE
:102BF000E869029002980028F4D0029890F86700E3
:102C000001281BD0029890F8640001280BD102988B
:102C1000B0F86200002806D00298B0F86200401EAA
:102C20000299A1F862000298B0F86200002805D16C
:102C300001210298FFF7C8FD08F009FE0298007F05
:102C4000002809D00228C1D0032853D0042800F05E
:102C50008480052801D0B8E7C4E7029840680028BE
:102C600004D002984068401E02994860029840686B
:102C700000283ED10298FFF71FFE808880B24008EE
:102C800080B202994860206880688068002830D04F
:102C90002068806880680078012820D1029890F828
:102CA0006500002810D078212800FFF7C6FE0298A2
:102CB00090F8650000281CD0029890F86500401E2E
:102CC000029981F8650014E007F077F810212800D8
:102CD000FFF7B3FE02992800FFF753FE09E007F063
:102CE0006CF810212800FFF7A8FE02992800FFF7D2
:102CF00048FE77E7029890F8400000282CD1002089
:102D0000069000200390002005900020049002A867
:102D1000019004A8009005AB03AA06A902980088B8
:102D2000FFF7E5FD00280BD0039800698088042197
:102D3000029A11770299143180B208F0F9FC0BE085
:102D4000A8694068006980880421029A1177029975
:102D5000143180B208F0ECFC44E743E707B030BD23
:102D6000F0B587B004000D00160001270020069082
:102D70000020059000200490002003900020029085
:102D800002A8019003A8009004AB05AA06A92000A0
:102D900080B2FFF7ACFD002828D0039881688868CE
:102DA000A8421BD30298007A002818D1C86800787E
:102DB000002814D10120CA6810704868029AD060B7
:102DC000029805610020CA6850600220029A1072C1
:102DD000C868048188683060002700E00327380055
:102DE000C0B2002802D10298FFF7EAFC3800C0B256
:102DF00007B0F0BD2DE9F84187B006000C001500C2
:102E0000012700200690002005900020049000205B
:102E100003900020029002A8019003A8009004AB48
:102E200005AA06A9300080B2FFF761FD002869D02D
:102E30000398D0F808800298007A022833D1D8F895
:102E40000C000089310089B288422CD10298C068F8
:102E5000D8F80C10496800EB01066068002801D121
:102E6000002718E0D8F80810D8F80C004068091AB4
:102E7000606881420ED3626821683000F4F7B0FFC9
:102E8000D8F80C00416860684118D8F80C0041601F
:102E9000002700E00127D8F80810D8F80C00406897
:102EA000091A29602EE0029890F82000022829D102
:102EB0000298C08FB6B2B04224D16068002801D118
:102EC00000271AE00298806BD0F108006168884200
:102ED00012D30298006B0299896B00EB01066268BD
:102EE00021683000F4F77CFF0298816B606841181C
:102EF00002988163002700E001270298806BD0F1DF
:102F0000080028603800C0B208B0BDE8F08178B58C
:102F100087B005000C0000200690002005900020DE
:102F200004900020039000200020029002A801904D
:102F300003A8009004AB05AA06A9280080B2FFF7F9
:102F4000D6FC002862D003988668F0680089ADB28C
:102F5000A8425BD1F068406802990969884203D0B1
:102F600002980069002801D1012000E00020E4B2AD
:102F7000002C3DD1C0B200283AD003988068001DD3
:102F8000FFF7D1FD002814D002980069022810D163
:102F900003990298FFF70CFC0020029908724FF683
:102FA000FF70F1680881002003998968C96808707A
:102FB0002CE00298407F002828D1DFF8F8436068B1
:102FC00000280CD103980078FFF780FDC0B20028DC
:102FD0001CD10120029948770398606016E0002018
:102FE00002990872002003998968C96808700DE089
:102FF000FFF718FC0020029908724FF6FF70F16885
:103000000881002003998968C968087008B070BDFC
:1030100078B587B004000E000020059000200490D1
:10302000002006900020039000200020029002A8BB
:10303000019003A8009006AB04AA05A9200080B265
:10304000FFF755FC002800F0A880039885680298D7
:10305000007A022840F0A180E8680089210089B246
:10306000884240F09A80E86840680299096988427D
:1030700003D002980069002801D1012000E000205F
:10308000F6B2002E7BD1C0B2002878D003988068B9
:10309000001DFFF748FD002814D00298006902289F
:1030A00010D103990298FFF783FB00200299087260
:1030B0004FF6FF70E9680881002003998968C968A4
:1030C00008706AE00298407F002818D1B94E7068F5
:1030D00000280CD103980078FFF7F8FCC0B2002854
:1030E0000DD10120029948770398706007E0002015
:1030F00002990872002003998968C96808700298CB
:10310000407F012849D10298FFF7D6FB408880B262
:10311000400880B20299486005200299087202981E
:103120000069002803D1E868406802990861052019
:1031300002990877A0480068806880684078029902
:1031400081F865000398C068406802994861039857
:10315000C06880680299886102980480A4B20194D2
:1031600002981430009004980069838805980279C9
:103170000398016902980C3008F0F3FC0DE0FFF7AA
:1031800051FB0020029908724FF6FF70E968088130
:10319000002003998968C968087008B070BD2DE9DE
:1031A000F84187B00D001E00012400210691002186
:1031B000059100210491002103910021029102A9AF
:1031C000019103A9009104AB05AA06A980B2FFF7FB
:1031D000B3FB002800F081800398C76800240298A0
:1031E000007F02280DD004280CD10020F968486027
:1031F000022002990877F4F771FD0299C1F88C005A
:1032000001E000E001242000C0B2002824D1686859
:1032100000281AD002988169F8684068091A68681D
:10322000814201D2012410E06A6802984069F9687D
:1032300049680144D5F800804046F4F7D1FDF868AC
:10324000416868684118F868416002988169F868C7
:103250004068091A316040E02000C0B201283CD12A
:103260000024029890F8400002280DD004280CD1C8
:103270000298413002990865002002998865022071
:10328000029981F8400001E000E001242000C0B272
:10329000002822D16868002819D00298416D029850
:1032A000806D091A6868814201D201240FE06A68C2
:1032B0000298006D0299896D01442F683800F4F777
:1032C0008FFD0298816D68684118029881650298A7
:1032D000416D0298806D091A31602000C0B208B0BB
:1032E000BDE8F08130B587B00C00002106910021C7
:1032F000049100210591002103910021029102A96E
:10330000019103A9009105AB04AA06A980B2FFF7B9
:1033100013FB002824D000250398C0680298007F82
:10332000022810D103990298FFF742FA02990398F4
:10333000FFF727FB01252100C9B2049800698088A6
:1033400008F00AFCFFE7EDB2002D09D1029890F8D1
:103350004000022804D10020029981F84000FFE7D4
:1033600007B030BD00200020134909688968C9688A
:103370008A6804E0D169002900D0087F243292F8DD
:1033800020100029F6D0C0B27047002000200A4962
:1033900009688968C9688A6804E0D169002900D091
:1033A000087A243292F820100029F6D0C0B2704773
:1033B000000000002C0640201406402010B5964C5A
:1033C0002088EFF7C7FF954A954BEEF733FC00F0E6
:1033D0005FFD00EE100A934890F85100002809D0D4
:1033E000A078002806D1DFED8B0AB4EE600AF1EE7A
:1033F00010FA01DB002000E0012010BD0020704722
:1034000000207047002070470021017000207047A5
:1034100010B528210022844C2000EEF7C5FBF1F7FF
:103420006EFA10BD80498868401C8860487E01287B
:1034300002D1087E401C0876887E401C8876887FF2
:10344000401C88774878002801D10120487008691D
:10345000401C08610869C92806D300200861C878A3
:10346000002801D10120C8704869401C48614869A2
:1034700040F2F512904206D30020486108790028F6
:1034800001D101200871086AB0F57A7F02D2086A7A
:10349000401C0862486AB0F5FA6F02D2486A401CC4
:1034A0004862704760498878002801D101208870FF
:1034B000704710B50020087800280AD0012809D0EC
:1034C000022808D003283AD005283CD006284AD044
:1034D0004AE049E048E0FFF79BFF5448F3F79CFEC1
:1034E000534808F063FB534800F036FD00F096FAAD
:1034F00001280DD100F08AFA00210020FFF707FD16
:103500000120FFF7BBF9FFF78DF9012000F0A5FDC1
:1035100000F09CFA04002000C0B200280ED000F099
:103520008DFA00210020FFF7F2FC0120FFF7A6F939
:10353000FFF778F92000C0B200F0CAFD14E00020C7
:103540003949087010E00879002808D0364C2078F6
:10355000012801D0F9F7FDFD0120207002E00020D4
:103560003149087000E0FFE710BDC9B2022901D05F
:10357000112000E00020704710B52B4C6078012826
:1035800015D1002060702078012810D1607E0028BD
:103590000DD1E07E00280AD1607F002807D100F01D
:1035A000E6FCF7F72BFFF4F7FAF8FDF7D7FE2078E3
:1035B00001282AD1A078012801D10020A070E0784C
:1035C000012801D10020E0702079012801D10020DC
:1035D0002071FAF740F8607E012802D1207E15287C
:1035E0000BDAE07E012802D1A07E152805DA607F83
:1035F00001280AD1A07F152807DB00206076002073
:10360000E0760020607700F095F810BD064800785D
:103610007047000001000040D0160020CDCCCCCC7B
:10362000CCCCAC3F900400204800402060334B00DD
:103630008C5C4B006C424B000120704738B5002079
:103640001AF0ABFD00201AF0F2FD1AF045FE00283A
:10365000FBD11AF02CFE0B201AF070FE3149884283
:1036600000D0FEE700200EF03AF900201AF000FE2C
:10367000002015F06FFA00201BF003FB002106204C
:1036800018F0C3F80121832018F0BFF800201BF0C8
:103690005DFB00F0E9F90121082018F0B6F80121DE
:1036A000092018F0B2F80121632018F0AEF80121CA
:1036B0006E2018F0AAF8002013F0E6FE00210D207D
:1036C00018F0A3F80021012018F09FF800218A20AB
:1036D00018F09BF80021802018F097F800216F2047
:1036E00018F093F80021882018F08FF811220E4965
:1036F0000E4C14F143052800F4F772FB6420A0740B
:103700000220A0760020E0760021202018F07DF82D
:1037100000214E2018F079F8F4F726FBFEF7FEFCA6
:1037200031BD00BF00B4C404285B4B00C0140020AE
:103730007047704780B5F2F7A9F8F1F74FFF1AF01C
:10374000DCFD01BD2DE9F843A0B0002100210021DE
:103750000021002100250026C0B2002802D0012847
:1037600053D06AE0BB4C0220207000206070012022
:10377000E07001234FF6FF727E212000FEF788FCE7
:10378000A4F87E005FF080095FF48307DFF8C88249
:10379000002C54D06A4680213800FEF7D0FD4A46FE
:1037A00069462000F4F7E8FA002809D001264A46C5
:1037B00021003800FEF7E6FDC0B2002800D06D1CE5
:1037C0006A4680214046FEF7BAFD4A466946200017
:1037D000F4F7D2FA002809D001264A4621004046D3
:1037E000FEF7D0FDC0B2002800D06D1CF6B2002E4E
:1037F00006D02800C0B2002802D10520F4F771FAE3
:10380000EDB2002D1DD101201CE0944C0020207051
:10381000002060700020A070FF20207101234FF66F
:10382000FF727E212000FEF733FCA4F87E005FF0DB
:1038300080098B4FDFF82C82AAE7002003E00020EC
:1038400001E00020C0B221B0BDE8F08338B5C0B2BD
:10385000002802D001281FD039E0802100227D4CB1
:1038600025002800EEF7A0F90220207000206070EB
:103870000020A0700120E070002020710020607105
:103880000020A07101234FF6FF727E212000FEF779
:10389000FFFBA4F87E001AE0802100226F4C250077
:1038A0002800EEF781F900202070002060700020D1
:1038B000A0700120E070FF20207101234FF6FF72FD
:1038C0007E212000FEF7E4FBA4F87E00FFE731BD77
:1038D0002DE9F04FC1B0060000200020002000209C
:1038E00000200020002000273000C0B2002802D0B5
:1038F00001283DD054E0574D2C005FF080082A008D
:1039000080215FF48300FEF71AFDB5F87E00ADF864
:10391000000021AD5FF0800921AA80214E48FEF70A
:103920000EFDBDF802A1002C3BD0002D39D04FF682
:10393000FF7B01235A46B8F102012000FEF7A8FBE5
:10394000BDF8001080B288422ED001235A46B9F14A
:10395000020949462800FEF79BFB80B21FFA8AFA4B
:1039600050451FD03000C0B2FFF770FF012732E092
:103970003A4D2C005FF080082A0080213848FEF77D
:10398000DEFCB5F87E00ADF8000001AD5FF0800907
:1039900001AA80213348FEF7D2FCBDF882A0C2E71D
:1039A00021E020E0012716E001235A46B9F102097F
:1039B00049462800FEF76CFB80B21FFA8AFA504590
:1039C00001D0012707E0424629002000F4F7D4F98E
:1039D000002800D00127FFB2002F04D000203000C3
:1039E000C0B2FFF7AFFE41B0BDE8F08F80B5002058
:1039F000FFF76EFF0120FFF76BFF01BD80B50120CF
:103A0000144988710020FFF79DFE01BD80B500209C
:103A10001049C8710020FFF795FE01BD0D48C0791F
:103A2000002801D0012000E00020C0B2704780B51E
:103A3000084908720020FFF785FE01BD80B500200F
:103A4000044908720020FFF77DFE01BD0148007A9D
:103A5000704700009C01402000A041001C01402054
:103A600000C0440000E0440080B5002212492A2032
:103A70001BF04EF901212A201BF01AF90F490020F2
:103A80001CF012F800224FF4C85100201CF0DBF8A3
:103A900001BD80B500201CF016F900201CF04FF885
:103AA00001BD80B500201CF079F801BD0448016813
:103AB000491C01607047000089FE4A00088A4B00DB
:103AC0000C1F402080B5042380B208F0DAFA02BD52
:103AD00080B50522C9B280B208F0FFFB01BD80B5F8
:103AE000062380B208F000FC02BD1CB50724009438
:103AF00080B208F065FC16BD80B50822C9B280B25C
:103B000008F048FD01BD0000D2B2203A22BF21FAE0
:103B100002F0002170472032D141D040484091400E
:103B2000D14048407047000013F0004C03D55B4281
:103B3000524263F100039CEA210C00F0178010B59B
:103B4000644603D34942404261F1000100F00EF89F
:103B5000640004D34942404261F10001244203D58C
:103B60005B42524263F1000310BD0000BBBBE1B1F8
:103B7000B2F5803F80F07E80022A1ED98C46B1FBD0
:103B8000F2F102FB11C31B0443EA1043B3FBF2FC46
:103B900002FB1C3380B240EA0343B3FBF2F002FBAA
:103BA000103240EA0C4000237047022A05D98446AF
:103BB000B0FBF2F002FB10C270474AB105D100F031
:103BC000010249085FEA3000704700220023704775
:103BD00008F0E8BC0B000200002100207047904272
:103BE00071EB030CF6D3B3F5803F2FD2F0B5B3FAE7
:103BF00083F7B1FA81F4A7F10F0E3D1B5340CEF1CC
:103C0000200602FA0EF2F3415340B5F10F0746D8F1
:103C10000F3C2C444140C4F12006A040F1414140FA
:103C2000B1FBF3F603FB1611A2FB0645001BA941ED
:103C300002D2761E8018594180EA010221FA0EF361
:103C400062FA0EF200215A403046F0BD30B4B1FBAA
:103C5000F3FC03FB1C11A2FB0C45001BA94103D282
:103C6000ACF1010C8018594130BC02460B4660464D
:103C700000217047B2F1807F65D3F0B5B2FA82F7C8
:103C8000B1FA81F4C7F10F063D1B22FA06F307F1E2
:103C9000110EF24120355A40B5F10F07B8D9414015
:103CA000C4F12006A040F1414140B1FBF3FC03FB0D
:103CB0001C11A2FB0C45001BA94103D2BCF1010C55
:103CC000801859410F2F12D30F3FC90341EA5041C9
:103CD000B1FBF3F603FB1611A2FB0645D4EBC03093
:103CE000A94102D2761E8018594146EACC3C07B35E
:103CF0004140C7F12006B840F1414140B1FBF3F625
:103D000003FB1611A2FB0645001BA94102D2761E39
:103D10008018594180EA010221FA0EF3C7F120040C
:103D200062FA0EF20CFA07F05A402CFA04F1304312
:103D3000F0BD80EA010221FA0EF3002162FA0EF2D0
:103D400060465A40F0BD8C46B1FBF2F102FB11C354
:103D50001B0243EA1063B3FBF2FC02FB1C331B02A1
:103D60004CEA002043EA1063B3FBF2FC02FB1C3375
:103D70001B024CEA002043EA1063B3FBF2FC02FB97
:103D80001C331B024CEA002043EA1063B3FBF2FC35
:103D900002FB1C324CEA00200023704780B5002152
:103DA0000091D0E90023002008F0FEFB02BDF8B529
:103DB00004460D4616461F4608F0BAFC3B46C0684E
:103DC000009032462946204608F0FCFCF2BD000077
:103DD00080B500202449088000200BF015FE01BDAD
:103DE00021480088002801D0012000E00020704711
:103DF00010B51E4900200BF049FEC0B2002805D1C5
:103E00000C221B491B4C2000F3F7EAFF10BD10B534
:103E10000C210022174C2000EDF7C6FE00221649A7
:103E2000B4201AF075FF0121B4201AF041FF0020E0
:103E30000BF01EFD0E4900200BF076FD00200BF06C
:103E400064FEFFF7C5FF10BD80B50BF097FD01BD07
:103E50000100C9B2062901DB002003E00549C0B218
:103E600031F810007047000064244020101C4020EE
:103E7000F81B4020041C40207DFD4A0080B5FFF760
:103E8000AFFF002803D0FFF7B3FFFFF7A1FF01BD8D
:103E900001F000428B1AA3F16051B1F5801F0ADBDB
:103EA000B1F17F6F1FD242EAC102C10071F100413E
:103EB00042EB507070470B15C3F10903212B10D250
:103EC000890241EA905180020128494141F00041B4
:103ED00021FA03F0C3F12003994071F100415041F0
:103EE0007047100070476FF0000013EB103F5CBF8D
:103EF000000E42EAC0507047D0ED000A90ED021A61
:103F000070EE810AC0ED000AD0ED000A90ED031AB0
:103F100070EE810A90ED001AC1EE200AC0ED010A90
:103F2000D0ED040A30EE600AD0ED010A90ED041ADB
:103F300000EE201A80ED041AB7EE000AD0ED010A57
:103F400030EE600AD0ED000A20EE200A80ED000A73
:103F500090ED040A7047000080B55C490860FEF7E8
:103F6000EFFD07F069FD012005F0BEFD01BD80B544
:103F700007F063FD05F011FFFEF71BFE01BD80B5E4
:103F800080B2FEF7EDFEC0B202BD80B580B2FEF792
:103F900031FF02BD80B5C9B280B2FFF739F801BD6B
:103FA00010B504002000FEF75AFC002801D00020C4
:103FB0002070002010BD10B504002000FEF76DFC3D
:103FC000002801D001202070002010BD80B5C9B2AA
:103FD00080B2FFF787F901BD80B580B2FFF7DFF847
:103FE00002BD38B584B000200020384800688068E1
:103FF000C06885682BE0EC69002C27D0207F05285D
:1040000024D12000FEF758FC8088606003208DF8E2
:1040100000007F208DF801006846A968496809788A
:1040200081707821C1700421552201AC2000EDF788
:10403000BBFD68460290082003900220F3F751FE72
:1040400002A90A200FF018FE07F0A1FD243595F80B
:1040500020000028CFD005B030BDF8B51B49096855
:104060000968896A0A6800E0083211780300DBB247
:10407000994202D091790029F6D09179002923D173
:1040800006218DF8001050218DF8011069468870C6
:10409000508880B2000A8DF803005088087190881B
:1040A0000A2290FBF2F0020092B2120A8DF805206B
:1040B000887155208DF8070068460290082003900B
:1040C00002A90A200FF0D8FD05B000BD140640205B
:1040D000F8B502218DF8001051218DF801106946C4
:1040E000887055208DF803005520087155208DF8F3
:1040F000050055208DF8060055208DF8070068460C
:1041000002900820039002A90A200FF0B5FD05B027
:1041100000BD0000C0B2084110F00100704710B5AA
:104120000021DFF81C19096880B2B1FBF0F200FB36
:10413000121000284ED18B2017F054FB0400DFF83A
:10414000040901782200D2B2914204D00470002008
:10415000DFF8F4180870DFF8F0080178491C0170E6
:104160000078152836DB2000C0B2002817D1DFF810
:10417000DC18D1F8E400C0F38010002826D1D1F873
:10418000E40050F04000C1F8E400F3F7A7FD03009D
:10419000DFF8BC2853A10220EEF7DCFF16E0DFF8C1
:1041A000AC18D1F8E400C0F3801000280ED0D1F88C
:1041B000E40030F04000C1F8E400F3F78FFD0300A5
:1041C000DFF8902847A10820EEF7C4FFE4B22000F2
:1041D00003F0F2FD10BD0020DFF87C180870FF200E
:1041E000DFF87818087070473EB50021DFF85018E6
:1041F000096880B2B1FBF0F200FB121000285FD119
:10420000DFF84848257A2800C0B2FF2802D1FFF71E
:10421000E2FF55E0DFF8440801782A00D2B291426B
:1042200018D005700020DFF830180870F3F756FD3D
:104230002900C9B2002902D0DFF8243801E0DFF8F4
:1042400024380190EDB20095DFF81C2825A1082044
:10425000EEF780FFDFF800080178491C0170007854
:1042600005282DDB207A012815D1D4F8E400C0F30D
:104270004020002824D0D4F8E40030F40070C4F8C2
:10428000E400F3F72BFD0300DFF8E02715A1082079
:10429000EEF760FF14E0D4F8E400C0F340200028FB
:1042A0000ED1D4F8E40050F40070C4F8E400F3F741
:1042B00015FD0300DFF8B8270AA10220EEF74AFF38
:1042C00037BD80B50A20FFF72AFFDFF88007D0F856
:1042D000E400C0F38010002802D16420FFF784FFBF
:1042E00001BD0000545000007CB5DFF86047D4F8F1
:1042F0002C01002840F08081DFF8440700684FF46B
:104300007A71B0FBF1F201FB1200002840F07481D9
:1043100094F83001C00740F16F814FF437724021AB
:104320000120EFF77FF90500A078032805D0A078D9
:10433000092802D0A078012815D1D4F8E800C0F3EC
:10434000C020002824D1D4F8E80050F40060C4F85C
:10435000E800F3F7C3FC0300DFF81827A7A1022049
:10436000EEF7F8FE14E0D4F8E800C0F3C02000280F
:104370000ED0D4F8E80030F40060C4F8E800F3F799
:10438000ADFC0300DFF8F0269CA10820EEF7E2FE6A
:1043900003212800C0B2FFF7BDFE05002800C0B20F
:1043A00000281AD1DFF8686C307801280ED0F3F7B6
:1043B00095FC0190EDB20095D4F82831DFF8542C2B
:1043C0008EA10220EEF7C6FE01203070D4F82C0139
:1043D00050F00100C4F82C0135E0DFF8346C30787F
:1043E00000280CD0F3F77AFC0090EDB22B00DFF838
:1043F000282C82A10820EEF7ADFE00203070D4F802
:10440000E80040084000C4F8E800D4F8E80030F0C4
:104410000400C4F8E800D4F8E80030F01000C4F854
:10442000E800D4F8E80030F02000C4F8E800D4F840
:10443000E80030F04000C4F8E800D4F8E80030F0BC
:104440008000C4F8E80040F2E52240210120EFF7A7
:10445000E9F80321C0B2FFF75DFE05002800C0B2F5
:10446000002819D1D4F8E800C0F3802000280CD12E
:10447000F3F734FC0190EDB20095D4F82831DFF861
:104480009C2B5EA10220EEF765FED4F8E80050F404
:104490008060C4F8E80005E0D4F8E80030F48060FB
:1044A000C4F8E8000D2240210120EFF7BBF8050019
:1044B0002800C0B29B2819D0D4F8E800C0F300202F
:1044C00000280CD1F3F70AFC0190EDB20095D4F866
:1044D0002831DFF84C2B49A10220EEF73BFED4F83F
:1044E000E80050F48070C4F8E80005E0D4F8E80073
:1044F00030F48070C4F8E80040F2DF22402101204F
:10450000EFF790F80321C0B2FFF704FE0500280082
:10451000C0B200281AD1DFF80C6B307801280ED019
:10452000F3F7DCFB0190EDB20095D4F82831DFF809
:10453000F82A32A10220EEF70DFE01203070D4F8E7
:104540002C0150F40060C4F82C0155E0DFF8D46A67
:10455000307800280ED0F3F7C1FB0190EDB2009542
:10456000D4F82831DFF8C42A24A10820EEF7F2FDA0
:1045700000203070D4F8E80030F48040C4F8E8003F
:10458000D4F8E80030F40040C4F8E800D4F8E800BB
:1045900030F40030C4F8E800D4F8E80030F48020AB
:1045A000C4F8E800D4F8E80030F40020C4F8E800CB
:1045B000D4F8E80030F48010C4F8E800D4F8E8003B
:1045C00030F40000C4F8E800D4F8E80030F480309B
:1045D000C4F8E800D4F8E80030F40010C4F8E800AB
:1045E000D4F8E80030F48000C4F8E800D4F8E8001B
:1045F00030F08070C4F8E80073BD00005450000033
:104600003EB5DFF8484494F82C01C00751D500208E
:104610008DF808004FF218050020009002AB28002A
:1046200002002021012002F079FF002841D0002162
:104630009DF80800FFF76EFD002817D094F8E800F9
:10464000C0070CD4F3F74AFB01909DF808000090D6
:104650002B00DFF8DC29BBA10820EEF77BFDD4F8A6
:10466000E80050F00100C4F8E80016E094F8E80013
:10467000C0070CD5F3F732FB01909DF808000090BD
:104680002B00DFF8B029AFA10820EEF763FDD4F8C6
:10469000E80040084000C4F8E800D4F82C014008C5
:1046A0004000C4F82C01D4F82C0150F00200C4F8EA
:1046B0002C01D4F82C01C0F34000002855D0002074
:1046C0008DF808004FF21D050020009002AB280075
:1046D00002002021012002F021FF002845D0002106
:1046E0009DF80800FFF716FD002819D0D4F8E8005F
:1046F000C0F3800000280CD1F3F7F0FA01909DF888
:10470000080000902B00DFF830298EA10220EEF780
:1047100021FDD4F8E80050F00400C4F8E80018E0E7
:10472000D4F8E800C0F3800000280CD0F3F7D6FAE4
:1047300001909DF8080000902B00DFF8002981A16E
:104740000820EEF707FDD4F8E80030F00400C4F8C4
:10475000E800D4F82C0130F00200C4F82C01D4F8A1
:104760002C0150F00400C4F82C01D4F82C01C0F343
:104770008000002855D000208DF808004FF2190560
:104780000020009002AB280002002021012002F04E
:10479000C5FE002845D000219DF80800FFF7BAFCAF
:1047A000002819D0D4F8E800C0F3001000280CD17C
:1047B000F3F794FA01909DF8080000902B00DFF8C1
:1047C000802860A10220EEF7C5FCD4F8E80050F084
:1047D0001000C4F8E80018E0D4F8E800C0F30010B6
:1047E00000280CD0F3F77AFA01909DF808000090A9
:1047F0002B00DFF8502853A10820EEF7ABFCD4F8CB
:10480000E80030F01000C4F8E800D4F82C0130F0D3
:104810000400C4F82C01D4F82C0150F00800C4F8AE
:104820002C01D4F82C01C0F3C000002855D0002082
:104830008DF808004FF21C050020009002AB280004
:1048400002002021012002F069FE002845D000214D
:104850009DF80800FFF75EFC002819D0D4F8E800A6
:10486000C0F3401000280CD1F3F738FA01909DF8FE
:10487000080000902B00DFF8D02732A10220EEF7CD
:1048800069FCD4F8E80050F02000C4F8E80018E013
:10489000D4F8E800C0F3401000280CD0F3F71EFA5B
:1048A00001909DF8080000902B00DFF8A02725A1BB
:1048B0000820EEF74FFCD4F8E80030F02000C4F8F0
:1048C000E800D4F82C0130F00800C4F82C01D4F82A
:1048D0002C0150F01000C4F82C01D4F82C01C0F3C6
:1048E0000010002855D000208DF808004FF2260552
:1048F0000020009002AB280002002021012002F0DD
:104900000DFE002845D09DF8080010F0070F1BD0C1
:10491000D4F8E800C0F3801000280CD1F3F7DEF9DA
:1049200001909DF8080000902B00DFF8242705A1D6
:104930000220EEF70FFCD4F8E80050F04000C4F875
:10494000E8001AE054500000D4F8E800C0F38010EA
:1049500000280CD0F3F7C2F901909DF808000090F0
:104960002B00DFF8F02635A10820EEF7F3FBD4F892
:10497000E80030F04000C4F8E800D4F82C0130F032
:104980001000C4F82C01D4F82C0150F02000C4F819
:104990002C01D4F82C01C0F3401000284CD000208A
:1049A0008DF808004FF21A050020009002AB280095
:1049B00002002021012002F0B1FD00283CD09DF82A
:1049C0000800C00719D5D4F8E800C0F3C0100028CB
:1049D0000CD1F3F783F901909DF8080000902B00AB
:1049E000DFF8742615A10220EEF7B4FBD4F8E80036
:1049F00050F08000C4F8E80018E0D4F8E800C0F3F4
:104A0000C01000280CD0F3F769F901909DF8080058
:104A100000902B00DFF8442608A10820EEF79AFB4F
:104A2000D4F8E80030F08000C4F8E800D4F82C0195
:104A300030F02000C4F82C0137BD000054500000B5
:104A4000F81E4020E133402085244020C01400207F
:104A50009C114B00BC114B0086244020E2334020C7
:104A600004124B0010124B00E4114B0018124B00C3
:104A700034124B0050124B006C124B003EB5DFF865
:104A8000E045D4F82C01C0F3C020002800F0A1813B
:104A900000208DF808004FF248050020009002AB7E
:104AA000280002002021012002F038FD002800F03B
:104AB00090819DF80800000619D5D4F8E800C0F3ED
:104AC000803000280CD1F3F709F901909DF8080017
:104AD00000902B00DFF88C25AAA10220EEF73AFB0C
:104AE000D4F8E80050F48040C4F8E80018E0D4F8A6
:104AF000E800C0F3803000280CD0F3F7EFF8019005
:104B00009DF8080000902B00DFF85C259DA108208F
:104B1000EEF720FBD4F8E80030F48040C4F8E80059
:104B20009DF80800800619D5D4F8E800C0F3C0301D
:104B300000280CD1F3F7D2F801909DF808000090FE
:104B40002B00DFF828258FA10220EEF703FBD4F815
:104B5000E80050F40040C4F8E80018E0D4F8E80099
:104B6000C0F3C03000280CD0F3F7B8F801909DF8DE
:104B7000080000902B00DFF8F82482A10820EEF74F
:104B8000E9FAD4F8E80030F40040C4F8E8009DF8F1
:104B90000800C00619D5D4F8E800C0F3404000284A
:104BA0000CD1F3F79BF801909DF8080000902B00C2
:104BB000DFF8C02473A10220EEF7CCFAD4F8E800A5
:104BC00050F40030C4F8E80018E0D4F8E800C0F36E
:104BD000404000280CD0F3F781F801909DF80800C0
:104BE00000902B00DFF8902466A10820EEF7B2FABF
:104BF000D4F8E80030F40030C4F8E8009DF808006C
:104C0000000719D5D4F8E800C0F3804000280CD183
:104C1000F3F764F801909DF8080000902B00DFF88E
:104C20005C2458A10220EEF795FAD4F8E80050F47D
:104C30008020C4F8E80018E0D4F8E800C0F3804011
:104C400000280CD0F3F74AF801909DF80800009076
:104C50002B00DFF82C244BA10820EEF77BFAD4F8C8
:104C6000E80030F48020C4F8E8009DF80800400611
:104C700019D5D4F8E800C0F3C04000280CD1F3F7F0
:104C80002DF801909DF8080000902B00DFF8F42328
:104C90003CA10220EEF75EFAD4F8E80050F40020C0
:104CA000C4F8E80018E0D4F8E800C0F3C0400028D9
:104CB0000CD0F3F713F801909DF8080000902B003A
:104CC000DFF8C4232FA10820EEF744FAD4F8E80057
:104CD00030F40020C4F8E8009DF80800400719D51A
:104CE000D4F8E800C0F3005000280CD1F2F7F6FF2A
:104CF00001909DF8080000902B00DFF8482D21A1BD
:104D00000220EEF727FAD4F8E80050F48010C4F837
:104D1000E80018E0D4F8E800C0F3005000280CD0F8
:104D2000F2F7DCFF01909DF8080000902B00DFF8FF
:104D3000182D14A10820EEF70DFAD4F8E80030F48D
:104D40008010C4F8E8009DF80800C0071CD5D4F80E
:104D5000E800C0F3C05000280CD1F2F7BFFF01906B
:104D60009DF8080000902B00DFF8E02C05A1022040
:104D7000EEF7F0F9D4F8E80050F40000C4F8E800C9
:104D80001BE000BF54500000D4F8E800C0F3C0504E
:104D900000280CD0F2F7A2FF01909DF808000090C7
:104DA0002B00DFF8302D99A10820EEF7D3F9D4F8C5
:104DB000E80030F40000C4F8E800D4F82C0130F426
:104DC0000060C4F82C01D4F82C0150F40050C4F851
:104DD0002C01D4F82C01C0F34030002852D0002020
:104DE0008DF808004FF247050020009002AB280024
:104DF00002002021012002F091FB002842D09DF802
:104E00000800000719D5D4F8E800C0F300400028D6
:104E10000CD1F2F763FF01909DF8080000902B0081
:104E2000DFF8C42C79A10220EEF794F9D4F8E80059
:104E300050F48030C4F8E80018E0D4F8E800C0F37B
:104E4000004000280CD0F2F749FF01909DF80800BF
:104E500000902B00DFF8942C6CA10820EEF77AF973
:104E6000D4F8E80030F48030C4F8E800D4F82C011D
:104E700030F40050C4F82C01D4F82C0150F4002078
:104E8000C4F82C01D4F82C01C0F3C040002800F075
:104E9000BC8000208DF808004FF2460500200090ED
:104EA00002AB280002002021012002F037FB00287D
:104EB00000F0AB809DF80800C00619D5D4F8E800D2
:104EC000C0F3405000280CD1F2F708FF01909DF884
:104ED000080000902B00DFF8DC2C4CA10220EEF73C
:104EE00039F9D4F8E80050F40010C4F8E80018E0EC
:104EF000D4F8E800C0F3405000280CD0F2F7EEFEE2
:104F000001909DF8080000902B00DFF8AC2C3FA129
:104F10000820EEF71FF9D4F8E80030F40010C4F8C8
:104F2000E8009DF80800000719D5D4F8E800C0F3A0
:104F3000805000280CD1F2F7D1FE01909DF80800B6
:104F400000902B00DFF8742C30A10220EEF702F95C
:104F5000D4F8E80050F48000C4F8E80018E0D4F871
:104F6000E800C0F3805000280CD0F2F7B7FE0190A3
:104F70009DF8080000902B00DFF8442C23A10820A6
:104F8000EEF7E8F8D4F8E80030F48000C4F8E80060
:104F90009DF80800400719D5D4F8E800C0F3006078
:104FA00000280CD1F2F79AFE01909DF808000090BD
:104FB0002B00DFF8142C15A10220EEF7CBF8D4F863
:104FC000E80050F08070C4F8E80018E0D4F8E80079
:104FD000C0F3006000280CD0F2F780FE01909DF82D
:104FE000080000902B00DFF8E42B08A10820EEF762
:104FF000B1F8D4F8E80030F08070C4F8E800D4F8D4
:105000002C0130F40020C4F82C0137BD54500000AE
:10501000E333402088124B00AC124B00D0124B00FF
:10502000F4124B00E433402014134B0038134B00B0
:105030005C134B0084134B00AC134B00D0134B009C
:10504000F4134B0018144B003C144B0064144B0039
:105050008C144B00B8144B00E4144B000C154B009F
:10506000C014002034154B0058154B007C154B0024
:10507000A0154B00C4154B00F0154B001C164B003F
:1050800040164B0064164B008C164B00F8B584B0EC
:1050900005000E000024F2F721FE3100C9B20029FC
:1050A00001D02AA100E02AA12AA7019000912B009B
:1050B000DFF81C2B39001020EEF74CF82800DFF841
:1050C000141B884248D0DFF8101B884200F0B780DC
:1050D000DFF8081B884200F00981DFF8041B8842D2
:1050E00000F05A81DFF8FC1A884200F0AB81DFF84B
:1050F000F81A884200F0EF81DFF8F01A884200F0D9
:105100003982DFF8EC1A884200F09282DFF8E41A64
:10511000884200F0DD82DFF8E01A884200F039832F
:10512000DFF8D81A884200F08883DFF8D41A884262
:1051300000F0C483DFF8CC1A884200F01284DFF854
:10514000C81A884200F0908000F06BBC6572720053
:105150006F6B000054500000F6B2002E69D00A2098
:10516000F2F7BFFD1F2345F204022021012002F0C7
:1051700027F80A20F2F7B5FD1F2345F2050220218A
:10518000012002F01DF80A20F2F7ABFDFEF789FCC2
:10519000BF2345F206022021012002F011F80A2067
:1051A000F2F79FFD3F2345F207022021012002F084
:1051B00007F80A20F2F795FD012345F2402220214D
:1051C000012001F0FDFF0A20F2F78BFD012345F2DB
:1051D00040422021012001F0F3FF0A20F2F781FD77
:1051E000FEF75FFC012345F240622021012001F01F
:1051F000E7FF0A20F2F775FD012345F64002202162
:10520000012001F0DDFF0A20F2F76BFD01234DF2D2
:10521000F0022021012001F0D3FF0A20F2F761FD06
:1052200001234DF201022021012001F0C9FF0124D8
:1052300004E00120DFF8D41908700124FAE3F6B283
:10524000002E0BD00A20F2F74CFD012343F60B028F
:105250002021012001F0B4FF012404E00120DFF847
:10526000AC1908700124E5E3F6B2002E34D0012118
:105270000F2016F0CAFA00208DF80D0043F6200426
:10528000002000900DF10D0322002021012002F0EA
:10529000E2F81420F2F725FD9DF80D0050F02000F3
:1052A0008DF80D009DF80D30200002002021012016
:1052B00001F086FF1420F2F714FD9DF80D0050F068
:1052C00004008DF80D009DF80D30220020210120F2
:1052D00001F076FF012408E000210F2016F095FA76
:1052E0000120DFF8281908700124A3E3F6B2002E8C
:1052F0004CD000208DF80A0043F6A75400200090FF
:105300000DF10A0322002021012002F02DF89DF862
:105310000A0010F0EF008DF80A009DF80A30220014
:105320002021012001F098FFFEF7BBFB43F6A954B2
:10533000002000900DF10A0322002021012002F03C
:1053400013F89DF80A0050F001008DF80A009DF84E
:105350000A3022002021012001F07EFFFEF7A1FB90
:10536000002000900DF10A034FF249022021012094
:1053700002F071F8002000900DF10A034FF248028C
:105380002021012002F067F8012404E00120DFF869
:105390007C18087001244DE3F6B2002E4CD000209A
:1053A0008DF80900002000900DF109034FF4005220
:1053B0002021012001F0D8FF9DF8090010F0FB002A
:1053C0008DF809009DF809304FF40052202101208A
:1053D00001F042FFFEF765FB42F207040020009057
:1053E0000DF1090322002021012001F0BDFF9DF8ED
:1053F000090050F001008DF809009DF809302200E5
:105400002021012001F028FFFEF74BFB0020009037
:105410000DF109034FF249022021012002F01BF88F
:10542000002000900DF109034FF2480220210120D5
:1054300002F011F8012404E00120DFF8D017087011
:105440000124F7E2F6B2002E3FD000208DF80C00C8
:105450000020009003AB44F60F722021012001F0E0
:1054600083FF44F20A640020009003AB2200202155
:10547000012001F079FF9DF80C0010F0F0008DF88C
:105480000C009DF80C3022002021012001F0E4FEE8
:10549000032340F207322021012001F0DDFEFEF758
:1054A00000FB0020009003AB4FF2490220210120B5
:1054B00001F0D1FF0020009003AB4FF24802202101
:1054C000012001F0C8FF012404E00120DFF83C17AF
:1054D00008700124AEE2F6B2002E45D000208DF80F
:1054E0000B00002000900DF10B034FF4816220218E
:1054F000012001F039FF002000900DF10B034FF463
:1055000082622021012001F02FFFFEF7CAFA9DF8E8
:105510000B0010F0FD008DF80B009DF80B304FF4E0
:1055200082622021012001F097FEAA234FF48162BC
:105530002021012001F090FEFEF7B3FA0020009038
:105540000DF10B034FF249022021012001F083FFEE
:10555000002000900DF10B034FF2480220210120A2
:1055600001F079FF012404E00120DFF8A0160870A3
:1055700001245FE2F6B2002E54D000208DF8040022
:105580000020009001AB4FF441722021012001F076
:10559000EBFE0020009001AB4FF44072202101206F
:1055A00001F0E2FE0020009001AB4FF48862202160
:1055B000012001F0D9FE0A208DF804009DF8043086
:1055C0004FF440722021012001F046FE00208DF8AA
:1055D00004009DF804304FF488622021012001F07E
:1055E0003BFE02208DF804009DF804304FF4417218
:1055F0002021012001F030FE0A208DF804009DF8E2
:1056000004304FF440722021012001F025FE0020DB
:10561000009001AB44F60F722021012001F0A4FE9E
:10562000012404E00120DFF8E4150870012401E200
:10563000F6B2002E46D000208DF8080044F636540D
:105640000020009002AB22002021012001F08CFEFE
:105650009DF8080010F0DF008DF808009DF8083074
:1056600022002021012001F0F7FDFEF71AFA44F68E
:1056700037540020009002AB22002021012001F0CD
:1056800073FE9DF8080050F001008DF808009DF8A9
:10569000083022002021012001F0DEFD00200090D2
:1056A00002AB4FF249022021012001F0D4FE00207C
:1056B000009002AB4FF248022021012001F0CBFE06
:1056C000012404E00120DFF8441508700124B1E151
:1056D000F6B2002E57D000208DF80F0044F285540A
:1056E000002000900DF10F0322002021012001F085
:1056F0003BFE44F28655002000900DF10F032A0076
:105700002021012001F030FEFEF7CBF9002344F206
:1057100095522021012001F09FFD0023220020212D
:10572000012001F099FD00232A002021012001F031
:1057300093FDFEF7B6F9002000900DF10F03220053
:105740002021012001F010FE002000900DF10F0338
:105750002A002021012001F007FE002000900DF119
:105760000F034FF249022021012001F074FE0020B6
:1057700000900DF10F034FF248022021012001F0AB
:105780006AFE012404E00120DFF88014087001247F
:1057900050E1F6B2002E4AD000208DF8070044F602
:1057A0000474002000900DF1070322002021012045
:1057B00001F0DAFD9DF8070010F0FE008DF80700FB
:1057C0009DF8073022002021012001F045FDFEF761
:1057D00068F943F20204002000900DF10703220053
:1057E0002021012001F0C0FD9DF8070010F0F70016
:1057F0008DF807009DF8073022002021012001F0DC
:105800002BFD002000900DF107034FF249022021EB
:10581000012001F020FE002000900DF107034FF25F
:1058200046022021012001F016FE012404E001209F
:10583000DFF8D81308700124FCE0F6B2002E39D04E
:10584000002344F606722021012001F005FDFEF739
:1058500028F900208DF80E0044F604740020009012
:105860000DF10E0322002021012001F07DFD9DF8A5
:105870000E0010F0EF008DF80E009DF80E302200A3
:105880002021012001F0E8FC002000900DF10E0322
:105890004FF249022021012001F0DDFD002000909F
:1058A0000DF10E034FF246022021012001F0D3FD3D
:1058B000012402E00120D5490870BBE0F6B2002EB9
:1058C0004AD000208DF8060043F62764002000909F
:1058D0000DF1060322002021012001F045FD9DF875
:1058E000060010F0FB008DF806009DF8063022003F
:1058F0002021012001F0B0FCFEF7D3F843F6296423
:10590000002000900DF1060322002021012001F06B
:105910002BFD9DF8060050F001008DF806009DF863
:10592000063022002021012001F096FC002000908A
:105930000DF106034FF249022021012001F08BFDF9
:10594000002000900DF106034FF2480220210120B3
:1059500001F081FD012403E00120AC49087001241D
:1059600068E0F6B2002E57D000208DF8050043F213
:105970002024002000900DF10503220020210120A9
:1059800001F0F2FC9DF8050010F0BF008DF8050055
:10599000002322002021012001F05EFCFEF781F8A7
:1059A00043F22624002000900DF10503220020215F
:1059B000012001F0D9FC9DF8050050F001008DF8A0
:1059C00005009DF8053022002021012001F044FC53
:1059D000FEF767F800208DF80500002000900DF11B
:1059E00005034FF249022021012001F034FD00207F
:1059F00000900DF1050322002021012001F0B4FCEC
:105A0000002000900DF105034FF2460220210120F5
:105A100001F021FD012403E001207C4908700124EC
:105A200008E0F2F75BF900902B00794A3900022078
:105A3000EDF790FB2000C0B205B0F0BD75480078CE
:105A400070470000B4164B00E4164B0014174B00CF
:105A500038B56E48704C21780278914205D00078B4
:105A60002070F2F73BF96D4908602078032816D1C1
:105A7000684D2878002812D1F2F730F96749096893
:105A8000401A40F6B931884209DBF2F727F90300E2
:105A9000634A4CA10420EDF75DFB012028702078BB
:105AA00003280DD05B4C2078012809D1F2F716F9B4
:105AB00003005C4A43A10420EDF74CFB002020705A
:105AC00031BD5948002141700021017000218170D1
:105AD0007047000044174B0053488078032801DBCF
:105AE000012000E00020704774174B009C174B000A
:105AF000FEB54E4C207800285AD0FFF7EDFF012864
:105B000056D0F9F77DFD3C2809DA474D6878002822
:105B10000ED101206870F2F7E1F8686008E0424DAC
:105B20006878012804D100206870F2F7D7F868601F
:105B30003D4D687801283BD12878002838D1F2F70C
:105B4000CDF86968401A652832DB01202870A878F2
:105B5000FF2802D0A878401CA870F2F7BFF8060012
:105B6000F9F74EFD17A701960090AB78304A39003F
:105B70000220EDF7EFFAFFF7AFFF00218A2015F0C2
:105B800044FE0021802015F040FE00202070F2F736
:105B9000A5F80300274A39000820EDF7DBFA0320B7
:105BA0001A490870F8F7ACFB0020687000202870D4
:105BB000F7BD0000C4174B00F4174B0024184B002E
:105BC0004C184B005450000074184B009C184B00AC
:105BD000C4184B002000C6002005C6002013C600D4
:105BE0002014C6002015C6002016C6002017C600C7
:105BF0002018C6002019C6002020C6002021C6009B
:105C00002022C6002023C6002024C600C014002085
:105C1000DC184B008724402088244020AC00402022
:105C2000FC184B0018194B00B00040209024402075
:105C300034194B0060194B0080B5F9F7E1FC61287D
:105C400003DBFFF749FF012801D1012000E000201C
:105C5000002801D0012000E00020C0B202BD0000F9
:105C600070B504000D000020002607E004EB0600DC
:105C70004278A15D5C20EDF7EEFBB61CAE42F5D399
:105C800070BD70B504000D000020002607E004EB95
:105C900006004278A15D5D20EDF7DDFBB61CAE424B
:105CA000F5D370BD70B504000D000020002607E09C
:105CB00004EB06004278A15D5F20EDF7CCFBB61C3B
:105CC000AE42F5D370BD10B5DFF82444207800282B
:105CD00020D0022832D027D3042843D038D3062836
:105CE00054D049D3082865D05AD30A2876D06BD32C
:105CF0000C2800F087807BD30E2800F09780C0F03E
:105D00008B80102800F0A680C0F09A80112800F047
:105D1000AB80B2E01221DFF8DC03FFF7C3FF20788D
:105D2000401C20700020A9E00C21DFF8CC03FFF715
:105D3000B9FF2078401C207000209FE00C21DFF884
:105D4000BC03FFF7AFFF2078401C2070002095E0D7
:105D50000C21DFF8AC03FFF7A5FF2078401C207072
:105D600000208BE03221DFF89C03FFF79BFF2078B7
:105D7000401C2070002081E01E21DFF88C03FFF71B
:105D80006FFF2078401C2070002077E02021DFF892
:105D90007C03FFF765FF2078401C207000206DE039
:105DA0001021DFF81004FFF76CFF2078401C2070F2
:105DB000002063E00A21DFF80004FFF762FF20788B
:105DC000401C2070002059E00621DFF8F003FFF7A7
:105DD00058FF2078401C207000204FE01021DFF891
:105DE000E003FFF74EFF2078401C2070002045E0C4
:105DF0001021DFF8D003FFF744FF2078401C20700B
:105E000000203BE00C21DFF8C003FFF73AFF2078C9
:105E1000401C2070002031E00A21DFF8B003FFF7BA
:105E200030FF2078401C2070002027E01021DFF890
:105E3000A003FFF737FF2078401C207000201DE0F2
:105E40000221DFF89003FFF72DFF2078401C20701F
:105E5000002013E00221DFF88003FFF701FF207824
:105E6000401C2070002009E00421DFF87003FFF7D8
:105E700008FF00202070012000E0002010BD1FB5A9
:105E80000020102100226C462000EBF78DFE10222E
:105E90005FF48031684600F0E1F9DFF86C039DF8AB
:105EA00007109DF80620120252FA81F1A0F8821024
:105EB000B0F88230DFF8542373A11020EDF74AF9CF
:105EC0001FBD80B50522E0215C20EDF7C4FA002259
:105ED000E2215C20EDF7BFFA0022E3215C20EDF720
:105EE000BAFA0020DFF82813087001BD10B5DFF8FA
:105EF00024432078002806D002281ED00AD3042884
:105F000028D01FD346E0FFF7DCFF2078401C20702C
:105F1000002016E000210E2015F077FC00210F2054
:105F200015F073FCFFF7CFFE002804D02078401C4A
:105F30002070002005E0002003E02078401C207045
:105F4000002010BD0021002000F0A0F82078401CA7
:105F50002070F5E7802270215D20EDF77CFA802229
:105F600071215D20EDF777FA802272215D20EDF737
:105F700072FA00F038FC00F033F90020DFF88812E4
:105F80008873C0226F215C20EDF765FA0020207035
:105F90000120D6E7002020700020D2E710B50400D1
:105FA000E0215C20EDF791FA10F0C70050EA0410F0
:105FB0000200D2B2E0215C20EDF74DFA10BD80B5B1
:105FC0004FF47A7000F001F802BD70B50400E021D2
:105FD0005C20EDF77AFA020052F08002D2B2E021A2
:105FE0005C20EDF738FAF1F779FE0500E0215C203E
:105FF000EDF76BFA0600300612D5F1F76FFE64215B
:1060000090FBF1F201FB1200002801D1FDF749FDE0
:10601000F1F764FE401B210009B28142E6DA00E09C
:10602000FFE730060FD500F01DF8E9215C20EDF701
:106030004CFA020052F00102D2B2E9215C20EDF7E5
:106040000AFA01200DE0EC215C20EDF73EFA020097
:1060500012F01002EC215C20EDF7FDF900F002F8DF
:10606000002070BD80B5E0215C20EDF72EFA50F0E5
:1060700001000200D2B2E0215C20EDF7ECF9002033
:10608000DFF88C11087001BD7379730038B5040016
:106090000D002200D2B204215E20EDF7DCF90521CB
:1060A0005E20EDF712FAA4B2240A14F00F0410F0E7
:1060B000F00004432200D2B205215E20EDF7CBF9B7
:1060C0002A00D2B206215E20EDF7C5F907215E2035
:1060D000EDF7FBF9ADB22D0A15F00F0510F0F00049
:1060E00005432A00D2B207215E20EDF7B4F931BD95
:1060F000A2244020442D4020582D4020642D4020D3
:10610000702D40207C2D4020B02D4020D02D4020EF
:1061100080B5802276215D20EDF79DF90922772157
:106120005D20EDF798F9FF2278215D20EDF793F9D6
:10613000002279215D20EDF78EF900227A215D2081
:10614000EDF789F901BD80B5802276215D20EDF75C
:1061500082F9042277215D20EDF77DF90022782174
:106160005D20EDF778F9002279215D20EDF773F9D4
:1061700000227A215D20EDF76EF901BD80B5802205
:1061800076215D20EDF767F9092277215D20EDF793
:1061900062F9002278215D20EDF75DF90022792176
:1061A0005D20EDF758F900227A215D20EDF753F9D3
:1061B00001BD0000F02D4020002E40200C2E40207C
:1061C000142E4020242E4020342E4020402E4020EB
:1061D0004C2E4020DC334020DE3340205C2E40201B
:1061E00080B50020DFF834160880FF2000F0A6FA02
:1061F00003215E20EDF769F910F05700020003213A
:106200005E20EDF728F901BDC0140020F02E4B00F0
:10621000A0244020A324402010B50400B4F179014B
:10622000C9B25E20EDF751F910F07F000200B4F121
:106230007901C9B25E20EDF70EF910BD10B504006A
:10624000CF215E20EDF741F910F07F000200B4F19C
:106250005901C9B25E20EDF7FEF810BD70B504001B
:106260000E001500B1215C20EDF72FF93200D2B2FB
:10627000B1215C20EDF7EFF8B1215C20EDF725F9B5
:106280003200120AD2B2B1215C20EDF7E4F8B1215C
:106290005C20EDF71AF93200120CD2B2B1215C2069
:1062A000EDF7D9F8B1215C20EDF70FF9360E320089
:1062B000D2B2B1215C20EDF7CEF8B1215C20EDF730
:1062C00004F90022B2215C20EDF7C5F8B2215C2070
:1062D000EDF7FBF8F022B3215C20EDF7BCF8B32119
:1062E0005C20EDF7F2F82A00D2B2B4215C20EDF781
:1062F000B2F82A0092B2120A12F00F0252F0800293
:10630000D2B2B5215C20EDF7A6F8F1F7E7FC060064
:10631000B5215C20EDF7D9F8000606D5F1F7DEFCD3
:10632000801B6528F4DB012016E00022A1215C20FF
:10633000EDF791F8F022A2215C20EDF78CF8002611
:1063400005E0A3215C20EDF7C0F8A055761C2800DD
:1063500080B28642F5DB002070BD10B50400C9B2E2
:1063600000290ED043215E20EDF7AFF850F08000F9
:106370000200D2B243342100C9B25E20EDF76BF8BF
:106380000CE043215E20EDF7A0F810F07F00020042
:1063900043342100C9B25E20EDF75DF810BD10B5A1
:1063A000040014F15B01C9B25E20EDF78EF810F025
:1063B0007F0002005B342100C9B25E20EDF74BF88C
:1063C00010BD80B5402297215C20EDF744F889216B
:1063D0005C20EDF77AF8020052F08002D2B28921F7
:1063E0005C20EDF738F889215C20EDF76EF810F0AD
:1063F0008000002002BD70B50C0015000200D2B272
:1064000080215C20EDF727F8002287215C20EDF742
:1064100022F82A00D2B288215C20EDF71CF8402235
:1064200089215C20EDF717F84FF4FA70FFF7C9FFE8
:10643000012801D1012012E0002609E0B6F17F0118
:10644000C9B25C20EDF741F83100C9B26054761C46
:1064500030002900C0B2C9B28842EFD3002070BD1D
:1064600070B50C0015000200D2B280215C20ECF760
:10647000F2FF002609E03000C0B2225CB6F17F01D5
:10648000C9B25C20ECF7E7FF761C30002900C0B2EF
:10649000C9B28842EFD3602287215C20ECF7DBFF92
:1064A000002288215C20ECF7D6FFED0055F0400576
:1064B0002A00D2B289215C20ECF7CDFF4FF4FA70AC
:1064C000FFF77FFF70BD80B5010004229F20FFF71A
:1064D00092FF02BD80B50A00D2B201000520FFF78D
:1064E0008AFF02BD80B50A00D2B201000120FFF789
:1064F000B7FF02BD1CB501A8FFF7E5FF002801D0DA
:106500000120A1E09DF80400012863D01C2800F0C0
:106510008F809D2806D0C22804D0C8282CD0EF2810
:106520002AD089E001216846FFF7D4FF002801D076
:10653000012089E09DF8000040060DD49DF8000080
:1065400050F040008DF8000001216846FFF7CAFFB7
:10655000002801D0012077E0BDF8060042F21801C2
:10656000884204D046F21701884267D069E09DF85E
:10657000000000F0BEF867E0382292215C20ECF7C2
:106580006AFFFF2293215C20ECF765FF01220DF1E9
:1065900001013520FFF72FFF002801D0012053E033
:1065A000012269460520FFF726FF002801D00120BF
:1065B0004AE06846417889070BD4417851F00201DE
:1065C000417002216846FFF78DFF002801D00120AD
:1065D0003AE0C1E7382292215C20ECF73CFFF5223B
:1065E00093215C20ECF737FF01220DF101013520EA
:1065F000FFF701FF002801D0012025E06C466078FC
:10660000800714D4012269460520FFF7F4FE002814
:1066100001D0012018E0607850F002006070022183
:106620006846FFF75FFF002801D001200CE093E7E8
:1066300000208DF800008FE7012005E000F071F8E0
:1066400002E000F075F8002016BD38B5DFF8C84448
:106650002078002805D002281FD011D3032838D075
:1066600043E00122F7215C20ECF7F5FEE8228A21C5
:106670005C20ECF7F0FE2078401C2070002037E012
:10668000FFF738FF002804D12078401C207000203C
:106690002EE00020207001202AE000250BE0DFF82A
:1066A00044052900C9B2425CB5F16801C9B25F2056
:1066B000ECF7D1FE6D1C2800C0B20528EFDB1822D4
:1066C0009F215F20ECF7C7FE2078401C207000203F
:1066D0000EE09F215F20ECF7F8FEC00601D50020F8
:1066E00006E000202070012002E000202070002041
:1066F00032BD80B500F01CF8002002BD38B50400A2
:10670000012509E02800C0B2225CB5F17401C9B2CC
:106710005C20ECF7A0FE6D1C2800C0B20428F1DB61
:1067200031BD80B5DFF83005FFF7E8FF002002BD7E
:1067300080B5DFF82805FFF7E1FF01BDDFF8201580
:106740000870704780B5802276215D20ECF783FECB
:10675000092277215D20ECF77EFEFF2278215D2063
:10676000ECF779FEFF2279215D20ECF774FEFF2221
:106770007A215D20ECF76FFE01BD80B58022762185
:106780005D20ECF768FE092277215D20ECF763FEBF
:10679000002278215D20ECF75EFE002279215D2049
:1067A000ECF759FEFF227A215D20ECF754FE01BD83
:1067B00080B5802276215D20ECF74DFE09227721FD
:1067C0005D20ECF748FE002278215D20ECF743FEC7
:1067D000FF2279215D20ECF73EFE00227A215D2028
:1067E000ECF739FE01BD80B5002276215D20ECF783
:1067F00032FE002277215D20ECF72DFE0022782169
:106800005D20ECF728FE002279215D20ECF723FEC5
:1068100000227A215D20ECF71EFE01BD5C244020A1
:1068200080B5C02220215C20ECF715FE20215C20E1
:10683000ECF74BFE000601D5012000E0002002BD70
:106840002DE9F84384B00022002200220022C9B2C0
:10685000002911D0DFF81004FF2101700021DFF8BA
:106860000C2411700021DFF8082411700021DFF8DA
:106870000424117000780AE1C0B20A2190FBF1F003
:10688000DFF8F0130A78521C0A700978C0B291FB45
:10689000F0F200FB1210002803D0DFF8CC030078E0
:1068A000F5E0FFF7BDFF002800F0F0802F215C200D
:1068B000ECF70BFE0500E0222F215C20ECF7CBFD6E
:1068C00001F09CFA002801D1FF20E0E038215F2090
:1068D000ECF7FBFD060039215F20ECF7F6FD070021
:1068E0003D215F20ECF7F1FD0400E4B23C215F2084
:1068F000ECF7EBFD50EA0424DFF87C8398F8000005
:10690000012803D1DFF860030078C0E0280609D42D
:1069100057EA0600C0B2002804D1200080B2B0F5CA
:10692000F06F63D0DFF8489399F80000002813D186
:10693000F1F7D4F90390200080B202903800C0B281
:1069400001903000C0B200902B00DBB2DFF82C23A6
:1069500070A10220ECF7FEFB99F80000FF2804D09C
:1069600099F80000401C89F800000020DFF8FC12B4
:10697000087099F800000328C0F28480DFF8E892DC
:1069800099F80000002813D0F1F7A8F9039020002F
:1069900080B202903800C0B201903000C0B20090C6
:1069A0002B00DBB2DFF8D8225AA10220ECF7D2FB91
:1069B000002089F80000DFF8CC0290F8640000287D
:1069C00060D1012088F80000F1F788F90390A4B2A3
:1069D0000294FFB20197F6B20096EDB22B00DFF8F9
:1069E000A8224CA10220ECF7B5FB4BE0DFF87C823B
:1069F00098F80000002813D1F1F770F903902000F7
:106A000080B202903800C0B201903000C0B2009055
:106A10002B00DBB2DFF874223EA10820ECF79AFBD2
:106A200098F80000FF2804D098F80000401C88F86F
:106A300000000020DFF83812087098F800000328E2
:106A400020DBDFF8248298F80000012817D0DFF857
:106A500040020068DFF82C12C1F8C800F1F73EF9D7
:106A60000390A4B20294FFB20197F6B20096EDB281
:106A70002B00DFF8202227A10820ECF76BFB012078
:106A800088F80000DFF8E001007800E0002005B0A1
:106A9000BDE8F08380B5DFF8EC11D1F8E400C0F375
:106AA0008010002828D1D1F8E400C0F3402000284D
:106AB00014D091F85F0000282BD1012081F85F00ED
:106AC000DFF8CC010068C1F89000D1F89030DFF811
:106AD000C82110A10220ECF73DFB1AE091F85F00FD
:106AE000002816D0002081F85F00DFF8B02109A14E
:106AF0000820ECF72FFB0CE091F85F00002808D08D
:106B0000002081F85F00DFF8982102A10820ECF74F
:106B100021FB01BD73797300A5244020F8B5002442
:106B200000210021C0B2012807D100205D49087072
:106B3000002051490870002053E04F4E3078002863
:106B400001D100204DE0574D2878002802D00128BF
:106B50002FD044E038215F20ECF7B7FC0600392144
:106B60005F20ECF7B2FC0700E22220215F20ECF767
:106B700072FC312210215F20ECF76DFC0400F6B2AC
:106B8000002E05D0112238215F20ECF764FC0400B0
:106B9000FFB2002F05D0112239215F20ECF75BFCFA
:106BA0000400F1F79BF8404908602878401C2870E1
:106BB00015E0F1F793F83C490968401A0B280EDB01
:106BC000E02220215F20ECF746FC302210215F20DC
:106BD000ECF741FC040000203070002028702000F9
:106BE000C0B2F2BD602E4020F8B50400254D95F8E6
:106BF000690000282FD12D48016811F1010F02D141
:106C0000234909680160224E31680068091A152974
:106C100021D3002276215D20ECF71DFC012085F8B0
:106C200069003068E8660FA730680090E4B223007E
:106C30001F4A39000820ECF78DFA95F86000022809
:106C400009DB002085F86000EDF784FD194A390062
:106C50000820ECF77FFAF1BD682E40206C2E402012
:106C6000A424402073797300E8334020A6244020F8
:106C7000A7244020A8244020A12440200C2F4B0012
:106C80005C2F4B00C0140020AC2F4B00F02F4B00AA
:106C9000F81E40203C304B0088304B009C304B00AD
:106CA000BC304B00A924402018014020702E402009
:106CB000E0304B0008314B0070B50E000124DFF8C6
:106CC000FC5B95F83011C90767D52978032964D191
:106CD000D5F83011C1F3C01100295ED1697D0429B6
:106CE0005BDAA97D002958D1DFF8201C0A88521CE4
:106CF0000A800A8880B2824253D1002008804FF473
:106D0000817240210120ECF78DFC697D032901D1BE
:106D10000121A975000625D50020DFF8141C088084
:106D2000D5F83001C0F3C013DFF8082C1EA11020E5
:106D3000ECF710FAD5F8300150F08000C5F83001BA
:106D4000D5F8300150F48070C5F83001DFF8E80B59
:106D50000068C5F8D400D5F8E80030F40050C5F854
:106D6000E8001EE0DFF8C80B0188491C018001889B
:106D7000F6B2B6B2B14208D1002101800024D5F8A4
:106D8000E81051F40051C5F8E8100388DFF8AC2B87
:106D900005A10220ECF7DEF903E00020DFF8901BEC
:106DA00008802000C0B270BD5450000038B584B0D7
:106DB0000020DFF8084BD4F82801C0F38020002819
:106DC00020D00020009003AB40F207522021012088
:106DD00000F0A4FB002815D094F824019DF80C10B5
:106DE000884203D19DF80C0084F82401D4F82801CE
:106DF00030F48060C4F82801D4F8280150F4006011
:106E0000C4F82801D4F82801C0F3C020002820D0FD
:106E10000020009003AB40F201522021012000F03D
:106E20007DFB002815D094F823019DF80C108842B2
:106E300003D19DF80C0084F82301D4F8280130F424
:106E40000060C4F82801D4F8280150F48050C4F838
:106E50002801D4F82801C0F30030002810D0002009
:106E600000F015FC00280BD0D4F8280130F4805035
:106E7000C4F82801D4F8280150F02000C4F82801F3
:106E8000D4F82801C0F34010002819D00020009049
:106E900003AB4AF2B4022021012000F03FFB00289E
:106EA0000ED09DF80C00A077D4F8280130F0200017
:106EB000C4F82801D4F8280150F04000C4F8280193
:106EC000D4F82801C0F38010002819D000200090C9
:106ED00003AB4AF2B5022021012000F01FFB00287D
:106EE0000ED09DF80C00E077D4F8280130F0400077
:106EF000C4F82801D4F8280150F08000C4F8280113
:106F0000D4F82801C0F3C01000281AD00020009047
:106F100003AB4AF2B8022021012000F0FFFA00285A
:106F20000FD09DF80C0084F82000D4F8280130F030
:106F30008000C4F82801D4F8280150F48070C4F807
:106F40002801D4F82801C0F30020002845D00020F3
:106F5000009003AB4AF2B9022021012000F0DEFAD2
:106F600000283AD09DF80C0084F82100D4F82801BC
:106F700030F48070C4F82801D4F8280150F400706F
:106F8000C4F82801DFF8B0090068C4F8BC0094F820
:106F90002301607694F824012076E07FA17F081811
:106FA00001281ADBABA594F82000029094F8210088
:106FB0000190A07F0090E37FDFF88429290008205A
:106FC000ECF7C8F894F82301009094F82431DFF826
:106FD000742929000820ECF7BDF8D4F82801C0F383
:106FE000404000281ED00020009003AB4AF2C202AD
:106FF0002021012000F092FA002813D00020A4F8EC
:1070000080009DF80C000002A4F88000D4F828014C
:1070100030F40030C4F82801D4F8280150F480205E
:10702000C4F82801D4F82801C0F3804000283BD0E0
:107030000020009003AB4AF2C3022021012000F09F
:107040006DFA002830D0B4F880109DF80C00014390
:10705000A4F88010D4F8280130F48020C4F8280166
:10706000DFF8A45B2888B4F8801088421CD0B4F8FC
:1070700080004CF20101884208DBB4F88000B0F5D2
:1070800040407FF0FF0190FBF1F303E0B4F8803063
:107090009BB21B0ADBB2DFF8742B6EA10820ECF761
:1070A00059F8B4F880002880D4F82801C0F3C03023
:1070B00000281ED00020009003AB4AF2CA02202113
:1070C000012000F02BFA002813D00020A4F87E0045
:1070D0009DF80C000002A4F87E00D4F8280130F4DA
:1070E0000040C4F82801D4F8280150F48030C4F8D6
:1070F0002801D4F82801C0F30040002821D0002046
:10710000009003AB4AF2CB022021012000F006FAE6
:10711000002816D0B4F87E109DF80C000143A4F8A6
:107120007E10D4F8280130F48030C4F8280160794A
:107130000090B4F87E30DFF8D82A46A11020ECF792
:1071400009F805B030BDF0B585B004000D00002091
:1071500001A81021EAF718FD042100226E46300034
:10716000EAF722FDDFF8D0673068DFF85017D1F872
:10717000C010401A00281FD0DFF8D07C3168386872
:10718000091A022918D300208DF8000000208DF87C
:107190000100EDB2ADF804500120ADF80A00002066
:1071A0008DF80C006846049001A92000C0B210F0D0
:1071B0001DFA3168396000E0A020C0B205B0F0BD12
:1071C0002DE9F04385B004000D0016001F000020DB
:1071D00001A81021EAF7D8FC04210022E846404625
:1071E000EAF7E2FCDFF85087D8F80000DFF8CC16A9
:1071F000D1F8C010401A002826D0DFF8509CD8F8EB
:107200000010D9F80000091A02291DD3200031000E
:1072100089B2090A8DF800108DF801608DF80270AE
:10722000EDB2ADF804500321ADF80A1000218DF83D
:107230000C106946049101A9C0B210F0D7F9D8F832
:107240000010C9F8001000E0A020C0B205B0BDE8F1
:10725000F0830000545000002DE9F0438DB005008C
:107260000E0014001F00002009A81021EAF78CFC72
:10727000072100220DF11C084046EAF795FC0A2080
:10728000F0F72FFD20208DF81C000DF11C086C205C
:1072900088F80100022088F80200200080B2000A6D
:1072A00088F8030088F80440002088F8050088F872
:1072B00006703000C0B2ADF824000720ADF82A00F7
:1072C00000208DF82C0007A80C900FF24C2920000C
:1072D00080B20090FFB23B00DFF8742B49461020CB
:1072E000EBF738FF09A92800C0B210F07FF90700BA
:1072F000DFF844060068DFF8541B08600A20F0F746
:10730000F0FCF6B2ADF824600120ADF82A000120AF
:107310008DF82C0000208DF8290007A80C9009A9F1
:107320002800C0B210F062F98DF8180098F8040037
:10733000059098F80300049098F80200039098F8DC
:10734000010002909DF81C000190A4B200949DF8E9
:107350001830DFF8642B49461020EBF7FBFE3800AD
:10736000C0B20DB0BDE8F0832DE9F8418DB0040046
:107370000F0015001E0009A81021EAF705FC0521E1
:1073800000220DF11C084046EAF70EFC0A20F0F737
:10739000A8FC21208DF81C000DF11C086C2088F839
:1073A0000100022088F80200280080B2000A88F854
:1073B000030088F80450ADF824700520ADF82A00C9
:1073C00000208DF82C0000208DF8290007A80C90D3
:1073D00009A92000C0B210F009F90A20F0F781FCD9
:1073E000ADF824700520ADF82A0001208DF82C009E
:1073F00000208DF8290007A80C9009A92000C0B230
:1074000010F0F4F88DF8180098F80400059098F83A
:107410000300049098F80200039098F8010002908D
:107420009DF81C000190ADB200959DF81830DFF872
:107430008C2A39A11020EBF78DFE98F803003070EC
:107440009DF81800002801D0012000E00020C0B203
:107450000EB0BDE8F0812DE9F04188B004000F00C6
:1074600015001E0004A81021EAF78EFB042100225B
:107470000DF10C084046EAF797FB0A20F0F731FCC3
:10748000280080B2000A8DF80C0028008DF80D004D
:10749000ADF810700220ADF8160000208DF818002D
:1074A00000208DF8150003A8079004A92000C0B2A1
:1074B00010F09CF80A20F0F714FCADF810700120D1
:1074C000ADF8160001208DF8180000208DF8150089
:1074D00003A8079004A92000C0B210F087F88DF827
:1074E00008009DF80C000190ADB200959DF80830A1
:1074F000DFF8CC2908A11020EBF72CFE9DF80C003A
:1075000030709DF80800002801D0012000E0002024
:10751000C0B208B0BDE8F081545000002DE9F84336
:1075200086B004000D0016001F00DDF83880002032
:1075300002A81021EAF728FB042100220DF104091A
:107540004846EAF731FB5FFA88F8B8F1000F09D036
:107550000020DFF8701908800020DFF86C1908702F
:10756000002091E0DFF8D083D8F80000D349D1F8AB
:10757000C010401A002800F08680DFF84C992000E7
:1075800099F80010002905D0022931D012D303291F
:107590003ED071E0DFF82C090188491C0180018888
:1075A0000D2906DB99F80010491C89F8001000210C
:1075B000018068E0310089B2090A8DF804108DF865
:1075C0000560ADF808500221ADF80E1000218DF8CD
:1075D000101000218DF80D1001A9059102A9C0B26B
:1075E00010F004F899F80000401C89F800004AE007
:1075F000DFF8D0080188491C01800188032906DBD7
:1076000099F80010491C89F80010002101803AE027
:10761000ADF808500121ADF80E1001218DF81010C1
:1076200000218DF80D1001A9059102A9C0B20FF03B
:10763000DDFF8DF800009DF8040038709DF8000013
:1076400000280BD0DFF87C080188491C018000214C
:1076500039700088022801DA002015E00020DFF8E8
:1076600064180880002089F80000D8F80000DFF8CE
:10767000DC170860012007E0002089F800000020E6
:10768000DFF840180880002007B0BDE8F08338B567
:107690000021C0B200280DD00020DFF8301808709B
:1076A000012000900023002200210020FFF736FF78
:1076B000012024E0814DDFF814480020009020785C
:1076C000284410F122032078B0F5A04292B2202184
:1076D0000120FFF723FFC0B200280FD020781F2819
:1076E00009D115F12203DFF8E82790A10820EBF774
:1076F00031FD012003E02078401C2070002032BDC5
:1077000010B504006D480178032906D0DFF8C427BE
:1077100086A10820EBF71EFD26E080F8214120001D
:10772000C0B2012805D1882270215D20EBF793FEBD
:1077300012E02000C0B2022805D1782270215D201D
:10774000EBF789FE08E02000C0B2032804D18022B4
:1077500070215D20EBF77FFEE4B22300DFF878278D
:1077600072A11020EBF7F6FC10BDFEB5534CDFF80C
:107770006C57287894F8F310884207D094F8F300F7
:1077800028700020DFF85817086016E0DFF850670F
:107790003068401C3060306840F22D1188420CD3B4
:1077A00001A8ECF78DFF28789DF80410884204D0DA
:1077B0009DF804002870002030605F4D2968D4F8DF
:1077C000BC00091A40F6B930814246D3D4F82801EA
:1077D000C0F3C040002840D02868C4F8BC00DFF8DF
:1077E0000467307894F82311884206D1DFF8F80650
:1077F000007894F8241188422FD094F82301307037
:10780000DFF8E47694F82401387001234FF48162A4
:1078100020210120FFF7D4FC002806D0DFF8CC2679
:1078200042A10820EBF796FC05E0DFF8C4263FA153
:107830000820EBF78FFC307800903B78DFF8B42617
:107840003AA11020EBF786FCD4F8280130F4002090
:10785000C4F828012868C4F8C000F7BD7CB504004E
:1078600000202000C0B2002826D02000C0B26E2820
:1078700000DB6D24114E3078032806D0DFF878261F
:107880002AA10820EBF766FC16E086F823412500C4
:1078900096F82301ECF720FFEDB20095E4B2230047
:1078A000DFF8582621A11020EBF754FCD6F8280168
:1078B00050F40050C6F8280173BD0000C014002029
:1078C00010B504002000C0B200281ED02000C0B2B5
:1078D0007E2800DB7D24DFF828060178032906D006
:1078E000DFF82026C7A10820EBF734FC0DE080F874
:1078F000244190F82401ECF7FBFEE4B22300DFF80A
:107900000826C0A11020EBF725FC10BD4C24402018
:10791000DFF8F8150A68821A41F289339A4202D3D5
:107920000860012000E00020704700005450000073
:107930004A2440201C064B00F81E402030064B0015
:107940004C064B0074064B0038B5DFF8C4050168DF
:107950004A1C02600B29C0F0B98000210160DFF8E9
:10796000A045607E94F82311884246D20120DFF8BA
:10797000A4150870D4F8280150F40050C4F8280168
:10798000607E401C6076607E94F8231188421BD292
:10799000607E401C6076637E40F20142202101201F
:1079A000FFF70EFC002807D0637EDFF86C2595A159
:1079B0000220EBF7CFFB89E0637EDFF8602591A121
:1079C0000820EBF7C7FB81E0637E40F201422021F3
:1079D0000120FFF7F5FB002807D0637EDFF838258C
:1079E00088A10220EBF7B6FB70E0637EDFF82C2560
:1079F00084A10820EBF7AEFB68E094F82301617ED8
:107A0000884246D20120DFF80C150870D4F828010E
:107A100050F40050C4F82801607E401E607694F84F
:107A20002301617E88421BD2607E401E6076637EA9
:107A300040F2014220210120FFF7C2FB002807D0BD
:107A4000637EDFF8D4246FA10220EBF783FB3DE0D7
:107A5000637EDFF8C8246BA10820EBF77BFB35E0E1
:107A6000637E40F2014220210120FFF7A9FB00289C
:107A700007D0637EDFF8A02462A10220EBF76AFB47
:107A800024E0637EDFF894245EA10820EBF762FB1C
:107A90001CE0DFF880542878002811D0DFF880043B
:107AA0000168C4F8BC100068FFF732FF002807D057
:107AB00000202870D4F8280150F40020C4F82801D0
:107AC000D4F8280130F40050C4F82801DFF8540439
:107AD00001684A1C0260052976D300210160DFF8A5
:107AE0002044207E94F82411884225D20120DFF81A
:107AF00024140870D4F8280150F48040C4F82801F8
:107B0000207E401C2076237E40F207422021012067
:107B1000FFF756FB002807D0237EDFF80C2439A19D
:107B20000220EBF717FB4FE0237EDFF8002435A19E
:107B30000820EBF70FFB47E094F82401217E8842F0
:107B400025D20120DFF8CC130870D4F8280150F4B6
:107B50008040C4F82801207E401E2076237E40F21B
:107B6000074220210120FFF72BFB002807D0237EAE
:107B7000DFF8B42323A10220EBF7ECFA24E0237E04
:107B8000DFF8A8231FA10820EBF7E4FA1CE0DFF8D8
:107B900084532878002811D0DFF884030168C4F8E2
:107BA000BC100068FFF7B4FE002807D00020287042
:107BB000D4F8280150F40020C4F82801D4F8280192
:107BC00030F48040C4F82801DFF8640301684A1CDF
:107BD000026040F2D172914213D300210160C84982
:107BE000D1F82801C0F3402000280AD0D1F828019C
:107BF000B0F5007F05D1D1F8280150F40030C1F86C
:107C0000280131BD545000004E24402094064B0002
:107C1000B0064B0070B50400FDF75EFF01280DD1E2
:107C2000C44D28782100C9B2884205D02000C0B2D6
:107C3000012801D1FDF745FF2C70BCE0BD48047060
:107C4000AF4D2878032805D0BB4A9AA10820EBF74E
:107C500081FAB0E097A62300DBB2B84A31000820D1
:107C6000EBF778FA2000C0B2002803D02000C0B2A1
:107C7000032800D19FE0D5F8E000012840F09B8068
:107C800085F82541A6480168C5F8B810D5F8301127
:107C900031F04001C5F830110068C5F8B400332058
:107CA00068736B7B9BB240222C210120EBF717FD00
:107CB00095F82501012821D1E87A02281ED195F8EE
:107CC000EC0000280DD0287BC00342F2107190FB1D
:107CD000F1F0282110FB01F189B2042017F090FB8C
:107CE0000CE0287BC00342F2107190FBF1F05321AD
:107CF00010FB01F189B2042017F082FB95F82531C1
:107D00008F4A31001020EBF725FA95F8250101285C
:107D100005D10020E871012068770120E87595F809
:107D20002501022805D10120E87102206877012091
:107D3000E875E87B012822D1332068736B7B9BB206
:107D400040222C210120EBF7CAFCD5F8300130F09D
:107D50004000C5F830012000C0B2022808D1FEF76B
:107D60003FFA0020A8730021042017F049FB06E029
:107D7000E4B2012C03D100F04FFB0120A87395F869
:107D80002501ECF711FF002407E02300DBB26D4A68
:107D900031000220EBF7DEF9641C2000C0B202289B
:107DA00009DA687FECF7B0FC0128EED1664A3100B1
:107DB0000820EBF7CFF970BD38B50400504D95F8A9
:107DC000300110F001002100C9B2884215D0200016
:107DD000C0B2D5F8301160F30001C5F83011EFF7EB
:107DE0007DFF0090E4B22300584A32A10420EBF753
:107DF000B1F94FF49170A5F8340131BD404890F8C5
:107E00003011C90705D5B0F83401002801D101208F
:107E100000E00020002801D0012000E00020C0B2D6
:107E2000704710B5364CD4F8E400C0F38010002839
:107E300003D00020FFF7C0FF07E00120FFF7BCFFE1
:107E40000020E0730020F5F7E1FC10BD04004020A5
:107E5000D8064B0010B504000020222013F0C2FC0D
:107E60003B490A780300DBB29A4203D00870002134
:107E7000384A11700100C9B2002904D135490A7885
:107E8000521C0A7008E01E490200D2B2D1F830310B
:107E900062F3CB23C1F830312E490978A14207D1D2
:107EA0001749C0B2D1F8302160F3CB22C1F830219C
:107EB00010BD000054500000F0064B0028074B0096
:107EC00060074B00502440206E2440206F24402047
:107ED0007C074B0084074B00B0074B007024402008
:107EE000080040207224402071244020C4074B0029
:107EF000E4074B0004084B0034084B005C084B00BF
:107F0000C014002084084B00AC084B000C0040203B
:107F10001000402073244020C4084B00E4084B00AC
:107F2000F81E40201400402004094B0020094B009B
:107F3000180040207424402040094B006C094B007D
:107F400080094B00BC094B009C094B00E0094B0029
:107F5000E03340207524402010B504000320FEF7D4
:107F60001DF80022E2215C20EBF775FA8222E12164
:107F70005C20EBF770FA0322E1215C20EBF76BFA4F
:107F800003215E20EBF7A1FA30EA04042200D2B20A
:107F9000E1215C20EBF75FFA0222E1215C20EBF7A4
:107FA0005AFAFEF70CF810BD10B5002208215E2029
:107FB000EBF751FA002209215E20EBF74CFA002280
:107FC0000A215E20EBF747FA00220B215E20EBF737
:107FD00042FA002210215E20EBF73DFA0022112127
:107FE0005E20EBF738FA212212215E20EBF733FAFC
:107FF00080221C215E20EBF72EFA41221D215E20FB
:10800000EBF729FAEFF76AFE04001D215E20EBF77B
:108010005CFA400605D5EFF761FE001B6528F4DB2E
:10802000FFE710BD10B5002208215E20EBF713FA20
:10803000002209215E20EBF70EFA00220A215E20C1
:10804000EBF709FA00220B215E20EBF704FA00227D
:1080500010215E20EBF7FFF9022211215E20EBF7E1
:10806000FAF9312212215E20EBF7F5F900221C21EA
:108070005E20EBF7F0F942221D215E20EBF7EBF9D1
:10808000EFF72CFE04001D215E20EBF71EFA4006E0
:1080900005D5EFF723FE001B6528F4DBFFE710BDD5
:1080A00010B5002208215E20EBF7D5F90022092146
:1080B0005E20EBF7D0F900220A215E20EBF7CBF926
:1080C00000220B215E20EBF7C6F9002210215E2072
:1080D000EBF7C1F9002211215E20EBF7BCF9202259
:1080E00012215E20EBF7B7F900221C215E20EBF78E
:1080F000B2F960221D215E20EBF7ADF9EFF7EEFD3E
:1081000004001D215E20EBF7E0F9400605D5EFF7EE
:10811000E5FD001B6528F4DBFFE710BD704780B567
:108120008020FFF719FFFFF73FFFFFF77BFFFFF707
:10813000B7FF01BD80B50200D2B203215E20EBF78C
:108140008AF901BD10B50400CF215E20EBF7BDF91F
:1081500010F00F0004432200D2B2CF215E20EBF7D3
:108160007AF910BD2DE9F04180460E0017001C0081
:10817000069D4246D2B210215E20EBF76CF91FFA41
:1081800088F85FEA18284246D2B211215E20EBF748
:1081900062F92800C0B2042802D0052806D00BE0FE
:1081A000012212215E20EBF756F90AE0312212215A
:1081B0005E20EBF750F904E0002212215E20EBF77D
:1081C0004AF92200D2B214215E20EBF744F92200D2
:1081D000120AD2B215215E20EBF73DF92200120CF3
:1081E000D2B216215E20EBF736F9002C44D0240ED3
:1081F00014F00304220017215E20EBF72CF9EDB2F6
:10820000002D1FD0012D10D0022D28D0052D38D1E2
:1082100017215E20EBF759F950F010000200D2B29E
:1082200017215E20EBF717F92BE017215E20EBF703
:108230004CF950F020000200D2B217215E20EBF77B
:108240000AF91EE017215E20EBF73FF950F03000ED
:108250000200D2B217215E20EBF7FDF811E01721E2
:108260005E20EBF732F950F040000200D2B2172145
:108270005E20EBF7F0F804E0002217215E20EBF718
:10828000EAF83200D2B218215E20EBF7E4F83200AF
:10829000120AD2B219215E20EBF7DDF83200120C7F
:1082A000D2B21A215E20EBF7D6F8360E3200D2B2E7
:1082B0001B215E20EBF7CFF83A00D2B21C215E20E2
:1082C000EBF7C9F8BFB23F0A17F03F0757F0800736
:1082D0003A00D2B21D215E20EBF7BDF8EFF7FEFCAD
:1082E00004001D215E20EBF7F0F8000606D5EFF73D
:1082F000F5FC001B6528F4DB012000E00020BDE850
:10830000F0813EB50400002008226846FDF7A6FF74
:1083100000282DD12000C0B2800030300200D2B23F
:1083200000215E20EBF797F8002508E06846290059
:10833000C9B2425C01215E20EBF78DF86D1C28006C
:10834000C0B20428F2DBE4B2640058342200D2B296
:1083500000215E20EBF77FF89DF8042001215E20CC
:10836000EBF779F89DF8052001215E20EBF773F813
:1083700037BD1CB5FFF7D2FEA94C022000902300A8
:10838000082221000020FFF7EDFE022000902300CC
:108390000422A4490820FFF7E5FE0020FDF73CFF7A
:1083A0000820FDF739FF1020FDF736FF1820FDF7F4
:1083B00033FF0020FDF742FF0820FDF73FFF1020AC
:1083C000FDF73CFF1820FDF739FF97490320FFF721
:1083D00098FF00210020FDF7C0FF00210420FDF7D9
:1083E000BCFF00210820FDF7B8FF00210C20FDF79D
:1083F000B4FF0020FDF7D3FF0C20FDF7D0FF1820BD
:10840000FDF7CDFF2420FDF7CAFF8020FFF79AFE7D
:108410008820FFF78FFE13BD1CB5FFF77FFE834C4E
:10842000022000902300082221000020FFF79AFE7E
:1084300002200090230004227D490820FFF792FECD
:108440000020FDF7E9FE0820FDF7E6FE1020FDF70D
:10845000E3FE1820FDF7E0FE0020FDF7EFFE082008
:10846000FDF7ECFE1020FDF7E9FE1820FDF7E6FE13
:1084700070490320FFF745FF00210020FDF76DFF45
:1084800000210420FDF769FF00210820FDF765FFAA
:1084900000210C20FDF761FF0020FDF780FF0C207C
:1084A000FDF77DFF1820FDF77AFF2420FDF777FF09
:1084B0008020FFF747FE8820FFF73CFE0922772146
:1084C0005D20EAF7C8FF802276215D20EAF7C3FF2E
:1084D00013BD1CB5FFF722FE574C0220009023006D
:1084E000082221000020FFF73DFE0220009023001B
:1084F000042252490820FFF735FE0020FDF78CFECC
:108500000820FDF789FE1020FDF786FE1820FDF7F4
:1085100083FE0020FDF792FE0820FDF78FFE10205D
:10852000FDF78CFE1820FDF789FE45490320FFF773
:10853000E8FE00210020FDF710FF00210420FDF7D8
:108540000CFF00210820FDF708FF00210C20FDF79B
:1085500004FF0020FDF723FF0C20FDF720FF18206B
:10856000FDF71DFF2420FDF71AFF8020FFF7EAFD2D
:108570008820FFF7DFFD13BD1CB5FFF7CFFD314CA1
:10858000022000902300082221000020FFF7EAFDCE
:1085900002200090230004222B490820FFF7E2FD6F
:1085A0000020FDF739FE0820FDF736FE1020FDF70C
:1085B00033FE1820FDF730FE0020FDF73FFE0820B7
:1085C000FDF73CFE1020FDF739FE1820FDF736FEC2
:1085D0001E490320FFF795FE00210020FDF7BDFE98
:1085E00000210420FDF7B9FE00210820FDF7B5FEAB
:1085F00000210C20FDF7B1FE0020FDF7D0FE0C207D
:10860000FDF7CDFE1820FDF7CAFE2420FDF7C7FEBA
:108610008020FFF797FD8820FFF78CFD13BD000039
:1086200010000100180001007400010000EE0200BB
:1086300008EE020064EE02008C1D0300941D03008E
:10864000F01D0300588F0300608F0300BC8F0300F0
:1086500080B52DED028B80B2EAF77CFE5FF06632CA
:10866000BB4BE9F7E7FA41EC180B5FF06630B9490C
:1086700053EC182BE9F772FC41EC100B51EC100B8A
:1086800053EC182B04F028F941EC100B0020B249F0
:1086900053EC102B04F020F9E9F7D2FCBDEC028B6F
:1086A00002BD38B500234FF48C740021AB4D55F852
:1086B0002410884201D255F8240055F82310814235
:1086C00003D255F8230000E00C0055F8241088422E
:1086D00005D319194908994201D0A14207D155F88B
:1086E0002310884209D19E4850F8230032E055F803
:1086F00021209042E8D20B00E7E755F82410884289
:1087000003D1974850F8240024E055F8231055F879
:108710002420891A002901D100200CE0904A52F847
:10872000244052F82320A41A55F82320101A00FBE5
:1087300004F0B0FBF1F08A4951F82310401800EE24
:10874000100AB8EEC00A8748FBF7D6FBBDEEC00A98
:1087500010EE100A32BDF8B505008348026889188A
:108760000160016840F2E9329142C0F0ED800021E1
:1087700001607E4C7E4E3168D4F81401091A42F231
:10878000117081422DD3D4F81401002829D0022081
:10879000A071002084F8F400D4F8300150F4007087
:1087A000C4F8300133206073637B9BB240222C21DC
:1087B0000120EAF794FFD4F8300130F04000C4F80B
:1087C00030013068C4F8B40060A7D4F89830694A22
:1087D00039000420EAF7BEFC674A39000420EAF7B2
:1087E000B9FC40F21A40854218DBA079022800F05B
:1087F000AB800220A0713068C4F81401FFF7B9FD06
:1088000052A5D4F898305D4A29000420EAF7A2FC6A
:108810005B4A29000420EAF79DFC95E0A5F253305D
:10882000C72848D2A079022801D100208DE0554800
:108830000168491C0160A17901292DD0A079022885
:1088400011D1FDF7D0FFFDF7CBFC40A5D4F898304F
:108850004D4A29000420EAF77DFC4C4A29000420F7
:10886000EAF778FC08E094F8F400052804DB94F8B3
:10887000F400401E84F8F4000120A07133A5444A9E
:1088800029000420EAF766FCD4F89830414A290010
:108890000420EAF75FFC57E00168062954D3002161
:1088A000016094F8F40005284EDB94F8F400401EB3
:1088B00084F8F40048E0A5F22135322D0CD2A079DD
:1088C000022801D1002040E0A07902283CD1FDF728
:1088D0008AFFFDF785FC37E02A4D2868401C286098
:1088E0000020C4F81401D4F8300130F40070C4F84A
:1088F000300194F8F400042802DA042084F8F4002B
:10890000A079022810D1FDF76EFFFDF769FC0FA6D4
:10891000214A31000420EAF71DFCD4F898301F4AA0
:1089200031000420EAF716FC286806280AD3002044
:10893000286094F8F4000A2804DA94F8F400401C43
:1089400084F8F4000020A0710020F2BD4C434400E4
:1089500066664A3F66660A400088C340E01A4B00DC
:10896000441F4B00F42C4020B8004020C0140020CD
:10897000F81E402078194B009C194B00C8194B0079
:10898000EC194B00BC004020141A4B00381A4B0065
:10899000581A4B00781A4B00A01A4B00BC1A4B0017
:1089A00000F10103810704D010F8011B820781B197
:1089B000FAD10268A2F10131914311F0803104BF74
:1089C00050F8042FF6E709BAB1FA81F100EBD100B3
:1089D000401CC01A70470100C9B20029FBD0704783
:1089E00010B47F4A117851F07F011170537891785B
:1089F0005B1A591E11F07F0F0BD0917811F07F0197
:108A00004B1C947863F306049470C9B21144C87087
:108A1000FFE710BC7047704780B5002071498A8815
:108A200060F308028A804A8860F308024A800020C6
:108A30006B498A7860F306028A704A7860F306020E
:108A40004A70012004F0A7F801206749087001BDB1
:108A500010B5654C2078002804D0012004F0BBF844
:108A60000020207010BD70B400225D4C227852F0BE
:108A70007F022270A5786278AD1A15F07F050B0091
:108A8000594A1278002A01D1002026E02A0092B229
:108A9000002A01D100211EE02A00C9B292B289B297
:108AA0008A4200D22B0000210EE0627812F07F0291
:108AB000551C667865F306066670D2B22244D278F9
:108AC0000D00ADB24255491C0A001D00EDB292B234
:108AD000ADB2AA42E9D30800C0B270BC704770B40E
:108AE0000A00404C258840F2FF131D43258065880D
:108AF000A388ED1A6D1EED05ED0D3B4B1B78002B89
:108B000001D100201EE02B009BB289B28B4200D223
:108B10002A0000210EE0A388DB05DB0D5D1CA68882
:108B200065F30806A6800D00ADB2455D9BB22344F7
:108B30009D71491C0B0015009BB2ADB2AB42EAD34C
:108B4000100080B270BC70477CB500208DF800002A
:108B500001200025FF242448007800283FD06946E2
:108B6000012004F05FF8002801D16D1C37E01D4999
:108B70000A8840F2FF1002430A808D8848882D1A27
:108B8000ED05ED0D280080B2002828D02800220035
:108B900080B292B2904200D22C0000200FE04A88AE
:108BA000D205D20D531C4E8863F308064E8092B254
:108BB0000A4492790D4B0600B6B29A55401C020049
:108BC000230092B29BB29A42E9D3A4B22200074991
:108BD000012004F019F8C0B2002800D16D1C73BD4B
:108BE0001856002010540020C12440209C5600201C
:108BF00070B50D462C7834B970BD11F8013F167868
:108C0000B34206D0401C214604F028F828B10146A2
:108C10002A4612F8013F002BEFD170BD40F0200032
:108C200070472DE9F14FB0B0924604910DF1420129
:108C30003A9A2B9199464A7000200AE01AF8011BD3
:108C40000498309A90470028049000F041860D98CF
:108C5000401C0D909AF8000050B12528EED100215B
:108C600000220791089209910A920B910C9204E05C
:108C70000D9800F02FBE41F001011AF8010F2028D5
:108C8000F9D023280CD02B2804D02D2805D030284B
:108C900009D00BE041F00201EFE741F00401ECE7FD
:108CA00041F00801E9E741F01001E6E72A280FD179
:108CB000D9F8002052F8040BC9F8002000280F90C2
:108CC00003D540420F9041F004010AF1010A14E07B
:108CD0000F92DFF8083C0AE00F98984205DA00EBA3
:108CE000800402EB4402303A0F920AF1010A9AF82A
:108CF0000020A2F130000A28EED39AF800002E28B6
:108D000003D04FF0FF320E9229E01AF8010F2A2803
:108D100009D1D9F8000050F8042BC9F800000E92D0
:108D20000AF1010A1BE02D280CBF0AF1010A0020FC
:108D300000220E92DFF8A44B0BE040B90E9AA2423B
:108D400005DA02EB820503EB4503303B0E930AF193
:108D5000010A9AF80030A3F130020A2AEDD3ADF8E7
:108D600040100FF67C309AF8001003F077FF08B13E
:108D70001AF8010B8DF842009DF84200682805D1D1
:108D80009AF8000068280CD1622106E06C2804BF24
:108D90009AF800006C2804D171218DF842100AF174
:108DA000010A12A806901AF801BBBBF125012CD0CC
:108DB0001C3900F09481091F022940F29081133977
:108DC00000F0B884093900F08A81891E00F04D85D1
:108DD000491E00F0FA84491E022940F28081091FD1
:108DE00000F0F384491F00F0EF80491E00F0A284D8
:108DF000491E00F0D780C91E0CD0891E00F09A844D
:108E0000C91E00F0978400F03BBD01230793252184
:108E100000F033BDD9F8000050F8044BC9F8000049
:108E2000002C059440F0AB802B994878002800F086
:108E3000A1804FF0FF340FF6B02003F01BFF241A7F
:108E400040F0468500F028BD01236A4602A930465D
:108E500000F00EFE002840F03B85641EF4D13096F1
:108E6000079C12AF74B1309E17F8011B0498B047ED
:108E70000028049000F02C850D98401C641E0D9075
:108E8000F2D130960A9C3021002C8DF800100CDDB8
:108E9000309E01236A4602A9304600F0E9FD002811
:108EA00040F01685641EF4D13096059F089C74B17D
:108EB000309E17F8011B0498B0470028049000F07A
:108EC00007850D98401C641E0D90F2D130960B9CC6
:108ED0003021002C8DF800100CDD309E01236A46F5
:108EE00002A9304600F0C4FD002840F0F184641E61
:108EF000F4D1309605980899099C471874B1309EB2
:108F000017F8011B0498B0470028049000F0E08493
:108F10000D98401C641E0D90F2D130960C9C3021AF
:108F2000002C8DF800100CDD309E01236A4602A94A
:108F3000304600F09DFD002840F0CA84641EF4D144
:108F400030969DF8400041077FF584AE2020002D2B
:108F50008DF800007FF77EAE309C01236A4602A99F
:108F6000204600F085FD002840F0B2846D1EF4D14B
:108F700030946FE60FF65830059000F08DBC0E9DD2
:108F8000002D04D52046FFF70BFD044607E02A46D6
:108F9000204603F08FFE002814BF041B2C460894C3
:108FA00000F07ABCD9F8001051F8040BC9F8001091
:108FB00020F00004002121F0FF35CDE9024512AB7D
:108FC0000593782100F04DBC2B99487820B14FF0E3
:108FD000FF340FF6CC2030E79DF84200622860D0C5
:108FE000682817D06A283FD06C2806D0712847D04F
:108FF00074282CD07A281DD062E0D9F8001051F8DE
:10900000040BC9F80010002866D14FF0FF340FF6AA
:10901000A82012E7D9F8001051F8040BC9F8001085
:1090200020B94FF0FF340FF6902006E70D9901802C
:1090300000F032BCD9F8001051F8040BC9F8001048
:10904000002849D14FF0FF340FF66C20F5E6D9F82F
:10905000001051F8040BC9F8001000283CD14FF063
:10906000FF340FF65420E8E6D9F8001051F8040B4D
:10907000C9F8001080B94FF0FF340FF63C20DCE651
:10908000D9F8001051F8040BC9F8001020B94FF0BE
:10909000FF340FF62420D0E60D9AD317C0E9002341
:1090A000FAE3D9F8001051F8040BC9F8001020B900
:1090B0004FF0FF340FF60020BFE60D990170EBE38F
:1090C000D9F8001051F8040BC9F8001020B94FF07E
:1090D000FF340FF6E410B0E60D990160DCE39DF873
:1090E00042004C2807BFD9F80010CA1DD9F800006B
:1090F000C21D22F00702C9F80020D2E9000108329F
:10910000C9F80020CDE90201C80F02D007982D212F
:109110000AE0BDF84000810702D507982B2103E043
:10912000C00705D50798202112AA1154401C0790AA
:1091300012A807994BF0200300EB010CDDE90201B6
:10914000CDE92C01612BCDF814C021AC0BD00E98C9
:10915000002848BF062105D404BF4BF02000672833
:1091600001D101210E91DDE902014F0047EAD077DC
:109170007E15FF174FF0FF32974208BF964210D17D
:10918000090341EA10510003002908BF002808D054
:10919000ABF1610503211A2D089118D30FF6381190
:1091A00010E0DDE902014A00521512F1010F11D160
:1091B00008030FD1ABF1610503211A2D08911FD3CC
:1091C0000FF61C1103226046EEF70AFE64E30FF669
:1091D0000411F7E7DDE902016A4603F097FDCDE9E6
:1091E00002014BF02000612811D105983021017057
:1091F000821C0592BBF1610F0CBF7821582102E05F
:109200000FF6D801DEE741700798801C0790DDE972
:10921000020120F0000231F0004308BF002A02D111
:109220000026002542E14BF02008B8F1610F40F024
:1092300092800E98002847BF21210191401C019087
:10924000019FDDE92C017F1C00220023DDE902459E
:1092500003F094FD38BF85F0004500998DF8842017
:10926000091F002F00910DF1850632DD20462946A9
:109270000022002303F09CFD2BD21C2203F0B2FD40
:1092800004460D46EBF70CFCFF1F002F804609DD5E
:10929000E8F7BEFC02460B4620462946E8F75EFE8C
:1092A00004460D46F01D0721B8F1000F0CDD491EE4
:1092B0005EBF08F00F0200F8012D4FEA2818F3D521
:1092C00002E0002200F8012D491EFAD5C61D002F2C
:1092D000CCDC0DF18500361A01980DF1850486422B
:1092E000D8BF304600282FD4B04206DA0DF18501F0
:1092F0000A5C082AA8BF0F2100DA0021024621AB30
:10930000134400E0401E13F80159521E8D42F9D05B
:109310000F2904D10DF185018B5C5B1C8B54002A55
:1093200004D50099091D21AC401C0091411E0BD4AD
:10933000621813783033DDB23A2DA4BF5B443A3B58
:10934000491E02F80139F4D50E99002940F1AC808C
:10935000421E0E92A8E00099DFF8042747F29750CA
:10936000414391FBF2F20092DDE92C45C2F1070284
:10937000002A25F0004504DD2046294600F04CFB7C
:109380000BE052420020DFF8DC1600F045FB0246FD
:109390000B462046294603F09FFA04460D46B8F1D5
:1093A000660F06BF009F0A3706270E983F18142F36
:1093B000C8BF142730208DF884000DF18506002FDA
:1093C00034DD20462946E8F73BFE01460A4606F111
:1093D000080304200A26B2FBF6F606EB860EA2EB83
:1093E0004E02303203F8012C0A22B6FBF2F202EBF5
:1093F000820EA6EB4E063036401E03F8026DE9D110
:10940000083F002F03F10806D9DD0846E9F7A2FF5F
:1094100002460B4620462946E8F7A0FD0022DFF869
:109420004836E8F707FC04460D46CAE70DF185000B
:10943000361A0DF1850404E00098401E761E009057
:10944000641C20783028F7D0B8F1660F02D100985C
:10945000401C04E0B8F1650F0CBF012000200E99FC
:1094600040188642B8BF701E00281DD4B04204DAEE
:10947000215C3429C8BF392100DC30210246631E3B
:109480009D1800E0401E15F80169521E8E42F9D069
:10949000392902D1A15C491CA154002A04D50099A4
:1094A000491C1C46401C00910646009D03F083F9B0
:1094B000406A0778DDF8388030B2002802DC0126E7
:1094C0000FF220644BF02000662808BF6D1C16D0F8
:1094D000672845D128B210F1040F47DB404545DA33
:1094E0009DF840006D1C010703D430B24045D8BF41
:1094F000804628B2B8EB000848BF4FF000080FFACA
:1095000085FBBBF1000F00F3B4800898411C089163
:10951000302205990A54B8F1000F03DC9DF8400091
:10952000010704D50898411C089105990F5418EBC0
:109530000B0FB8BFC8F100052DB26842454432B2E6
:109540000B909542B8BF2E46059B089836B20996F7
:10955000324621461844EEF743FCAD1B0C95D2E091
:10956000BBF1610F17D14FF0700B19E030B24045DD
:1095700004DA9DF840100A0758BF8046B8F1010888
:1095800048BF4FF00008BBF1670F14BF4FF0450B09
:109590004FF0650B04E0BBF1410F08BF4FF0500BDB
:1095A0000898411C0891B8F1000F059914F8012B97
:1095B0000A5403DC9DF8400001071AD50898411CA5
:1095C0000891B8F1000F05990F5412DD761E30B2E4
:1095D0008045B8BF46460598089B32B221461844DC
:1095E000EEF7FEFB089936B271180891A8EB060059
:1095F0000B9005980899084429B2002980F800B01A
:1096000003D42B224270821C04E02D2242700D46AE
:10961000821C6D4200212CAB28460AE004460A2039
:1096200094FBF0F000EB8005A4EB450403F8014B3C
:10963000491C00B20028F1DC012906DC4BF02000B7
:10964000652804BF302002F8010B00292CAB08D19B
:10965000302002F8010B06E0491E585C303002F859
:10966000010B0029F8DC059908980844121A0992A0
:1096700049E030B229B288421CDA0598089B32B220
:1096800021461844EEF7ACFB089936B271180891E0
:10969000ABEB0600B8F1000F0B9003DC9DF8400027
:1096A000020704D5059847540999491C0991CDF83A
:1096B000308028E00598089B2AB221461844EEF72E
:1096C0008FFB0898761B5844B8F1000F089003DC14
:1096D0009DF840100A0703D5411C089105990F54C5
:1096E00030B28045B8BF46460598089B32B204EBBD
:1096F0000B011844EEF774FB089836B23018089046
:10970000A8EB06000B909DF8400000F01400102814
:1097100040F0C280079A08980B99821809988A1815
:1097200082180C980F998018884280F2B580081A28
:109730000A90B1E09DF84200622808D068280ED057
:109740006A2814D06C281FD0712810D01CE0D9F8DA
:10975000001051F8040BC9F80010C0B21AE0D9F893
:10976000001051F8040BC9F8001080B212E0D9F8CB
:109770000000C21D22F00702C9F80020D2E9000152
:109780000832C9F8002006E0D9F8001051F8040B9F
:10979000C9F800100021CDE902019DF84000010741
:1097A0005AD5DDE90223002B08BF002A54D04BF024
:1097B0002000782850D1079812A930220A54401C62
:1097C000431C079301F800B046E09DF84200622870
:1097D00008D068280ED06A2814D06C281FD07128B1
:1097E00010D01CE0D9F8001051F8040BC9F8001093
:1097F00040B21AE0D9F8001051F8040BC9F8001073
:1098000000B212E0D9F80000C21D22F00702C9F828
:109810000020D2E900010832C9F8002006E0D9F89A
:10982000001051F8040BC9F80010C117CDE902016E
:10983000002902D507982D210AE0BDF840008107D4
:1098400002D507982B2103E0C00705D507982021F2
:1098500012AA1154401C079012A8079901440591BF
:10986000594602A800F04EF816E001200790D9F8FA
:10987000000050F8041BC9F800008DF848100BE0F8
:1098800001212522BBF1000F07918DF8482003D05C
:10989000022207928DF849B00F9D07990A986D1A18
:1098A00008992D1A0B986D1A09992D1A0C986D1A92
:1098B0009DF840102D1A48073FF5D2AA2021002D0F
:1098C0008DF800107FF7CCAA309E2C46FFF7BCBA6B
:1098D0004FF0FF3031B0BDE8F08F0000CBCCCC0CA6
:1098E000686A6C747A4C00007072696E74665F739B
:1098F0003A2062616420257320617267756D656E20
:10990000740000002DE9FC4707468A463C69504632
:109910006F2808BF082505D0FFF780F9782814BF05
:109920000A251025D7E900013C2680468946BAF170
:10993000640F18BFBAF1690F05D1002903D5D8F11A
:10994000000869EB4909B9F1000F08BFB8F1000F31
:109950000CD1386B50B9082D3AD197F8380001076F
:1099600036D530223B2684F83B2031E08DF800A02C
:10997000404649462A46EB17FAF7F8F83032D0B29B
:10998000761E3A2801960EDAA255404649462A46E6
:10999000EB17FAF7EBF880465FEA010908BFB8F168
:1099A000000F05D108E09DF800001218513AEBE7CE
:1099B000F868A1198842DBD3082D09D197F838003F
:1099C000010705D5A05D302802D0761E3020A055B5
:1099D000C6F13C03BB61A119F960386B834208DA18
:1099E000C31A3B624FF6EF70398F01403987BDE8EB
:1099F000F38700280ED597F8380000F014001028DF
:109A000008D17A6B7969386A521A121AD21A002A66
:109A1000C8BF3A62BDE8F3872DE9D04306460F463A
:109A200014464FF00008DFF8449012E0E00707D535
:109A300042464B4630463946E8F7FCF806460F46A4
:109A40004046494642464B46E8F7F4F864108046E3
:109A50008946002CEAD130463946BDE8D083000063
:109A6000A08601000000F03F84D797410000244009
:109A7000F8B505460E4617461C4600205CB117F89F
:109A8000011BB068A847B06030B1F06A401CF062BA
:109A90000020641EF3D1F2BD4FF0FF30F2BD000094
:109AA0007072696E74665F733A20256E2064697304
:109AB000616C6C6F776564007072696E74663A20D1
:109AC00062616420256E20617267756D656E740039
:109AD000000000006E616E004E414E00696E66002F
:109AE000494E4600300000007CB50500DFF8A04676
:109AF000002020700020DFF89C160870DFF87C0C36
:109B000000210170012101710020DFF8741C087030
:109B100064210022DFF86C6C3000E8F745F803F0B0
:109B2000FFF901217FF07F40F1F7BDFEEDB2002D7E
:109B300079D000208DF8000000253BE000202900AE
:109B4000C9B209012144087300202900C9B20901E2
:109B50002144886020E0DFF8301C08680068406A13
:109B600000682A00D2B25201104440680028E5D0B3
:109B700001202A00D2B21201224410730868006842
:109B8000406A00682900C9B24901084440682900B8
:109B9000C9B209012144886000202900C9B2090125
:109BA00021440871EEF79AF82900C9B2090121444D
:109BB00008616D1C2800C0B2022834DA694628000A
:109BC000C0B2EAF762FD9DF800000128C3D1012070
:109BD0002900C9B2090121440873DFF8AC0B016800
:109BE0000968496A09682A00D2B252011144896899
:109BF0002A00D2B212012244916000680068406AD3
:109C000000682900C9B249010844407B2900C9B253
:109C1000090121440871EEF761F82900C9B2090170
:109C200021440861C5E773BD10B5DFF868452078A9
:109C300001281CD1207A03F017FB002802D00A2843
:109C40000DD00FE002202070207A6168096848700A
:109C5000022061684860002001F053FF07E0012006
:109C6000207004E000202070222001F04AFF10BD87
:109C700080B5DFF8183B1878002804D09A7D9968E1
:109C8000586800F073FF01BD80B5DFF8040B417820
:109C9000012904D102788168406801F0A3F801BD70
:109CA00080B5DFF8F00A4178012904D10278816893
:109CB000406801F0B1FC01BD80B5DFF8A40C41782B
:109CC000012904D102788168406800F0F6F901BDED
:109CD00070471CB5040000208DF800006946200084
:109CE000C0B2EAF7D2FCDFF8A8049DF80010220009
:109CF000D2B212010244127B914208D02100C9B2B3
:109D000009010844017B2000C0B2EAF7AFFC13BD93
:109D100010B500243CE0DFF878142000C0B2000148
:109D20000844007B012832D12000C0B20001084461
:109D3000806800280AD02000C0B200010844806872
:109D4000401E2200D2B212010A4490602000C0B22C
:109D5000000108448068002819D100202200D2B2F6
:109D600012010A441073DFF8200A00680068406A94
:109D700000682200D2B252011044407B2200D2B2CD
:109D80001201114408712000C0B2FFF7A2FF641C49
:109D90002000C0B20228BEDB10BD80B5FFF744FF33
:109DA000FFF766FFFFF770FFFFF77AFFFFF790FFFF
:109DB000FFF7AEFFFFF780FF01BD10B5DFF8CC491C
:109DC0002078002804D0A2682178608A00F0E9FD9C
:109DD0000020DFF8C0130870002020700020DFF89A
:109DE000B01948700020DFF8AC1948700020DFF887
:109DF000701B487010BD38B50500002401208DF897
:109E000000006846F8F749FDC0B2002815D128685F
:109E10008079002802D001240FE02D1D28680078E9
:109E20009DF80010884203D0286880790028F4D07B
:109E300028688079002800D101242000C0B232BDFA
:109E400038B504000025002C1CD06846F8F707FD43
:109E5000C0B2002817D12068007F002802D0012559
:109E600011E0241D2068007B9DF80010884203D07B
:109E70002068007F0028F4D02068007F002802D1ED
:109E8000012500E001252800C0B232BD7CB50400E8
:109E90000025DFF8600B00688068866916E0012500
:109EA00013E03068002810D06846FAF784F8C0B292
:109EB0000028F4D12100C9B29DF800003268904713
:109EC0000100C9B2002900D005001036307B0028FF
:109ED00003D12800C0B20428E3D12800C0B276BD67
:109EE0002DE9FC410C0015001E00DFF89C180968E4
:109EF0000968896A0F6800214168022960D10068F9
:109F000090F8018000E0083738784146C9B28842AD
:109F100002D0B8790028F6D0B87900284ED13000A8
:109F2000C0B2012807D14046C0B2022803D10120A7
:109F300001F0E7FD6CE04046C0B2FFF7A7FF01006B
:109F4000C9B2002933D14046C0B2F8F797FCDFF818
:109F50002C080121017080F804804480286880F872
:109F600001806846F8F768FC00281CD19DF80000C5
:109F7000032815D1788880B2000A2968887078880B
:109F80002968C870B8880A2190FBF1F0010089B2F5
:109F9000090A2A681171296848710620686004E07E
:109FA0000220686001E002206860002409E0C0B27D
:109FB000572801D1222404E07E2402E0122400E08C
:109FC0001324F6B2012E14D12000C0B2002810D004
:109FD000002000E0401C0100C9B2052909DA210077
:109FE000DFF8842B0300DBB2D25CC9B29142F1D11D
:109FF00001242000C0B2002806D15FFA88F8B8F129
:10A00000020F01D101F0BFFD2000C0B201F079FDC7
:10A01000BDE8F381F8B515001C0000224268022A51
:10A0200027D1006846783000C0B2401E02281BD8F5
:10A03000584F79807D603E72387A03F015F9002818
:10A0400002D00A2808D00BE0022038702868467039
:10A0500002206860002506E001203870782502E0C3
:10A0600000203870222505E012250020494908709B
:10A0700000E01325E4B2012C14D12800C0B200285E
:10A0800010D0002000E0401C0100C9B2052909DA07
:10A090002900DFF8D42A0300DBB2D25CC9B29142B6
:10A0A000F1D101252800C0B2002801D101F06BFDDB
:10A0B0002800C0B201F025FDF1BDF8B504000D0087
:10A0C00016000020606804282FD12068407821689D
:10A0D0008978090251EA00412068C7780F437FF070
:10A0E0007F4087421FD1F9F78DF9002819D102224C
:10A0F00001213800F1F732FB0100C9B2002903D178
:10A1000001206860002011E00100C9B2062901D1D8
:10A1100078200BE0C0B2072801D1782006E0722039
:10A1200004E0222002E0312000E013200100C9B247
:10A13000782907D1DFF828080121417006704460B2
:10A14000856024E00100C9B2002901D101216960C4
:10A150000021DFF80C285170F6B2012E14D1010055
:10A16000C9B2002910D0002100E0491C0A00D2B277
:10A17000052A09DA0200DFF8F0390C00E4B21B5DB1
:10A18000D2B29A42F1D10120C0B201F0BAFCF1BDC5
:10A1900084064020340640200200120C0A7002009F
:10A1A000120A4A7088707047FEB504000D00002640
:10A1B0002068407801280BD10120019000200090F8
:10A1C00001230222012120688078F1F748F900E09C
:10A1D0000120C0B2002825D12F680DF10200F1F74F
:10A1E00093F9C0B200281BD16846F1F734F9C0B228
:10A1F000002802D000208DF8000020684078787098
:10A200009DF80000B8700020F870BDF8020080B220
:10A21000000A3871BDF8020078710620686002E01B
:10A22000102600E031263000C0B2FEBD2DE9FF410E
:10A2300004000F0000208DF80800206840780228F4
:10A240000BD1012001900020009001230222012166
:10A2500020688078F1F703F900E00120C0B20028FF
:10A260005FD1D7F800803868C51C00208DF8010048
:10A2700000266846F1F7EFF8C0B2002802D00020AF
:10A280008DF800002068407888F801009DF80000F3
:10A2900088F8020002A8F9F7B7F8002807D00020D4
:10A2A0008DF80000032078609DF808003EE09DF8DE
:10A2B0000000002830D00DF1010101A8F1F75EF98E
:10A2C0000100C9B2002921D1300080B205EB800124
:10A2D0000198FFF761FF9DF801002168897801402E
:10A2E0009DF8000001400800C0B2002805D03000F1
:10A2F00080B205EB8000C170761C0DF1010101A850
:10A30000F1F73CF9310089B22529D9DBC0B2012827
:10A3100002D031208DF80800B6B2B600F61C7E607F
:10A3200002E031208DF808009DF8080004B0BDE877
:10A33000F0812DE9F84F84B0834688460025DBF88C
:10A3400000004078062801D1022601E012250026EF
:10A35000DBF800004079FE2805D0FF2807D15FF028
:10A36000000AEF2708E05FF0900AEF2704E0DBF82F
:10A37000000090F805A057462800C0B2002872D10E
:10A3800002A8F1F768F8DBF800008078DBF800102D
:10A39000C978090251EA0041DBF800000079014365
:10A3A00003910DF109033200D2B201210398F1F7B4
:10A3B0007BF8C0B2002855D106245FF00009DBF815
:10A3C00000004078D8F800104870D8F80000811CD0
:10A3D0000398FFF7E1FE9DF809109DF80800014081
:10A3E000D8F8000041712DE0D8F80400001B401E91
:10A3F000ADF80A000DF10A000190D8F80000210024
:10A4000089B20844401C00905346DBB23200D2B2FD
:10A4100001210398F1F787FAC0B2002810D15FF04C
:10A420000109BDF80A0000280AD0D8F80000210070
:10A4300089B200F801A0641C2000BDF80A4024186D
:10A440001AF1010A38005146C0B2C9B28842CBD2D3
:10A45000A4B2C8F804405FFA89F9B9F1000F02D13B
:10A46000312500E031252800C0B205B0BDE8F08FED
:10A47000FEB50C0000250020ADF802000020019080
:10A4800000208DF8000000260DF10200F1F72CFBF2
:10A4900000283BD16068BDF802108900891C884201
:10A4A00034D3002701E031252EE03800BDF802103A
:10A4B00080B288422BD22800C0B2002827D169463A
:10A4C00001A8F1F747FB0028EDD10198000C2168A5
:10A4D000320092B211448870761C0198000A2168FB
:10A4E000320092B211448870761C019821683200C3
:10A4F00092B211448870761C9DF8000021683200E9
:10A5000092B211448870761C7F1CCEE73125592009
:10A5100021680870032021684870B6B2B61C6660D6
:10A520002800C0B2FEBD2DE9F04F87B00D0000211C
:10A530008DF80E10002100210021002100210021B2
:10A5400000216968ADF814100021ADF80A105FF021
:10A55000000A0021002100215FF0010B00210021F1
:10A560008DF8081000210021016889780268D278EE
:10A57000120252EA0142016809790A430692006810
:10A5800040798DF80C00592029680870042029684A
:10A5900048702868861C002772E00024A0E0102084
:10A5A000E9E03120E7E0BAF1020A0BE05846C0B218
:10A5B000002864D1BDF80A000028F4D0BDF80A00D4
:10A5C00010EB0A0A19F10109E068494689B250F80E
:10A5D0002100002853D09DF80C00FF2801D1012054
:10A5E0000CE0E068494689B250F8210040789DF8B7
:10A5F0000C10884201D1012000E00020C0B20028E8
:10A60000E0D0E068494689B250F821004378002143
:10A6100000E0491CE0684A4692B250F822004068C7
:10A620000A0092B250F822000028F2D1504680B2BF
:10A6300033541AF1010A5046020092B2B1548246D4
:10A640001AF1010ABDF81400C01FB0EB0A00ADF802
:10A650000A000DF10A000190504680B2304400908B
:10A66000DBB24246D2B29DF80D100498F1F7C2F960
:10A6700083465846C0B2072898D121207BE07F1C32
:10A68000DFF8141C086800683A0092B252011044C6
:10A69000007F012860D006987FF07F4290423FF40F
:10A6A00080AF06980490086800683A0092B25201A0
:10A6B0001044806900283FF470AF086800683A00D1
:10A6C00092B25201104480690068049A90427FF46B
:10A6D00064AF08680068390089B2490100EB0104E1
:10A6E000002CCCD0E0680028C9D00DF10900F0F7AB
:10A6F000B2FEA06940798DF80D005FF0020802AB50
:10A700004246D2B29DF80D100498F0F7CDFEC0B2CB
:10A7100000287FF444AF0498000C514689B270546D
:10A720001AF1010A0498000A514689B270541AF1CC
:10A73000010A0498514689B270541AF1010A9DF831
:10A7400008109DF809000140504680B231541AF1BA
:10A75000010A5FF0000937E71FFA8AFA1AF1020AC4
:10A76000C5F804A05FFA8BFBBBF1010F01D13120CA
:10A7700001E09DF80E0007B0BDE8F08F40064020D4
:10A78000AE244020B0064020140640204806402059
:10A79000600640206C0640202DE9FE4380460F00F5
:10A7A0000024D8F8000040780A280AD1012001903E
:10A7B00000200090012302220121FF20F0F74FFE2C
:10A7C00000E00120C0B2002847D1D7F800903868D7
:10A7D000C51C00266846F0F73EFEC0B2002802D035
:10A7E00000208DF80000D8F80000407889F80100BA
:10A7F0009DF8000089F802009DF80000002827D08D
:10A800000DF1010101A8F0F74FFF0100C9B20029C5
:10A810001AD1300080B205EB80010198FFF7BCFC33
:10A820009DF801109DF800000140300080B205EB5A
:10A830008000C170761C0DF1010101A8F0F734FF12
:10A84000310089B22529E0DBC0B2012800D03124D3
:10A85000B6B2B600F61C7E6000E031242000C0B223
:10A86000BDE8FE83F8B58EB005000E00140008A800
:10A87000DFF82C1B1822EDF7C3FA02A8DFF8E41B5F
:10A880001822EDF7BDFA0020082229006F46380093
:10A89000EDF7A6FA2000C0B2022803D02000C0B213
:10A8A00001284BD16868022846D3286841780800FF
:10A8B000C0B216283EDA02A80A00D2B2805C002894
:10A8C00036D0686808AAC9B2515C88422ED128687F
:10A8D000407801280AD002280DD0032810D004287F
:10A8E00013D0062816D00A2819D01DE0310068467A
:10A8F000FFF75AFC23E031006846FFF797FC1EE0A3
:10A9000031006846FFF7B4FD19E031006846FFF7F3
:10A910000AFE14E031006846FFF70BFD0FE031003E
:10A920006846FFF739FF0AE0122008E0132006E02E
:10A93000122004E0122002E0132000E00120E4B223
:10A94000012C08D10100C9B2122903D00100C9B2FB
:10A95000312900D10120C0B201F0D3F80FB0F0BD11
:10A960007806402030B4030022480068006844683C
:10A97000002000E0403462881D00ADB2AA4203D03E
:10A9800094F83D20002AF5D094F83D20002A05D106
:10A9900062681278002A01D101200C60C0B230BC7C
:10A9A000704738B50D00140000210091694680B24F
:10A9B000FFF7D8FF00281BD02800C0B2012808D11B
:10A9C00000984069002813D0206800994969884799
:10A9D0000EE0EDB2022D0BD100988069002807D05F
:10A9E00000980078022803D1206800998969884777
:10A9F00031BD0000140640202DE9FC4104000D008B
:10AA00001600002760684068002800F0A880606990
:10AA1000002800F0A480A069002800F0A0806068F1
:10AA200040680068FFF7E7F9002800F0968060684A
:10AA300040684068FFF704FA002800F08C80684600
:10AA4000616988479DF800100143C9B200297AD195
:10AA50000020ADF80200012160684078002804D091
:10AA6000A089ADF80200002107E02069002804D089
:10AA70000DF102002169884701000800C0B20028DA
:10AA80005AD168683188BDF8022012FA81F1891C18
:10AA900088424FD36868C01EDFF8041A08806088B7
:10AAA00080B2000A2968328888543088401C30807F
:10AAB00060882968328888543088401C3080DFF8EC
:10AAC000DC89012088F80000286831880844A169E1
:10AAD0008847002188F800103288BDF802108A18D3
:10AAE00032800100C9B20A2901D1782738E001007B
:10AAF000C9B2132901D1132732E00100C9B21429C8
:10AB000001D114272CE00100C9B2222901D122274A
:10AB100026E00100C9B2312901D1312720E001002E
:10AB2000C9B2332901D133271AE0C0B2002817D0A7
:10AB3000222715E0142713E0C9B20A2901D178278A
:10AB40000EE022270CE0C0B20A2801D1782707E0E6
:10AB50009DF8007004E0332702E0312700E0312740
:10AB60003800C0B2BDE8F681D02E40202DE9FC4768
:10AB700081468A4614000025002001900120ADF88E
:10AB8000000000202000C0B2022804D02000C0B283
:10AB9000012840F09A80D9F80400401EC00756D41E
:10ABA000D9F80400401E002851D0D9F80460761E60
:10ABB00076085FF00008002734E0D9F8000039007B
:10ABC00089B200EB410040780002D9F800103A0049
:10ABD00092B201EB4201897850FA81F001A980B26A
:10ABE000FFF7C0FE00281CD018F101086A46514644
:10ABF0000198FFF701FF0100C9B2002911D001003F
:10AC0000C9B2782903D12900C9B2002900D10500B1
:10AC10002000C0B2012804D12800C0B2222800D1EF
:10AC200001257F1C3800310080B289B2884207D2EA
:10AC30002800C0B20028C0D02800C0B27828BCD0FC
:10AC40001FFA88F8B8F1000F02D1312500E0132572
:10AC50002800C0B2002803D1BDF80000CAF80400E3
:10AC60002800C0B2782809D1DFF8980A02210170C3
:10AC7000C0F80490C0F808A084751EE02800C0B297
:10AC8000312812D12000C0B2012805D101252800A9
:10AC9000C0B200F036FF10E00020DFF8681A08703C
:10ACA0002800C0B200F02DFF07E00020DFF8541AA2
:10ACB00008702800C0B200F024FFE4B2012C08D1D3
:10ACC000EDB2002D05D0012003E00120C0B200F05C
:10ACD00018FFBDE8F3877CB504000D0016000020C6
:10ACE0008DF8000060688068002875D0E069002851
:10ACF00072D0206A00286FD0606880680068FFF713
:10AD00007AF8002864D0606880684068FFF798F897
:10AD1000002859D00DF10100E16988479DF8011024
:10AD20000143C9B2002943D10020ADF8020001213E
:10AD300060684078002804D0A089ADF802000021A6
:10AD400007E02069002804D00DF10200216988473E
:10AD50000100C9B2002927D1BDF80200B6B2B04245
:10AD60001ED16A46BDF802102868C01C236A9847A5
:10AD700001000800C0B2002807D09DF8000000289C
:10AD800003D122208DF8000029E09DF800007828EA
:10AD900002D0C9B20A2922D178208DF800001EE025
:10ADA00013208DF800001AE022208DF8000016E034
:10ADB000C0B25B2803D172208DF800000FE09DF82F
:10ADC00001008DF800000AE033208DF8000006E055
:10ADD0007F208DF8000002E031208DF800009DF802
:10ADE000000076BD2DE9FC4104000E001500002096
:10ADF0000027002000902800C0B2022803D02800BD
:10AE0000C0B201281DD16068042818D36068B0F171
:10AE1000030820684078000221688978471869464D
:10AE2000380080B2FFF79EFD002806D0424692B25D
:10AE300021000098FFF74FFF04E0312002E01320CB
:10AE400000E001200100C9B2782907D1DFF8B80875
:10AE50000121417005704460866013E00100C9B2B1
:10AE6000002908D103217160390089B2090A3268CA
:10AE7000517031688F700021DFF88C285170C0B29A
:10AE800000F03FFEBDE8F38138B504000020C9B2F0
:10AE9000012913D1DFF8741800222300DBB21B0153
:10AEA0000B441A7100222300DBB21B010B441A73FE
:10AEB0000022E4B2240121448A6044E0DFF84C58C7
:10AEC0002100C9B2090129440979AA6A527B521E9C
:10AED00091422DDBDFF8381808680068406A006886
:10AEE0002200D2B252011044806800281ED00120F6
:10AEF0002200D2B212012A44107308680068406A26
:10AF000000682100C9B24901084480682100C9B223
:10AF1000090129448860ECF7E1FE2100C9B209016A
:10AF2000294408612000C0B2FEF7D3FE01200AE0E8
:10AF30002100C9B2090129440979491CE4B224015C
:10AF400005EB04021171C0B232BD2DE9F8430400D3
:10AF50000D00160000270021DFF8B4070068006824
:10AF6000406AD0F8008002E018F12008491C98F8E7
:10AF70000C003200D2B2904203D098F81C00002896
:10AF8000F2D098F81C0000286FD1D8F814000028DF
:10AF900069D0DFF8789789F8241099F82400000127
:10AFA0004844007B002801D037275FE06068D8F86C
:10AFB0000010891C884243D10DF10100F8F7F0FF21
:10AFC000C0B200283AD130009DF80110C0B28842CA
:10AFD00013D1206840782968487098F80F10002233
:10AFE0002868841C2000E6F7DFFD98F80F00801C1D
:10AFF0006860012089F8000023E06A462868811C07
:10B000002068801CD8F8143098479DF80010084339
:10B01000C0B200280FD1206840782968487098F89D
:10B020000F00801C686089F80160C9F82880012041
:10B0300089F8000005E09DF8007002E0222700E09A
:10B0400013273800C0B2002810D03800C0B213282F
:10B050000CD0002199F82400FFF716FFC0B2012898
:10B0600004D1372702E07E2700E012273800C0B263
:10B07000BDE8F2832DE9FC4104000D001700002615
:10B08000DFF88C0600680068406A016800E0203143
:10B09000087B3A00D2B2904202D0087F0028F6D056
:10B0A000087F002873D1886900286ED0DFF85C869D
:10B0B00098F80000002801D1C8F828106068D8F876
:10B0C0002810097C891C884246D100208DF8000098
:10B0D0006846F7F7C4FB98F8000001283AD1380019
:10B0E00098F80110C0B2884234D19DF80000FFB238
:10B0F000B8422FD0002088F8000098F82400000102
:10B100004044007B002801D0362626E0D8F82800ED
:10B11000806900281CD02068801CD8F82810896914
:10B1200088470100C9B200290BD1D8F82800007B5C
:10B13000F7F78EFB20684078296848700220686025
:10B140000BE0C0B27E2801D17E2606E0352604E061
:10B15000222602E0242600E013263000C0B2002898
:10B1600005D1012198F82400FFF78EFE10E0300091
:10B17000C0B213280CD0002198F82400FFF784FEF9
:10B18000C0B2012804D1362602E07E2600E0122655
:10B190003000C0B2BDE8F6817CB505000C0000208F
:10B1A000D2B2022A01D001203EE0686802283AD3D8
:10B1B00028684078401C022190FBF1F6286840780E
:10B1C000C00718D501208DF801000DF10100F7F737
:10B1D00064FB9DF801103000C0B202F075F8010068
:10B1E000C9B2002906D13200D2B221002800FFF7EF
:10B1F000ACFE19E018E001208DF800006846F7F772
:10B200004CFB9DF800103000C0B202F05DF8010068
:10B21000C9B2002906D13200D2B221002800FFF7BE
:10B2200029FF01E000E01320C0B200F06AFC73BD0A
:10B2300038B50D0014000021416802290ED10068C4
:10B240004078002808D1F7F7EDFA00202968487007
:10B2500002206860002002E0122000E01320E4B227
:10B26000012C14D10100C9B2002910D0002100E046
:10B27000491C0A00D2B2052A09DA0200DFF8943428
:10B280000C00E4B21B5DD2B29A42F1D10120C0B2EF
:10B2900000F037FC31BD0000AC514B0038B50D005B
:10B2A0001400002100214168022938D1006840784B
:10B2B000012802D0022818D02FE001217FF07F4022
:10B2C000F0F7F1FAC0B200280DD1012029684870CA
:10B2D000022068600025DFF84024DFF840140820D1
:10B2E000E7F738FF00E031251AE001217FF07F40C9
:10B2F000F0F7B8FAC0B200280DD1022029684870D2
:10B30000022068600025DFF81824DFF810140820F8
:10B31000E7F720FF00E0312502E0122500E01325C9
:10B32000E4B2012C14D12800C0B2002810D00020B3
:10B3300000E0401C0100C9B2052909DA2900DFF844
:10B34000D4230300DBB2D25CC9B29142F1D1012512
:10B350002800C0B200F0D5FB31BD10B50400F7F7EE
:10B3600061FADFF8C0030178022909D1210042887F
:10B3700089B2914204D100210170007A01F08DFF61
:10B38000DFF8A4130878002808D04888A4B28442C3
:10B3900004D100200870087900F0D0F910BD000039
:10B3A0006C334B007CB504000D00160031208DF885
:10B3B00000002068407810F07F006168032926D1E2
:10B3C0000100C9B2091F3C291DD30100C9B27F2960
:10B3D00019D06A4621688978C0B201F0BFFD9DF896
:10B3E0000000002816D09DF80000312812D09DF8EA
:10B3F000000022280ED09DF8000012280AD031202B
:10B400008DF8000006E012208DF8000002E0132005
:10B410008DF800009DF80000002805D1022068602A
:10B420002068407829684870F6B2012E15D19DF841
:10B430000000002811D0002000E0401C0100C9B22B
:10B4400005290ADA9DF80010B24A0300DBB2D25C8B
:10B450009142F2D101208DF800009DF8000000F02B
:10B4600050FB73BD84334B0030B40300A848006820
:10B470000068C469002000E0183462881D00ADB285
:10B48000AA4202D0227D002AF6D0227D002A01D1D4
:10B4900001200C60C0B230BC70470000AF244020D7
:10B4A0006024402038B504000D0000208DF8000015
:10B4B0006068006900282FD0686861680969098898
:10B4C000091D884224D369462868001D22699047D7
:10B4D000616809690988491D6960C0B2002806D001
:10B4E0009DF80000002802D122208DF800009DF870
:10B4F0000000002813D1606800690088001D696899
:10B5000088420CD2606800690088001D686006E00F
:10B5100013208DF8000002E012208DF800009DF845
:10B52000000032BD38B504000B00150000208DF876
:10B53000000060688068002828D060688068008803
:10B54000001D596888421DD16A462868011D186887
:10B55000001DA3689847C0B2002806D09DF80000DF
:10B56000002802D122208DF800009DF8000000285C
:10B5700005D1606880684088001D686009E005208A
:10B58000686006E013208DF8000002E012208DF8BC
:10B5900000009DF8000032BD38B504000B00150016
:10B5A00000208DF800006068C06800282ED0606818
:10B5B000C0684088001D6968884223D16A462868AF
:10B5C000011D1868001DE368984705216960C0B235
:10B5D000002806D09DF80000002802D122208DF816
:10B5E00000009DF80000002813D16068C068408802
:10B5F000001D696888420CD26068C0684088001DE0
:10B60000686006E013208DF8000002E012208DF83B
:10B6100000009DF8000032BD2DE9FC4104000D0042
:10B620001600002000275FF0000800200090300086
:10B63000C0B2022803D03000C0B2012844D16068F3
:10B6400004283FD32068477820688078000221686A
:10B65000C97810EB01086946404680B2FFF704FF45
:10B6600000282DD0009840680068FEF7C4FB002831
:10B6700024D0009840684068FEF7E2FB00281BD009
:10B680003800C0B2012804D014D303280DD006D34B
:10B6900010E02A0021000098FFF744FF15E02A007F
:10B6A00021000098FFF778FF0FE029000098FFF7CE
:10B6B000F9FE0AE0122008E0332006E07F2004E0D3
:10B6C000312002E0132000E001200100C9B27829F6
:10B6D00010D029684F70414689B2090A2A689170D2
:10B6E000296881F803800021104A5170C0B200F02F
:10B6F00008FA05E00D48012141700670446085603C
:10B70000BDE8F381480640206006402084064020C2
:10B7100014064020D02E4020A4334B009C334B0015
:10B72000B0334B0034064020400640206C064020D9
:10B7300080B5992280B200F09EFC02BD80B5C0B2F7
:10B74000012804D00DD303280AD001D309E008E072
:10B75000F8F754F94548002181760121C17600E0CF
:10B76000FFE701BD3EB504000025C9B2012904D0A0
:10B7700069D3032954D006D365E000203B490877FC
:10B7800001F0CEFB60E02000C0B2012808D1E4B295
:10B790002300374A37490220E7F7DCFC012553E054
:10B7A0002000C0B2022839D0304D287F002817D0A1
:10B7B000314890F89810022903D090F89800042896
:10B7C0000ED1F1F775FC50280AD3F1F771FCA628C9
:10B7D00006D2EAF7E0F9002802D1E4B2032C17D030
:10B7E000EAF7D9F9002801D1012400E00024F1F79B
:10B7F0005FFCE4B2029401901F4890F8980000901A
:10B800002B7F1E4A1B490220E7F7A4FC572506E0C0
:10B81000F8F7E7FBF1F7AFFC002500E0002513E0A7
:10B820000020124908772000C0B2022808D1E4B2F3
:10B830002300134A0F490220E7F78CFC012503E09F
:10B8400001F06EFB00E000252800C0B23EBD80B5CF
:10B85000002006490877F5F7A5FD01F061FB094ACC
:10B8600004490420E7F776FC01BD000048004020B1
:10B87000000D4B00F80C4B00D01600201C0D4B00A7
:10B880004C0D4B00680D4B0080B50100C9B2012979
:10B8900006D10121DFF80003008AF7F7A2F83EE0A5
:10B8A000BD4A117B012913D17F2153681B68197090
:10B8B000BA49097853681B685970516809688870DB
:10B8C0000320516848600021108AF7F78AF826E0C3
:10B8D000117B01290BD10100C9B211291BD0010034
:10B8E000C9B2122917D00100C9B2312913D07F2162
:10B8F00053681B681970A949097853681B68597007
:10B900005168096888700320516848600021108AD6
:10B91000F7F767F803E00121108AF7F762F801BD35
:10B9200070B504009C4D686841680022686806682C
:10B930003000E6F739F9E4B2102C14D0112C19D0EC
:10B94000142C1ED0192C22D0222C26D0272C2AD001
:10B95000282C46D02E2C2CD0312C36D03E2C2ED05C
:10B96000852C38D043E02B7B6A68E9892868FEF78C
:10B97000B7FA45E02B7B6A68E9892868FEF74AFB3D
:10B980003EE02A7B69682868FEF797FB38E02A7B4F
:10B9900069682868FEF766FF32E02A7B69682868D4
:10B9A000FFF7E4F82CE02A7B69682868FFF7F4FBCE
:10B9B00026E02A7B69682868FFF714FA20E02A7BD2
:10B9C00069682868FFF734FC1AE02A7B69682868F0
:10B9D000FFF722FE14E02A7B69682868FFF75EFC07
:10B9E0000EE02A7B69682868FFF7DCFC08E0287B0A
:10B9F000012801D1012000E01120C0B200F081F83F
:10BA000070BD30B403000120634A9268546800E0BE
:10BA1000103422781D00EDB2AA4202D0227B002A07
:10BA2000F6D0227B002A01D10C6002E00020002227
:10BA30000A60C0B230BC7047704780B5584908787A
:10BA4000002803D00020087000F001F801BD7CB58B
:10BA5000002000900024504D28684068002804D041
:10BA60002868006800784D490870286840680028F8
:10BA700001D1012429E0494E69463078FFF7C1FF22
:10BA8000002821D000988068FEF7B5F9002819D069
:10BA90000098407800280FD0286800684078000699
:10BAA0000AD500F070F828680068407810F07F0030
:10BAB00029680968487001E000F069F83078FFF7FC
:10BAC0002FFF02E07F2400E011242000C0B20028F4
:10BAD00016D0287B01280FD1002000E0401C010077
:10BAE000C9B2052908DA21002E4A0300DBB2D25C74
:10BAF000C9B29142F2D101242000C0B2FFF7C4FEC6
:10BB000073BD10B504002000C0B2002819D100F0A8
:10BB100037F800280CD120482049097851F040011D
:10BB20004268126811700021008AF6F75AFF12E08D
:10BB3000194CE089FFF711FC0121208AF6F751FF2B
:10BB400009E02000C0B2782801D100F020F82000E0
:10BB5000C0B2FFF799FE10BD80B580B2FFF7FDFBC4
:10BB600001BD70B4039D049C0B4E3482F3813060A0
:10BB700075603273B16001200949087070BC70476C
:10BB80000948007870470120074908707047002075
:10BB9000054908707047000018064020AC2440207A
:10BBA000AB244020D02E4020AD244020F8B5184CC6
:10BBB000217800292AD1002828D0164D286028682D
:10BBC0008068002820D02868C06800281CD0002683
:10BBD00016E02868C06850F82600006800280ED0DB
:10BBE0002868C06850F8260002682868806850F805
:10BBF0002610986850F826703800ECF7F1F8761C9B
:10BC0000054BD8898642E4D301202070F1BD0000A5
:10BC1000C224402014234020005C4B00F0B40200FA
:10BC20000223002401E00323641CDFF86059200094
:10BC30002E7BC0B2B04234D20C2628682700FFB257
:10BC40007743384400790028EED128682300DBB21E
:10BC500073431844C0888842E5D328682300DBB2C8
:10BC6000734318446B681700BFB243F82700286875
:10BC7000E4B27443005941606868110089B250F819
:10BC80002100012101716868110089B250F821007A
:10BC900000214172686892B250F8220000210172BE
:10BCA00000231800C0B2F0BC704770B40222DFF865
:10BCB000DC4863680500ADB253F82530002B01D194
:10BCC000012239E063680500ADB253F825301B68E6
:10BCD0005D6863680600B6B253F826301B7AED1A29
:10BCE00089B28D4201D2012226E0616803009BB235
:10BCF00051F82310097901290ED16168020092B22E
:10BD000051F8221002220A71616880B251F82000B5
:10BD10000021817200220FE0616803009BB251F89C
:10BD200023100979042906D0616880B251F82000F7
:10BD30000079022800D100221000C0B270BC704708
:10BD4000DFF848280100537B89B29BB2994201D3A6
:10BD5000012029E0516803009BB251F8231000290B
:10BD600001D1002020E0516803009BB251F823105C
:10BD70000979062907D1516880B251F820000521C0
:10BD80000171022010E0516803009BB251F82310AA
:10BD90000979022907D1516880B251F820000321A6
:10BDA0000171022000E00020C0B2704710B40122EF
:10BDB000DFF8D83759680400A4B251F824100029DC
:10BDC0001BD059680400A4B251F824100979042941
:10BDD00013D15968020092B251F8221000220A7160
:10BDE0005968020092B251F8221000228A72002192
:10BDF0005A6880B242F8201000221000C0B210BC75
:10BE00007047F8B50C000025DFF884170968096849
:10BE100080B251F82060002709E030693900C9B2CA
:10BE200050F82100210001F033FC05437F1C3069EC
:10BE30003900C9B250F821000028EED12800C0B264
:10BE4000F2BD70B504000D002800C0B200284AD031
:10BE5000200080B2FFF774FF00261DE0DFF82C17EA
:10BE60004868220092B250F82200002839D0486871
:10BE7000220092B250F8220000220271486822008B
:10BE800092B250F8220000228272002049682200FB
:10BE900092B241F8220024E0DFF8F4160868006846
:10BEA000220092B250F8220000693200D2B250F85B
:10BEB000220000285DD008680068210089B250F88F
:10BEC000210000693100C9B250F821209079002882
:10BED000C4D090790428C1DA2900C9B2100001F059
:10BEE00003FC761CD8E7002634E0DFF8A01648688B
:10BEF000220092B250F8220000282AD0486822007E
:10BF000092B250F82200002202714868220092B2D8
:10BF100050F822000022827200204968220092B26A
:10BF200041F8220015E008680068210089B250F845
:10BF3000210000693100C9B250F821209079002811
:10BF4000D3D090790428D0DA2900C9B2100001F0CA
:10BF5000CBFB761CDFF8381608680068220092B226
:10BF600050F8220000693200D2B250F822000028B6
:10BF7000D9D170BD70B50200DFF814060068006802
:10BF800013009BB250F82330987B002807D0987B91
:10BF9000042804DAC9B2180001F0B4FB54E0987B1D
:10BFA000401F042803D3987B0A3806284CD2DFF8B8
:10BFB000DC1510004C7B80B2A4B2A04244D2486889
:10BFC0001400A4B250F8240000283DD048681400A2
:10BFD000A4B250F824000079042835D14868140030
:10BFE000A4B250F824004C681500ADB254F82540B6
:10BFF000A47A641C84720024002511E018692E00C4
:10C00000F6B250F826008079002807D018692E0073
:10C01000F6B250F826008079042800DB641C6D1C01
:10C0200018692E00F6B250F826000028E6D14868BC
:10C03000110089B250F82100807AE4B2A04203D303
:10C04000100080B2FFF7B2FE70BD02000020002396
:10C0500007E052F8231089790A39062900D2012015
:10C060005B1C0100C9B2002903D152F8231000293A
:10C07000EFD1C0B2704780B5D2B280B2FFF7C1FE37
:10C0800002BD2DE9F84F89461500B9F1000F01D125
:10C09000012020E106005FF0000ADFF8F4040068E8
:10C0A0000068310089B250F821700024002000900F
:10C0B0005FF0000826E00098A04201D3002C1FD1B9
:10C0C000009C1DE038694146C9B250F821008079D2
:10C0D000002815D038694146C9B250F8210080794E
:10C0E00004280DDA38694146C9B250F821006A4681
:10C0F000494601F018FB0100C9B20029DBD0824695
:10C1000018F1010838694146C9B250F821000028E9
:10C11000D8D13869FFF799FF002800F0D780D9F807
:10C12000041089B2300080B2FFF7BFFD824650464E
:10C13000C0B201281CD1DFF854144868320092B212
:10C1400050F82200002813D04868320092B250F80C
:10C150002200002202714868320092B250F8220098
:10C160000022827200204968B6B241F82600ADE094
:10C170005046C0B2002840F0A980D9F80420D9F870
:10C180000010DFF80884D8F8040033009BB250F8A0
:10C19000230000680068D8F80430B4461FFA8CFC0D
:10C1A00053F82C301B7A00EB030B5846EBF718FEC4
:10C1B000D8F80400310089B250F82100007AD9F88B
:10C1C0000410081881464846C0B2DFF8C413096855
:10C1D0000968320092B251F82210498880B2884230
:10C1E00010D3D8F80400310089B250F8210000794A
:10C1F000022807D1D8F80400310089B250F8210094
:10C2000003210171D8F80400310089B250F82100EF
:10C210000079032838D15FF0000B2EE0D8F8040035
:10C22000310089B250F821000421017123E03869FE
:10C230005946C9B250F821008079401F042808D31C
:10C2400038695946C9B250F8210080790A38062861
:10C2500011D238695946C9B250F82100D8F80410F3
:10C26000320092B251F82210096801F011FA002848
:10C27000D4D05FF0010A1BF1010B38695946C9B2ED
:10C2800050F821000028D2D15046C0B200281DD15C
:10C29000D8F80400310089B250F8210080F80890E5
:10C2A000BB4800680068310089B250F8210040881E
:10C2B00000280BD0D8F80400B6B250F82600006869
:10C2C00040685FFA89F9B0EB09094C46002D00D0AF
:10C2D0002C605046C0B2BDE8F28F80B5D2B2C9B270
:10C2E00080B2FFF7AEFD01BD2DE9FC4706000F004F
:10C2F00015005FF00008A64800680068310089B2A8
:10C3000050F8219000245FF0000A29E00098A04234
:10C3100001D3002C22D1009C20E0D9F81000514616
:10C32000C9B250F821008079002817D0D9F8100040
:10C330005146C9B250F82100807904280EDAD9F8A4
:10C3400010005146C9B250F821006A46390001F088
:10C3500002FA0100C9B20029D8D080461AF1010AB8
:10C36000D9F810005146C9B250F821000028D4D1A4
:10C37000D9F81000FFF769FE00281AD03900300004
:10C3800080B2FFF74BFC0100C9B2002901D0804602
:10C390000FE07E484168320092B251F82210C988FD
:10C3A000A14201D3002C04D14068B6B250F8260057
:10C3B000C488002D00D02C604046C0B2BDE8F6878E
:10C3C000FEB5002901D10120DFE005000020704FFB
:10C3D000386800682C00A4B250F824601C00B07BC0
:10C3E000002807D0B07B042804DA2300300001F0D5
:10C3F000A6F9C9E0B07B401F042804D3B07B0A38FB
:10C40000062880F0C080614E70682B009BB250F807
:10C410002300002800F0B780002A28D010788DF87B
:10C42000000050680190386800682B009BB250F8FB
:10C430002300408800281FD0107800281CD0706886
:10C440002A0092B250F822000022027170682A007D
:10C4500092B250F8220000228272002072682B00F3
:10C460009BB242F8230000200190012004E000204C
:10C470008DF80000002001909DF80000012801D0F7
:10C48000002001904A680198121A70682B009BB234
:10C4900050F82300002801D1012075E070682B00BE
:10C4A0009BB250F8230000684068019B984207D374
:10C4B00070682B009BB250F82300C088904201D2D4
:10C4C000012061E0386800682B009BB250F823001F
:10C4D0004088002811D070682B009BB250F82300D0
:10C4E000007A7368AC461FFA8CFC53F82C305B7AE8
:10C4F000D318984201D2022046E0386800682B0029
:10C500009BB250F82300408800281CD070682B0094
:10C510009BB250F823000068006873682F00BFB218
:10C5200053F827305B7A184473682F00BFB253F872
:10C5300027307768AC461FFA8CFC57F82C707F7A4E
:10C54000D7195F7208E070682B009BB250F8230087
:10C5500000680068019B18440F6801003800EBF781
:10C560003FFC002C0DD07068290089B250F82100E2
:10C57000006841687068ADB250F82500407A091A29
:10C580002160002000E00120C0B2FEBD005C4B0035
:10C590001423402080B5D2B2C9B280B2FFF7EAFCC2
:10C5A00001BD0000704700002DE9FE4F52490025F3
:10C5B00012EB010A5D4100B950480C9901621AF56D
:10C5C000616245F10003CDE9002306464FF4C878C7
:10C5D0004FF0640901E0DDE900A550462946484ACC
:10C5E0000023F7F7A1FA044650462946444A00239F
:10C5F000F7F79AFA1D00924605D5641E40480021BF
:10C600001AEB000A4D41601C072290FBF2F2C2EBCC
:10C61000C202801A48BFC01DB061A4F5B77B40F2CA
:10C620006D1094FBF0F700E07F1E0021384601F00A
:10C63000B9F8024640F26D1303FB07229442F3DB84
:10C6400002F26D10A04215DA934508BF17F0030FF0
:10C6500001D07F1CE9E707F26C71642091FBF0F0D8
:10C6600009FB101030B9434691FBF3F308FB13119B
:10C670000029EED13846A41A7061F46101F078F80F
:10C680000C2100F1180232F9023D491E9C42FADBEE
:10C6900031614FF4616230F91110641A5046294635
:10C6A0000023641CF7F740FAF460B0602946504656
:10C6B0004FF461620023F7F737FA14461D4620460F
:10C6C00029463C220023F7F72FFA706029462046BE
:10C6D0003C220023F7F728FA3260306A002806D59A
:10C6E000304601F0ABF8002830623FF774AF3046B7
:10C6F00003B0BDE8F08F00BF807EAA8314244020E1
:10C7000080510100FFE741381A288041C00F70476F
:10C71000A0F10901052901D3202801D1012070478A
:10C7200000207047A0F141011A2938BF203070471E
:10C730002248704770B45368D41801E05B1C491E4E
:10C74000042B08DA00291FBF057804F8015B10F8F4
:10C75000016B002EF2D1536070BC704738B50446AF
:10C76000084611001D4615D02A46FFF7E3FF696809
:10C77000049B1CB95A6B2846904704E00A469B6B01
:10C780002946204698476FF00102811A02D0491EBF
:10C7900001D001E003E005E00021696032BD6FF0E7
:10C7A000010032BD4FF0FF3032BD1CB5034C009488
:10C7B000FFF7D4FF16BD02487047000088334020C1
:10C7C000503340202DE9F04F93B08B460021804636
:10C7D000174600911D463846FCF7E2F8044603A8C8
:10C7E0000021C0E90011CDF8188007950DF120094E
:10C7F000009D0DF12C0A18E003AB2246394605A82E
:10C80000FFF7D3FF0646002E1ADD0598BF19A41BBB
:10C8100025281BD0B34546D37042391832464046CE
:10C82000EBF7DEFAB044ABEB060B55EA040046D05A
:10C83000002CE1D16D1E5AF8257059F82540DBE730
:10C840003878461EB641F643F60FDEE7002CE1D0FD
:10C850003878452802D117F8016B02E04F28FAD04A
:10C8600000260EA802A9019000913B781C99079818
:10C87000324601F035F906B1641E02997F1C641E30
:10C88000002904DC8CB907460C466442CDE78B4591
:10C8900009D30A4601464046EBF7A2FA02988044C3
:10C8A000ABEB000BC1E7002012E0032DEBD24AF8FE
:10C8B000257049F825400746029C6D1CE5E7BBF151
:10C8C000000F05D0002288F800200699A8EB01008F
:10C8D00013B0BDE8F08F0000F0B540F2FF7581EABB
:10C8E000030C0CF0004C15EA11541DBF15EA135748
:10C8F000AC42AF42E5E0BC41C1F31301C3F3130303
:10C90000801A994143F4801304D2641E00184941EF
:10C9100080185941C90241EA5051B1FBF3F603FBBB
:10C920001611A2FB0675D7EBC020A94102D2761ED4
:10C9300080185941C90241EA5051B1FBF3FE03FB93
:10C940001E11A2FB0E75D7EBC020A94103D2AEF198
:10C95000010E80185941890241EA9051760546EA54
:10C960008E2EB1FBF3F603FB1611A2FB0675D7EB77
:10C970008020A94102D2761E80185941C90241EA9D
:10C9800050514EEA060EB1FBF3F603FB1611A2FB63
:10C990000675D7EBC020A94102D2761E80185941F6
:10C9A000C90241EA5051B1FBF3F703FB1711A2FB97
:10C9B0000735D3EBC020A94167F100070CBF004247
:10C9C00047F0010766F3D5274FEA1E31B80814F582
:10C9D000806412DDBD0775F1004250EB0E5051EB43
:10C9E000045111F5801F5CBF41EA0C01F0BD4CF011
:10C9F0007F6141F0E0410020F0BDBD076D0840EAD5
:10CA00000E5041F48011D4F10104B4F120060ADA89
:10CA1000C4F120060200E04001FA06F3E1401843A9
:10CA2000B24015430EE0342C13DCC6F1200445EA75
:10CA300040056D0820FA06F2154321FA06F0A140E0
:10CA40000D43002175F1004250F1000051EB0C0143
:10CA5000F0BD00205FEA0C01F0BDCFB992185B4138
:10CA6000B3FA83F704BFB2FA82F6BF190B3FB7F1EE
:10CA700020062FBF02FA06F3BB40C7F1200622FAB8
:10CA800006F638BF3343BA401CB1E419641E33E7DD
:10CA90007F4231F00041B1FA81F404BFB0FA80F670
:10CAA000A4190B3CB4F120062FBF00FA06F1A140F7
:10CAB000C4F1200620FA06F638BF3143A0403C1BE3
:10CAC0001AE7AC421ABF05EA1357AF4212E050EA28
:10CAD00041061CBF52EA4306BFE750EA4107304611
:10CAE00061461CBF41EA0551F0BD52EA430C08BF44
:10CAF000C143F0BD00204FF4001616EB410F98BF64
:10CB000016EB430F08BF16EB410F24BFC14305E0EE
:10CB100016EB430F0CBF61464CEA0551F0BD000017
:10CB20002DE9F04704000D0016001F00DDF82080FD
:10CB300001210022DFF8B8902000C0B209EB000A02
:10CB40005046E5F731F829002000C0B210F09DFCF6
:10CB50002000C0B211F01AF901222000C0B209EB86
:10CB600000012000C0B210F03DFE300000B210F015
:10CB700044FB3900C9B2300000B210F038FB00228B
:10CB80004146300000B210F023FB300000B210F03C
:10CB900024FBBDE8F08780B50021164A0300DBB214
:10CBA00042F82310C0B2002802D0012809D011E0B9
:10CBB0001148009003238D2210490020FFF7B0FF99
:10CBC00008E00F48009007238E220E490120FFF74E
:10CBD000A7FFFFE701BD80B506490200D2B251F8B8
:10CBE0002210002902D0C0B210F0DCFC01BD000010
:10CBF000045200201041402051FE4A00206B4B009F
:10CC00005BFE4A003C6B4B0080B500230023C0B2A2
:10CC100010F036FDC0B2002801D1012000E0002054
:10CC2000C0B202BD10B50C00002102210021C0B22B
:10CC300010F093FD01000800C0B2002803D00800E6
:10CC4000C0B2032801D1012000E00020002801D05B
:10CC5000012000E000202170C0B210BDC9B20278EE
:10CC60008A421AB11CBF10F8012FF9E718BF002043
:10CC70007047000080B500B906A005490B681BB1DC
:10CC800022220021984701E001F0F5F9222002BD9F
:10CC900040244020636F6E73747261696E74206803
:10CCA000616E646C65723A20626164206D657373B5
:10CCB00061676500C9B2830706D0521E22D310F8FF
:10CCC000013B9942F7D11FE0083A13D302F1040265
:10CCD00041EA012141EA014150F8043B121F21BF02
:10CCE0004B40A3F1013C2CEA030C1CF0803FF3D035
:10CCF000C9B2001F083210F8013B521E28BF91EA4A
:10CD0000030FF8D818BF0120401E704710B5144615
:10CD100000F002F8226010BDC1F30A5343B14A008B
:10CD200012F5001F28D2A3F2FE32A1EB0251704788
:10CD300050EA410C20D001F0004C31EA0C01B1FA6C
:10CD400081F204BFB0FA80F3D2180B3AB2F120039B
:10CD50002CBF00FA03F1914041EA0C013EBFC2F141
:10CD6000200C20FA0CF319439040524240F2FD335C
:10CD7000D21A01EB035170470022704741EA030CBD
:10CD800050EA4C0C52EA0C0C4FF4001C09D307D0AB
:10CD90001CEB410F9CBF1CEB430F8B4208BF824230
:10CDA00070471CEB430FFBD8994208BF9042704775
:10CDB00041EA030C50EA4C0C52EA0C0C4FF4001CF4
:10CDC00009D307D01CEB410F9CBF1CEB430F9942CA
:10CDD00008BF904270471CEB410FFBD88B4208BF45
:10CDE00082427047124254D440F2FF7C1CEA115335
:10CDF0000FD0634531D09B1863453CBF01EB025116
:10CE0000704701F0004141EA0C510020AFF300806F
:10CE1000704750EA410320D001F0004C91EA0C0128
:10CE20001CD0B1FA81F30B3B9A420DD9D21A99402A
:10CE300051EA0C01C3F1200C20FA0CFC614498402B
:10CE4000531C40F2FF7CD7E7914041EA0C01C2F14C
:10CE5000200C20FA0CF3194390407047B0FA80F38D
:10CE60001533202BE0D3202AEED3203A203B9A42E0
:10CE700009D9D21A00FA03F141EA0C010020531C2F
:10CE800040F2FF7CB8E700FA02F141EA0C01002011
:10CE90007047524240F2FF7C1CEA11530DD06345AB
:10CEA000DBD0B2EB030C3CBFA1EB025170470CF19D
:10CEB000010221EA035141F4801150EA410CCCD027
:10CEC00001F0004C352A27DC30B481EA0C01B2F1C4
:10CED000200309DAC2F12003044601FA03F5D04029
:10CEE0002843D1409C400CE0C3F12002450020FAC9
:10CEF00003F418BF44F0010421FA03F091400C43FD
:10CF0000002174F1004550F1000051EB0C01244266
:10CF100030BC7FF47BAF70476146002076E70000AD
:10CF200080B5EAF7B1FC002801D1EAF7A7FCEAF7DF
:10CF3000C1FC002801D1EAF7B7FC0020E8F70EF8A1
:10CF4000002802D10020E7F7FEFF0020E8F70FF8E5
:10CF5000002802D10020E7F7B6FF01BD7CB505002F
:10CF60000E001400EAF7A6FC012819D1F6F726FAFC
:10CF7000002815D12800C0B2042811DA3000C0B250
:10CF800000280DD03000C0B2042809DAEDB22B0021
:10CF9000B14AB2490220E6F7DDF82220207059E1BB
:10CFA000002020702800C0B2002807D0022800F01E
:10CFB000A58053D3032800F0F1803FE13000C0B2D8
:10CFC00001280CD1EAF760FC002801D1EAF756FCF1
:10CFD000EAF770FC002840D1EAF766FC3DE030003B
:10CFE000C0B2022810D10020E7F7B8FF002802D114
:10CFF0000020E7F7A8FF0020E7F7B9FF00282CD1B1
:10D000000020E7F760FF28E0F6B2032E1CD1EAF714
:10D010003BFC002801D1EAF731FCEAF74BFC002881
:10D0200001D1EAF741FC0020E7F798FF002802D180
:10D030000020E7F788FF0020E7F799FF00280CD1D0
:10D040000020E7F740FF08E0EDB22B00844A834957
:10D050000220E6F77FF831202070FBE03000C0B2FC
:10D0600001280CD1EAF710FC012801D1EAF700FCF5
:10D07000EAF720FC002840D1EAF716FC3DE030003A
:10D08000C0B2022810D10020E7F768FF012802D1C2
:10D090000020E7F74DFF0020E7F769FF00282CD1BB
:10D0A0000020E7F710FF28E0F6B2032E1CD1EAF7C4
:10D0B000EBFB012801D1EAF7DBFBEAF7FBFB0028D9
:10D0C00001D1EAF7F1FB0020E7F748FF012802D180
:10D0D0000020E7F72DFF0020E7F749FF00280CD1DB
:10D0E0000020E7F7F0FE08E0EDB22B005C4A5B4958
:10D0F0000220E6F72FF831202070ABE03000C0B2FC
:10D1000001280CD1EAF7D6FB012801D1EAF7C6FBCA
:10D11000EAF7BAFB002840D1EAF7B0FB3DE0300067
:10D12000C0B2022810D10020E7F721FF012802D168
:10D130000020E7F7ADFE0020E7F710FF00282CD114
:10D140000020E7F700FF28E0F6B2032E1CD1EAF733
:10D15000B1FB012801D1EAF7A1FBEAF795FB002812
:10D1600001D1EAF78BFB0020E7F701FF012802D18C
:10D170000020E7F78DFE0020E7F7F0FE00280CD135
:10D180000020E7F7E0FE08E0EDB22B00344A334917
:10D190000220E5F7DFFF312020705BE03000C0B2F5
:10D1A00001280CD1EAF786FB012801D1EAF776FBCA
:10D1B000EAF76AFB012840D1EAF75AFB3DE030006C
:10D1C000C0B2022810D10020E7F7D1FE012802D119
:10D1D0000020E7F75DFE0020E7F7C0FE01282CD114
:10D1E0000020E7F7A5FE28E0F6B2032E1CD1EAF7EF
:10D1F00061FB012801D1EAF751FBEAF745FB012861
:10D2000001D1EAF735FB0020E7F7B1FE012802D192
:10D210000020E7F73DFE0020E7F7A0FE01280CD133
:10D220000020E7F785FE08E0EDB22B000C4A0B4921
:10D230000220E5F78FFF312020700BE02800C0B2FC
:10D240000090EDB22B00074A04490220E5F782FF67
:10D250001220207073BD0000900C4B00880C4B0016
:10D26000B00C4B00D40C4B0080B50020124908765E
:10D27000F6F7A4F8002806D1104A11490220E5F774
:10D2800069FF012008E0F6F7ACFEEAF727FDE7F7B3
:10D290000BFAE7F75DFB002002BD80B506490122CD
:10D2A0004A7600220A76C0B2F6F7C1FB054A044965
:10D2B0000420E5F74FFF01BD48004020880D4B00DA
:10D2C000800D4B00B40D4B00F0B402000020002391
:10D2D000002400E0641C2500EDB2022D19DADB4DBC
:10D2E0002600F6B215F826601700FFB2BE42F1D153
:10D2F00001230800C0B204280ADAE4B205EB840076
:10D30000C9B2405C012801D1002002E07E2000E08B
:10D310002220DBB2002B00D11220C0B2F0BC70473B
:10D32000F8B504000E00042100226F463800E4F72F
:10D330003BFC012000203000000E8DF80000694603
:10D340003000000C48703000000A8870CE70C87839
:10D350008A7850EA0220497850EA01409DF800108E
:10D3600050EA01602200D21312F00202C4F38031AD
:10D370001143002905D002290CD007D303290FD06F
:10D3800010E0050005F0FF052DB20BE0C0F3072506
:10D390002DB207E005002D0C05F0FF052DB201E0D0
:10D3A00005002D0EC4F3C700C4F3C75191F0A501C9
:10D3B000C4F3873292F05A0245400D4055190021BE
:10D3C00010E03000000E90EA567090EA563090EA75
:10D3D000D60010F0010076007608760032000600D4
:10D3E0001643491CA942ECD3A00708D5C6F30F4049
:10D3F00050EA0660360216F47F060643FFE76640F1
:10D400003000F2BDF8B5F2B005000C00102100228A
:10D4100006AE3000E4F7C8FB2000000E069006AE12
:10D42000C4F307407060C4F30720B06004F0FF0449
:10D43000F4600020002000200824002008210022A1
:10D440006F463800E4F7B0FB0020092006987268A8
:10D45000120412EB0062B06812EB0022F168891826
:10D46000002006E0490003E00029FBD5490069409F
:10D47000401C2828F8DB0800000E0A900AA8C1F317
:10D4800007424260C1F30722826001F0FF01C160E0
:10D49000042146E06B461A5C6D4646423544ED7900
:10D4A0001D546B4645422B44DA71401C0428F1DBC5
:10D4B00068469DF8002043789B0113EBC2138278E5
:10D4C00013EB4213C27813EB0213027913EBC2037E
:10D4D000427913EB8203827913EB4203C0791A1865
:10D4E0005B488018102290FBF2F302FB13020E92AD
:10D4F0000EAA102390FBF3F050600E9802AB4D4241
:10D5000003EB8503186102A84B4200EB830000691E
:10D51000526850EA021002AA4B4202EB83021061E9
:10D52000491E012917DB012214F1FF00824000206F
:10D530000DE0312307E00AAB03EB810353F8043C11
:10D540001342F6D130236D462B545210401CA0429A
:10D55000F1DB0020AAE702A9C8688A6850EA022025
:10D56000496850EA0140029950EA016073B0F0BD89
:10D5700080B50B001100012803D11800FFF7D0FE81
:10D5800002E01800FFF73EFF02BD7CB50D0014005D
:10D59000002000200090002000200020EAF79EFBE1
:10D5A000E7F782F86846E7F77BF8EAF797FB0600AB
:10D5B0000120F6F74DFC16FA80F10098401800F0B3
:10D5C000A0FD00260BE000F059FDFF2190FBF1F2D9
:10D5D00001FB12001F493200D2B28854761C300081
:10D5E000C0B20428EFDB04221A4E31002800EAF70B
:10D5F000F7FB0422184D31002800EAF7F1FB002068
:10D600002070002076BD38B5002200220022124A88
:10D6100013785478240454EA0364937854EA032476
:10D62000D27822430B784D782D0455EA03658B7828
:10D6300055EA0325CC782C430849C0B2FFF798FF80
:10D64000844201D0012000E0002032BDEC2C4020BB
:10D6500030D0FFFF900040208C00402008180020B0
:10D6600080B5FFF792FFC0B202BD80B50100012076
:10D67000FFF7C9FFC0B202BD80B5FFF786FFC0B299
:10D6800002BD80B501000220FFF7BDFFC0B202BDA0
:10D6900080B5020001209379012B16D0032B1DD0F9
:10D6A000052B0ED0062B11D0072B14D0082B16D02B
:10D6B0000A2B0CD00C2B0FD00E2B0ED00F2B0FD013
:10D6C0000FE05088F3F710F80CE00BE00AE0508808
:10D6D000E9F70CFD06E005E004E003E002E001E00C
:10D6E00000E00120C0B202BD80B58279012A02D0DB
:10D6F000022A01D005E004E0C9B24088F6F74AFCEE
:10D70000FFE701BD80B5827B012A04D00AD3032A3A
:10D7100007D001D306E005E0C9B28089F6F756FCD0
:10D7200000E0FFE701BD10B5030001209C79022C49
:10D7300003D15888F6F729FCFFE7C0B210BD38B511
:10D7400004000120A57B022D03D1A089F6F744FC3B
:10D75000FFE7C0B232BD10B5030001209C79022C56
:10D7600003D15888F6F70BFCFFE7C0B210BD0000EC
:10D7700010F0030F11D100F26C70642190FBF1F1F5
:10D78000642202FB110159B94FF4C87390FBF3F303
:10D790004FF4C87101FB130010B100BF21A0704706
:10D7A0001AA0704770B4002859BF451E05F596743D
:10D7B0000546A5F1640410F0030F13D100F26C705C
:10D7C000642290FBF2F2642303FB120242B94FF48D
:10D7D000C87690FBF6F64FF4C87202FB160008B943
:10D7E0000AA300E00FA36A10642005EB927695FB74
:10D7F000F0F04FF4C872C0EBA60094FBF2F233F9DC
:10D80000111070BC101808187047000000001F00AD
:10D810003C005B0079009800B600D500F4001201CE
:10D8200031014F0100001F003B005A0078009700B3
:10D83000B500D400F300110130014E014FF0FF306C
:10D84000704700002DE9F041074606984F280C4626
:10D8500015461E46B84607D10798806C324600F040
:10D860005DFC316800291BDC002C356005D5681C87
:10D8700030602D2107F8011B6442781900226D1ECB
:10D8800002700CD40A2194FBF1F101EB8103A4EBAB
:10D890004304303400F8014D6D1E0C46F2D540466D
:10D8A000BDE8F08110F0030F0ED1642190FBF1F17F
:10D8B000642202FB110181B9002807DD4FF4C87111
:10D8C00090FBF1F0642808D000207047FCD5374960
:10D8D00090FBF1F0B0F5967FF6D101207047C91D9D
:10D8E000081AD21D121A072190FBF1F0C0EBC000FC
:10D8F000821892FBF1F0704770B48B1DD41DE41AAE
:10D90000072593FBF5F3C3EBC3031C19072610F09F
:10D91000030F94FBF6F30ED1642490FBF4F464251A
:10D9200005FB140454BB002821DD4FF4C87490FBA0
:10D93000F4F0642822D00020141A40F27315AA1AB9
:10D940008918072291FBF2F2C2EBC202891A401831
:10D9500000F26D10072590FBF5F5C5EBC505401BE2
:10D9600040F26B1294420BDD02280CD111E0E2D59B
:10D970000E4C90FBF4F0B0F5967FDCD10120DBE794
:10D98000B4F5B57F02DD032801D102E004DB0428F1
:10D9900002D14FF0FF3305E002291CBF03290429FF
:10D9A00000D15B1C70BC18467047000070FEFFFF82
:10D9B00010B50446FFF7A0FF002801D1601E10BD7E
:10D9C00001DD204610BD601C10BD38B504460D4673
:10D9D0000A226946284600F007FC00998D4226D0AD
:10D9E00009782F2923D16169A0F26C728A4218BF8D
:10D9F00001F26C7120D10098451C0A226946284624
:10DA000000F0F2FB00998D4211D009782F290ED138
:10DA10002169421E8A4218BF491C0DD100980A2272
:10DA20006946401C00F0E0FB00998D4201D10220C4
:10DA300032BDE168884206D0814202DA4FF0FF3001
:10DA400032BD012032BD002032BDF8B505460E467C
:10DA5000002717E010F1010F18BF002811D16A4606
:10DA60000221601C00F05AFB22780178914224D0F8
:10DA700001462846FFF7A9FF21782D2921D02B291F
:10DA800023D07F1C706C6A46394600F047FB044681
:10DA9000207808B36A460121601C00F03FFB014674
:10DAA0002846FFF792FF21782D29D3D02B29E8D1E2
:10DAB000002818BF0128D2D0E3E741782A29D7D11E
:10DAC00008E038B10128DCD104E010F1010F18BFE3
:10DAD0000028D6D12046F2BD0FF25C50F2BD000006
:10DAE0002DE9FE4F8046A3F125000C9C0D9F552883
:10DAF0000D46164600F29382DFE810F08C02910288
:10DB0000910291029102910291029102910291027D
:10DB1000910291029102910291029102910291026D
:10DB2000910291029102910291029102910291025D
:10DB3000910291025C00630076009E009102B400A5
:10DB4000D300EC00F6009102910291021F019102B4
:10DB50009102910291024101460153016401740155
:10DB6000A901C50127027902910291029102910255
:10DB7000910291025600E6006A009400A30091020F
:10DB8000B900E600910209019102910214012901F4
:10DB900091022C019102350191025001580191022C
:10DBA0009F01B901D1015002D8F81810A868224687
:10DBB000490026E2D8F81810E86849002246491CB6
:10DBC0001FE2D8F81010A86949002246491C18E243
:10DBD000452E0CBF686B286A2246002100F09EFA91
:10DBE00081462068404218E2452E0DD14046FFF79D
:10DBF0002CFF22460321401C00F090FA814699F840
:10DC00000000002840F01382019500966421D8F8A6
:10DC1000140090FBF1F12346022213313846FFF73E
:10DC200011FEF0E1019500962346D8F80C1002226F
:10DC30003846FFF707FEE6E10FF200496FF00700F4
:10DC4000EBE1019500962346D8F80C1002223846E5
:10DC5000FFF7F8FD81463878302840F0E881202130
:10DC60003970E4E10FF2E0396FF00700D5E1D8F840
:10DC70001C20D8F81810D8F81400FFF799FE642279
:10DC800090FBF2F2642101FB1200002848BF6430CF
:10DC9000014601950096234602223846FFF7D2FD41
:10DCA000B1E1D8F81C20D8F81810D8F81400FFF704
:10DCB0007FFE00F26C700146019500962346042217
:10DCC0003846FFF7BFFD9EE1D8F81010686922467C
:10DCD000490096E1019500962346D8F808100222E3
:10DCE0003846FFF7AFFD8EE1D8F808100B310C2055
:10DCF000234691FBF0F000EB4004A1EB8401019579
:10DD000000960222491C3846FFF79CFD7BE10195F5
:10DD100000962346D8F81C100322491C3846FFF70A
:10DD200091FD70E1019500962346D8F8101002226B
:10DD3000491C3846FFF786FD65E1019500962346AC
:10DD4000D8F8041002223846FFF77CFD5BE10FF2A1
:10DD5000043961E1D8F808100C29ACBF0121002179
:10DD6000286822464DE1452E0CBF286CE86A224601
:10DD7000032100F0D3F98146206840424DE10FF2C3
:10DD8000D8296FF0040151E1019500962346D8F897
:10DD9000001002223846FFF755FD34E10FF2C0298A
:10DDA0003AE10FF2C0296FF007013FE1D8F81810EF
:10DDB00001B9072101950096234601223846FFF755
:10DDC00041FD20E1D8F81C20D8F818100020FFF7FA
:10DDD00086FD014601950096234602223846FFF74C
:10DDE00031FD10E1D8F81C90D8F818A0D8F81480AC
:10DDF0004A4651464046FFF77FFD90B9A8F1010819
:10DE00004046FFF74FFD002814BF4FF4B77240F2B1
:10DE10006D120AF10700A0EB09014046FFF76CFD07
:10DE200002E00128B8BF0120014601950096234673
:10DE300002223846FFF706FDE5E0019500962346ED
:10DE4000D8F8181001223846FFF7FCFCDBE0D8F8C0
:10DE50001C20D8F818100120FFF741FD014601955C
:10DE60000096234602223846FFF7ECFCCBE0452E15
:10DE70000CBFA86B686A2246012100F04FF9814669
:10DE800020684042C9E0452E0CBFE86BA86A2246D4
:10DE9000022100F043F9814620684042BDE0D8F8F5
:10DEA0001400642190FBF1F14FF0640A0AFB110A9F
:10DEB0004FF00209BAF1000F48BF0AF1640A452E7B
:10DEC0003AD129464046FFF7C0FD83469BF8020041
:10DED00090B3224601210BF1010000F01FF90A2244
:10DEE000002100F081F9D8F8148008F26C78A8EBD2
:10DEF00000089BF800002D2808BFC8F100080A227E
:10DF000069460BF1020000F06FF9804400990BF1B3
:10DF10000200884210D009789BF8012091420BD171
:10DF2000C2464FF001090A2001E009F1010998FBFE
:10DF3000F0F8B8F1000FF8DC0195009623464A4648
:10DF400051463846FFF77EFC5DE0452E0FD1404636
:10DF5000FFF77BFD22460421401C00F0DFF88146DC
:10DF600099F800103B291CBF206800280BD10195AF
:10DF700000962346D8F81410042201F26C7138463A
:10DF8000FFF760FC3FE03B214846FEF767FE10B11B
:10DF9000A0EB09002060206840423EE000F026F936
:10DFA00098B32246022100F0B9F881462068002883
:10DFB000C4BFD8F82000002839DD0A2200214846D5
:10DFC00000F012F9643002D42B21397002E02D22C6
:10DFD0003A70404201460195009623460422781C7F
:10DFE000FFF730FCA0F101092068401C15E000F0AB
:10DFF000FDF850B1D8F820100029CCBF0121002134
:10E00000224600F08BF8814611E0002020600FF2DC
:10E0100060090CE00FF25C090120206007E0252177
:10E02000397000207B70B870B946022121604846E3
:10E0300003B0BDE8F08F00002B3A0000256D2F25BE
:10E04000642F25790000000025592D256D2D2564AC
:10E05000000000000A00000025483A254D0000009D
:10E060000900000025483A254D3A255300000000DC
:10E07000000000002500012000F0BAB8F0B52349E7
:10E08000234AD1F8807053681078224D224E6FF0E9
:10E09000004418BB082006FB03532746B3FBF7F7E1
:10E0A000401E04FB1733F6D10F46102006FB035326
:10E0B000A446B3FBFCFC04FB1C333B60A64657F8AC
:10E0C000043B06FB0353B3FBFEFE04FB1E33401E62
:10E0D00047F8043BEAD1CF6F0120107006FB0353D1
:10E0E000254607F01F07B3FBF5F551F8270004FBA1
:10E0F000153341F82730C1F88000536020F04040CC
:10E10000F0BD034900220A70486070479023402008
:10E11000483340205FF36E3C0D661900F8B50446A5
:10E120000D462078164600280CBF002714F8017B06
:10E1300003E0017881B16D1E441C39462046FEF78C
:10E140008DFD18B92046FAF72BFC2044002DF0DC99
:10E15000001B30602046F2BD3160F2BD2DE9F8436E
:10E1600081460D0090461C4608BF6D464F4600E0B4
:10E170007F1C387800F046F80028F9D13E782D2E23
:10E1800018BF2B2E05D117F8010F00F03BF808B18E
:10E1900009E02B26234642462946384600F03CF843
:10E1A00029688F4204D1C5F800900020BDE8F283B1
:10E1B0002B2E04D1B0F1004F06D2BDE8F2832D2EF4
:10E1C000FBD1B0F1004F0CD9AFF300800CB10120AE
:10E1D00020602D2E14BF6FF000404FF00040BDE8CE
:10E1E000F2834042BDE8F2830023B7E70020704786
:10E1F00080B500F0B3F8024A11001820ABBEFBE76F
:10E200002600020010B50446FEF792FA01462046A9
:10E21000096ABDE8104008472DE9F84F84B00E4662
:10E2200017460BB100221A600446A04601E008F12F
:10E23000010898F80000FFF7E5FF0028F7D198F8EB
:10E2400000002D2816BF2B2818F8015B2B25002F66
:10E25000019603D4012F01D0252F03DB002E56D0C9
:10E26000346054E0002F0CDD102F04BF98F800003C
:10E27000302802BF98F8010040F02000782811D122
:10E280000CE098F80000302818BF0A270AD198F847
:10E29000010040F02000782803D1102708F102087F
:10E2A00000E00827CDF80C8001E008F1010898F89B
:10E2B00000003028F9D0064E7E4414364FF0000995
:10E2C00006F12800CDF80880CA468DF800000CE061
:10E2D000387B010001469DF80000081ACA465FFA23
:10E2E00080FB07FB09B908F1010898F8000000F06D
:10E2F0004BF801463A4606F12800FEF7DBFC002801
:10E30000E8D10399414504D1019800B1046000208F
:10E3100020E00299F05DA8EB0101091A002910D450
:10E3200006DCB9EB0B0103D3B1FBF7F0504508D085
:10E33000AFF30080049808B1012101604FF0FF396C
:10E3400003E02D2D08BFC9F10009019808B1C0F8FC
:10E350000080484605B0BDE8F08F000010B500F021
:10E360001DF8020000230024E4431068A04203D0FB
:10E3700011000220ABBE13605068A04203D0111DF3
:10E380000220ABBE536010BD10B50446FEF7D0F9B5
:10E3900001462046896ABDE810400847004870479A
:10E3A000D033402080B5384901224A67C0B20028E6
:10E3B00012D0012817D0022821D0032826D0042803
:10E3C0002BD0052830D0062835D007283AD0092888
:10E3D0003FD00A2849D054E000204867F8F703FAF4
:10E3E000F7F7FEFE4DE0F8F7FEF9F7F7F9FEF8F75C
:10E3F000C4F9264A23A11020E4F7ACFE41E0F8F767
:10E40000F2F9F7F7EDFEF7F783FE3AE0F8F7EBF9EC
:10E41000F7F7E6FEF8F7CCF933E0F8F7E4F9F7F7A9
:10E42000DFFEF7F7ABFE2CE0F8F7DDF9F7F7D8FEE3
:10E43000F8F788F925E0F8F7D6F9F7F7D1FEF7F7FE
:10E4400082FE1EE0F8F7CFF9F7F7CAFEFAF741F8B7
:10E4500017E0F8F7C8F9F7F7C3FEF9F7DDFF0C4A44
:10E4600008A11020E4F776FE0BE0F8F7BCF9F7F707
:10E47000B7FEF9F77EFF074A02A11020E4F76AFE13
:10E48000FFE701BD54500000C0140020C8054B0038
:10E49000DC054B00FC054B0000210170002070479B
:10E4A00080B5E6F762F8002002BD10B50400F2F76F
:10E4B0007DFF00280AD1DFF8F024DFF8F0140420F3
:10E4C000E4F748FE31202070012002E00020207097
:10E4D000002010BD10B514000021E6F73BF8C0B2D3
:10E4E000012802D10020207001E07220207000205D
:10E4F00010BD002101700020704780B501000F227F
:10E50000AFA0F1F7D9FD002002BD0021017000206D
:10E51000704780B501000F22DFF89404F1F7CCFDBD
:10E52000002002BD002101700020704710B50400DA
:10E5300000202070EDF756FE6070002010BD002115
:10E54000017000207047DFF86C144A780270097877
:10E55000417000207047002101700020704780B595
:10E56000E6F717F8002002BD10B50400F2F71EFF11
:10E5700000280AD131202070DFF83C24DFF82C1469
:10E580000420E4F7E7FD012002E0002020700020D5
:10E5900010BD10B514000021E5F7F0FFC0B201284E
:10E5A00002D10020207001E072202070002010BDF8
:10E5B000002101700020704780B5E5F7FEFF0020C4
:10E5C00002BD002101700020704710B51400002129
:10E5D000E5F7E8FFC0B2012802D10020207001E079
:10E5E00072202070002010BD0021017000207047B3
:10E5F00080B5E5F7F6FF002002BD10B50400F2F784
:10E60000D5FE00280AD131202070DFF8B023DFF8D2
:10E610009C130420E4F79EFD012002E000202070FE
:10E62000002010BD10B5140000214178002908D049
:10E6300041780D2905DA8178002902D081782029D6
:10E6400003DB3120207000200AE0E5F7BFFFC0B2F5
:10E65000012802D10020207001E0722020700020EB
:10E6600010BD002101700020704780B5E5F7CDFF97
:10E67000002002BD002101700020704710B5140079
:10E6800000214178002908D041780D2905DA8178E8
:10E69000002902D08178202903DB3120207000205E
:10E6A0000AE0E5F7A7FFC0B2012802D100202070E0
:10E6B00001E072202070002010BD002101700020B8
:10E6C0007047BF494A78027009784170002070474E
:10E6D000002101700020704780B5E5F72AFF002077
:10E6E00002BD002101700020704710B51400002108
:10E6F000E5F714FFC0B2012802D10020207001E02C
:10E7000072202070002010BD002101700020704791
:10E7100010B50400E5F716FF010089B2090A21705F
:10E720006070002010BD002101700020704710B5FE
:10E730000400E5F70BFF010089B2090A217060703F
:10E74000002010BD00210170002070479D494A78CB
:10E75000027009784170002070470021017000208C
:10E7600070479949097801700020704700210170B5
:10E77000002070470321017094490A7842704A785A
:10E7800082708A78C270CA7802710A7942714979B6
:10E7900081710021C1718E490A7802724A784272F1
:10E7A0008A788272CA78C272097901730021417332
:10E7B000002181730021C173002101740020704782
:10E7C00038444A0000210170002070470C2101707C
:10E7D00000214170002181700020704700210170EC
:10E7E0000020704780B5E5F724FF002002BD00211E
:10E7F00001700020704710B514000021E5F70EFFEE
:10E80000C0B2012802D10020207001E072202070E7
:10E81000002010BD002101700020704780B5E5F791
:10E820001CFF002002BD002101700020704738B598
:10E83000140000218578EDB2AD092900C9B2002984
:10E840000ED02900C9B203290AD0EDB22B00614ACB
:10E8500056490420E4F77EFC31202070002018E0A7
:10E86000E5F7F0FEC0B2012809D1EDB22B005A4AFB
:10E870004E490820E4F76EFC0020207008E0EDB25D
:10E880002B00564A49490220E4F764FC72202070AC
:10E89000002032BD002101700020704738B504000F
:10E8A0004F4D2300022228880021F1F7E2FBA878CF
:10E8B000A070002032BD002101700020704710B50B
:10E8C0000400EEF7F5FB1E380100090A21706070A4
:10E8D000002010BD00210170002070470021017050
:10E8E0003F4A037811790B4303700178127B51EA98
:10E8F00082010170002070470021017000207047E4
:10E9000080B503000322364840690021F1F7B1FBCE
:10E91000002002BD002101700020704738B50400BE
:10E920002F4D23000622D5E90A01F1F7A2FB0020B2
:10E93000A071A17995F821000143A171A07995F802
:10E94000201050EA8100A071A07995F8221050EAB9
:10E950000110A071002032BD00210170002070471D
:10E960001F4991F898100170002070470021017034
:10E97000002070471CB5040001208DF80000684697
:10E98000F3F78BFF9DF800002070002016BD0021DA
:10E9900001700020704780B5010010221148F1F786
:10E9A0008BFB002002BD0000D80D4B00D00D4B00AA
:10E9B000080E4B00FABF4B00100E4B00400E4B00F0
:10E9C000FABF4400F8BF4B00FA7F41009C01402091
:10E9D0001C014020700E4B00940E4B00B40E4B00F7
:10E9E000D0160020D00E4B0070B40122002400E0AD
:10E9F000641C2300DBB2242B29DA174D2600F6B263
:10EA00001F235E43AB5B0600B6B2B342F0D12200D7
:10EA1000D2B21F20424305EB0200807A0870220028
:10EA2000D2B21F20424305EB0200C07D4870220095
:10EA3000D2B21F20424305EB0200807D8870E4B211
:10EA40001F20444305EB0400407DC87000221000E5
:10EA5000C0B270BC704700BF0442002038B50C0043
:10EA6000284D2300022228880021F1F702FBA87814
:10EA7000A070002032BD10B50C00EEF719FB1E3857
:10EA80000100090A21706070002010BD002008708C
:10EA90001C4A0B78107903430B700878127B50EAFC
:10EAA000820008700020704780B50B0003221548D3
:10EAB00040690021F1F7DDFA002002BD38B50C00F5
:10EAC000104D23000622D5E90A01F1F7D2FA002001
:10EAD000A071A17995F821000143A171A07995F861
:10EAE000201050EA8100A071A07995F8221050EA18
:10EAF0000110A071002032BD024890F89800087003
:10EB000000207047D016002001B49DF800000028B6
:10EB100001D100BEFDE701B07047000038B5012407
:10EB20003C4A0B00DBB2D35C012B06D0042300224D
:10EB30000021FF2001F00EF82CE0002806D006236B
:10EB400000220021FF2001F005F823E0324B0800ED
:10EB5000C0B253F82000002808D008000D00EDB224
:10EB600053F825502D78C0B2A84206D00F230022BA
:10EB70000021FF2000F0EEFF0CE00800C0B253F8C7
:10EB80002000264B0C00E4B243F8240000240220AD
:10EB9000C9B250542000C0B232BD70B514001A0082
:10EBA00001251C4B2600F6B29B5D022B06D00123EB
:10EBB000D2B20021FF2000F0CDFF28E00300DBB23D
:10EBC000022B06D30223D2B20021FF2000F0C2FFA5
:10EBD0001DE0002906D10323D2B20021FF2000F05E
:10EBE000B9FF14E021000D4BE4B253F824309B68C8
:10EBF000C0B203EBC0004078C9B2814206D00F23F7
:10EC0000D2B20021FF2000F0A5FF00E0002528007F
:10EC1000C0B270BD0840402000644B00404040201E
:10EC200001B49DF80000002801D100BEFDE701B04D
:10EC30007047000001B49DF80000002801D100BE1B
:10EC4000FDE701B07047000001B49DF80000002806
:10EC500001D100BEFDE701B07047000001B49DF88E
:10EC60000000002801D100BEFDE701B070470000A0
:10EC700001B49DF80000002801D100BEFDE701B0FD
:10EC80007047000001B49DF80000002801D100BECB
:10EC9000FDE701B07047000010B40D4A138840F240
:10ECA000FF110B431380538891885B1A591EC905C5
:10ECB0000BD09188C905C90D4B1C948863F30804D7
:10ECC000948089B211448871FFE710BC7047704787
:10ECD0000852002001B49DF80000002801D100BEB8
:10ECE000FDE701B07047000001B49DF80000002866
:10ECF00001D100BEFDE701B0704780B50B200FF0D9
:10ED00001DFB214908602148002101607FF07F41FF
:10ED10001F4A116000211F4A11600521016001BDD9
:10ED20001C48006820F07F407047010019480268C5
:10ED300022F07F4200200868904205D21448036800
:10ED40009B1A0868C01801E00868801A0A607047BA
:10ED500038B500210C490968A1FB00010E4A0023C7
:10ED6000F4F704FF04000D00002001218D4204D8B7
:10ED700001D3844201D2012000E00020C0B2FFF79D
:10ED8000B3FF200032BD0000101F402010E000E063
:10ED900014E000E018E000E040420F0001B49DF8EC
:10EDA0000000002801D100BEFDE701B0704700005F
:10EDB00001B49DF80000002801D100BEFDE701B0BC
:10EDC000704700004EF68851CEF20001086840F40A
:10EDD00070000860BFF34F8FBFF36F8F4FF001706B
:10EDE000E1EE100A7047030000201A00D2B2012A97
:10EDF00003D14A68127A002A07D01A00D2B2002A38
:10EE000005D14A68127A012A01D1012033E049680C
:10EE10004978891F28D0491E1FD01139012923D9CB
:10EE2000891E012919D9891E01291DD9891E012987
:10EE300013D9891E012917D9891E01290DD93639FF
:10EE400012D0891E09D0891E01290DD9891E0129D8
:10EE500003D9891E08D0891E0DD1DBB2022B01D146
:10EE6000002000E0012006E0DBB2022B01D10120EE
:10EE700000E00020FFE7C0B2704710B5044610461E
:10EE80000A4601462046E2F78FFE204610BD0A786A
:10EE90000260087800E00078401E8041C043C00F47
:10EEA0007047000080B502000B00DBB2D2B2002137
:10EEB0007B2000F04FFE01BD80B502000B00DBB2ED
:10EEC000D2B200217B2000F057FE01BD80B50B00BF
:10EED00011000122027001224270C9B21800C0B2B2
:10EEE000FFF7E0FF01BD10B50124DFF88029C9B2AA
:10EEF000515C00290AD10100C9B2002901D10024C6
:10EF00000EE00A21C0B2FFF7CDFF09E00100C9B24F
:10EF1000002904D10D21C0B2FFF7C4FF00E0002496
:10EF20002000C0B210BD10B50024002804D0012478
:10EF300014210020FFF7B6FF2000C0B210BD10B5AD
:10EF40000024002904D101241421C0B2FFF7AAFF34
:10EF50002000C0B210BD80B50B00DBB2022B0CD17B
:10EF6000DFF8C03992B212011A449268002A03D124
:10EF70001922C9B2FFF7AAFFFFE701BD70B5DFF89C
:10EF8000F8591C00E4B255F82440E46892B234F811
:10EF900012400A00D2B2921E012A10D8DBB255F8F4
:10EFA00023205368A4B23022544303EB0402D279E5
:10EFB000002A03D01722C9B2FFF788FFFFE770BD10
:10EFC000F8B50024DFF8B0491D00EDB254F8255023
:10EFD000ED6892B235F8122030251E00F6B254F8D2
:10EFE000266076681700BFB26F433E44B6780F00C4
:10EFF000FFB2022F16D1DBB254F823305B6892B215
:10F000006A431A445279002A0BD1DFF8F839F6B274
:10F010000E2256439A5B062A03D32022C9B2FFF779
:10F0200055FFFFE7F1BDF8B504000F0015001E0005
:10F0300000208DF8000000208DF80100F80706D5AB
:10F040002A0092B22100C9B26846FFF784FFB807D0
:10F050000CD59DF80000002808D13300DBB22A004F
:10F0600092B22100C9B26846FFF788FF78070CD535
:10F070009DF80000002808D13300DBB22A0092B2CC
:10F080002100C9B26846FFF79BFF9DF80100F2BD61
:10F09000C0B200280DD1C9B2012905D10020DFF886
:10F0A000CC17D2B2885404E00220DFF8C017D2B2E5
:10F0B0008854704710B502000B000020DFF8444967
:10F0C000D2B20E214A43A15A89B2002905D00B21A0
:10F0D0001800C0B2FFF7F0FE0120C0B210BD10B59D
:10F0E0000124DFF8402880B20001105C0A00D2B28F
:10F0F000002A08D10200D2B2002A04D00B2102203B
:10F10000FFF7DAFE0FE0C9B201290BD10100C9B245
:10F11000002907D0C0B2032804D00B210220FFF73A
:10F12000CBFE00E000242000C0B210BD70B504008A
:10F130000E00002000251CE03200D2B251F822104F
:10F140004A682B009BB230214B43D15ADFF8D427B9
:10F1500089B20901515C0A00D2B2002A08D0C9B2B2
:10F16000032905D00B212000C0B2FFF7A5FE012026
:10F170006D1CDFF804182A003300DBB251F823308D
:10F180001B8992B29A42D7D3C0B270BD70B5040049
:10F19000002001250021002600E0761C3100C9B2C4
:10F1A000022916D2DFF8D0172200D2B251F822106D
:10F1B00009683200D2B2114491F840100129ECD113
:10F1C00001213000C0B2FFF775FF0100C9B201296B
:10F1D000E3D1C0B2002807D12100C9B20120FFF756
:10F1E000A5FF002800D100252800C0B270BD10B5D1
:10F1F0000124DFF8301780B20001085C002804D039
:10F200000B210C20FFF758FE00E000242000C0B2C4
:10F2100010BDF8B500220023DFF85C470A00D2B227
:10F2200054F82220D2680500ADB232F815503026CD
:10F230000A00D2B254F8222052682F00BFB277439E
:10F240003A441279002A22D00A00D2B254F822207D
:10F2500052682F00BFB277433A441279012A17D17E
:10F260000A00D2B254F8222052682F00BFB277436E
:10F270003A44D278012A0BD10A00D2B254F82220A3
:10F280005268ADB275432A44127B002A00D1012393
:10F290000A00D2B21900C9B280B2FFF720FFC0B293
:10F2A000F2BD10B500230200D2B2032A18D0042AFE
:10F2B00002D00B2A21D02DE0DFF8CC470A0092B211
:10F2C0001201A25C002A0AD189B2090121444978BD
:10F2D000002904D10C21C0B2FFF7EEFD012319E093
:10F2E000DFF8A42789B20901515C002904D10C215F
:10F2F000C0B2FFF7E1FD01230CE0DFF88C2789B2F3
:10F300000901515C002904D10C21C0B2FFF7D4FDE2
:10F310000123FFE71800C0B210BD2DE9F041040041
:10F320000D001700012601200020DFF84C86380070
:10F33000C0B258F82000002805D10A212000C0B230
:10F34000FFF7B0FD35E03900C9B23800C0B258F857
:10F35000200000F0CCF8C0B2002825D1280080B2EF
:10F36000002805D015212000C0B2FFF79BFD20E04A
:10F370003800C0B258F82000C068290089B230F8BF
:10F380001110FFB258F82700426889B2302041437B
:10F39000505AADB2854205D00E212000C0B2FFF711
:10F3A00081FD06E0002604E00E212000C0B2FFF738
:10F3B00079FD3000C0B2BDE8F08170B5DFF8B85516
:10F3C0001300DBB255F82330DB6889B233F8113013
:10F3D00000240100C9B2C91F012911D8D2B255F8C1
:10F3E00022104A689BB230214B4302EB030189682B
:10F3F000002904D101241821C0B2FFF753FDFFE713
:10F400002000C0B270BD30B40021002100222EE0E7
:10F410000300DBB251F823104B681400A4B2302172
:10F420004C43195BDFF8FC3400240D00ADB22D0114
:10F430005C5500240D00ADB22D011D446C700024FC
:10F440000D00ADB22D011D44AC8000240D00ADB205
:10F450002D011D44AC6000240D00ADB22D011D44F2
:10F460002C73002489B2090119448C70521CDFF8F6
:10F47000081513000400E4B251F8244024899BB21B
:10F48000A342C5D330BC704770B4002100210021D5
:10F490000FE00D00EDB265431D441600B6B205EB5A
:10F4A000460500266E80521C1500ADB2062DF0D325
:10F4B000491C0A00D2B2022A17D2DFF8BC2403008A
:10F4C000DBB252F8232012680B00DBB21A4492F828
:10F4D0004020012AECD10E24DFF8283500220D004F
:10F4E000EDB265435A530022DEE770BC704770B43A
:10F4F000002201220B00047CDBB2A34210D10023C6
:10F5000000E05B1C1C00057EE4B2AC4208D20C009B
:10F5100045691E00F6B2AD5DE4B2AC42F1D1002205
:10F520001000C0B270BC70472DE9F04104000D001E
:10F53000160000200020DFF8EC030121220092B227
:10F54000120181540021220092B2120110448180E4
:10F5500000F068FB0E27DFF8AC842800C0B27843C7
:10F5600038F80000010089B2002912D02900C9B280
:10F570007943414480B201EB400044802800C0B28E
:10F58000784338F80000401C2900C9B2794328F8B4
:10F59000010000F061FB00F045FB2800C0B2784399
:10F5A00038F800002900C9B2794341444988220053
:10F5B00092B2914202D080B2002820D12800C0B27D
:10F5C000784338F80000002810D12800C0B27843F2
:10F5D000404444802800C0B2784338F80000401C02
:10F5E0002900C9B207FB01F728F8070000F034FB37
:10F5F0003100C9B22800C0B201F02CF801E000F0DF
:10F600002BFBBDE8F08138B5DFF86C331400E4B2B1
:10F6100053F82440E4680500ADB234F815401500F5
:10F62000EDB253F825305D68A4B230235C4305EB9E
:10F6300004039B7E012B05D1D2B2C9B280B200F087
:10F6400007F804E01100C9B280B200F0AAF831BD99
:10F65000F8B5DFF824331400E4B253F82440E4682A
:10F660000500ADB234F81550DFF8DC440126070080
:10F67000BFB23F0127447E70C9B2012928D1302191
:10F680001600F6B253F8266076682F00BFB24F43DB
:10F690003E443679012E04D1012180B2000121546B
:10F6A00026E01600F6B253F826305B68ADB24D4343
:10F6B00003EB0501C97900291AD1002103009BB28F
:10F6C0001B01E1541100C9B280B200F012F80FE042
:10F6D000D2B253F822104A68ADB230214D4302EB4A
:10F6E00005010979002903D1012180B200012154CB
:10F6F000F1BD2DE9F0410C009F492200D2B251F832
:10F700002220D26803009BB232F813202300DBB220
:10F7100051F823104B6892B230214A4303EB0201A7
:10F720008D780E26DFF8DC722900C9B27143795A50
:10F73000002934D02900C9B27143795A5FF000081A
:10F7400001E018F1010842460B0092B29BB29A42C6
:10F7500013D202002B00DBB273433B44C4461FFAB2
:10F760008CFC03EB4C035B8892B29A42E9D1414690
:10F7700089B22800C0B200F095FC1FFA88F8B8F1F1
:10F78000000F0CD12800C0B206FB00F6B85B0028C1
:10F7900005D02100C9B22800C0B200F05BFFBDE86F
:10F7A000F081F0B4744B0A00D2B253F82220D26830
:10F7B0000400A4B232F81450DFF88C43020092B275
:10F7C0001201A25C022A04D1012180B2000121545D
:10F7D00049E0020092B21201A25C032A43D1302612
:10F7E0000A00D2B253F8222052682F00BFB27743EA
:10F7F0003A44D279002A36D10A00D2B253F82220F4
:10F8000052682F00BFB277433A441279002A21D0C0
:10F810000A00D2B253F8222052682F00BFB27743B9
:10F820003A441279012A1AD10A00D2B253F822209E
:10F8300052682F00BFB277433A44D278012A0ED1E2
:10F84000C9B253F821104968ADB275432944097B08
:10F85000002904D1002180B20001215403E00121DC
:10F8600080B200012154F0BC70470000602C4020A1
:10F870007CB5060001F008F88DF800009DF80050F6
:10F880009DF800100020FFF72EFB04002000C0B2FE
:10F8900000283BD13000FFF746FB04002000C0B237
:10F8A000002833D1DFF8A4622900C9B29DF8000016
:10F8B00056F82000FFF71BFEC0B2002821D19DF8AA
:10F8C000000056F820002C4E9DF8001046F821004C
:10F8D0009DF80000FFF7D8FD9DF80000FFF793FDAD
:10F8E0002900C9B29DF8000056F82000006800F019
:10F8F00034FEC0B2012809D12B210020FFF7DCFA29
:10F9000004E001240E210020FFF7CCFA2000C0B251
:10F91000002806D19DF8002000212000C0B2FFF78A
:10F92000B7FB73BDC82440207CB504000D00012640
:10F9300000F0AAFF8DF800009DF80020210089B298
:10F940000C20FFF7EAFC002812D129000C20FFF759
:10F95000F6FA00280CD1200080B2FFF748FC0028FE
:10F9600006D1DFF8E401A4B224012044856000261A
:10F970003000C0B276BD0000C42440207CB500F049
:10F9800083FF8DF800009DF800509DF800100120C5
:10F99000FFF7A9FA04002000C0B200282AD1DFF83E
:10F9A000B0612900C9B29DF8000056F82000FFF7A9
:10F9B0009EFDC0B2002819D19DF80000FFF7E6FBBC
:10F9C00004002000C0B2002814D19DF8000000F00F
:10F9D000ECFDC0B2012803D12B210120FFF76CFA06
:10F9E00000209DF8001046F8210003E00E210120C0
:10F9F000FFF758FA9DF8002001212000C0B2FFF760
:10FA000047FB73BDD82440207CB5040000200020B3
:10FA100000F03AFF8DF800009DF80020210089B227
:10FA20000220FFF77AFC00282DD1494E9DF80000F6
:10FA300056F82000C068210089B230F811509DF8B6
:10FA40000010200080B2FFF7E4FB00281BD19DF8D6
:10FA50000030220092B207210220FFF7E4FA0028CA
:10FA600011D19DF8000056F820004168ADB2302059
:10FA7000454301EB050081789DF80020C9B22000C4
:10FA800080B2FFF751FD73BDC82440207CB504004F
:10FA90000D00012601208DF8000000F0F5FE8DF824
:10FAA00001009DF80120210089B20420FFF735FCF8
:10FAB000002827D129000420FFF741FA002821D18E
:10FAC0009DF80120210089B20420FFF7EAFB0028FD
:10FAD00018D19DF801306A462900200080B200F05C
:10FAE0006BFE06003000C0B2002803D09DF8000075
:10FAF000002807D19DF801209DF80010200080B259
:10FB0000FFF781FD3000C0B276BD1CB5040000F0E7
:10FB1000BBFE8DF800009DF80020210089B207206F
:10FB2000FFF7FBFB00280ED19DF80020210089B2D1
:10FB30000720FFF742FC002805D101200249A4B2AA
:10FB400024012144887013BDC8244020745F4B00F9
:10FB5000C4244020F8B505000E0017001C0000F07A
:10FB60009AFE0E4921F810500D490E540D490F54BC
:10FB70000D490C540020F2BDF8B505000E00170029
:10FB80001C0000F088FE094921F8105008490E5465
:10FB900008490F5408490C540020F2BD6040402031
:10FBA000484040204C404020504040206840402089
:10FBB00054404020584040205C404020EFF31080EB
:10FBC0007047000038B500F066FE0400DFF8F4521C
:10FBD00055F82400002808D1FFF7F0FFC10700D432
:10FBE00072B6DFF8E81241F8240055F82400401CF2
:10FBF00045F8240031BD000080B500F04CFEDFF870
:10FC0000C41251F82020521E41F82020DFF8BC22F7
:10FC100052F82020D20704D451F82000002800D147
:10FC200062B601BD38B500F036FE0400DFF8985228
:10FC300055F82400002808D1FFF7C0FFC10700D401
:10FC400072B6DFF88C1241F8240055F82400401CED
:10FC500045F8240031BD000080B500F01CFEDFF83F
:10FC6000681251F82020521E41F82020DFF860224F
:10FC700052F82020D20704D451F82000002800D1E7
:10FC800062B601BD38B500F006FE0400DFF8785218
:10FC900055F82400002808D1FFF790FFC10700D4D1
:10FCA00072B6DFF8281341F8240055F82400401CF0
:10FCB00045F8240031BD000080B500F0ECFDDFF810
:10FCC000481251F82020521E41F82020DFF8FC2273
:10FCD00052F82020D20704D451F82000002800D187
:10FCE00062B601BD38B500F0D6FD0400DFF86C53F4
:10FCF00055F82400002808D1FFF760FFC10700D4A1
:10FD000072B6DFF8641341F8240055F82400401C53
:10FD100045F8240031BD000080B500F0BCFDDFF8DF
:10FD20003C1351F82020521E41F82020DFF83823E0
:10FD300052F82020D20704D451F82000002800D126
:10FD400062B601BD38B500F0A6FD0400DFF810531F
:10FD500055F82400002808D1FFF730FFC10700D470
:10FD600072B6DFF8081341F8240055F82400401C4F
:10FD700045F8240031BD000080B500F08CFDDFF8AF
:10FD8000E01251F82020521E41F82020DFF8DC223A
:10FD900052F82020D20704D451F82000002800D1C6
:10FDA00062B601BD38B500F076FD0400DFF8B4524C
:10FDB00055F82400002808D1FFF700FFC10700D440
:10FDC00072B6DFF8B41241F8240055F82400401C44
:10FDD00045F8240031BD000080B500F05CFDDFF87F
:10FDE000841251F82020521E41F82020DFF888228A
:10FDF00052F82020D20704D451F82000002800D166
:10FE000062B601BD38B500F046FD0400DFF860526F
:10FE100055F82400002808D1FFF7D0FEC10700D410
:10FE200072B6DFF8581241F8240055F82400401C3F
:10FE300045F8240031BD000080B500F02CFDDFF84E
:10FE4000301251F82020521E41F82020DFF82C22D9
:10FE500052F82020D20704D451F82000002800D105
:10FE600062B601BD38B500F016FD0400DFF804529B
:10FE700055F82400002808D1FFF7A0FEC10700D4E0
:10FE800072B6DFF8FC1141F8240055F82400401C3C
:10FE900045F8240031BD000080B500F0FCFCDFF81F
:10FEA000D41151F82020521E41F82020DFF8D02133
:10FEB00052F82020D20704D451F82000002800D1A5
:10FEC00062B601BD48414020684140203841402091
:10FED0005841402038B500F0DEFC0400DFF8A451A2
:10FEE00055F82400002808D1FFF768FEC10700D4A8
:10FEF00072B6DFF8981141F8240055F82400401C30
:10FF000045F8240031BD00008841402080B500F054
:10FF1000C2FCDFF8701151F82020521E41F8202059
:10FF2000DFF8682152F82020D20704D451F82000CD
:10FF3000002800D162B601BD38B500F0ACFC040069
:10FF4000DFF8445155F82400002808D1FFF736FEA9
:10FF5000C10700D472B6DFF8381141F8240055F813
:10FF60002400401C45F8240031BD000080B500F09D
:10FF700092FCDFF8141151F82020521E41F8202085
:10FF8000DFF80C2152F82020D20704D451F82000C9
:10FF9000002800D162B601BD38B500F07CFC040039
:10FFA000DFF8F05055F82400002808D1FFF706FECE
:10FFB000C10700D472B6DFF8E41041F8240055F808
:10FFC0002400401C45F8240031BD00007841402049
:10FFD00080B500F060FCDFF8BC1051F82020521E04
:10FFE00041F82020DFF8B42052F82020D20704D4B2
:10FFF00051F82000002800D162B601BD38B500F0EC
:02000004004AB0
:100000004AFC0400DFF8905055F82400002808D17D
:10001000FFF7D4FDC10700D472B6DFF8841041F8B1
:10002000240055F82400401C45F8240031BD000090
:1000300080B500F030FCDFF8601051F82020521E2F
:1000400041F82020DFF8582052F82020D20704D4AD
:1000500051F82000002800D162B601BDA84140201F
:10006000C8414020E841402098414020B84140200C
:100070000842402028424020D8414020F8414020FA
:1000800018424020484240206842402038424020E8
:100090005842402088424020A842402078424020D8
:1000A00098424020F8B504000D0000200020FFF722
:1000B00089FD0E20DFF8C4172200D2B242438A5ACB
:1000C00013009BB2022B04DA0022E4B244430A5329
:1000D00022E06D1C12E02300DBB243430B442E00F0
:1000E000B6B22700FFB247430F44AC461FFA8CFC60
:1000F00007EB4C077F8823F816706D1C2B00160049
:100100009BB2B6B2B342E6D32200D2B242438A5A7D
:10011000521EE4B244430A53FFF76EFDF1BD10B422
:10012000DFF85C071C00E4B250F82440E46889B2B0
:1001300034F81110DBB250F82300436889B2302044
:10014000414303EB0100002105E000230C00E4B271
:1001500042F82430491C0B00DBB2032BF5D30021FD
:1001600009E00B00DBB200EB83031B6A0C00E4B276
:1001700042F82430491C0B00DBB2032BF1D310BC36
:100180007047FEB50400DFF8F8561800C0B255F805
:100190002000C06889B230F8111030261800C0B2B3
:1001A00055F8200040680F00BFB27743384480788C
:1001B0001F00FFB255F827703F68C0B23844007A7C
:1001C000DBB255F823305B6889B271431944C98AA0
:1001D0000023ADF8043000238DF8003000238DF8A3
:1001E000013000238DF802306B46D2B289B2C0B222
:1001F00001F0A9F9200069460622E7F7F1FDF7BDF5
:100200002DE9F34F87B0040015009A46DFF8701609
:100210002800C0B251F82000C068220092B230F825
:1002200012202800C0B251F82000436892B230205A
:10023000424303EB0206B0788DF800002800C0B2FC
:1002400051F8200000689DF800201044007A8DF8D5
:1002500002002800C0B251F8200000689DF800108C
:1002600050F82100019000275FF00108307D8DF8E3
:1002700001002B00DBB29DF82020210089B202A8EA
:10028000FFF77FFF9DF80900012868D15FF00009A2
:10029000CDF818A033E00020DFF8E815220092B274
:1002A0001201114408731FE0BDF814B0707F0128DB
:1002B0001AD12B00DBB2524692B29DF8001058467C
:1002C00080B200F080FA1299087012980078002825
:1002D000E1D10120DFF8AC15220092B212011144E5
:1002E000087301275FF000084046C0B2002804D020
:1002F00006984946C9B220F811B019F101094846DB
:100300009DF80110C0B288422AD230694946C9B26C
:1003100030F811A00198C16B524692B203204243BB
:10032000885C9DF80810884216D004AB9DF8202008
:100330000198C16BD4461FFA8CFC032000FB0CFC17
:1003400011F80C109DF8020001F0FDF89DF8110065
:100350000028A9D1012703E0BDF80CB0A6E70127CA
:100360003800C0B209B0BDE8F08F2DE9F8430400B1
:100370000D0016001F0000205FF000080020DFF8CD
:1003800000153800C0B251F82000C068220092B2B7
:1003900030F812203800C0B251F82000436892B201
:1003A0003020424303EB020999F802003A00D2B22E
:1003B00051F822100968C0B20844007AC0B201F0B6
:1003C0006AF899F805100A00D2B2002A01D1C207D2
:1003D00005D40A00D2B2012A03D1400701D55FF04B
:1003E00001085FFA88F8B8F1000F09D000962B00D9
:1003F0003A00D2B2C9B2200080B2FFF701FF00E09C
:100400000120C0B2BDE8F28338B50C00DFF87014EB
:10041000D2B251F822100968C0B20844057AE06AE5
:100420000078012806D1E06A427801212800C0B294
:1004300001F080F9E06A811CEDB2280001F060F95A
:1004400031BD2DE9FF4105000E00170098460A9CBA
:100450003200D2B241462800C0B2FFF7D5FF3300C8
:10046000DBB26A46390089B22800C0B2FFF757FEF6
:10047000002269462000C0B200F0CDFF98F80410B9
:100480002000C0B201F002FA01212000C0B201F048
:100490000FF898F81A00002804D101212000C0B2FA
:1004A00001F004F90021E4B2200000F0D7FFBDE81C
:1004B000FF812DE9F84F04001500DFF8C463280020
:1004C000C0B256F82000C06889B230F81170280018
:1004D000C0B256F8200000682100C9B2084490F864
:1004E00008805FF030092800C0B256F8200040684C
:1004F000390089B209FB01F1084490F814A05FF0BB
:10050000000B22E02800C0B256F8200040683900F5
:1005100089B209FB01F1084400695946C9B230F8B3
:1005200011102800C0B256F8200000682200D2B294
:1005300050F82200C26B89B203204143515C40460F
:10054000C0B200F0E1FF1BF1010B58465146C0B2AA
:10055000C9B28842D6D3BDE8F18F70B5040000203F
:1005600000200025002600E0761C3000C0B20228E2
:1005700018D23000C0B2204490F840000128F3D1D6
:100580003000C0B22044007A3100C9B254F82110C2
:10059000C0B200F0CCFD002800D001252800C0B278
:1005A0000028E1D02800C0B270BD70B50400002062
:1005B0000020002000200025002600E0761C3000EE
:1005C000C0B2022820D2DFF8B8022100C9B250F828
:1005D000211009683200D2B2114491F8401001296B
:1005E000ECD12100C9B250F8210000683100C9B235
:1005F0000844007AC0B200F079FE002800D001253E
:100600002800C0B20028D9D0002116E02200D2B2C2
:1006100050F8220042680B009BB230204343D05A6E
:10062000984A00230600B6B236011644B360002390
:1006300080B2000110448370491C91480A002300D5
:10064000DBB250F823301B8992B29A42DED32800E5
:10065000C0B270BD7CB500220022894B0A00D2B224
:1006600053F8222012680400E4B22244157A0E24C2
:10067000824E0200D2B26243B25A002A2BD002004C
:10068000D2B204FB02F406EB040254880A00D2B290
:1006900053F82220D2682600B6B232F816600A005B
:1006A000D2B253F822205368B6B2302256433344B4
:1006B000744A2600B6B236013244127B012A02D1B6
:1006C0001A79002A07D0EDB20095220092B2C9B281
:1006D000C0B2FFF7B6FE73BDF8B51C000023684D2D
:1006E0002600F6B255F82660F6680700BFB236F865
:1006F00017602700FFB255F827506F68B6B2302553
:100700006E433E44B7780025002500250025B57EC0
:10071000012D1DD17579002D0FD1F579002D0CD14A
:100720000600DFF858C1FFB20E256F430CEB07053A
:100730006D88B6B2AE4200D001231D00EDB2002D8F
:1007400037D12300DBB280B2FFF70FFE030030E0A9
:10075000347D4C4D020092B21201AA5C012A01D1F3
:10076000012326E0020092B212012A449288571E09
:10077000020092B212012A449288002A01D1F28921
:10078000571E80B2000128448068BFB200EB4702C8
:10079000F589002007E016880700FFB221F81760EE
:1007A00002EB4502401C06002700F6B2FFB2BE4233
:1007B000F1D31800C0B2F2BD80B5DBB280B2FFF752
:1007C0008BFFC0B202BD70B42D4CDBB254F82330A5
:1007D0001B68C9B203EB8101CB6892B20C214A437A
:1007E00003EB02018B1D00215C789A885B88012550
:1007F0004FF6FF76B6B22E413040E4B2002C09D05D
:10080000022C14D008D3042C22D01BD3062C2BD0BE
:1008100024D32FE001212DE0040092B2A4B2A24221
:1008200004D29BB280B2834200D3012122E00400B3
:100830009BB2A4B2A34203D392B280B2824200D34D
:10084000012117E09BB280B2834200D3012111E065
:1008500092B280B2824200D201210BE09BB280B200
:10086000834200D2012105E092B280B2824200D3DD
:100870000121FFE70800C0B270BC7047D8244020B7
:10088000C4244020C82440200020C0B270477047D4
:10089000002070477047A848006810F003007047B8
:1008A000000000002DE9F8430024FFF7F4FF0021C9
:1008B0000022C0B2002803D0022804D002D303E0F3
:1008C000012402E001E000E00024002006E09B4952
:1008D00031F81030234321F81030401CF028F6D3B3
:1008E0009748016851F470010160BFF34F8FBFF367
:1008F0006F8F944B00201860934C9448206094486C
:10090000586094486060944898609449A160944904
:10091000D9609449E1605FF0D85119619249216131
:100920009249596192496161924999619249934D05
:1009300055EA4105A5619249D9619249924D51EA22
:100940004505E561914D1D62914D51EA45012162D8
:100950005FF0804159628F4961628F49996200213D
:10096000A1625FF0CE41D9628C49E1625FF0D04173
:1009700019638B4921635FF0604159638949616361
:1009800010F5800098630020A063BFF34F8FBFF382
:100990006F8F85490868800302D40868C00365D555
:1009A000002000200020814D00202860BFF34F8FE1
:1009B000DFF8FCC1DCF800E0CEF34E38CEF3C90915
:1009C0007C4E43F6E07717EA481050EA89703060B1
:1009D000BFF34F8F4846B0F101090028F0D14046DF
:1009E000B0F101080028E9D1286850F00100286022
:1009F000DFF8C4E10020CEF80000BFF34F8F0020E5
:100A00000020002000202860BFF34F8FDCF800C0DA
:100A1000CCF34E38CCF3C90917EA481050EA897074
:100A20003060BFF34F8F4846B0F101090028F3D181
:100A30004046B0F101080028ECD1286850F00100D0
:100A400028600020CEF80000BFF34F8F086830F414
:100A500000300860BFF34F8FBFF36F8F086830F42A
:100A600080300860BFF34F8FBFF36F8F002017E017
:100A70000500EDB254F82550ED0710D51500EDB284
:100A80004E4E35600500EDB253F825504C4E3560A2
:100A90000500EDB254F825504A4E3560521C401CFA
:100AA0000500EDB20F2DE3D34748026852F0030270
:100AB0000260BFF34F8FBFF36F8F00200020002034
:100AC00000203A4A1060BFF34F8F39480268C2F3E2
:100AD0004E33C2F3C90443F6E07010EA431050EA03
:100AE00084703A4D2860BFF34F8F2000441E0028C9
:100AF000F1D11800431E0028EBD1BFF34F8F0868D7
:100B000050F480300860BFF34F8FBFF36F8FBFF397
:100B10004F8FBFF36F8F0020274A1060BFF34F8FB6
:100B2000BFF36F8F086850F400300860BFF34F8F39
:100B3000BFF36F8FBDE8F183040026408008264094
:100B400088ED00E018234020542340203F0004108B
:100B5000000000001F0008030000480027000B07EA
:100B60000000001023000B1619000B1600000020D7
:100B700021000803000040200D00000001000B03CD
:100B80000040402001000C130D000000007C4020BC
:100B9000090000002DC0041300006040130004137E
:100BA00035000B032700041314ED00E084ED00E092
:100BB00080ED00E074EF00E050EF00E098ED00E021
:100BC0009CED00E0A0ED00E094ED00E060EF00E0BF
:100BD0000021DFF8DC1951F82000016849084900BC
:100BE000016070470021DFF8CC1951F8200001683E
:100BF00051F0010101607047D0F89C2332F4C0220B
:100C0000C9B2002901D0032100E00021490411F4F8
:100C1000C0210A43C0F89C23704710B40024DFF8B9
:100C2000944954F8200092B2DFF88C4914EA024447
:100C30009BB25B045B0C2343C9B200EB81000366EB
:100C400010BC7047DFF86C2952F820000022C9B2AE
:100C500000EB8100C0F8B0227047DFF8541951F85A
:100C60002000D0F8A003400F10F00300DFF8C019F7
:100C7000C0B2085CC0B2704770B505000C00DFF868
:100C8000B46906EBC500C078002803D12800FFF73F
:100C9000E4FF00E00F2006EBC5014978012906D1E9
:100CA0004FF6FF71D0F1100081400C400BE04FF681
:100CB000FF72D0F10F018A405204520C1440A4B2CA
:100CC000D0F10F000441200080B270BD010000206F
:100CD00000200022DFF8D82852F8212052681300A3
:100CE000DB0F50EA431013001B0E13F0010350EA10
:100CF00083101300DB0D13F0010350EA03201300EF
:100D00001B0D13F0010350EAC310DFF8C83913F8C4
:100D10002110490705D51100090C11F0010150EA15
:100D20004120520912F0010250EA8220704701006E
:100D3000002000220022DFF8782852F821201369D1
:100D40001A00520812F0010250EA420013F00102A8
:100D500010431A00D20812F0010250EAC2001A0031
:100D6000920812F0010250EA8200DFF8682912F8B6
:100D70002110490704D51B0913F0010350EA0310A1
:100D80007047C0B2400010F00600704770B5060012
:100D90000C00150035F000552078400710F0005089
:100DA000054335F00605E078FFF7EBFF054335F026
:100DB000200500222021A07C00F0B3F9054325F096
:100DC000004500225FF00041E07C00F0AAF90543F5
:100DD00035F08045207D800710F080400543DFF826
:100DE000F40810F8260040070FD535F44035A079F7
:100DF000012802D0022803D007E055F4003504E0B2
:100E000055F4803555F40035FFE7E079012802D02C
:100E1000022805D009E035F4800555F4800504E08A
:100E200035F4C00555F4C005FFE735F08065207A3C
:100E3000022802D15FF0806000E000200543207AA4
:100E4000002813D035F0006500225FF00061607A61
:100E500000F067F9054335F000752E0000225FF0C1
:100E60000071A07A00F05DF90500354335F40065A6
:100E700000224FF40061607E00F053F9054335F421
:100E8000C065A07E400210F4C0600543280070BD1C
:100E90002DE9F34F8DB0040015000C2200210AA8A3
:100EA000FDF7EBFF0C22002107A8FDF7E6FF0C225F
:100EB000002104A8FDF7E1FF0C22002101A8FDF7A5
:100EC000DCFF0020002630E00E993200D2B2032071
:100ED000424301EB020797F800805FEA581897F841
:100EE000009019F01F095FF0010A0DF1100B5BF87B
:100EF0002800009000221AFA09F1B87800F011F9E0
:100F0000009908434BF828000DF1040B5BF828000A
:100F1000009000221AFA09F94946787800F001F9A0
:100F2000009908434BF82800761C30002900C0B215
:100F3000C9B28842C8D300202EE0DFF8741651F8F9
:100F400024100AAA0300DBB252F823200300DBB20C
:100F500001EB83035A6207AA0300DBB252F8232095
:100F60000300DBB201EB8303C3F8E02204AA030011
:100F7000DBB252F823200300DBB201EB83035A6497
:100F800001AA0300DBB252F823200300DBB201EB1D
:100F90008301C1F88420401C0100DFF8E828125DBD
:100FA000C9B29142C9D30FB0BDE8F08F70B504004B
:100FB00000200020DFF8F80550F824100425002058
:100FC0000FE000220300DBB201EB8303C3F8E02251
:100FD0005FF0FF320300DBB201EB8303C3F8F022C2
:100FE000401C0200DFF89C381B5DD2B29A42E8D365
:100FF000002608E000234FF6FF723100C9B220003E
:10100000FFF70BFE761C30002900C0B2C9B288423F
:10101000F0D3002518E02900C9B22000FFF712FE26
:1010200011E0DFF864080C2101FB04F108442900F9
:10103000C9B2890850F82100FF21EA0012F0180215
:1010400091400842E7D16D1C2800C0B20328E8D3C4
:1010500070BD80B50100002900D0804701BD38B5C2
:10106000002100210021002100210021DFF840158E
:1010700051F8201011F1100211F130030C6ADFF861
:10108000B45515F8301000290ED0116811F0010187
:1010900014F0010421420BD00121116005EBC000C6
:1010A0004068FFF7D6FF03E010681060186818600A
:1010B00031BD30B40022DFF8F82452F8203000228D
:1010C0000AE01400E4B251F824401500EDB203EB3D
:1010D0008505C5F8A440521C1400DFF8A8572D5C04
:1010E000E4B2AC42EDD330BC704730B40022DFF83C
:1010F000C02452F8203000220AE01400E4B251F873
:1011000024401500EDB203EB8505C5F8B440521C30
:101110001400DFF870572D5CE4B2AC42EDD330BC64
:101120007047C0B2012800D01100080070472DE9B7
:10113000FE4F0400894600200020002000200020EF
:1011400000200020DFF8680450F82450AB4615F169
:10115000C800019015F1400A15F1C400009015F186
:10116000800600220121200000F007FBDBF80000D0
:1011700030F40030CBF80000200000F05DFA80462B
:101180004046C0B2002840F0AD80DBF80020494660
:101190002000FFF7FBFDCBF80000DFF8987499F80A
:1011A000140007EBC4014870200000F007FA8046E5
:1011B0004046C0B2002840F0958099F80600022809
:1011C00005D1DBF8000050F48030CBF8000099F82E
:1011D00005102800FFF710FD19F10B01200000F0A9
:1011E0008FFA99F8180001990860DFF8E80410F800
:1011F0002400C00703D5B9F816000099086019F15A
:1012000020012000FFF755FF19F12C012000FFF706
:101210006CFF99F80110200000F00BF9DAF80000DB
:1012200080088000CAF8000099F81E0000280BD042
:10123000DAF8000099F81F10490011F00201084384
:1012400050F00100CAF80000D9F83C0000280AD08C
:1012500099F83800002806D099F83820D9F83C10C1
:101260002000FFF715FE306840084000306099F814
:101270000E00002801D0012000E00020316810F0AD
:1012800001000843306099F80F200021200000F091
:10129000BFFA99F810200121200000F0B9FA99F85E
:1012A00011200221200000F0B3FAD9F8400007EB2A
:1012B000C401486099F8020007EBC401C87099F8AE
:1012C000040007EBC401887099F81B00B9F81C10E2
:1012D000DFF8F02512EA01421043C5F8A803012007
:1012E00007F834004046C0B2BDE8FE8F78B591B033
:1012F0000400002000208DF8000000208DF803007D
:1013000001208DF8040000208DF8050000208DF8E4
:10131000060000208DF8070000208DF8080000204E
:101320008DF8090000208DF80A00002008E0162141
:101330006A460244D17200216A460244D173401CBD
:10134000DFF84055295D8842F1D300208DF80E006A
:1013500000208DF8120000208DF8130000208DF879
:1013600014000020ADF8160000208DF818000020B1
:101370008DF8190000208DF81A0000208DF81B0050
:101380000020ADF81C0000208DF81E0000208DF814
:101390001F0000208DF8380000200F9000201090D2
:1013A00069462000FFF7C3FE0100C9B200292FD112
:1013B0007F4850F82460002012E0002106EB8002F4
:1013C00051625FF0FF3106EB80025161002106EBB4
:1013D00080025164002106EB8002C2F88410401C98
:1013E000295D8842E9D32000FFF7E0FD002070630B
:1013F0001F21200000F05CF80121200000F019F806
:101400000020DFF8C41401F83400200000F014F9C3
:10141000C0B212B070BD80B5D2B2002A02D0012A8B
:1014200003D005E0FFF745FE02E0FFF75EFEFFE7B1
:1014300001BD38B50C00002100215E4951F82000A3
:1014400010F56875FEF7A8FD286820F06040E4B24A
:1014500050EA44702860FEF7BBFD31BD38B50C0082
:1014600000210021DFF8641451F82050FEF70AFC37
:10147000E4B2002C02D0012C05D009E0286850F01D
:101480008070286004E0286850F480102860FFE72E
:10149000FEF712FC31BD38B5040000252000FFF72F
:1014A00015FC05432000FFF742FC0543280032BD30
:1014B00010B40023002200223D4A52F8202012F1ED
:1014C00010040A00520812F0010253EA420311F01C
:1014D000010213430A00D20812F0010253EAC203C8
:1014E0000A00920812F0010253EA8203DFF8E023B7
:1014F00012F82000400704D5090911F0010153EA50
:101500000113236010BC704770B50A00002100234E
:101510001400640912F01F05DFF8B03353F820609F
:1015200006EB8202D2F80021130309D51100FFF760
:10153000A3FB0100012010FA05F506EB84004561CC
:10154000080080B270BD70B51C00002300230B00A2
:101550005B0911F01F050026A68021700026667029
:101560000026A670DFF8646356F8206006EB810160
:10157000D1F8001106EB830313F11406D2B2120462
:1015800012F4403211F440339A420CD10A00D20CCA
:1015900012F0010262700A00920C12F00102A270B5
:1015A000FFF76AFBA080012010FA05F5356070BDD9
:1015B000AC8B4B00AC8B4B000000FF7F2DE9FC4750
:1015C00004000025002000260020012142F21070B6
:1015D00000F0B0F90700012000F08AF900905FF0F8
:1015E0000008DFF8E80250F8240010F1040ADAF8E5
:1015F000009019F00709FEF775FB2000FFF7E8FAE5
:10160000FEF78AFB09E0DAF8009019F007090121DA
:10161000684600F07DF910EB0808B14501D0B845E7
:10162000F1D3B84500D302252800C0B2BDE8F68743
:1016300094FE4A00F42440202DE9FC4704000020D9
:10164000002501260020012142F2107000F072F9FD
:101650000700012000F04CF900905FF00008DFF86F
:101660006C0250F8240010F1040ADAF8009019F026
:101670000709FEF767FB2000FFF7B4FAFEF77CFBD3
:1016800009E0DAF8009019F007090121684600F036
:101690003FF910EB0808B14501D0B845F1D3B84582
:1016A00000D302252800C0B2BDE8F68738B50C008B
:1016B0000021002114F001040C43DFF8101251F84E
:1016C0002050FEF707FC286A04432C62FEF71EFC3C
:1016D00031BD0000CC8B4B0038B50C00002100213F
:1016E00014F001040C43DFF8E41151F82050FEF728
:1016F00023FC286A30EA04042C62FEF737FC31BD73
:1017000030B40022DFF8C42152F82020002309E081
:101710001C00E4B20C5D1D00EDB202EB8505C5F8BE
:1017200094405B1C1C00574D2D5CE4B2AC42EFD3DF
:1017300030BC704770B50D00140000210021DFF8A7
:101740008C1151F82060FEF72DFB306830F460609A
:101750003060EDB2002D01D0012000E000203168A2
:10176000C00210F400600843E4B2640214F4C064E0
:1017700004433460FEF730FB70BD2DE9FC470700E1
:101780000C001500002000200020012142F2107002
:1017900000F0D0F80600012000F0AAF800905FF0F9
:1017A00000085FF00009DFF8240150F82700070067
:1017B00010F1040AFEF726FBEDB2002D03D13868C4
:1017C00030F080703860386850F080003860FEF784
:1017D00033FBE4B2002C17D0DAF8004014F0807428
:1017E00009E0DAF8004014F080740121684600F046
:1017F0008FF810EB0808B4F1807F01D1B045F0D329
:10180000B04501D35FF002094846C0B2BDE8F68793
:1018100070B50C00150000210021DFF8B01051F860
:10182000201011F18006DFF8A81011F820008007C1
:1018300027D5FEF7E3FB3068E4B2002C03D0022C7E
:1018400013D009D31AE030F00200EDB26D0015F0AC
:1018500002050543280011E030F00800EDB2ED006C
:1018600015F008050543280008E030F02000EDB22F
:101870006D0115F0200505432800FFE73060FEF7F5
:10188000D7FB70BDC49F4B00B48B4B0038B50C0028
:10189000002100210D4951F82050FEF7E3FAE4B28F
:1018A000002C02D0012C05D009E0286830F000504F
:1018B000286004E0286850F000502860FFE7FEF739
:1018C000EBFA31BD0000FF03F4244020AC8B4B0049
:1018D000CC8B4B000020704701207047704780B5CB
:1018E000002802D00020FDF7F5F9FDF706FA01BD4A
:1018F00080B501000020C9B2002902D0012903D01F
:1019000005E0FFF7E7FF02E0FDF70AFAFFE702BD97
:1019100080B502000020C9B2002902D0012904D0FC
:1019200007E01000FFF7D8FF03E01000FDF7FDF916
:10193000FFE702BD80B502000020C9B2002902D035
:10194000012904D007E01000FFF7C8FF03E01000F2
:10195000FDF7FEF9FFE702BD2DE9F54F87B00C005A
:101960001D00DFF8CC042900C9B250F82110C96865
:10197000220092B231F8121000220022002200262A
:101980002A00D2B250F8222012689DF81C301A4466
:10199000127A8DF806202A00D2B250F8222012685E
:1019A0009DF81C3052F8232004922A00D2B250F83D
:1019B0002200426889B23020414302EB0107F879E6
:1019C0008DF80500387D8DF8040038690590DFF842
:1019D0006484200080B2000140448068210089B204
:1019E00009014144898800EB41095FF0000A01E0E8
:1019F0001AF1010A50469DF80410C0B288425DD227
:101A000005985146C9B230F811B09DF8050000287C
:101A10000FD102AB7A790498C16BDC461FFA8CFCBB
:101A2000032000FB0CFC11F80C109DF80600FFF7DA
:101A30008AFD9DF8090001283BD1787F012826D135
:101A40002B00DBB25A4692B29DF81C10BDF80C0078
:101A5000FEF7B9FEC0B201280BD1BDF80C00009012
:101A60005346DBB2BDF820204946380000F0E6F9C5
:101A700020E00120210089B2090141444870012081
:101A8000210089B2090141440873012612E0BDF822
:101A90000C0000905346DBB2BDF8202049463800C8
:101AA00000F0CCF90020210089B2090141440873FB
:101AB00000E001263000C0B2012899D13000C0B248
:101AC00009B0BDE8F08F00200A88C87900280BD043
:101AD000D848110089B2090101448988491C1300C2
:101AE0009BB21B0118448180D24892B2120110446B
:101AF000808880B2704730B40200CD4C0800C0B27C
:101B000054F82000C06813009BB230F81330002056
:101B1000C84D92B212012A449278012A0CD1C9B25E
:101B200054F821104A689BB230214B4302EB030169
:101B30008968002900D00120C0B230BC704738B598
:101B400004000D0000212000C0B2FEF7ABFABA4934
:101B50002200D2B20E204243885A002805D0290024
:101B6000C9B22000C0B2FEF775FD31BD2DE9F14FBD
:101B70000D0093461E000A9CAD492000C0B251F8EA
:101B80002000C0682A0092B230F812202000C0B2B3
:101B900051F8200000689DF800301844077A2000B2
:101BA000C0B251F82000436892B23020424303EBA8
:101BB000020800202000C0B251F820000068002177
:101BC0005FF0000A00224146FFF77DFFDFF86492D4
:101BD00001212A0092B212014A445170290089B2AF
:101BE000090119F80110012905D102212A0092B238
:101BF000120109F8021080B21FFA8BFB584542D33C
:101C00000320290089B2090109F8010098F80C00A5
:101C1000002832D198F8030001282ED15FF0010A84
:101C2000002201213800C0B2FFF7A7FD00282AD109
:101C30002200D2B2290089B29DF80000FEF739FCDB
:101C400001213800C0B2FFF747FD01213800C0B2C2
:101C5000FFF72EFC2100C9B29DF80000FFF76FFFCF
:101C60002100C9B2280080B2FFF745FFC0B20128A9
:101C700009D1D8F80800804705E00020290089B282
:101C80000901494488805FFA8AFABAF1000F2AD123
:101C90002100C9B2280080B2FFF72DFF824698F8D4
:101CA0000400002812D10320ADB22D0109F805006F
:101CB000F6B2002E0AD101213800C0B2FFF70CFDA8
:101CC0002100C9B29DF80000FFF739FF0121FFB2E2
:101CD0003800FFF7EDFB5FFA8AFABAF1010F02D183
:101CE000D8F808008047BDE8F18F2DE9FE4F0400C9
:101CF0000D001600002000200020DFF83491300095
:101D0000C0B259F8200000682100C9B20844077A1F
:101D100049492200D2B20E20424301EB0200408822
:101D2000ADF804003000C0B259F82000C068BDF81A
:101D3000041030F811A05FF0300B3000C0B259F839
:101D400020004068514689B20BFB01F10844C0896C
:101D5000ADF806003300DBB2BDF80620BDF8041074
:101D60002000C0B2FFF7F8FD80464046C0B201280F
:101D700016D13000C0B259F8200040681FFA8AFA24
:101D80000BFB0AFA50440079002804D101213800E5
:101D9000C0B2FFF7A1FC0121FFB23800FFF788FBBA
:101DA0004046C0B200280BD12248BDF804100901FA
:101DB00001448988491CBDF8042012011044818027
:101DC0005FFA88F8B8F1000F0BD1F6B200962B003D
:101DD000DBB2BDF80620BDF804102000C0B2FFF74A
:101DE000C5FEBDE8F78F1CB50400FEF74DFD8DF86C
:101DF00000000F489DF8001050F821000068E4B280
:101E0000204490F842000100C9B2FF290ED00A4ACE
:101E10000300DBB20E214B43D15A89B2002905D011
:101E20009DF800200021C0B2FFF75FFF13BD000046
:101E3000C4244020C8244020D82440200098DBB28D
:101E400092B202FB03F221F81200704780B5002025
:101E5000C0B2FFF7C8FF01BD10B5040042F2E47044
:101E6000002C01D0012000E00020C0B2FCF74CFEA5
:101E700000F007F800F08AFADFF8C8190C6080B2A9
:101E800010BDDFF8C4090168096951F0010100685B
:101E9000016170472DE9F0410C0042F2E4752E001B
:101EA000DFF8DC2911684B68DFF840191940002978
:101EB00008D010684068014010684160DFF8C4092C
:101EC000058014E0DFF8BC793988A9420FD045F6C7
:101ED000A52800F0BCF8404501D03D8007E0E4B201
:101EE000012C03D043F2CC30388000E0464630006D
:101EF00080B2BDE8F08180B502000B000421012012
:101F000000F07CFE01BD00687047008870470078D3
:101F1000704770B50C00260056EA000111F0030F5F
:101F200006D1042A04D30425FFF7EDFF30600CE04E
:101F3000C90706D4022A04D30225FFF7E6FF308042
:101F400003E00125FFF7E3FF2070280070BD0200C9
:101F500042F6B450002903D0002A01D045F6A5204E
:101F600080B2704738B5040045F6A525280000F07A
:101F700064FADFF874090460200000F06FFD0100CE
:101F800089B2A94202D0DFF8FC18088080B232BDC5
:101F90002DE9F04782460D0016005746B0462C004A
:101FA000002D01D0012000E00020C0B2FCF7ACFD04
:101FB000002E01D0012000E00020C0B2FCF7A4FDFB
:101FC0002900504600F0EEFDC0B2FCF79DFDDFF8A1
:101FD000B4A831002800FFF7BAFFAAF8000045F6C0
:101FE000A525BAF80000A8422DD14EF24270AAF8F9
:101FF000000021003800FFF77EFF3800FFF7B2FF36
:1020000001002A0089B291420DD100F064FD220046
:1020100041463800FFF77DFF814600F066FD012153
:102020003800FFF737FF290080B2884207D119EB4B
:102030000707C844B4EB0904002CDED1FFE7002CED
:1020400001D1AAF80050BAF80000BDE8F08770B5D9
:10205000060042F2E4742000DFF824582868406843
:1020600000281BD516F17040B0F5802F16D200F075
:102070001AF8002809D016F00300361A306810F15B
:10208000010F04D045F6A52401E045F6A5242868F3
:10209000406810F000402968486001E045F6A5243A
:1020A000200080B270BDDFF8EC080068006910F015
:1020B0000100704770B504000D00882C01D201208A
:1020C00000E00020C0B2FCF71FFD200000F068F81F
:1020D0000600300042F2E47180B2884216D04EF61B
:1020E000B800B6B2864202D145F6A5260EE0290018
:1020F000C9B2200000F0C8FB0600300045F6A5215B
:1021000080B2884202D1200000F003F8300080B293
:1021100070BD08280CD2DFF830170868D0F84823C3
:10212000DFF8C008006802430868C0F8482336E0BA
:1021300087280CD1DFF810170868D0F85823DFF88B
:10214000A408006802430868C0F8582327E008384C
:102150000100890910F03F00202810D2DFF8E8269E
:10216000106800EB8100D0F85C33DFF87808006875
:102170000343106800EB8100C0F85C330FE0DFF828
:10218000C826106800EB8100D0F84033DFF854080F
:1021900000680343106800EB8100C0F840337047CB
:1021A00010B50400882C01D2012000E00020C0B24C
:1021B000FCF7AAFC882C02D342F2E47009E020006C
:1021C00000F009F8002802D14FF6222001E04EF677
:1021D000B80080B210BD38B50400DFF80C582000FC
:1021E00000F034FB2860DFF8FC17012228688240E9
:1021F0000A60082C05D2DFF89C070068D0F8480375
:102200001DE0872C05D1DFF88C070068D0F8580353
:1022100015E0083C2000800914F03F04202C07D270
:10222000DFF87027126802EB8000D0F85C0306E04C
:10223000DFF86027126802EB8000D0F840030968DD
:10224000084032BD70B504000D00882C01D2012079
:1022500000E00020C0B2FCF757FC2000FFF7A0FF11
:102260000600300042F2E47180B2884216D04FF688
:102270002220B6B2864202D145F6A5260EE02900FC
:10228000C9B2200000F000FB0600300045F6A52191
:1022900080B2884202D1200000F003F8300080B202
:1022A00070BD08280CD2DFF8A0150868D0F84823C4
:1022B000DFF83007006882430868C0F8482336E03A
:1022C00087280CD1DFF880150868D0F85823DFF88C
:1022D0001407006882430868C0F8582327E00838CC
:1022E0000100890910F03F00202810D2DFF858259E
:1022F000106800EB8100D0F85C33DFF8E806006876
:102300008343106800EB8100C0F85C330FE0DFF816
:102310003825106800EB8100D0F84033DFF8C406A0
:1023200000688343106800EB8100C0F840337047B9
:10233000DFF860160968C1F800037047F8B50400BB
:102340000D0045F6A5262000FFF7F2FFDFF8300567
:10235000006807683F0C0121DFF89006FFF7D8FA04
:10236000DFF88C160A68801808600868DFF888169D
:102370000968884205D22800FFB2C0B28742E2D184
:1023800001E042F6D436300080B2F2BD10B542F220
:10239000E47000F014F80400DFF8580601680968DA
:1023A00031F48051026811600168096831F400411C
:1023B0000068016000F041F8200080B210BD2DE9F6
:1023C000F04145F6A524DFF8285600202860DFF804
:1023D0002866012142F21070FFF7ACFA3060DFF896
:1023E0000C760120FFF784FA3860DFF80886D8F809
:1023F0000000006840084000D8F800100860D8F8D5
:102400000000406800040CD401213800FFF780FA76
:10241000296840182860286831688842EFD342F65E
:10242000D434D8F80000006830F49870D8F8001060
:102430000860200080B2BDE8F081DFF8441408682D
:102440004268DFF8B805024008684260704780B50E
:10245000892802D342F6B4501CE0DFF898150A68C8
:10246000126812F4887F02D042F2E47012E0096828
:10247000D1F89410002902D542F2E4700AE0FFF787
:102480008FFE4FF62221884202D042F2E47001E032
:1024900045F6A52080B202BD401CDFF86415086037
:1024A00070472DE9F04106000C00DFF8545528680C
:1024B000002802D142F2E4704FE0882E01D20120C0
:1024C00000E00020C0B2FCF71FFB0020DFF8201561
:1024D0000860DFF830050078002802D142F2107061
:1024E00001E042F210700121FFF724FADFF808152D
:1024F00008600120FFF7FCF9DFF8F01408603000F5
:10250000FFF7A5FF804645F6A5274046390080B273
:10251000884214D1FFF791FF300000F0E7F9DFF8AF
:10252000E81408602100C9B2FFF708FF8046404662
:1025300042F6D43180B2884201D100F0C1F8404661
:1025400080B2B84207D100F0C6FA7FF07F41002088
:102550002A6890478046404680B2BDE8F08110B5B9
:1025600000F046F9040020004EF2427180B2884229
:1025700013D0C3480168096849084900026811601E
:102580000168096831F01001006801604FF40051E2
:10259000DFF874040068FFF7AEFC200080B210BDC5
:1025A00070B506000D0014002900300000F0FAFAA2
:1025B000C0B2FCF7A9FA300000F0EEF916F07F0186
:1025C00016F0070F09D115F0070F06D14919812917
:1025D00003D2002D01D0002C02D142F6B4501CE0F1
:1025E000DFF810140A68126812F4887F02D042F2F1
:1025F000E47012E00968D1F89410002902D542F283
:10260000E4700AE0FFF7CCFD4FF62221884202D0A9
:1026100042F2E47001E045F6A52080B270BD38B406
:102620000C000B0011F0030F13D1DFF8C81323685F
:102630000D6805EB8005C5F800316368096801EB9A
:102640008001C1F804310834801C083A002AECD11A
:1026500034E01978009100995C7851EA04210091E6
:1026600000999C7851EA044100910099DC7851EA84
:1026700004610091DFF87C13009C0D6805EB800578
:10268000C5F800411C790094009C5D7954EA05244A
:102690000094009C9D7954EA05440094009CDD79E7
:1026A00054EA05640094009C096801EB8001C1F8BC
:1026B00004410833801C083A002ACAD131BC704753
:1026C0007CB5DFF8304300202168C1F800012068A4
:1026D000006850F48070216808600025012142F2F2
:1026E0001070FFF727F906000120FFF701F90090AD
:1026F00020680068C00506D401216846FFF708F984
:102700004519B542F4D32068006830F48070216820
:10271000086073BD2DE9F0470D0016001F00DFF8BB
:10272000E082D8F80010002902D142F2E4705BE0A8
:10273000040014F07F00DFF8C81308601120DFF8F0
:10274000C41308700020DFF8A8120860DFF8B40294
:102750000078002802D142F2107001E042F21070BD
:102760000121FFF7E7F8DFF8901208600120FFF77A
:10277000BFF8DFF878120860320029002000FFF768
:102780000FFF814645F6A52A4846514680B2884249
:102790000FD1FFF752FE3900C9B22000FFF7CEFD7E
:1027A0008146484642F6D43180B2884201D1FFF7D3
:1027B00087FF484680B2504514D1DFF84C030460CF
:1027C000DFF848030560C4F384002A003100FFF7F6
:1027D00026FF00F080F97FF07F410120D8F800202B
:1027E00090478146484680B2BDE8F087000010332C
:1027F00010B5234801684968090414D44EF24274A4
:102800000121DFF8E801FFF783F8DFF8E4110A6837
:10281000801808600868DFF8F812096888420ED34B
:1028200042F6D4340BE00068406810F45030B0F544
:10283000804F02D145F6A52401E042F2E474200065
:1028400080B210BD2C254020D88B4B00082802D226
:102850006549086011E0872803D18738624908601C
:102860000BE0083810F03F00202803D2C0085E4972
:10287000086002E020385C4908605B4800687047E7
:10288000D48B4B00D43440207CB50C0045F6A525F4
:10289000002100210091002600210191872808D005
:1028A00051490E680A6892087FF0030101FB026635
:1028B000F600882803D26A4601A900F02BF8019897
:1028C0004849096808420BD00098002808D00098B1
:1028D0000068F040C0B2E4B2A04201D042F2E47518
:1028E000280080B276BD000024254020082803D2AD
:1028F000400310F180500CE0872803D2400310F50C
:102900007C1006E0872802D15FF0D85001E05FF02C
:10291000FF30704710B4344B1B689B089B0008289D
:1029200009D21C480068D0F888030860DFF8E40189
:10293000C31813602CE0872808D116480068D0F827
:1029400098030860DFF8D001106021E00838040027
:10295000A40910F03F0020280DD20E48006800EBBB
:102960008400D0F89C03086024011C19DFF8AC0136
:10297000041914600CE00748006800EB8400D0F8EC
:102980008003086064011C19DFF8940104191460C5
:1029900010BC7047D88B4B0010B50400200000F02D
:1029A000EBF8C0B2FCF7B0F814F16540B0F5005F89
:1029B00001D2882413E014F17040B0F5803F03D2B7
:1029C00014F17044640B0AE0B4F58000B0F5801F88
:1029D00004D2B4F58004640B083400E0892420009C
:1029E00010BD0000202540201C2540200C25402043
:1029F00004254020D48B4B0008254020000013F311
:102A00001C024020D6344020182540202DE9F041FA
:102A100004000025464EB6F8008046480768002CA2
:102A200001D0012000E00020C0B2FCF76DF84EF2AA
:102A300042701FFA88F880450CD1A06810F402405B
:102A4000B0F5024F06D16068B84203D142F2E4709B
:102A5000308002252800C0B2BDE8F0812DE9F041A8
:102A600045F6A524FFF764FC2E4D00202968C1F827
:102A700000012868006850F48070296808602A4EB8
:102A800000203060224F012142F21070FEF752FF09
:102A90003860DFF898800120FEF72AFFC8F80000B0
:102AA00028680068C0050CD401214046FEF730FFBD
:102AB000316840183060306839688842F0D342F697
:102AC000D4342868006830F48070296808602000D9
:102AD00080B2BDE8F08180B5174908680068002819
:102AE00002D008680068804701BD80B512490868B7
:102AF0004068002802D008684068804701BD000097
:102B000028254020612C40201025402014254020FD
:102B10000825402000842640808426408484264066
:102B2000C0832640D48B4B00042540200C25402038
:102B3000D4344020242540202C254020B0F58000AE
:102B4000B0F5801F01D2012000E00020C0B2704724
:102B500010F17040B0F5803F01D2012000E000206C
:102B6000C0B2704710F16540B0F5005F01D201209E
:102B700000E00020C0B2704710B504002000FFF74D
:102B8000DDFF002809D12000FFF7E2FF002804D173
:102B90002000FFF7E7FF002801D0012000E000201F
:102BA000C0B210BD38B504000D002D196D1E2000F7
:102BB000FFF7C4FF002806D02800FFF7BFFF00285A
:102BC00001D0012018E02000FFF7C2FF002806D046
:102BD0002800FFF7BDFF002801D001200CE02000F5
:102BE000FFF7C0FF002806D02800FFF7BBFF002832
:102BF00001D0012000E00020C0B232BD2DE9F0413B
:102C000004000D0016001F005FF0000800F01EF821
:102C1000E4B2012C10D12800C0B2032804D139003D
:102C2000300000F047F806E0EDB2042D03D1390082
:102C3000300000F05BF8FFE700F022F84046C0B239
:102C4000BDE8F081EFF310807047000038B5FDF764
:102C500022FE0400DFF8545055F82400002808D163
:102C6000FFF7F0FFC10700D472B6DFF8441041F857
:102C7000240055F82400401C45F8240031BD000014
:102C800080B5FDF708FEDFF8241051F82020521E11
:102C900041F82020DFF8182052F82020D20704D471
:102CA00051F82000002800D162B601BDA8444020A0
:102CB000984440201B4A136853F0010313601A4ADA
:102CC000126812F00702521C1201091806E0174B95
:102CD0001860BFF34F8FBFF36F8F10188842F6D381
:102CE000BFF34F8FBFF36F8F704700000D4A13681B
:102CF0005B085B0013600C4A126812F00702521C5A
:102D00001201091806E00A4B1860BFF34F8FBFF39A
:102D10006F8F10188842F6D3BFF34F8FBFF36F8FBA
:102D20007047000084ED00E080ED00E058EF00E027
:102D30005CEF00E010B5020000200021002300E05D
:102D40005B1C1900C9B2002918D1DFF8B01551F881
:102D5000221049691C00E4B251F824100029EFD078
:102D6000DFF89C151C00E4B2095D0029E8D00623B9
:102D7000002200215020FCF7EDFE0120C0B210BD62
:102D800070B50400002500200020002606E0022087
:102D9000DFF86C153200D2B28854761C3000C0B215
:102DA00000282CD1DFF8541551F824004069320076
:102DB000D2B250F822000028EFD051F82400406928
:102DC0003100C9B250F82100017A0129E5D1018C06
:102DD000DFF830253300DBB222F813100021DFF8D2
:102DE00028253300DBB2D15400F008FD0028CED0F6
:102DF0000923002200215020FCF7ACFE0125EDB292
:102E0000002D17D000210800C0B2002816D1DFF82D
:102E1000EC0450F8240040690A00D2B250F82200B5
:102E2000002805D00020DFF8D8240B00DBB2D054F6
:102E3000491CE8E70120DFF8D414085570BD10B52F
:102E40000024DFF8C834185C002806D10523D2B26C
:102E500000215020FCF77EFE0AE0C9B2002906D00E
:102E60000423D2B200215020FCF774FE00E00124BC
:102E70002000C0B210BD10B50024DFF89024125C11
:102E8000002A06D10523062200215020FCF762FE0D
:102E900013E00A0092B20E2A07DADFF8602452F833
:102EA0002000808889B2814206D2022306220021B6
:102EB0005020FCF74FFE00E001242000C0B210BDFE
:102EC00070B5002300240023DFF83854467835F825
:102ED0001650466AADB21820454306EB05008078CF
:102EE00001280BD1087A9579A84205D39079092851
:102EF00008D31068400005D4012303E09079092825
:102F000000D30123DBB2002B06D0032306220021CD
:102F10005020FCF71FFE0DE09068002809D1487989
:102F2000002806D10123062200215020FCF712FEC2
:102F300000E001242000C0B270BD38B504000020BC
:102F4000002000251DE0DFF8B41351F8240040698B
:102F50002A00D2B250F82200002811D051F82400E3
:102F600040692900C9B250F82100017A012907D12E
:102F70000021DFF88C232B00DBB2D15400F0DFFC02
:102F80006D1C2800C0B20028DDD031BD10B5002175
:102F900000210024DFF87413095D012906D10623FE
:102FA000002200215020FCF7D5FD17E0002806D0B4
:102FB0000923002200215020FCF7CCFD0EE0DFF8B1
:102FC0005003DFF8381341F824002000FFF7B2FE69
:102FD000C0B2002802D12000FFF7D2FE10BD38B5E4
:102FE0000020002100200024DFF82053285D012864
:102FF00006D00623102200215020FCF7ABFD2CE068
:10300000002200E0521C1000C0B2002818D1DFF8E6
:10301000EC0250F8240040691300DBB250F82300A2
:103020000028EFD0DFF8D8021300DBB2C05C012823
:10303000E8D10623102200215020FCF78BFD01214E
:10304000C9B2002909D1002028552000FFF775FFDB
:103050000020DFF8A81241F8240031BDF8B50500C2
:103060000E00012400200020002703222900C9B2FD
:103070003800FFF7E4FE01286DD1DFF8800250F838
:10308000270040692900C9B250F82170F6B2012E1C
:1030900004D05AD3032E40D01CD356E0DFF8606230
:1030A0002800C0B2305C02280DD1380000F064FC6A
:1030B00000280ED10120EDB2705501213878EDF7CE
:1030C000ECFC002405E00623032200215020FCF73D
:1030D00041FD40E0DFF828622800C0B2305C401EAD
:1030E00003D0401E01280ED916E0380000F08CFCF9
:1030F000002807D10220EDB2705502213878EDF793
:10310000CCFC002408E00220EDB270550221387892
:10311000EDF7C3FC0024FFE71DE0DFF8E401290020
:10312000C9B2415C891E012908D80321EDB241557D
:1031300003213878EDF7B1FC002405E006230322D3
:1031400000215020FCF706FD05E0062303220021A4
:103150005020FCF7FFFC2000C0B2F2BD2DE9F8437F
:103160000C000126002100210021002100215FF038
:1031700000090700010089B24846FFF77CFE0128DC
:1031800034D1002C06D10123062200215020FCF767
:10319000E1FC2BE0594850F82910C9683A0092B276
:1031A00011F8028050F8291049694246D2B251F80C
:1031B0002250002D1AD050F829000169BFB2182002
:1031C00047430F44220039002800FFF779FE012809
:1031D0000CD14B485FFA88F810F80800012805D197
:1031E00022003900280000F052FC06003000C0B276
:1031F000BDE8F28310B5002100210021002100214B
:10320000002302004149C95C002906D10523192287
:1032100000215020FCF79EFC29E0010089B20E2914
:1032200006DA364951F82340A48880B2A04206D27B
:103230000223192200215020FCF78CFC17E051F8E2
:103240002300C0681400A4B2005D51F823406469F3
:10325000C0B254F82000002809D051F823100B699F
:1032600092B218214A4303EB020100F0D7FC10BDD3
:1032700038B5130000220022002200241F4D55F80B
:103280002420002A13D055F824209268C0B2105C84
:1032900055F824205269C0B252F82000002806D008
:1032A000DBB20A00D2B255F8241000F0C8FC31BDE0
:1032B00038B50021002100210022104B53F82210C4
:1032C000002919D053F822108968C0B20D5C53F858
:1032D000220040692900C9B250F82140002C0BD0CF
:1032E000200000F091FB002806D102200449EDB235
:1032F00048552078EDF7DCFB31BD0000302540203B
:10330000632C40205C2C4020622C4020642C402008
:1033100068624B002DE9F04104000D0016001F000B
:10332000706820603068800203D5206850F000404B
:103330002060DDF8188098F8100000280BD1306864
:1033400010F07060B0F1C06F05D101230822002198
:103350005020FCF711FC98F81000012806D03068C6
:10336000002803D5206850F08040206096F848007F
:1033700098F80810884203D398F80800686002E0C3
:1033800096F84800686016F108036A68D2B22168AE
:10339000B8F80000C0B2EDF7CFFB01280BD1B8F8A8
:1033A0000000A0803878A07116F10800286029007C
:1033B000200000F0C5FCBDE8F0812DE9F843ADF533
:1033C000806D81460C0000200027002000205FF067
:1033D0000008A07A8008801D212803D2A57AAD08B4
:1033E000AD1D00E02025002655E0E0683100C9B29F
:1033F000490108444068C00852EA0062E0683100B0
:10340000C9B249010844C068C00852EA0042E068F5
:103410003100C9B2490108444069C00852EA00229B
:10342000E0683100C9B249010844C06952EAD002DB
:103430002AE0A77ABF0000225FF00208E0780028A7
:10344000D3D0E0683100C9B2490108444068400D5A
:1034500052EA0062E0683100C9B249010844C0681C
:10346000400D52EA0042E0683100C9B24901084407
:103470004069400D52EA0022E0683100C9B24901BA
:103480000844C06952EA50523100C9B299F80200AA
:1034900001F0DDFF761C30002900C0B2C9B28842BD
:1034A00052D23000A17AC0B288424DD299F81000B1
:1034B000002819D1A77A5FF040425FF00008E07859
:1034C000002808D0E0683100C9B200EBC1004068B4
:1034D00052EA4002D8E7E0683100C9B200EBC1000F
:1034E000406852EAC042CFE799F810000128A0D105
:1034F000A77A7F005FF0C0225FF00108E078002823
:1035000011D0E0683100C9B2090108444068C00B1D
:1035100052EA0042E0683100C9B209010844C068BB
:1035200052EAD032B0E7E0683100C9B2090108447C
:10353000406852EAC042E0683100C9B2090108445B
:10354000C06852EAC0029FE7D9F80C1099F802004F
:1035500001F0D8FF3800C0B2002832D0002123E0AB
:1035600000206A460B00DBB202EBC302507014E08D
:10357000E0680A00D2B250F832006A460B00DBB2B3
:1035800002EBC3025060E0780028E9D001206A46CF
:103590000B00DBB202EBC302507000206A460B0046
:1035A000DBB202F83300491C08003A00C0B2D2B2C4
:1035B0009042DDD36A464146C9B299F8020001F053
:1035C0004DFD0DF5806D01B0BDE8F08378B585B097
:1035D0000400DFF8BC05617830F811501826606AE5
:1035E000290089B27143084400890390606A290068
:1035F00089B27143084400790090606A290089B259
:103600007143084440790190606A290089B271438E
:10361000084480790290606A290089B271430844A5
:10362000807A0490606A290089B27143425C6946DD
:10363000A07802F05FF8606A290089B271430844FB
:10364000807801283BD1606A290089B2714308441F
:10365000008A0390606A290089B271430844007BA4
:103660000090606A290089B271430844407B019050
:10367000606A290089B271430844807B0290606AC5
:10368000290089B271430844807C0490606A290053
:1036900089B27143084442786946A07802F094F8F0
:1036A000606A290089B271430844827D606A2900FA
:1036B00089B271430844417DA07802F0F5F8606A50
:1036C000ADB275432844017DA07802F04DF906B0F3
:1036D00070BD38B50023DFF8BC344478E4012344DE
:1036E0001400E4B233F8144023004FF6FF759BB288
:1036F000AB4217D0182523009BB26B430B441B79B8
:10370000002B0FD1A4B26C432144097C032909D1B9
:10371000DFF884144078C0010844D2B230F81200B7
:1037200000F0F2FA31BD30B585B004000020002071
:103730000020DFF860046378DB0118441300DBB27B
:1037400030F8133018004FF6FF7580B2A84253D0FE
:103750001825180080B268430844007900284BD12E
:103760009BB26B4301EB0305287C002815D1DFF8E1
:103770002C04617850F821106A7C0C2042438A584E
:103780000095230001A903A8FFF7C4FD2B790022AF
:10379000697CA07801F0F2FB2EE0287C01282BD177
:1037A0001000C0B207280BD10123082200215020AD
:1037B000FCF7E2F9A06900281ED0A06980471BE051
:1037C000D2B2062A05D16069002815D06069804709
:1037D00012E0DFF8C803617850F821106A7C0C20F1
:1037E00042438A580095230001A903A8FFF792FDE0
:1037F0000021A07801F0FEFB05B030BD70B50400DB
:1038000001200020002000200020208CDFF8801301
:10381000627821F81200A06A0268DFF880036178FC
:1038200050F82110A07801F089FA0121DFF8702307
:103830006378D154C0B2002823D1A07802F01DF9DA
:103840001825606A218C69430844807800280CD0D0
:10385000606A218C69430844827D606A218C6943D7
:103860000844417DA07802F01FF8606A218C05FBB6
:1038700001F52844017DA07802F076F8200000F0E0
:1038800091F900200BE0DFF80C136278D2011144AB
:103890000200D2B24FF6FF7321F81230401C010033
:1038A000C9B24029EFDB002014E012E0DFF8E42287
:1038B0006378DB0113444D7C0E8823F81560637830
:1038C000DB0113440D889D816378DB011A4409886C
:1038D000D181401C010094F82C20C9B2914229D218
:1038E000216B0200D2B251F822100A7C002A17D0B4
:1038F000012ADBD0032AD8D100220BE0DFF8943272
:103900006578ED012B444D7C55FA82F50E8823F83D
:103910001560521C13008D79DBB2AB42EED3D8E7B1
:10392000DFF870226378DB011A444B7C098822F8A7
:103930001310CEE7A07801F072FEC0B270BD80B562
:10394000807801F024FE01BD10B5040000209448E9
:103950006178405C01280AD1607A002804D10122F4
:103960000421A07802F0BDF8A07802F049F8A07810
:1039700001F038FEC0B210BD38B5040000200020B0
:10398000A06A02688548617850F82110A07801F09B
:10399000D5F90100C9B2002934D1A07802F06DF840
:1039A0002000FFF713FE200000F0FCF8002505E0E2
:1039B00003E00021A07801F01DFB6D1C280094F8A5
:1039C0002C10C0B2884215D2206B2900C9B250F821
:1039D000211008790028F0D1087C002803D00228A3
:1039E000E7D0E6D3E4E70B790022497CA07801F028
:1039F000C5FAE2E72000FFF7A7FF002801D1002069
:103A000000E00120C0B232BDF8B504000020002063
:103A1000A07801F013FD002836D161486178405C40
:103A200001280AD1A07802F028F8607A002804D191
:103A300000220421A07802F054F8002504E0717CF3
:103A4000A07802F0CEF86D1C280094F82C10C0B2BB
:103A5000884215D2206B2900C9B250F82160307C11
:103A60000328ECD10027717C7918C9B2A07802F044
:103A7000B8F87F1C3800B179C0B28842F3D3E2E7CE
:103A8000A07801F0CCFD00E00120C0B2F2BDF0B59D
:103A900085B004000D0016000120002700218DF8DC
:103AA00004100021029100218DF80D1000218DF8E5
:103AB0000C1000218DF80E1000218DF80F10002140
:103AC0008DF81010297C03294FD13068C00F8DF874
:103AD0000400B079297A884202D3287A029001E062
:103AE000B0790290687A8DF80D003068800F10F080
:103AF00001008DF80C00616A2548627830F81220C8
:103B00001820424301EB020040788DF80E0000209F
:103B10008DF80F0028798DF81000697C7918C9B2EA
:103B2000A07801F0E9FA0100C9B2002913D11A48BE
:103B30006178C9010844697C51FA87F1B28820F89C
:103B40001120B0680090336801AA697C7918C9B265
:103B5000A07801F069F97F1C3900AA79C9B29142B5
:103B600003D20100C9B20229D7D00100C9B200298D
:103B700004D00100C9B2022900D001200100C9B25D
:103B8000022901D10220FFE7C0B205B0F0BD00005C
:103B90005E2C4020DC2840205C284020DC8B4B0041
:103BA000652C40207FB5040000200121A07801F0A1
:103BB00053FD00252BE000208DF8000012E0206B63
:103BC0002900C9B250F82160307C002817D10020AC
:103BD0008DF8080000200190F0780028EBD001203B
:103BE0008DF80000F06803686A46717CA07801F0E7
:103BF00066F9F0684268717CA07801F028FC307C9E
:103C0000012803D131002000FFF7D7FB6D1C2800ED
:103C100094F82C10C0B28842D1D37FBD70B5040097
:103C20000D000026697C7118C9B2A07801F0D9FF97
:103C3000761C3000A979C0B28842F3D370BD80B53C
:103C4000DBB2002B08D0012B0BD0032B0ED1D2B24C
:103C50000969FFF73EFD09E0D2B20969FFF763FD8C
:103C600004E0D2B20969FFF75EFDFFE701BDFEE7A0
:103C700052485349086070473EB5020001200023B6
:103C80000023002300234E4C2368002B3AD013005E
:103C900025686D789BB2ADB2AB4233D22068C36861
:103CA0001400A4B2142044431C44207B454B5B68A1
:103CB000C0B203EBC003608965680095247A002CCC
:103CC00004D0012C07D0032C0AD00EE0009C54F045
:103CD0000044009409E0009C54F04044009404E047
:103CE000009C54F080440094FFE74C688DF8064037
:103CF00009680291ADF80420694680B25A6852689A
:103D000012689047C0B23EBD80B500212C4A1168B0
:103D1000002914D0010013685B7889B29BB29942E4
:103D20000DD21168CA6880B2142148430244106958
:103D3000002804D01088002180B21269904701BD8C
:103D40007CB50022002200221D4B1A68002A34D0C4
:103D50001C4A84791578AC422FD2848855688679BC
:103D600005EBC6056D686D88AC4226D25268847931
:103D700002EBC402526812781B685B68D2B253F837
:103D800022201268808852F82020002A15D09068DE
:103D9000002812D010889378012B06D193884C68A4
:103DA000A34202D29388019301E04B680193096812
:103DB0000091694680B29268904773BDCC634B0016
:103DC0005C29402094624B0081647047D0F8003C2D
:103DD00033F41F43C9B2002907D053F40043D2B2D1
:103DE000120212F4F8521A431300C0F8003C704754
:103DF00010B4D0F8FC4BDFF8A43A1C40C9B200293B
:103E000007D054F00044D2B2120412F4FE0222434E
:103E10001400C0F8FC4B10BC70470068C00F90F055
:103E20000100C0B27047416B51F000514163002165
:103E3000C0F8E01A0021C0F8E01AD0F8E01A51F4F6
:103E40008071C0F8E01A416B31F000514163704756
:103E50000368C9B2002901D0012100E0002161F30B
:103E6000CB230360D0F8001CD2B2002A01D001227B
:103E700000E0002221F0004151EAC271C0F8001CAC
:103E8000D0F8001C31F41F41C0F8001C7047806856
:103E90007047012311F01F029340202901D20363D0
:103EA00002E0402900D2C3627047020000202029AE
:103EB00009D2136B012011F01F029040184011F03D
:103EC0001F01C8400AE0402908D2D36A012011F03E
:103ED0001F029040184011F01F01C840C0B2704747
:103EE00038B505000C00002C01D0012000E00020B6
:103EF000C0B2FAF79FFED5F8041CDFF8A409014010
:103F0000C5F8041CD5F8040C2168890211F4F841A5
:103F10000843217A11F0070108436168490111F053
:103F2000E0010843E168DFF8842A12EA01521043F5
:103F30002169090411F4E0210843C5F8040C31BDDE
:103F400038B505000C00002C01D0012000E0002055
:103F5000C0B2FAF76FFE69684FF6F8700140696009
:103F60006868217811F007010843A168090411F479
:103F7000E02108436168C90411F460110843E16855
:103F800050EA01602169890511F440010843686025
:103F900031BD38B505000C00002C01D0012000E037
:103FA0000020C0B2FAF746FE286D10F000402865E8
:103FB000286D2168890211F47C410843217A11F0AF
:103FC0001F0108436168490111F478710843E168F1
:103FD000DFF8A42A12EA415210432169090411F4BE
:103FE000F8110843286531BD38B505000C00002CD8
:103FF00001D0012000E00020C0B2FAF71BFED5F886
:10400000F41BDFF8B80A0140C5F8F41BD5F8F41B1F
:10401000626820688218521C02F0FF021143A068F7
:10402000000310F4FE2001432069800510F0FE50CB
:104030000143C5F8F41BD5F8F00B800A8002C5F8DF
:10404000F00BD5F8F00BE1688905890D0843C5F838
:10405000F00B31BD38B505000C00002C01D001205B
:1040600000E00020C0B2FAF7E5FDD5F8F81BDFF854
:10407000500A0140C5F8F81BD5F8F81B62682068A3
:10408000821812F01F021143A068000310F4704060
:1040900001432069800510F070700143C5F8F81BDA
:1040A000D5F8F00B6FF31940C5F8F00BD5F8F00B0D
:1040B000E168DFF8102A12EA01421043C5F8F00B5C
:1040C00031BD006DC00FC0B27047406B400B10F0A7
:1040D00001007047426BC9B2002901D0012100E004
:1040E000002161F34D3242637047026DC9B200296D
:1040F00001D0012100E0002122F0004252EAC17209
:10410000026570470268C9B2002901D0002100E0B1
:10411000012161F35142026070470068C00A10F04B
:10412000010070474068C00810F001007047C0B23D
:104130004000C01D704702000020202908D2906A6C
:10414000126B104011F01F01C84010F0010009E08F
:10415000402907D2506AD26A104011F01F01C840AE
:1041600010F00100C0B2704700EB8100C0F8802859
:1041700070470068000E10F001007047426B61F359
:10418000D74242637047C9B2002904D1016831F4B3
:104190008031016003E0016851F4803101607047B3
:1041A000D0F80C0CC00FC0B27047C9B2012904D1BD
:1041B0005FF07041C0F8101C02E00021C0F8101C34
:1041C0007047D0F8140C012311F01F0293401840DF
:1041D00011F01F01C840C0B27047012212FA01F16C
:1041E000C0F8141C7047D0F8100C012311F01F0206
:1041F0009340184011F01F01C840C0B2704710B57D
:104200000400200002F0A2FD012809D15FF07840EF
:10421000C4F8140C0020C4F8100C0020C4F80C0CD6
:104220000020C4F8040CDFF8080BC4F8000C5FF0A1
:104230000D10C4F8FC0A0020C4F8EC0A0020C4F8F1
:10424000E80A0020C4F8E40A606B50F00050606394
:10425000D4F8E00A20F00040C4F8E00ADFF8D40AFD
:10426000C4F8E00AD4F8E00A50F00040C4F8E00ACC
:10427000606B30F000506063200001F01EFE2128CA
:1042800004D35FF0FF30E062002060625FF0FF3037
:1042900020630020A062002020655FF4801060632E
:1042A000DFF8940A20620020E0610020A060002076
:1042B00060600020C4F8F00B0020C4F8F40B00206C
:1042C000C4F8F80B0020C4F8FC0BDFF8580B206092
:1042D00010BD38B504000D0000206979002903D015
:1042E0002979200001F04BFF0100C9B2002908D153
:1042F000297D002905D02B69EA68A968200002F011
:104300003BFDC0B232BD70B504000E000020707DD0
:10431000022803D000212000FFF7F4FE3100200026
:10432000FFF7D7FF05002800C0B2002806D0200004
:1043300001F0D5FD200001F05AFE13E016F11C013A
:10434000200001F049FF3168200002F045FA050025
:104350002800C0B2002805D0200001F0C0FD2000D8
:1043600001F045FE2800C0B270BDF8B506000C0093
:10437000170000252000FFF750FD00280BD020007B
:1043800001F0ADFD05002800C0B2002803D12000D7
:1043900001F02DFE05002800C0B2002828D12068B9
:1043A00020F000402060200001F08DFE0500280074
:1043B000C0B2002806D0200001F091FD200001F0DD
:1043C00016FE15E02000FFF72EFD97F82020B97F9C
:1043D0002000FFF73DFDB969200002F01BFD300011
:1043E000C0B202F06BFD39002000FFF78CFF050022
:1043F0002800C0B2F2BD38B504000D00A97F20002E
:10440000FFF773FEE87F002811D0606B50F4005076
:10441000606315F124012000FFF7E6FDA87F002866
:104420001CD015F138012000FFF714FE16E0606B78
:1044300030F400506063A87F00280AD015F12401F1
:104440002000FFF7A6FD15F138012000FFF748FD19
:1044500004E015F124012000FFF772FD31BD38B5ED
:10446000DFF8141B0200D2B251F82240DFF87C1BA7
:104470000200D2B251F82250C0B2032801D201206A
:1044800000E00020C0B2FAF7D5FB200002F05EFC8D
:10449000C0B2FAF7CFFB95F80503002806D101203A
:1044A00085F8050300212000FFF77FFE0020C5F8F6
:1044B0000003002085F8040331BDF8B50C00DFF8D7
:1044C000B81A0200D2B251F82250DFF8201B0200C5
:1044D000D2B251F822700026C0B2032801D20120C6
:1044E00000E00020C0B2FAF7A5FB97F8040301280A
:1044F00001D102261AE0012087F80403C7F800431F
:1045000097F81C0300280AD1002087F8050397F8C4
:104510002403012803D101212800FFF746FE97F864
:104520001C03012802D1012087F805033000C0B226
:10453000F2BD2DE9F8430C0015001E000027DFF83E
:10454000381A0200D2B251F82290DFF80C1B020098
:10455000D2B251F82280C0B2032801D2012000E07B
:104560000020C0B2FAF766FBD8F8203398F81D2374
:104570002100C9B2484602F0CAFB012801D1042734
:1045800019E00C212000C0B24843404400790028C3
:1045900001D002270FE02000C0B24843404401226E
:1045A00002712000C0B2484348F80050E4B24C43C6
:1045B00008EB040046713800C0B2BDE8F2832DE973
:1045C000F84785B089461E000025DFF8201A030051
:1045D000DBB251F82380DFF8181A0300DBB251F880
:1045E00023700021C0B2032801D2012000E0002086
:1045F0001400C0B2FAF71EFB002C01D0012000E02D
:104600000020C0B2FAF716FB4946C9B2380001F0E3
:1046100037FE6168C0B2C9B2884201D3012000E010
:104620000020C0B2FAF706FBD8F8203398F81D2313
:104630004946C9B2380002F06AFB012801D10425BD
:1046400051E05FF00C0A4846C0B20AFB00F040445B
:104650000079002801D0022545E04946C9B238005A
:10466000FFF717FC4846C0B20AFB00F040440221A5
:1046700001714846C0B20AFB00F04044002181604D
:104680004846C0B20AFB00F04044217B41714846D5
:10469000C0B20AFB00FA08EB0A00E17A8171606897
:1046A000039020788DF80800207A8DF81000607A49
:1046B0008DF81100A07A8DF81200E07A002802D05F
:1046C0001C20019001E00C2001900E9C5FFA89F9FA
:1046D0004946380001F0B6FB00210091230032006A
:1046E00001A901F0ACFF2800C0B206B0BDE8F08718
:1046F0002DE9FC4105008846002000200024280008
:10470000C0B2032801D2012000E00020C0B2FAF7B5
:1047100091FADFF864082900C9B250F82160DFF887
:1047200038092900C9B250F8217097F81D030028F4
:1047300001D1012432E03879012801D102242DE091
:104740000120387197F81C03012801D101207871EC
:10475000C7F8008097F81C0300281FD1002078714B
:1047600097F824030090012306222900C9B23000E3
:1047700001F0B2FD97F824030090012307222900DD
:10478000C9B2300001F0A8FD97F82403009001237E
:1047900005222900C9B2300001F09EFD2000C0B200
:1047A000BDE8F6812DE9F04395B004000D00DFF877
:1047B000C8072100C9B250F82160DFF89C08210029
:1047C000C9B250F8217000205FF00C0808FB05F01A
:1047D0003858002803D101A808FB05F178502900BA
:1047E000300001F074FD08FB05F03A582900300054
:1047F00001F0A5FE29003000FFF74BFB3000FFF76A
:1048000046FB002008FB05F13944087108FB05F060
:10481000384490F80590D7F80C03002807D03B00E7
:104820002A0000212000C0B2D7F80CC3E04708FBE3
:1048300005F038440079002816D108FB05F038440B
:104840004079002810D1012008FB05F807EB08018A
:10485000487197F82403009000232A002100C9B270
:10486000300001F039FD15E05FFA89F9B9F1000F68
:1048700010D108FB05F807EB08004079012809D1A1
:1048800097F82403009000232A002100C9B23000C9
:1048900001F022FD15B0BDE8F0830000FFFF807F2E
:1048A000188308C02DE9F84195B004000D00DFF829
:1048B00040072100C9B250F82160DFF8300721001D
:1048C000C9B250F8217000200190002014905FF0D0
:1048D0000C0808FB05F03844807900281AD029001C
:1048E000300001F0F4FC01AA2900300001F027FE9D
:1048F0003000FFF7CCFA149808FB05F139448860C2
:104900000198C0F30360042813D129003000FFF799
:10491000C0FA0EE02900300001F00AFE08FB05F1A4
:10492000394488603000FFF7B2FA29003000FFF701
:10493000B0FA002008FB05F139440871D7F80C03E0
:10494000002807D03B002A0004212000C0B2D7F87D
:104950000CC3E04708FB05F038440079002810D16B
:10496000012008FB05F807EB0801487197F82403BC
:10497000009000232A002100C9B2300001F0ACFCF5
:1049800010E008FB05F807EB08004079012809D181
:1049900097F82403009000232A002100C9B23000B8
:1049A00001F09AFC16B0BDE8F08100000000F03F75
:1049B000F8B594B004000E00DFF8BC052100C9B2C0
:1049C00050F82170DFF824062100C9B250F82150B8
:1049D0002868002801D168462860052E04D048D3F5
:1049E000072E35D023D344E0287901281ED1296829
:1049F000380002F0CBF831003800FFF74AFA002007
:104A00002871D5F80C03002807D02B0000220121C3
:104A10002000C0B2D5F80C63B0472879002805D132
:104A2000012068712000C0B200F09FFB21E031003E
:104A30003800FFF72EFAD5F80C03002807D02B001A
:104A4000002202212000C0B2D5F80C43A04710E09C
:104A500031003800FFF71DFAD5F80C03002807D005
:104A60002B00002203212000C0B2D5F80C43A04740
:104A7000FFE715B0F0BD00000000E07F70B5040056
:104A8000DFF8F4042100C9B250F8215000201F269D
:104A900011E031002800FFF794FB00280AD0310014
:104AA0002800FFF7A0FB002804D031002000C0B28E
:104AB00000F00AF8761E1C2EEBD270BD000F38E015
:104AC000E00F3FFC0000FF03F8B594B004000E00B7
:104AD000DFF8A4042100C9B250F82170DFF80C05FA
:104AE0002100C9B250F821501C2E06D06CD31E2EC6
:104AF00048D036D31F2E56D066E095F8040301281F
:104B00002ED1D5F80003002802D16846C5F800036D
:104B1000D5F80013380002F08BF831003800FFF7A9
:104B20005CFB1D213800FFF758FB1E213800FFF702
:104B300054FB002085F80403D5F80C03002807D0A7
:104B40002B00FF2205212000C0B2D5F80C63B0472E
:104B500095F80403002803D12000C0B2FFF77FFCC2
:104B600032E031003800FFF738FBD5F80C0300289D
:104B700007D02B00FF2206212000C0B2D5F80C433D
:104B8000A04721E031003800FFF727FBD5F80C03E0
:104B9000002807D02B00FF2207212000C0B2D5F843
:104BA0000C43A04710E031003800FFF716FBD5F8A2
:104BB0000C03002807D02B00FF2208212000C0B2E0
:104BC000D5F80C43A047FFE715B0F0BD2DE9FC4731
:104BD0000C00DFF81C140200D2B251F82250DFF8AA
:104BE0007814C0B251F820600027002000905FF0D8
:104BF00000080020002000202100C9B2280001F098
:104C000021F98146D9F8000030F0706050F0106052
:104C1000C9F800000121DFF82008FCF78BFE82466E
:104C20000120FCF765FE00902100C9B22800FFF7C3
:104C30003CF9002808D101216846FCF769FE10EB19
:104C40000808D045F0D303273800C0B203280BD0A2
:104C5000D9F80000C0F30361082900D10527C0F38B
:104C60000360092800D100272100C9B22800FFF7FE
:104C700010F90021E4B20C20444306EB040001715A
:104C80003800C0B2BDE8F687F8B506000C00D84879
:104C90003100C9B250F82150DFF8BC033100C9B26D
:104CA00050F8217000200020002000200021220068
:104CB000D2B20C20424307EB0200017197F81D03AA
:104CC000012823D1686B000E10F00F00C0B2FFF76F
:104CD0002EFA2100C9B288420BD22100C9B22800A5
:104CE00001F0B0F8016831F07061016051F080614D
:104CF00001602000C0B2002814D197F824330522A7
:104D00003100C9B2280001F06BFB0BE02100C9B2F1
:104D1000280001F097F8016831F07061016051F0EE
:104D200080610160E4B221002800FFF7B2F8F1BD14
:104D30000041008080000C0006B003002DE9F04126
:104D400005000E0014000020A9482900C9B250F83F
:104D500021702800C0B2032801D2012000E0002009
:104D6000C0B2F9F767FF002C01D0012000E000205D
:104D7000C0B2F9F75FFF220039002800C0B2FFF788
:104D8000F4FA80464046C0B2002847D121003800DE
:104D9000FFF731FB617D380001F07FFD002014E05A
:104DA0000C21012201FB00F333445A71002201FB64
:104DB00000F3F250002201FB00F333441A71002289
:104DC00001FB00F131448A60401C4028E8D30120F7
:104DD00086F80503002086F8040394F84C0086F852
:104DE0001C03206DC6F80C030020C6F81003606D8C
:104DF000C6F814030020C6F81803607986F81D036E
:104E0000207D86F81E032068C6F82003012086F85E
:104E10002403DFF84402EDB240F825604046C0B2FA
:104E2000BDE8F0810F0090D82DE9FC4705000E0089
:104E300014009A4601276E482900C9B250F8218013
:104E4000DFF814022900C9B250F821902800C0B23E
:104E5000032801D2012000E00020C0B2F9F7EAFEE9
:104E6000002C01D0012000E00020C0B2F9F7E2FEE2
:104E70004046FFF757F900281DD10A980090534685
:104E800022003100C9B22800C0B2FFF798FB07002A
:104E90003800C0B200280ED1207B00280BD199F831
:104EA000240300900123F6B232002900C9B2404623
:104EB00001F012FA07003800C0B2BDE8F6872DE90C
:104EC000F84384B00D0014001E000027484902007A
:104ED000D2B251F8228060490200D2B251F8229039
:104EE000C0B2032801D2012000E00020C0B2F9F7CF
:104EF000A1FE002C01D0012000E00020C0B2F9F793
:104F000099FED9F8203399F81D232900C9B24046EB
:104F100001F0FDFE012801D1042727E02900C9B2D4
:104F20004046FEF7B6FF6068029020788DF80400D6
:104F3000207A8DF80C000F20009033006A4629007B
:104F4000C9B2404601F0ACFA0020009033006A4636
:104F50002900C9B2404601F0A3FA042000903300B2
:104F60006A46EDB22900404601F09AFA3800C0B214
:104F700005B0BDE8F0830000989F4B002DE9F84391
:104F800004000D0017001E0019482100C9B250F896
:104F9000218031482100C9B250F821902000C0B2D0
:104FA000032801D2012000E00020C0B2F9F742FE40
:104FB0003300DBB23A002900C9B22000C0B2FFF7CB
:104FC000B8FA0100C9B200290DD1F6B2002E0AD1FB
:104FD00099F8240300900123EDB22A002100C9B200
:104FE000404601F079F9C0B2BDE8F283BC2A402006
:104FF000989F4B0070B504000D0000202000C0B247
:10500000032801D2012000E00020C0B2F9F712FE0F
:10501000DFF8CC052100C9B250F82160300001F062
:1050200095FE012810D13000FFF7BAF8012805D10C
:1050300029002000C0B2FFF740FA0AE02900200052
:10504000C0B2FFF755FB04E029002000C0B2FFF713
:105050004FFBC0B270BD0000BC2A40202DE9F041DA
:1050600007000C0015003800C0B2032801D201204F
:1050700000E00020C0B2F9F7DDFD00260020DFF8D7
:105080006005FFB250F827703800FEF7C6FE002812
:1050900002D15FF0010801E05FF000084046C0B2B5
:1050A000002803D0380000F04EFF06003800FFF75C
:1050B00060F8C0B2002804D13000C0B2002800D18E
:1050C00001263000C0B2002805D12A002100C9B253
:1050D000380001F005FC5FFA88F8B8F1000F07D03E
:1050E000380000F084FF0100C9B2002900D006009A
:1050F0003000C0B2BDE8F08138B50C00DFF8EC1527
:105100000200D2B251F822500121C0B2032801D2CC
:10511000012000E00020C0B2F9F78CFD2000C0B2F1
:10512000402803DB2000C0B2FF2801D1012000E0AD
:105130000020C0B2F9F77EFD2000C0B240280BDA93
:10514000E4B20C20444305EB04000079002801D1AF
:10515000002008E0022006E095F80403002801D1B1
:10516000002000E00220C0B232BD7CB50400DFF8B0
:1051700070042100C9B250F82150DFF870052100F9
:10518000C9B250F821602000C0B2032801D201202A
:1051900000E00020C0B2F9F74DFD96F81C0300288E
:1051A0001DD196F824030090002305222100C9B2E6
:1051B000280001F091F896F82403009000230622BD
:1051C0002100C9B2280001F087F896F82403009066
:1051D000002307222100C9B2280001F07DF8002039
:1051E00030600020307173BD2DE9F047060089461C
:1051F00092461D0000200020DFF8E4033100C9B210
:1052000050F82170DFF8E4043100C9B250F82140B1
:10521000D0463000C0B2032801D2012000E00020B7
:10522000C0B2F9F707FDBAF1400F01D2012000E04A
:105230000020C0B2F9F7FEFC002C5BD041463800DC
:10524000FEF779FF05E0B8F1010841463800FEF7A6
:1052500072FF002801D1C145F5D3002839D0C146DD
:1052600094F81D0301280AD1B8F1080F07D241466E
:105270003000C0B2FFF79CFB5FF000090BE00C2090
:1052800000FB09F020440079012804D14146300098
:10529000C0B2FFF787FA5FF00C0A0AFB09F020445E
:1052A0000079022804D141463000C0B2FFF7FAFA73
:1052B00041463800FEF73FFF00280AD00AFB09F9F3
:1052C00004EB09000079002803D141463800FEF7BD
:1052D000E0FDEDB2012D29D13800FEF761FF012874
:1052E00024D194F81C03002820D13000C0B2FFF76D
:1052F000C5FB1BE005E049463800FEF7CAFD19F181
:105300000109CA45F7D2EDB2012D0FD11C21380099
:10531000FEF763FF1D213800FEF75FFF1E213800F6
:10532000FEF75BFF1F213800FEF757FFBDE8F0874F
:10533000F8B50500DFF8A8022900C9B250F82160CD
:10534000DFF8A8032900C9B250F821400020280046
:10535000C0B2032801D2012000E00020C0B2F9F75A
:1053600069FC002C62D0326A900710D57068400446
:105370000DD502203062D4F81403002807D0230092
:1053800009212800C0B2D4F81473B847326AD00299
:1053900011D5706B00280ED55FF480103062D4F800
:1053A0001403002807D023000A212800C0B2D4F833
:1053B0001473B847326A900311D5706800050ED592
:1053C0005FF400303062D4F81403002807D02300C3
:1053D0000D212800C0B2D4F81473B847326AD00344
:1053E00011D5706840050ED55FF480303062D4F876
:1053F0001403002807D023000C212800C0B2D4F8E1
:105400001473B847326A500713D57068000410D57A
:1054100004203062D4F8140300280AD023000B21A2
:105420002800C0B2D4F81443A04702E0DFF8CC054E
:105430003062F1BD0000000040420F0080B5DFF88F
:10544000B012C0B251F8200000F049FD02BD2DE9B4
:10545000F0410D00160000240021DFF89412020034
:10546000D2B251F822700021C0B2032801D201202B
:1054700000E00020C0B2F9F7DDFB386810F07F00D3
:105480002900C9B2884203D32800C0B2402801D302
:10549000042433E03800FEF7C0FC002802D15FF09E
:1054A000010801E05FF000084046C0B2002803D0C8
:1054B000380000F048FD04003800FEF75AFEC0B284
:1054C000002804D12000C0B2002800D1012420000F
:1054D000C0B2002805D13200EDB229003800FEF735
:1054E00043FE5FFA88F8B8F1000F07D0380000F0EB
:1054F0007EFD0100C9B2002900D004002000C0B226
:10550000BDE8F081F8B506000C003000C0B20328F9
:1055100001D2012000E00020C0B2F9F78BFB00258A
:105520000020DFF8CC01F6B250F826603000FEF71C
:1055300074FC002801D1012700E000273800C0B228
:10554000002803D0300000F0FEFC05003000FEF71C
:1055500010FEC0B2002804D12800C0B2002800D13B
:1055600001252800C0B2002803D121003000FEF739
:105570002BFCFFB2002F07D0300000F038FD0100F7
:10558000C9B2002900D005002800C0B2F2BD70B534
:10559000040013482100C9B250F821502000C0B2C5
:1055A000032801D2012000E00020C0B2F9F742FB3D
:1055B000280000F094FC06003000C0B200280BD197
:1055C0002800FEF71CFE280000F011FD0020DFF887
:1055D0009413E4B241F824003000C0B270BD000062
:1055E000989F4B0010B504002000C0B2032801D2E0
:1055F000012000E00020C0B2F9F71CFBDFF8AC0688
:10560000E4B250F8244001F06FFD206820F0004023
:10561000206001F083FD200000F0BDFC10BD10B53E
:1056200004002000C0B2032801D2012000E00020C5
:10563000C0B2F9F7FFFADFF87406E4B250F824407C
:10564000200000F04CFC0100C9B2002902D120006A
:1056500000F0CDFCC0B210BDF8B506000C00300063
:10566000C0B2032801D2012000E00020C0B2F9F747
:10567000E1FA00250020DFF83406F6B250F8266083
:105680003000FEF7CAFB002801D1012700E0002707
:105690003800C0B2002803D0300000F054FC0500F0
:1056A0003000FEF766FDC0B2002804D12800C0B269
:1056B000002800D101252800C0B2002808D101F03F
:1056C00043FD2100C9B23000FEF75DFD01F056FD3B
:1056D000FFB2002F07D0300000F089FC0100C9B2F2
:1056E000002900D005002800C0B2F2BDBC2A40202D
:1056F000989F4B002DE9F04107000C001500380081
:10570000C0B2032801D2012000E00020C0B2F9F7A6
:1057100091FA002C01D0012000E00020C0B2F9F77E
:1057200089FA00260020DFF88405FFB250F82770C0
:10573000D7F800805FEAD8784046C0B2002803D08E
:10574000380000F000FC06003868000E10F0010080
:10575000C0B2002804D13000C0B2002800D1012618
:105760003000C0B200281ED101F07AFD2900C9B274
:105770003800FEF7AFFCEDB2012D04D12100380056
:10578000FEF732FC0DE03800FEF79BFC012804D147
:1057900021003800FEF7FDFB03E021003800FEF792
:1057A000CFFB01F075FD5FFA88F8B8F1000F07D064
:1057B000380000F01CFC0100C9B2002900D006002E
:1057C0003000C0B2BDE8F0812DE9F04707001500B8
:1057D0003800C0B2032801D2012000E000200C00F4
:1057E000C0B2F9F727FA002C01D0012000E0002018
:1057F000C0B2F9F71FFA00260020DFF8B004FFB2AC
:1058000050F827703800FEF788FC8046D7F80090E3
:105810005FEAD9794846C0B2002803D0380000F0CA
:1058200092FB06003868000E10F001004146C9B234
:10583000002906D0C0B2002804D13000C0B2002830
:1058400000D101263000C0B200281CD13800FEF77C
:105850003CFC824601F030FD2A00D2B24146C9B27A
:105860003800FEF7F5FA5FFA8AFABAF1010F04D1AF
:1058700021003800FEF7EEFB03E021003800FEF7C0
:105880002FFB01F031FD5FFA89F9B9F1000F07D064
:10589000380000F0ACFB0100C9B2002900D00600BE
:1058A0003000C0B2BDE8F0872DE9F04107000C00E0
:1058B00015003800C0B2032801D2012000E000200A
:1058C000C0B2F9F7B7F900260020DFF8E003FFB215
:1058D00050F827703800FEF7A0FA002802D15FF0D8
:1058E000010801E05FF000084046C0B2002803D084
:1058F000380000F028FB06003800FEF73AFCC0B282
:10590000002804D13000C0B2002800D101263000A8
:10591000C0B2002815D101F0FBFC786B800407D5DC
:105920002A00D2B22100C9B23800FEF761FA06E0BF
:105930002A00D2B22100C9B23800FEF747FA01F0BE
:10594000FFFC5FFA88F8B8F1000F07D0380000F0CC
:105950004EFB0100C9B2002900D006003000C0B2E1
:10596000BDE8F081BC2A4020F8B506000C003000EC
:10597000C0B2032801D2012000E00020C0B2F9F734
:1059800059F900250020DFF82403F6B250F826600C
:105990003000FEF742FA002801D1012700E000277D
:1059A0003800C0B2002803D0300000F0CCFA050067
:1059B0003000FEF7DEFBC0B2002804D12800C0B2E0
:1059C000002800D101252800C0B2002808D101F02C
:1059D000CBFC2100C9B23000FEF7D0FB01F0DCFCAB
:1059E000FFB2002F07D0300000F001FB0100C9B268
:1059F000002900D005002800C0B2F2BD06003B001F
:105A0000F8B50400DFF8A4022100C9B250F8215013
:105A10000126DFF89C022100C9B250F82170200055
:105A2000C0B2032801D2012000E00020C0B2F9F783
:105A300001F92800FEF7F1F901281AD12100C9B2B5
:105A4000280000F018FD97F8050300280DD1280064
:105A500001F07CF9012808D12800FEF7A1FB0128FC
:105A600003D101212800FEF7A0FB012087F82403C1
:105A700000263000C0B2F2BD000070B5DFF82C1275
:105A80000200D2B251F822400125DFF824120200B0
:105A9000D2B251F82260C0B2032801D2012000E046
:105AA0000020C0B2F9F7C6F82000FEF7B6F90128C9
:105AB00014D1200000F0D3FC200001F047F90128A8
:105AC00008D12000FEF76CFB012803D10021200043
:105AD000FEF76BFB002086F8240300252800C0B2E7
:105AE00070BD2DE9F04107000C0015003800C0B270
:105AF000032801D2012000E00020C0B2F9F79AF893
:105B000000260020DFF8A401FFB250F8277038000B
:105B1000FEF783F9002802D15FF0010801E05FF091
:105B200000084046C0B2002803D0380000F00BFA4D
:105B300006003000C0B2002842D1E4B2002C1ED0D2
:105B4000022C0CD02AD3042C01D010D335E02A002B
:105B5000D2B24FF40041380000F075FA30E02A006C
:105B6000D2B24FF48041380000F06DFA28E02A00EC
:105B7000D2B244F20101380000F065FA20E03800AA
:105B8000FEF7F7FA012801D0012606E02A00D2B27A
:105B90004FF48061380000F056FA11E03800FEF74B
:105BA000E8FA012801D0012606E02A00D2B24FF41B
:105BB0000061380000F047FA02E00020F9F73AF8F7
:105BC0005FFA88F8B8F1000F07D0380000F00FFA3C
:105BD0000100C9B2002900D006003000C0B2BDE803
:105BE000F0812DE9F84305000E002800C0B203281B
:105BF00001D2012000E00020C0B2F9F71BF830000C
:105C0000C0B2402803DB3000C0B2FF2801D1012020
:105C100000E00020C0B2F9F70DF824482900C9B20D
:105C200050F8214022482900C9B250F821705FF095
:105C300000083000C0B2402833DA5FF00C093000B1
:105C4000C0B209FB00F038440079002802D15FF0AF
:105C5000050826E097F824333200D2B22900C9B2F1
:105C6000200000F0BDFB3000C0B209FB00F038445A
:105C70000079022806D13100C9B22800C0B2FEF76F
:105C8000A5FF80463000C0B209FB00F907EB090010
:105C90000079012805D13100C9B22800C0B2FEF751
:105CA000F3FF4046C0B2BDE8F2830000989F4B006E
:105CB000BC2A40200268C9B2002901D0002100E0BE
:105CC000012161F35142026070470068C00A10F080
:105CD00001007047426BC9B2002901D0012100E0E8
:105CE000002161F30C3242637047426BC9B2002954
:105CF00001D0012100E0002161F3104242637047AE
:105D0000426BC9B2002901D0012100E0002161F3FA
:105D10008E3242637047426BC9B2002901D0012123
:105D200000E0002161F35142426370474268C9B20A
:105D3000002901D0002100E0012161F386124260B8
:105D40007047426BC9B2002901D0002100E0012157
:105D500061F3CB22426370474268C9B2002901D087
:105D6000012100E0002161F3C71242607047010089
:105D7000FF200A00D2B2412A03D2DFF8580AC9B282
:105D8000405CC0B2704738B50400200000F095F8C0
:105D90000500AD00200000F090F814F18002002111
:105DA00003E0002342F82130491CA942F9D314F53D
:105DB0000862002103E0002342F82130491C81429F
:105DC000F9D3606B50F08050606314F180010020C3
:105DD00020610020A064002060610020A0610020FC
:105DE00003E0002241F82020401C0028F9D0606B1D
:105DF00030F08050606331BD010008200A00D2B24B
:105E0000092A01D208001BE0C9B209290AD017D318
:105E10000B290BD008D30D290CD009D30F290DD095
:105E20000AD30DE00C200BE0102009E0142007E05D
:105E3000182005E0202003E0302001E04020FFE7AB
:105E4000C0B270472DE9F0470600082700204FF444
:105E5000007800250C00002100210022002216F10C
:105E6000800900225FF0000A03E08035641A1AF10D
:105E7000010A5246D2B2022A0FDA5146C9B23000A4
:105E800000F0DDF938180100C9B2B8FBF1F12200C9
:105E90000B00D2B2DBB29A42E7D2E4B2C9B2B4FB91
:105EA000F1F201FB1241C0B2800800FB01F010FAD0
:105EB00085F009EB8000BDE8F0870100002000229A
:105EC0000AE0DFF8BC3C53F82230994203D1DFF8F6
:105ED000B40C50F82200521C032AF2D37047F8B5D4
:105EE00004000020009000250121DFF89C0CFBF746
:105EF00021FD0600002701F007F8206850F08040DF
:105F00002060206850F0805020602068C00F00287A
:105F100003D0206820F00040206001F00FF801203D
:105F2000FBF7E6FC00902068C0F30060002807D172
:105F300001216846FBF7ECFC4519B542F3D3032772
:105F40003800C0B2F2BDF8B5040000200090002572
:105F50000121DFF8340CFBF7EDFC0600002701F00F
:105F600003F8206820F00040206001F017F80120BD
:105F7000FBF7BEFC00902068C0F30060002807D14A
:105F800001216846FBF7C4FC4519B542F3D303274A
:105F90003800C0B2F2BDF8B5040000200090002522
:105FA0000121DFF8E40BFBF7C5FC0600002701F038
:105FB0000BF8206830F080502060206830F080407E
:105FC000206001F01BF80120FBF792FC0090206894
:105FD000C0F30060002807D001216846FBF798FC59
:105FE0004519B542F3D303273800C0B2F2BDF8B566
:105FF00004000020009000250121DFF88C0BFBF746
:1060000099FC060000272068C00F002818D101F075
:106010000BF8206850F00040206001F01FF80120CC
:10602000FBF766FC00902068C0F30050002807D101
:1060300001216846FBF76CFC4519B542F3D30327F1
:106040003800C0B2F2BDF8B504000E0017003500EC
:10605000ADB201F019F8FFB2002F1BD0300044F2AE
:10606000010180B2884204D1606B50F0004060634F
:1060700026E0300080B2B0F5806F03D0B6B2B6F53E
:10608000006F03D1206850F4001020606068054361
:10609000656015E044F20100B6B2864204D1606B3F
:1060A00020F0004060630BE0606830EA0505656041
:1060B000606810F4406F03D1206830F40010206055
:1060C00000F0FCFFF1BDF8B50400002000900026B0
:1060D0000121DFF8B40AFBF72DFC0700002520683A
:1060E00050F0007020600120FBF702FC0090206857
:1060F000C0F34060002807D001216846FBF708FC88
:106100008619BE42F3D303252800C0B2002833D13C
:10611000206850F4805020602000FFF734FE5FF0CC
:10612000FF3626616661A6610020A062266320001A
:10613000FFF7C3FE212802D300206062E662DFF889
:10614000300C2062002060605FF4801060630020EB
:1061500020650020C4F8F00B0020C4F8F40B0020E8
:10616000C4F8F80B0020C4F8FC0B0020C4F8040CA1
:10617000DFF8000CC4F8000C2800C0B2F2BD38B53E
:1061800004000D002000FFF798FE020000212068A7
:10619000C0F3C020002800D001210800C0B20028B0
:1061A00017D1206850F000502060606B65F31B60D1
:1061B00060635FF0FF30A064002006E07FF0604382
:1061C00004EB8005C5F88038401C13009BB2984250
:1061D000F4D30800C0B232BD38B504000D00200071
:1061E000FFF773FD002802D12878002801D1012093
:1061F00000E00020C0B2F8F727FD2000FFF765FDA2
:10620000002802D16878002801D1012000E0002098
:10621000C0B2F8F719FD2000FFF757FD00280DD098
:10622000D4F8000C30F44030297850EA014030F4C2
:10623000C010697850EAC140C4F8000C31BD0200BA
:106240000020C9B2002902D0012908D00FE008209F
:10625000D2F8001C090C11F0030188400EE0082060
:10626000D2F8001CC90C11F00301884006E0082098
:10627000D2F8001C090C11F003018840C0B270472D
:106280002DE9F84304000D0008264FF4007708209C
:106290005FF00008002100215FF0000901E019F122
:1062A00001094946C9B202290EDA4946C9B220009D
:1062B000FFF7C5FF3118C9B2B7FBF1F111EB0808C0
:1062C0004146C9B28D42EAD2C0B2BDE8F28380B580
:1062D000FFF7B8FD006801BD2DE9F04705000E008D
:1062E00017009846089C5FF000095FF0010A17F05C
:1062F0001F001AFA00FA202F32D24046C0B20028FE
:1063000019D001F05DF8DFF8080B3100C9B250F880
:1063100031105AEA01013200D2B240F832102100A5
:10632000C9B2012904D13100C9B250F83100A862C4
:1063300001F05EF814E001F043F8DFF8D40A310010
:10634000C9B250F8311031EA0A013200D2B240F835
:1063500032103100C9B250F83100A86201F048F89B
:10636000203F202F38D25FFA88F8B8F1000F1BD0F9
:1063700001F026F8DFF8980A3100C9B200EBC1013C
:1063800049685AEA010A3100C9B200EBC101C1F8FB
:1063900004A0E4B2012C04D1F6B200EBC6004068C0
:1063A000686201F025F817E001F00AF8DFF8600AEA
:1063B0003100C9B200EBC101496831EA0A0A310073
:1063C000C9B200EBC101C1F804A0F6B200EBC600EF
:1063D0004068686201F00CF84846C0B2BDE8F0873A
:1063E0002DE9F04104000D0090461E00012718F031
:1063F0001F008740B8F1200F14D200F0D5FEDFF85F
:10640000100AA16AB9432A00D2B240F83210310012
:10641000C9B2012904D12900C9B250F83100A062E3
:1064200000F0DCFEB8F12008B8F1200F15D200F022
:10643000BBFEDFF8DC09616A31EA07072900C9B24F
:1064400000EBC1014F60F6B2012E04D1EDB200EBBA
:10645000C5004068606200F0C1FEBDE8F08110B583
:1064600004002000FFF729FD0021A162212801D3AB
:106470000020606210BD38B504000D002000FFF759
:106480001CFDDFF88C192A00D2B251F83220A2622A
:10649000212804D3EDB201EBC5004068606231BD34
:1064A000F8B514001D00FFF7CDFC0600371D002CC9
:1064B00001D0012000E00020C0B2F8F7C5FB0020A9
:1064C0003060002038602079012810D1306850F405
:1064D00000103060306830F480003060386810F0B0
:1064E00060403860396825F06040014339602079A8
:1064F00000280ED1306830F4C000306038686FF387
:106500009C4038603868DFF8E01911EA854108439B
:10651000386020680F280AD0306830F07060306032
:1065200030682168090611F0706108433060F1BDE0
:1065300080B50022FFF786FC006880B202BD2DE91D
:10654000F84F05000E00140031002800FFF77AFC18
:10655000070017F1040817F10800009017F1080967
:1065600000203868000C10F00F00C0B2FFF744FCA8
:106570008246002C01D0012000E00020C0B2F8F7D4
:1065800063FB14F1080B31002800FFF779FE514638
:10659000C9B2884204D231002800FFF771FE82465A
:1065A00084F848A0386820602068800203D5D8F8B5
:1065B0000000606003E0D8F80000800C6060206894
:1065C00080B2E064002018E00100C9B231F003019C
:1065D00059F801100A00120A12F47F4252EA1162BD
:1065E0000B0213F47F031A4352EA01620100C9B29D
:1065F00031F003014BF80120001D0100C9B25246E1
:10660000D2B2920892009142DED301005246C9B242
:10661000D2B2914211D200990200D2B292089200F5
:10662000D21C0300DBB213F00303D21A895C020010
:10663000D2B222441172401CE7E7BDE8F18F2DE988
:10664000FE4F0C0090461D000027060016F10409BD
:1066500016F10800009016F108000190AB46002CDE
:1066600001D0012000E00020C0B2F8F7EDFA5FF0A1
:10667000006030600020C9F80000A068C0B2FFF7D9
:1066800076FB8246002D49D0002120E008008008DA
:106690005BF82020080080085BF82000000A10F456
:1066A0007F4050EA12600A0092085BF82220120232
:1066B00012F47F0210430A0092085BF8222050EA8D
:1066C0000260019A0B009B0842F82300091DA06894
:1066D000800880008142D9D3A06881420AD2009A02
:1066E0008B089B00DB1C11F003001B1A685CD05464
:1066F000491CF1E75046C0B2FFF77EFBA26809E0F3
:10670000009B9508AD00ED1C12F003016D1A617B32
:106710005955521C0100C9B28A42F1D3207901288F
:106720000ED1D9F8000010F06040C9F80000D9F887
:10673000001028F060400143C9F8001057F4C0076A
:106740002079002810D1D9F800006FF39C40C9F8D7
:106750000000D9F80000DFF8901711EA88410843DB
:10676000C9F8000037F4C00737F470275FFA8AFAD7
:106770005FEA0A4A1AF4702A5AEA070720680F28C3
:1067800025D020681C2802D157F4801705E00C980A
:10679000C0B2012801D157F4801737F07067207B11
:1067A000002809D02068000610F07060074357F0F9
:1067B000004737F4801704E02068000610F070608E
:1067C0000743A07B002801D057F080473760BDE821
:1067D000F78F000034524B002DE9F84305000C0000
:1067E00015F1800700200020002000205FF008083D
:1067F000611E2800FFF744FD81460020002000268E
:10680000002C01D0012000E00020C0B2F8F71CFAF3
:10681000611E2800FFF716FB50FA89F050FA88F83D
:106820002800FFF74AFB00013844404504D3280004
:10683000FFF743FBA04200D204263000C0B200287C
:1068400027D1601E296860F3060129602868C0F31B
:10685000407000281DD1002708E0002208F8012020
:10686000491C0200D2B29142F7D37F1CA74210D23A
:1068700039002800FFF7E6FA011D10F10808002290
:1068800002600020086039002800FFF7F9FC0021B1
:10689000E7E73000C0B2BDE8F28380B5C9B2002995
:1068A00003D002290FD009D319E0416831F0080163
:1068B0004160416831F48051416010E0416851F01D
:1068C000080141600BE0416851F48051416041682A
:1068D00031F0080141600121FFF7ECF9FFE701BD4C
:1068E0002DE9F84380468946140000270020002047
:1068F00018F1E006002C03D14846C0B2032801D1AC
:10690000012000E00020C0B2F8F79EF9D8F834006A
:10691000C0F303655FFA89F9B9F1000F09D0B9F145
:10692000020F00F09D8038D3B9F1030F00F01B81F6
:1069300024E100F069FCD8F8000030F44070C8F899
:10694000000000F079FC002122E004EBC100406867
:10695000DFF8983513EAC0439A1846F8212016E06C
:10696000002214F83100002801D05FF0004204EB4F
:10697000C10040780028E8D052F0804204EBC1000A
:106980004068400020F04040821846F82120491C11
:10699000681CB1EBC00FE3D3F0E000F035FC012040
:1069A000D8F8001060F30921C8F8001000F044FC8A
:1069B000002100222DE056F8220004EBC107FF68F9
:1069C00043F6F87C1CEAC70C1CEB0303034346F8B0
:1069D00022301CE004EBC1004068DFF810C51CEA5F
:1069E000C04C1CEB070746F8227004EBC100407A4C
:1069F0000028E0D053F4804356F8227004EBC10025
:106A0000C068C0F3CD30C3183B4346F82230891C20
:106A1000521C681CB2EBC00F21D20027002314F8CF
:106A20003100002801D05FF0004704EBC100007A7C
:106A3000002801D04FF4004304EBC1004078002847
:106A4000C8D057F0804704EBC1004068DFF8A0C40D
:106A50001CEA400C1CEB070746F82270C5E78DE0E6
:106A600000F0D2FB0220D8F8001060F30921C8F82A
:106A7000001000F0E1FB0021002229E056F822007E
:106A800004EBC103DB69C3F3C703DB19184346F802
:106A900022001BE056F8220004EBC1035B695B0196
:106AA00013F47F43DB19184346F8220004EBC100BE
:106AB000407E0028E2D056F8220004EBC103DB69D7
:106AC000C3F34753DB19184346F82200091D521C33
:106AD000681CB2EBC00F45D204EBC100407800281F
:106AE00008D004EBC1004068400D17EB006046F889
:106AF000220007E004EBC1004068C00817EB00600B
:106B000046F8220004EBC100407A00280CD056F869
:106B1000220004EBC103DB685B0913F47F03DB197C
:106B2000184346F822000BE056F8220004EBC1039C
:106B3000DB685B0313F47F03DB19184346F822007C
:106B400004EBC100407C0028A4D056F8220004EBDE
:106B5000C1035B695B0B13F47F43DB19184346F8F1
:106B60002200A3E70AE000F04FFBD8F8000050F441
:106B70004070C8F8000000F05FFBFFE7BDE8F1835C
:106B800078524B0084524B0040420F002DE9F843ED
:106B900005000C0015F18006371D16F108080020CD
:106BA0003068000C10F00F00C0B2FFF725F98146E5
:106BB000002C01D0012000E00020C0B2F8F744F81A
:106BC00014F108004946C9B2092901D35FF0080948
:106BD00084F84890316821602168890202D53968BB
:106BE000616002E03968890C6160E96C84F84910E1
:106BF000216889B2E164002114E00A00920858F883
:106C0000222013001B0A13F47F4353EA1263140279
:106C100014F47F04234353EA02630A00920840F805
:106C20002230091D4A46D2B29142E6D3BDE8F18333
:106C30002DE9F84305000C0015F50056371D16F137
:106C400008080020002000203068000C10F00F0021
:106C5000C0B2FFF7D1F88146002C01D0012000E03E
:106C60000020C0B2F7F7F0FF14F1080084F8489054
:106C7000316821602168890202D53968616002E0CB
:106C80003968890C61602168C90201D55FF000098B
:106C900019F0030F01D0012100E000214A46D2B2D1
:106CA00011EB9201C9B258F8211011F07F0122684E
:106CB000920206D4D5F80C2C120C12F07F0289181F
:106CC000FFE7DFF83022C9B2515C84F8491021682F
:106CD00089B2E164002114E00A00920858F82220E9
:106CE00013001B0A13F47F4353EA1263140214F4D3
:106CF0007F04234353EA02630A00920840F82230DB
:106D0000091D4A46D2B29142E6D3BDE8F18330B4C0
:106D100004000020002500250D00EDB2DBB29D42ED
:106D200001D301200FE0D2B2012A0BD1626BC2F372
:106D30000362521CD2009208521DC9B28A4202D389
:106D4000012000E00020C0B230BC704702000020EB
:106D50000020002100E0491C002906D1DFF898310D
:106D600053F821309A42F6D10120C0B2704700009A
:106D700006003B00004100802DE9F04104008846F8
:106D800017001D00002600202000FFF7DFFF00286D
:106D900038D017EB5801491E57EA0800002800D1E7
:106DA00001265FEAC87000D501262068800000D562
:106DB00001263000C0B2002825D1D4F80C0C50F0C8
:106DC0000040C4F80C0CD4F8140C50F00060C4F867
:106DD000140CD4F8140C20F07040C4F8140CD4F83F
:106DE0000C0C61F30D20C4F80C0CD4F80C0C67F3F8
:106DF0001640C4F80C0CD4F80C0C65F30400C4F86D
:106E00000C0C00E001263000C0B2BDE8F0810000AB
:106E1000C82A402038B504000D00A80604D5012179
:106E20002000FEF757FF03E000212000FEF752FF8D
:106E3000680604D501212000FEF757FF03E000217A
:106E40002000FEF752FF280704D501212000FEF79D
:106E500057FF03E000212000FEF752FFA80707D5E7
:106E60002068000504D401212000FEF775FF03E02F
:106E700000212000FEF770FF680704D501212000E3
:106E8000FEF754FF03E000212000FEF74FFFE80764
:106E900004D501212000FEF73EFF03E00021200081
:106EA000FEF739FFE80604D501212000FEF749FF6F
:106EB00003E000212000FEF744FF31BD10B40021A3
:106EC00000210AE00D4A0300DBB202EBC3020B0013
:106ED000DBB2002442F82340491C0A00D2B2022A45
:106EE000F0D310BC704700000000FC1F0000F83F0A
:106EF0000000FF3FE02A402090524B00C82A40206B
:106F0000EFF310807047000038B5F9F7C4FC0400B7
:106F1000DFF8045555F82400002808D1FFF7F0FFEA
:106F2000C10700D472B6DFF8F41441F8240055F814
:106F30002400401C45F8240031BD000080B5F9F75D
:106F4000AAFCDFF8D41451F82020521E41F820206A
:106F5000DFF8C82452F82020D20704D451F82000CA
:106F6000002800D162B601BD38B5F9F794FC0400E1
:106F7000DFF8AC5455F82400002808D1FFF7C0FF13
:106F8000C10700D472B6DFF89C1441F8240055F80C
:106F90002400401C45F8240031BD000080B5F9F7FD
:106FA0007AFCDFF87C1451F82020521E41F8202092
:106FB000DFF8702452F82020D20704D451F82000C2
:106FC000002800D162B601BD38B5F9F764FC0400B1
:106FD000DFF8545455F82400002808D1FFF790FF3B
:106FE000C10700D472B6DFF8441441F8240055F804
:106FF0002400401C45F8240031BD000080B5F9F79D
:107000004AFCDFF8241451F82020521E41F82020B9
:10701000DFF8182452F82020D20704D451F82000B9
:10702000002800D162B601BD38B5F9F734FC040080
:10703000DFF8FC5355F82400002808D1FFF760FF63
:10704000C10700D472B6DFF8EC1341F8240055F8FC
:107050002400401C45F8240031BD000080B5F9F73C
:107060001AFCDFF8CC1351F82020521E41F82020E2
:10707000DFF8C02352F82020D20704D451F82000B2
:10708000002800D162B601BD38B5F9F704FC040050
:10709000DFF8A45355F82400002808D1FFF730FF8B
:1070A000C10700D472B6DFF8941341F8240055F8F4
:1070B0002400401C45F8240031BD000080B5F9F7DC
:1070C000EAFBDFF8741351F82020521E41F820200B
:1070D000DFF8682352F82020D20704D451F82000AA
:1070E000002800D162B601BD38B5F9F7D4FB040021
:1070F000DFF84C5355F82400002808D1FFF700FFB3
:10710000C10700D472B6DFF83C1341F8240055F8EB
:107110002400401C45F8240031BD000080B5F9F77B
:10712000BAFBDFF81C1351F82020521E41F8202032
:10713000DFF8102352F82020D20704D451F82000A1
:10714000002800D162B601BD38B5F9F7A4FB0400F0
:10715000DFF8F45255F82400002808D1FFF7D0FEDC
:10716000C10700D472B6DFF8E41241F8240055F8E4
:107170002400401C45F8240031BD000080B5F9F71B
:107180008AFBDFF8C41251F82020521E41F820205B
:10719000DFF8B82252F82020D20704D451F820009A
:1071A000002800D162B601BD38B5F9F774FB0400C0
:1071B000DFF89C5255F82400002808D1FFF7A0FE04
:1071C000C10700D472B6DFF88C1241F8240055F8DC
:1071D0002400401C45F8240031BD000080B5F9F7BB
:1071E0005AFBDFF86C1251F82020521E41F8202083
:1071F000DFF8602252F82020D20704D451F8200092
:10720000002800D162B601BD38B5F9F744FB04008F
:10721000914D55F82400002807D1FFF771FEC107F2
:1072200000D472B68D4941F8240055F82400401C62
:1072300045F8240031BD000080B5F9F72CFB8649E4
:1072400051F82020521E41F82020844A52F8202074
:10725000D20704D451F82000002800D162B601BD45
:1072600038B5F9F718FB04007D4D55F824000028C7
:1072700007D1FFF745FEC10700D472B6794941F83E
:10728000240055F82400401C45F8240031BD0000BE
:1072900080B5F9F700FB724951F82020521E41F8E1
:1072A0002020704A52F82020D20704D451F8200040
:1072B000002800D162B601BD38B5F9F7ECFA040038
:1072C000694D55F82400002807D1FFF719FEC107C2
:1072D00000D472B6654941F8240055F82400401CDA
:1072E00045F8240031BD000080B5F9F7D4FA5E49B5
:1072F00051F82020521E41F820205C4A52F82020EC
:10730000D20704D451F82000002800D162B601BD94
:1073100038B5F9F7C0FA0400554D55F82400002897
:1073200007D1FFF7EDFDC10700D472B6514941F80E
:10733000240055F82400401C45F8240031BD00000D
:1073400080B5F9F7A8FA4A4951F82020521E41F8B1
:107350002020484A52F82020D20704D451F82000B7
:10736000002800D162B601BD38B5F9F794FA0400DF
:10737000414D55F82400002807D1FFF7C1FDC10792
:1073800000D472B63D4941F8240055F82400401C51
:1073900045F8240031BD000080B5F9F77CFA364984
:1073A00051F82020521E41F82020344A52F8202063
:1073B000D20704D451F82000002800D162B601BDE4
:1073C00038B5F9F768FA04002D4D55F82400002867
:1073D00007D1FFF795FDC10700D472B6294941F8DE
:1073E000240055F82400401C45F8240031BD00005D
:1073F00080B5F9F750FA224951F82020521E41F881
:107400002020204A52F82020D20704D451F820002E
:10741000002800D162B601BDC8424020B8424020D9
:10742000E8424020D842402008434020F842402013
:107430002843402018434020484340203843402000
:1074400068434020584340208843402078434020F0
:10745000A843402098434020C8434020B8434020E0
:10746000E8434020D843402008444020F8434020CF
:1074700028444020184440204844402038444020BC
:10748000684440205844402038B500242100C9B247
:10749000F7F744FBC0B2002848D1002542E0DFF8EE
:1074A0001C0221002200D2B250F8222092682B0048
:1074B000DBB202EBC3025278C9B2914231D1002152
:1074C000DFF8FC212B00DBB2D154DFF8F8112200E9
:1074D000D2B250F8222092682B00DBB212F833208F
:1074E0008D54DFF8E4112200D2B250F822209268C5
:1074F0002B00DBB212F833208C542100C9B250F8B3
:10750000211089682A00D2B201EBC2012200D2B256
:1075100050F8220080682A00D2B210F8320000F041
:10752000F7F86D1C2800C0B20228B8D331BDF8B5F9
:107530000025DFF898412800C0B2205C022806D060
:10754000012301220021FF20F8F704FB4DE0002673
:1075500044E0DFF8680129002A00D2B250F8222066
:1075600092683300DBB202EBC3025278C9B2914297
:1075700033D15FF0FF31DFF84C212B00DBB250F844
:1075800023309B683700FFB213F83730D154DFF84F
:1075900038212B00DBB250F823309B683700FFB254
:1075A00013F83730D1540021DFF814213300DBB257
:1075B000D1542900C9B250F8211089683200D2B2E2
:1075C00001EBC2012A00D2B250F8220080683200DA
:1075D000D2B210F8320000F0B8F8761C3000C0B219
:1075E0000228B6D30120EDB26055F1BD2DE9F0417E
:1075F00004000D000126002702233A00D2B2290020
:107600002000C0B2F7F7C9FAC0B2002851D1DFF8A4
:10761000AC803800C0B258F8200080682100C9B2A0
:1076200000EBC100807801283DD03800C0B258F886
:10763000200080682100C9B200EBC1013800C0B24F
:1076400058F8200080682200D2B210F8320000F012
:10765000F5F80100C9B201292BD0C0B2022828D008
:10766000287A002805D1012015492200D2B2885479
:1076700004E0022012492200D2B288543800C0B27D
:1076800058F8200080682100C9B200EBC10229002F
:10769000FFB258F827008068E4B210F8340000F018
:1076A00060F8060005E0022302220021FF20F8F71F
:1076B00051FA3000C0B2BDE8F081000040404020E7
:1076C00060294020EC334020F43340200840402023
:1076D00010B50200D2B2052A02D0062A06D00BE06D
:1076E0000122524B0C00E4B21A5505E002224F4B26
:1076F0000C00E4B21A55FFE7C9B2C0B200F0B5F809
:1077000010BD80B5C9B2C9B2C0B200F0AEF801BDBB
:1077100010B50400887801280BD048680168200063
:10772000C0B200F06CFE42492000C0B201F073F913
:107730000AE0486841682000C0B201F0ADF83D4958
:107740002000C0B201F082F910BD80B5897801290E
:1077500003D0C0B200F0CBFE02E0C0B201F000F9ED
:1077600001BD38B504000D00AA7829882000C0B2F8
:1077700000F0E7FEE9782000C0B201F082F9287A33
:10778000002810D16879002801D1012300E00023EE
:1077900041F288300090DBB2EA88E9682000C0B28C
:1077A00000F0FEFE0FE06879002801D1012300E01F
:1077B000002341F288300090DBB2EA88E9682000BB
:1077C000C0B200F093FF0100C9B200290ED0C0B2D0
:1077D0000090E8680078E9684B7853EA00232A7A39
:1077E0002988E4B22000DCF726FD0120C0B232BDBA
:1077F000002902D002290BD015E00C490E4AC0B274
:107800001056085C002801D1002000E003200BE0A6
:107810000649094AC0B21056085C012801D101206E
:1078200000E0022000E00420C0B270476029402040
:1078300003774A00D1764A00EC33402010B50400AB
:107840008878012806D000212000C0B200F0BEFFD9
:10785000010005E000212000C0B201F0B9F80100EC
:107860002000C0B2FFF7C4FF10BDC0B2052802D08F
:10787000062801D100E0FFE77047FEE74068C0F34B
:107880000320012111FA00F080B27047406810F027
:107890000F00012111FA00F080B27047016931F444
:1078A000007151F4007101617047016931F4807118
:1078B00051F4807101617047026952085200C9B2E7
:1078C000012901D1012100E0002111F001010A4349
:1078D000026170474069C0F34000012801D10120D6
:1078E00000E00020C0B27047406910F0010001289C
:1078F00001D1012000E00020C0B270474069C0F310
:107900000030012801D1012000E00020C0B2704702
:107910004069C0F3C020012801D1012000E000200F
:10792000C0B270474069C0F38020012801D1012016
:1079300000E00020C0B270474FF4805141617047B1
:107940004FF40061416170474FF4806141617047BD
:107950008369D2B2012A01D1194301E033EA01015E
:1079600081617047426A32F0E062C9B2090611F0E3
:10797000E061114341627047826A32F07062090629
:1079800011F07061114381627047826A32F4702293
:10799000090411F47021114381627047D0F8282145
:1079A00032F07062090611F070611143C0F82811BD
:1079B0007047D0F8282132F47022090411F47021A4
:1079C0001143C0F828117047C26A6FF31322DFF821
:1079D0000C3913EA01231A43C2627047426A32F437
:1079E0008062C9B2012901D1012100E00021890290
:1079F00011F480610A4342627047826A120B1203DB
:107A00000905090D114381627047426A32F4007220
:107A1000C9B2490211F40071114341627047426AD0
:107A2000D208D200C9B211F0070111434162704778
:107A3000826C32F47C52C9B2090211F47C511143B8
:107A400081647047826C32F07C52C9B2090611F031
:107A50007C51114381647047826C32F47C12C9B24C
:107A6000090411F47C11114381647047826C9209FE
:107A70009201C9B211F03F01114381647047026D58
:107A800032F07C52C9B2090611F07C5111430165F4
:107A90007047026D32F47C12C9B2090411F47C11F2
:107AA000114301657047026D32F47C52C9B209027C
:107AB00011F47C51114301657047026D92099201E6
:107AC000C9B211F03F01114301657047826D32F474
:107AD000403289B2090411F4403111438165704785
:107AE000806DC0F3014080B27047826D92089200B1
:107AF00089B211F00301114381657047C06DC0F375
:107B0000024080B27047C06D10F0070080B270472D
:107B1000C9B2090251FA82F101667047006F00F0A4
:107B2000FF00C0B27047D0F8102152085200C9B20D
:107B3000012901D1012100E0002111F001010A43D6
:107B4000C0F810217047D0F81831D2B2012A01D103
:107B5000194301E033EA0101C0F818117047D0F869
:107B60001C2132F00202C9B2012901D1012100E039
:107B70000021490011F002010A43C0F81C2170479E
:107B8000D0F81C2152085200C9B2012901D10121AB
:107B900000E0002111F001010A43C0F81C217047E8
:107BA000D0F8242132F4E022C9B2090411F4E02112
:107BB0001143C0F824117047D0F8242132F4005248
:107BC000C9B2012901D1012100E00021490311F4CA
:107BD00000510A43C0F824217047D0F8242132F420
:107BE0008052C9B2090311F480511143C0F8241125
:107BF0007047D0F8242132F00802C9B2012901D11E
:107C0000012100E00021C90011F008010A43C0F879
:107C100024217047D0F8242132F00402C9B201298E
:107C200001D1012100E00021890011F004010A4383
:107C3000C0F824217047D0F8242132F00202C9B2E2
:107C4000012901D1012100E00021490011F00201C8
:107C50000A43C0F824217047D0F82421520852006A
:107C6000C9B2012901D1012100E0002111F0010177
:107C70000A43C0F824217047D0F840216FF34A022C
:107C800089B240F2FE7313EA41031A43C0F840215F
:107C90007047D0F8542152085200C9B211F00101C6
:107CA0001143C0F85411704710B50400002C01D0E6
:107CB000012000E00020C0B2F6F7DAFFA07AE17AF6
:107CC000884201D1012000E00020C0B210BD10B5F3
:107CD0000400002C01D0012000E00020C0B2F6F723
:107CE000C7FF0020E0720020A07210BD2DE9F04116
:107CF00005000C0016001F00002C01D0012000E040
:107D00000020C0B2F6F7B4FF002D01D0012000E042
:107D10000020C0B2F6F7ACFF2800FFF7F4FE804663
:107D20002800FFF7B3FD1FFA88F880B2804507D21C
:107D30003A00D2B23100C9B22800FFF7E9FE10E0E4
:107D4000A07A052801D2012000E00020C0B2F6F799
:107D50008FFFA07A2654A07A20444771A07A401C55
:107D6000A072BDE8F081F8B505000C00002C01D030
:107D7000012000E00020C0B2F6F77AFF002D01D00C
:107D8000012000E00020C0B2F6F772FF2800FFF7E4
:107D9000BAFE07002800FFF779FD06000EE0E07A42
:107DA00020444279E07A215C2800FFF7B1FEE07AB6
:107DB000401CE0722800FFF7A6FE07002000FFF736
:107DC00073FF002804D13000BFB280B28742E6D3EF
:107DD0002000FFF769FF002802D02000FFF777FF9F
:107DE000F1BDF8B505000C001600002C01D00120F3
:107DF00000E00020C0B2F6F73BFF002D01D00120CB
:107E000000E00020C0B2F6F733FFA07E03280CD1BB
:107E100094F82000002808D1E37F052221002800E3
:107E2000FFF764FF012084F8200094F82000012867
:107E300001D1062700E0042794F82200002826D06C
:107E4000A08B80B2C00910F00600B0F11003DBB2C5
:107E50003A00D2B221002800FFF748FFA38BDBB223
:107E6000002221002800FFF741FFF6B2012E1FD1AA
:107E7000A08B80B2C00910F00600B0F10F03DBB296
:107E80003A00D2B221002800FFF730FF10E0F6B22E
:107E9000012E01D1012000E00020A18B490051FA00
:107EA00080F3DBB23A00D2B221002800FFF71EFFB8
:107EB000F1BDF8B505000C00002C01D0012000E058
:107EC0000020C0B2F6F7D4FE002D01D0012000E062
:107ED0000020C0B2F6F7CCFE2800FFF714FE070022
:107EE0002800FFF7D3FC06002000FFF7DDFE002886
:107EF00010D117E02069027800212800FFF708FE62
:107F00002069401C2061E068401EE0602800FFF707
:107F1000FAFD0700E068002804D03000BFB280B24C
:107F20008742E7D3F1BDF8B505000C0016001F002D
:107F3000002C01D0012000E00020C0B2F6F798FE2E
:107F4000002D01D0012000E00020C0B2F6F790FE25
:107F5000002243F603412800FFF7FAFCFFB2012F8D
:107F600005D12800FFF7A1FC2800FFF797FCF6B227
:107F7000012E07D1002202212800FFF7C9FD0020B1
:107F800084F82000002020610020E0600120A0771C
:107F9000F1BD70B50D00DFF84C170200D2B251F8F8
:107FA0002260DFF84417C0B251F82040002C01D005
:107FB000012000E00020C0B2F6F75AFE0021300098
:107FC000FFF7D0FC00213000FFF71FFDA57670BD44
:107FD00010B5040000212000FFF7FFFD0021200064
:107FE000FFF757FE00212000FFF703FE01212000CC
:107FF000FFF710FE01212000FFF71DFE01212000E8
:10800000FFF72AFE10BDF8B50D000026DFF8D416E4
:108010000200D2B251F82270DFF8AC17C0B251F8AA
:108020002040002C01D0012000E00020C0B2F6F773
:108030001FFE3800FFF7CCFF2800C0B2032800D194
:1080400001263100C9B23800FFF7B6FD2573F1BD36
:1080500038B504000D002000FFF76EFCA87E032851
:1080600002D1002085F8200001206876012300223B
:1080700029002000FFF757FFE86A002804D095F890
:1080800030100B20EA6A904731BD38B504000D006E
:10809000002085F8200003206876012300222900B3
:1080A0002000FFF740FFE86A002804D095F8301060
:1080B0000B20EA6A90472000FFF746FC31BD38B537
:1080C00004000D002000FFF73BFC012300222900E3
:1080D0002000FFF728FF06206876E86A002804D011
:1080E00095F830100B20EA6A904731BD38B504008E
:1080F0000D002000FFF702FC002803D0290020001B
:10810000FFF7A6FF2000FFF703FC002803D029009B
:108110002000FFF7D4FF2000FFF704FC002803D065
:1081200029002000FFF7B1FF31BD70B50400002524
:108130002000C0B2022801D2012000E00020C0B21D
:10814000F6F796FDDFF89C052100C9B250F82160D2
:10815000DFF89405E4B250F82440002C01D001204F
:1081600000E00020C0B2F6F783FD3000FFF7BCFB53
:1081700000280AD02000FFF797FD002804D1210035
:108180003000FFF7F0FD00E00125EDB2002D1BD01F
:108190002069002818D0E068002811D1002394F845
:1081A000212021003000FFF7BEFE00206076E06A4B
:1081B000002809D094F830100B20E26A904703E0C1
:1081C00021003000FFF775FE21003000FFF78EFF21
:1081D00070BD38B504000D000DE02000FFF79EFCD7
:1081E000296908702869401C2861E868401EE86019
:1081F0006869401C68612000FFF780FC002802D0FD
:10820000E8680028E9D131BD38B504002000C0B2CB
:10821000022801D2012000E00020C0B2F6F728FDBC
:10822000DFF8C0042100C9B250F82150DFF8B804CB
:10823000E4B250F82440002C01D0012000E00020DE
:10824000C0B2F6F715FD2800FFF744FB00283FD029
:1082500021002800FFF7BDFFE068002811D10023AE
:1082600094F8212021002800FFF75DFE00206076B1
:10827000E06A00282CD094F830100B20E26A904776
:1082800026E02800FFF72CFC80B2E168884206D384
:10829000E068411E89B22800FFF718FC18E0606909
:1082A000001D000614D1E068001F40F20111884251
:1082B00006D3FF23012221002800FFF717FD07E066
:1082C000E068431FDBB2012221002800FFF70EFD0A
:1082D00021002800FFF70AFF31BD000000FF0F005A
:1082E00038B504000D0029782000FFF798FBE968F5
:1082F000C9B22000FFF7B0FB2969C9B22000FFF71F
:10830000A1FB6968C9B22000FFF792FBA968C9B256
:108310002000FFF7ABFB31BD38B504000D00E96963
:10832000C9B22000FFF7ABFB296AC9B22000FFF7F2
:10833000B0FB6969C9B22000FFF7B5FBA969C9B2F2
:108340002000FFF7BAFB31BD2DE9F04107000C001A
:10835000150002263800C0B2022801D2012000E038
:108360000020C0B2F6F784FCDFF87C033900C9B204
:1083700050F82100DFF86C133A00D2B251F8228095
:10838000807F002816D000214046FFF795FA29008B
:108390004046FFF7A5FF29004046FFF7BDFF21003B
:1083A000C9B23800C0B2FFF7F4FD01214046FFF723
:1083B00083FA00263000C0B2BDE8F08110B5040099
:1083C0000800FFF784FC200000F0A6FB10BD38B5C4
:1083D00004000D0029692000FFF7CEFA696920002A
:1083E000FFF7D3FAE9682000FFF707FB012120001F
:1083F000FFF7F4FAA9682000FFF7E6FA31BDF8B5F7
:1084000005000C00002C01D0012000E00020C0B2CB
:10841000F6F72EFC2800C0B2022801D2012000E0AD
:108420000020C0B2F6F724FCDFF8BC622800C0B21E
:1084300056F82000002801D1012000E00020C0B241
:10844000F6F716FCDFF89C022900C9B250F821703B
:10845000DFF8741694F829203820424301EB02001B
:108460002900C9B246F821002800C0B256F82060A1
:1084700000203076002030610020F060002070760F
:108480000120B0772088B083A07886F82200607E33
:1084900086F82300E0697062206AB062606AF06268
:1084A00094F8280086F83000207E50F00800F0771D
:1084B000002086F820006068706331003800FFF704
:1084C0007DFF21003800FFF782FF726BE178280002
:1084D000C0B2FFF739FFA27821882800C0B200F0AF
:1084E00030F801213800FFF7E7F90020F2BD70B540
:1084F00004002000C0B2022801D2012000E00020C8
:10850000C0B2F6F7B5FBDFF8DC012100C9B250F8C4
:108510002150DFF8D4612000C0B256F820000028B6
:1085200001D0012000E00020C0B2F6F7A1FB00203E
:10853000E4B246F8240000212800FFF7BDF900202E
:1085400070BD70B504000D0016002000C0B20228F6
:1085500001D2012000E00020C0B2F6F789FB62489A
:10856000E4B250F82440002C01D0012000E00020AB
:10857000C0B2F6F77DFBA58384F8226070BD38B5E4
:1085800004000D00002229002000FFF72AFC29002A
:108590002000FFF78EFC00212000FFF7A6FA31BD76
:1085A0002DE9FE4F07000C00150098460C9800219D
:1085B00000915FF000090021F9F7BCF982465FF0F5
:1085C000020B3800C0B2022801D2012000E00020D6
:1085D000C0B2F6F74DFB002C01D0012000E00020D6
:1085E000C0B2F6F745FB002D01D0012000E00020CD
:1085F000C0B2F6F73DFB3B483900C9B250F8210044
:10860000019039483900C9B250F82160002E01D0DC
:10861000012000E00020C0B2F6F72AFBB07F00285E
:108620002AD0F56034610020307686F82180002061
:10863000B0770220707631000198FFF7A0FF00208C
:10864000F9F756F900903800C0B2FFF76EFD00212F
:108650006846F9F75DF910EB090900213800C0B24E
:1086600000F0B4F8022801D1D145ECD3D14501D3B3
:108670000920707696F819B05846C0B2BDE8FE8F52
:1086800070B50C0017490200D2B251F822501649B9
:10869000C0B251F82060012231002800FFF7A1FB91
:1086A00040F20110844206D3FF230122310028004A
:1086B000FFF71CFB07E014F1FF03DBB201223100DE
:1086C0002800FFF713FB2800FFF7D8F8010089B254
:1086D0008C4201D2E4B22000411E89B22800FFF78B
:1086E000F5F970BDA49F4B00D02B40202DE9F84F29
:1086F00007000C00150098460A98002100915FF0D1
:1087000000090021F9F716F982465FF0020B3800E4
:10871000C0B2022801D2012000E00020C0B2F6F76A
:10872000A7FA002C01D0012000E00020C0B2F6F72B
:108730009FFA002D01D0012000E00020C0B2F6F722
:1087400097FADFF888033900C9B250F82160002E8B
:1087500001D0012000E00020C0B2F6F789FAB07F16
:1087600000282DD0F56034610120307686F8218014
:108770000020B0770220707629003800C0B2FFF7E1
:108780007FFF0020F9F7B4F80090002070613800F6
:10879000C0B2FFF739FD00216846F9F7B9F810EBD0
:1087A000090900213800C0B200F010F8022801D1F8
:1087B000D145ECD3D14501D30920707696F819B094
:1087C0005846C0B2BDE8F28FD82B402038B505001E
:1087D0000C002800C0B2022801D2012000E00020D5
:1087E000C0B2F6F745FADFF8E402EDB250F82550D2
:1087F000002D01D0012000E00020C0B2F6F738FAC9
:10880000002C05D095F82300012801D1E8682060EC
:10881000687E32BD38B5DFF8B8120200D2B251F826
:108820002240DFF8B012C0B251F82050687C002816
:1088300005D1012240F604712000FFF784F9687C1D
:10884000012805D1012240F606712000FFF77BF9CF
:1088500001212000FFF767F931BD38B5040015008C
:1088600089B22000FFF708FAEDB2002D04D00121F3
:108870002000FFF795F903E000212000FFF790F9B1
:1088800031BD38B5040015002000FFF787F8290036
:108890002000FFF78EF831BDF8B505000C00002C64
:1088A00001D0012000E00020C0B2F6F7E1F9280075
:1088B000C0B2022801D2012000E00020C0B2F6F7C9
:1088C000D7F9DFF810622800C0B256F8200000285F
:1088D00001D1012000E00020C0B2F6F7C9F9DFF8AD
:1088E000F0012900C9B250F821702800C0B256F832
:1088F000206000203070A069F061207F86F82000A1
:108900000020B06000207060002086F821006079AF
:108910007074206970616069B06100207070A07827
:1089200070730020B073E078F073380000F0F4F852
:10893000A27821883800FFF790FF21792800C0B283
:10894000FFF761FBE268A1683800FFF79AFFF07B50
:10895000002803D02800C0B2FFF75CFF0020F2BD62
:10896000F8B505002800C0B2022801D2012000E0BD
:108970000020C0B2F6F77CF9DFF854012900C9B233
:1089800050F82160DFF84C712800C0B257F8204041
:10899000002C01D0012000E00020C0B2F6F768F9F9
:1089A000607C00280AD1E07B012807D1002130003B
:1089B000FFF7D5F800213000FFF7E2F80020EDB214
:1089C00047F8250000213000FFF7ADF80020F2BD88
:1089D00038B505000C002800C0B2022801D20120E1
:1089E00000E00020C0B2F6F743F9DFF8E800EDB28E
:1089F00050F82550002D01D0012000E00020C0B229
:108A0000F6F736F9002C04D0687C012801D168689B
:108A10002060287832BD38B504000D002000C0B2B7
:108A2000022801D2012000E00020C0B2F6F720F9B0
:108A30002648E4B250F82440002C01D0012000E088
:108A40000020C0B2F6F714F9E56231BD38B5040074
:108A50000D002000C0B2022801D2012000E0002059
:108A6000C0B2F6F705F91B48E4B250F82440002CD8
:108A700001D0012000E00020C0B2F6F7F9F8E5616E
:108A800031BD38B504000D002000C0B2022801D26B
:108A9000012000E00020C0B2F6F7EAF80B48E4B28B
:108AA00050F82440002C01D0012000E00020C0B28A
:108AB000F6F7DEF8EDB2012D02D10320A07601E039
:108AC0000020A07631BD0000602B4020D02B40203C
:108AD000A49F4B00D82B4020026932F00202C9B299
:108AE000012901D1012100E00021490011F002011A
:108AF0000A4302617047D0F8102132F00202C9B275
:108B0000012901D1012100E00021490011F00201F9
:108B10000A43C0F81021704710B50400012120005D
:108B2000FFF7DAFF01212000FFF7E5FF00202061B9
:108B30000020C4F8100110BD10B50024002806D094
:108B400001240B2300220021FF20F7F703F8200067
:108B5000C0B210BD80B5FFF7EFFFC0B2002814D13E
:108B60001B49086800280AD11A4808600868C068CC
:108B700000280AD00868C06800F008F805E0002363
:108B800000220021FF20F6F7E5FF01BD38B5040003
:108B9000002516E060682900C9B210F831000E49BE
:108BA0002A00D2B2885460682900C9B200EBC10023
:108BB000416860682A00D2B210F8320000F00EF866
:108BC0006D1C28002178C0B28842E3D331BD00007B
:108BD0004440402004644B000C4040202DE9F04309
:108BE0000200DFF804031300DBB250F82340002337
:108BF000DFF8F8521000C0B2285C012801D101232F
:108C000060E1206830F080602060486840784E68FD
:108C10003678760756EA00264868807856EA007665
:108C200026600026A6E00FE088683700FFB23F010B
:108C3000C05D400120448F68B4465FFA8CFC5FEA57
:108C40000C1C67447F68076288683700FFB23F01E9
:108C5000C05D400120448F68B4465FFA8CFC5FEA37
:108C60000C1C6744BF68876288683700FFB23F0109
:108C7000C05D400120448F68B4465FFA8CFC5FEA17
:108C80000C1C17F80C707F012744FF6AD1F808C04C
:108C9000B6465FFA8EFE5FEA0E1EF4449CF801C0F1
:108CA0001CF07F0C5CEA0707C76288683700FFB2D8
:108CB0003F01C05D400120448F68B4465FFA8CFCE0
:108CC0005FEA0C1C17F80C707F012744FF6A57F00D
:108CD0000077C7623020DFF8187294465FFA8CFC88
:108CE00000FB0CFCBC44D1F808E0B0465FFA88F801
:108CF0005FEA08181EF808E0D1F80880B1465FFA6C
:108D000089F95FEA0919C84498F801800CF81E80B7
:108D100094465FFA8CFC00FB0CFC6744D1F808C059
:108D2000B6465FFA8EFE5FEA0E1E1CF80EC007EB19
:108D30004C075FF0010C87F801C0DFF8B87194466A
:108D40005FFA8CFC00FB0CF038448F68B4465FFA85
:108D50008CFC5FEA0C1C17F80C70D1F808C0B64602
:108D60005FFA8EFE5FEA0E1EF444DCF804C020F8C1
:108D700017C0761C30000F78C0B2B84280F09F80D8
:108D800088683700FFB23F013844807B002814D048
:108D900088683700FFB23F01C05D400120448F6802
:108DA000B4465FFA8CFC5FEA0C1C17F80C707F016C
:108DB0002744FF6A57F00047C76288683700FFB250
:108DC0003F01C05D400120448F68B4465FFA8CFCCF
:108DD0005FEA0C1C17F80C707F012744BF6BD1F8B9
:108DE00008C0B6465FFA8EFE5FEA0E1EF4449CF899
:108DF0000CC05FEA0C4C1CF4702C5CEA070787631C
:108E000088683700FFB23F0138444078102809D005
:108E1000122818D0142827D050283FD054283FF4C7
:108E200003AF00E788683700FFB23F01C05D400133
:108E300020448F68B4465FFA8CFC5FEA0C1C6744E0
:108E40007F68076200E788683700FFB23F01C05DB6
:108E5000400120448F68B4465FFA8CFC5FEA0C1C2A
:108E600067447F680762EFE688683700FFB23F011A
:108E7000C05D400120440027476288683700FFB288
:108E80003F01C05D400120448F68B4465FFA8CFC0E
:108E90005FEA0C1C67447F680762D5E68868370084
:108EA000FFB23F01C05D400120448F68B4465FFAC5
:108EB0008CFC5FEA0C1C67447F680762C4E60120F3
:108EC000D2B2A854206850F0806020601800C0B270
:108ED000BDE8F083074BC0B2302250431844C9B2FA
:108EE00030F8110080B27047004040201846402002
:108EF00070404020DC294020704738B50400022132
:108F0000DFF83007006800F0EFFC00250DE0206B73
:108F10002900C9B200EBC1004168206B2A00D2B21F
:108F200010F8320001F0CAF96D1C2800E17BC0B2D4
:108F30008842ECD300F011F8012008E0DFF8F816C1
:108F4000226C0300DBB212F833208854401C01006D
:108F5000E27CC9B29142F1D331BD10B5DFF8DC1625
:108F60000878002842D101200870DFF8D44600219B
:108F70000020626890474E20A16888470020DFF8F3
:108F8000C416096888470020DFF8BC1609688847BE
:108F90000020DFF8B81609688847DFF8B4460020DB
:108FA000616888474E20A1688847DFF8A8460020FE
:108FB0002168884700214E20626890470020DFF832
:108FC000981609688847DFF894460020616888474A
:108FD0004E20A16888470020DFF88416496888473A
:108FE00000210020DFF87C261268904710BD70B584
:108FF0000500EC7A18E0DFF87016DFF87026286AB2
:1090000000EB440010F8023C0920434302EB03004C
:109010004078095C286A00EB4400801EDFF8402697
:1090200052F831108847641E002CE4D1AC7B1BE061
:109030000C21DFF83C26DFF83436E86A01FB04F641
:10904000304410F80C6C0920464303EB06004078CE
:10905000125CE86A01FB04F318440C38DFF8F035C1
:109060004A4399588847641E002CE1D1AC7A19E034
:10907000DFF80016DFF8F425E8696301184410F8FA
:10908000203C0920434302EB030040780A5CE86976
:10909000610108442038DFF8C43514214A43995847
:1090A0008847641E002CE3D16C7A1BE01421DFF8A2
:1090B000C825DFF8B835A86901FB04F6304410F87C
:1090C000146C0920464303EB06004078125CA86943
:1090D00001FB04F318441438DFF870354A439958FB
:1090E0008847641E002CE1D170BD70B50400DFF824
:1090F00044552C600121200000F0F6FB2868002870
:109100001AD0002515E0DFF88415DFF86025E06B44
:109110002B01C35C0920434302EB03004078095C48
:10912000E06B2A011044DFF81825090151588847DF
:109130006D1CA07C8542E6D32000FFF758FF002578
:1091400016E0DFF83815DFF82425606910F83530AF
:109150000920434302EB030040780A5C606900EB9E
:10916000C500DFF8F4340C214A43995888476D1C38
:10917000207A8542E5D300251AE01421DFF8F8248F
:10918000DFF8E834A06901FB05F6865D0920464357
:1091900003EB06004078125CA06901FB05F318445C
:1091A000DFF8A8344A4303EB0201496888476D1C85
:1091B000607A8542E1D32000FFF79FFE002519E089
:1091C0001423DFF8BC14DFF8A424A06B03FB05F61E
:1091D000865D0920464302EB060040780A5C2900C0
:1091E000A06B03FB05F31844DFF8783453F8222012
:1091F00090476D1C607C8542E2D3002519E0DFF8C2
:109200009014DFF86824A06A032303FB05F3C35C12
:109210000920434302EB03004078095CA06A032263
:1092200002FB05F21044DFF8202452F83110884781
:109230006D1C607B8542E2D3002518E00C22DFF82C
:109240004414DFF82834606A02FB05F6865D0920C5
:10925000464303EB06004078095C606A02FB05F2B6
:109260001044DFF8E02352F8211088476D1C207B62
:109270008542E3D300251AE0DFF81414DFF8EC236D
:10928000A06A032303FB05F3C35C0920434302EBFD
:1092900003004078095CA06A032202FB05F2104437
:1092A000DFF8A42302EBC101496888476D1C607B8D
:1092B0008542E1D3002518E0DFF8B813DFF8AC23CE
:1092C000E0696B01C35C0920434302EB0300407873
:1092D0000A5CE06969010844DFF8803314214A43DD
:1092E00003EB0201496888476D1CA07A8542E3D3ED
:1092F000002517E0DFF89413DFF87023E06B2B01F3
:10930000C35C0920434302EB030040780A5C290058
:10931000E06B2B011844DFF8283312011A4452681D
:1093200090476D1CA07C8542E4D300251AE01421EF
:10933000DFF84423DFF83433A06901FB05F6865DCE
:109340000920464303EB06004078125CA06901FB4C
:1093500005F31844DFF8F4324A4303EB020189684D
:1093600088476D1C607A8542E1D3002518E0DFF85C
:109370000413DFF8F822E0696B01C35C0920434362
:1093800002EB030040780A5CE06969010844DFF8F9
:10939000CC3214214A4303EB0201C96888476D1C93
:1093A000A07A8542E3D300251AE00C21DFF8C02221
:1093B000DFF8B832E06A01FB05F6865D0920464316
:1093C00003EB06004078125CE06A01FB05F31844E9
:1093D000DFF87C324A4303EB0201496888476D1C81
:1093E000A07B8542E1D3DFF8A05200202870002046
:1093F00068700120A8700020E87000261FE001209E
:1094000028701BE0DFF88C02216A01EB46014978E5
:10941000405C0328F3D09449944A206A10F816302F
:109420000920434302EB03004078095C206A00EB0B
:1094300046008B4A02EBC10149688847761CE07AF6
:109440008642DFD32878002834D1002512E09249E3
:10945000864A606B10F825300920434302EB030075
:109460004078095C606B00EB85007A4A52F8311055
:1094700088476D1C207C8542E9D3002513E0834991
:109480007A4AE06B2B01C35C0920434302EB0300E3
:109490004078095CE06B2A011044694A09011144D3
:1094A000C96888476D1CA07C8542E8D30421200050
:1094B00000F01AFA70BDF8B50225002604E0C0B22B
:1094C000022800D10025761C6F4CA078864216D267
:1094D0007249684A654B8F5D0920474303EB0700DB
:1094E0004078125C885D5D4B14214A4303EB020116
:1094F000896888470100C9B20129E0D10125280007
:10950000C0B200281BD1002600E0761CE07886421D
:1095100015D26349564A554B8F5D0920474303EBEB
:1095200007004078125C885D494B0C214A4303EBED
:10953000020189688847C0B20128E6D101252800C8
:10954000C0B2F2BD38B53B4C2068002863D000257E
:109550001EE050482168096A01EB45014978405CEA
:10956000032814D14049414A2068006A10F8153098
:109570000920434302EB03004078095C2068006A3D
:1095800000EB4500364A02EBC101496888476D1C73
:109590002068C07A8542DCD33B48007800283AD066
:1095A000002514E03C49314A2068406B10F8253012
:1095B0000920434302EB03004078095C2068406BBC
:1095C00000EB8500234A52F8311088476D1C206853
:1095D000007C8542E6D3002515E02C49234A20680B
:1095E000C06B2B01C35C0920434302EB03004078AE
:1095F000095C2068C06B2A011044114A090111441A
:10960000C96888476D1C2068807C8542E5D30421A9
:10961000206800F069F931BD80B5C0B200F045FEA8
:1096200002BD80B5C9B2C0B21E4A1268904701BDE2
:10963000000000006C29402070294020662C40204A
:109640000C9C4B0090994B00A0994B00B0994B009B
:10965000D8994B00CC9B4B00DC9B4B002C9C4B00C7
:109660008C9C4B00849C4B00348C4B00588C4B00E2
:109670001C8C4B00288C4B00F88B4B00048C4B004F
:10968000408C4B00E08B4B00682940204C8C4B00F9
:10969000EC8B4B0084904B00108C4B00C69F4B0012
:1096A000C79F4B00B82E4020F8B504000D001600EF
:1096B0001F000020F8F71CF920600020286000211E
:1096C0003800F8F737F93060F1BD70B50C001500BF
:1096D00000260021F8F71CF9216840182060206856
:1096E000A84200D301263000C0B270BD1FB50020D3
:1096F000714C2068C0012AD47048016851F0807113
:1097000001606F48016851F0010101606D48016816
:1097100051F00101016000F0ACF842F210736A46AA
:1097200001A902A8FFF7C0FF009A01A902A8FFF74C
:10973000CCFF2168C90103D40100C9B20029F3D0CC
:10974000C0B2012803D106210120FFF76AFF1FBD27
:109750001FB50020FFF7CAFF574C206880022AD4AB
:109760005648016851F4001101605548016851F0F4
:10977000010101605348016851F00101016000F0EE
:1097800078F842F210736A4601A902A8FFF78CFF2D
:10979000009A01A902A8FFF798FF2168890203D463
:1097A0000100C9B20029F3D0C0B2012803D10521BC
:1097B0000120FFF736FF206800042AD43F480168E3
:1097C00051F4004101603E48016851F0010101601F
:1097D0003C48016851F00101016000F04AF842F292
:1097E00010736A4601A902A8FFF75EFF009A01A95B
:1097F00002A8FFF76AFF2168090403D40100C9B277
:109800000029F3D0C0B2012803D14E210120FFF777
:1098100008FF2D4C2068C0012AD42C48016851F063
:10982000807101602648016851F0010101602548FE
:10983000016851F00101016000F01BF842F2107361
:109840006A4601A902A8FFF72FFF009A01A902A802
:10985000FFF73BFF2168C90103D40100C9B2002909
:10986000F3D0C0B2012803D14E210120FFF7D9FE69
:109870001FBD174845F6F02101604AF20F51016003
:10988000704780B5FFF764FF01BD10B41349087835
:1098900000280FD1012008700C201149114ACB7803
:1098A000434313440C4C2360897800FB01F01044BF
:1098B0000849086010BC704714C32D4034C32D40C4
:1098C00000C32D4004C32D4010C32D4030C32D4094
:1098D00000C02D40D8294020D4294020672C4020AA
:1098E000048C4B00DC9B4B0080B5C9B2012904D02D
:1098F000022905D1FFF7C9FF02E0FFF7C2FFFFE72A
:1099000001BDFEE700207047DFF88809DFF88819FD
:10991000DFF8CC29126812F0030251F82210B0FBD4
:10992000F1F0704780B5FFF7EFFFDFF88C19DFF833
:10993000B429126812F0010251F82210084002BD49
:109940004FF4FA40704780B5FFF7FAFFDFF8681967
:10995000DFF894291268C2F3002251F8221008405F
:1099600002BDDFF888090068DFF884190968C90FAB
:10997000002900D10020DFF84019DFF878291268AB
:10998000C2F3405251F822100840704710B5DFF87A
:1099900068090068DFF864190968DFF8642913684A
:1099A00091EA0004A34208D048401060DFF854094F
:1099B00000F010FCDFF850190860DFF8500900686B
:1099C000C0F38000002803D0DFF83C09006800E005
:1099D000002010BD80B5FFF7D9FFDFF81C1909681A
:1099E000C1F34561002902D0B0FBF1F000E0002096
:1099F00002BD80B5FFF7EEFFDFF81429DFF8141978
:109A00001368DB0F51F8231008401168C1F30341BC
:109A1000491CB0FBF1F002BD80B5FFF7DBFFDFF8BA
:109A2000F828DFF8F0181368DB0F51F8231008400E
:109A30001168C1F30341491CB0FBF1F002BD80B5D0
:109A4000DFF8D8080068C0F30360082802D0FFF7E9
:109A50005BFF01E0FFF7CDFF02BD80B5FFF7EFFF31
:109A6000DFF8BC28DFF8AC181368DB0F51F82310BF
:109A700008401168C1F30241491CB0FBF1F002BD7E
:109A800080B5FFF7DCFFDFF89C28DFF88818136843
:109A9000DB0F51F8231008401168C1F30241491C43
:109AA000B0FBF1F002BD80B5FFF7C9FFDFF8782801
:109AB000DFF860181368DB0F51F8231008401168B5
:109AC000C1F30341491CB0FBF1F002BD80B5FFF7C3
:109AD000B6FFDFF85828DFF83C181368DB0F51F8A1
:109AE000231008401168C1F30241491CB0FBF1F09A
:109AF00002BD80B5FFF7A3FFDFF83428DFF81418A4
:109B00001368DB0F51F8231008401168C1F30241BC
:109B1000491CB0FBF1F002BD80B5DFF81808DFF892
:109B200018180968C1F3056150F821008047DFF873
:109B30000C28DFF8E0171368DB0F51F823100840FA
:109B40001168C1F30541491CB0FBF1F002BD80B5BD
:109B5000FFF783FFDFF86017DFF8E4271268C2F32E
:109B6000002251F82210084002BD80B5FFF775FFB2
:109B7000DFF84417DFF8C8271268C2F3402251F813
:109B80002210084002BD80B5FFF767FFDFF82817F5
:109B9000DFF8AC271268C2F3400251F822100840E7
:109BA00002BD80B5DFF88C07DFF898170968C1F3AC
:109BB000056150F821008047DFF88C27DFF8541743
:109BC0001368DB0F51F8231008401168C1F30541F9
:109BD000491CB0FBF1F002BD80B5FFF764FFDFF870
:109BE000D816DFF868271268C2F3007251F8221005
:109BF000084002BD80B5FFF743FFDFF8BC16DFF871
:109C00005027126812F0010251F82210084002BDDC
:109C100080B5FFF722FFDFF8A016DFF8D82612681C
:109C200012F0010251F82210084002BD80B5FFF782
:109C300014FFDFF88416DFF8BC261268C2F3400276
:109C400051F82210084002BD80B5FFF706FFDFF88B
:109C50006816DFF800271268C2F3C00251F822101C
:109C6000084002BD80B5FFF7F8FEDFF84C16DFF8BC
:109C7000E4261268C2F3001251F82210084002BD17
:109C800080B5FFF7EAFEDFF83016DFF8C826126865
:109C9000C2F3401251F82210084002BD80B5FFF710
:109CA000DCFEDFF81416DFF8AC261268C2F380126F
:109CB00051F82210084002BD80B5FFF7CEFEDFF854
:109CC000F815DFF890261268C2F3C01251F822107E
:109CD000084002BD80B5FFF7C0FEDFF8DC15DFF8F5
:109CE00074261268C2F3002251F82210084002BD07
:109CF00080B5FFF7B2FEDFF8C015DFF8582612680E
:109D0000C2F3402251F82210084002BD80B5FFF78F
:109D1000A4FEDFF8A415DFF83C261268C2F3802207
:109D200051F82210084002BD80B5FFF796FEDFF81B
:109D30008815DFF820261268C2F3C02251F82210DD
:109D4000084002BD80B5FFF788FEDFF86C15DFF82C
:109D500004261268C2F3003251F82210084002BDF6
:109D600080B5FFF77AFEDFF85015DFF8E8251268B6
:109D7000C2F3403251F82210084002BD80B5FFF70F
:109D80006CFEDFF83415DFF8CC251268C2F38032A0
:109D900051F82210084002BD80B5FFF75EFEDFF8E3
:109DA0001815DFF8B0251268C2F3C03251F822103E
:109DB000084002BD80B5FFF763FEDFF8FC14DFF852
:109DC00094251268C2F3805251F82210084002BD57
:109DD00080B5FFF742FEDFF8E014DFF86425126873
:109DE000C2F3800251F82210084002BD80B5FFF78F
:109DF00034FEDFF8C414DFF848251268C2F3C0024D
:109E000051F82210084002BD80B5FFF74CFEDFF884
:109E1000A814DFF840251268C2F3C05251F822108E
:109E2000084002BD80B5DFF80C05DFF82C15096885
:109E3000C1F3046150F821008047DFF82025DFF8E6
:109E4000D4141368DB0F51F8231008401168C1F3D4
:109E50000141491CB0FBF1F002BD80B5FFF7E2FF04
:109E6000DFF85414DFF8E4241268C2F3400251F81A
:109E70002210084002BD80B5FFF7D4FFDFF8381488
:109E8000DFF8C8241268C2F3800251F8221008409B
:109E900002BD80B5FFF7C6FFDFF81C14DFF8AC2465
:109EA0001268C2F3C00251F82210084002BD80B50A
:109EB000FFF7E6FDDFF80014DFF890241268C2F324
:109EC000402251F82210084002BD80B5FFF7D8FDAE
:109ED000DFF8E413DFF87C241268D20F51F8221067
:109EE000084002BD80B5FFF7B8FDDFF8CC13DFF8FE
:109EF00050241268C2F3801251F82210084002BDAB
:109F000080B5FFF7AAFDDFF8B013DFF8342412683C
:109F1000C2F3C01251F82210084002BD80B5FFF70D
:109F2000C2FDDFF89413DFF824241268C2F3005254
:109F300051F82210084002BD80B5FFF7B4FDDFF8EC
:109F40007813DFF808241268C2F3405251F8221047
:109F5000084002BD80B5FFF793FDDFF85C13DFF822
:109F6000EC231268C2F3805251F82210084002BD5F
:109F700080B5FFF798FDD049DFF8D0231268C2F30F
:109F8000C05251F82210084002BD80B5FFF78BFD8A
:109F9000C949DFF8B8231268C2F3006251F82210F1
:109FA000084002BD80B5FFF77EFDC349DFF89C2362
:109FB0001268C2F3406251F82210084002BD80B519
:109FC000FFF75EFDBC49DFF884231268C2F38022EC
:109FD00051F82210084002BD80B5FFF764FDB64974
:109FE000DFF868231268C2F3C02251F8221008403B
:109FF00002BD80B5FFF757FDAF49DFF85023126867
:10A00000C2F3003251F82210084002BD80B5FFF7BC
:10A010004AFDA949CD4A1268C2F3403251F82210D4
:10A02000084002BD80B5FFF72BFDA349C94A12685D
:10A03000C2F3006251F82210084002BD80B5FFF75C
:10A0400032FD9D49BE4A1268C2F3003251F8221017
:10A05000084002BD80B5FFF726FD9749B84A12684F
:10A06000C2F3403251F82210084002BD80B50020F2
:10A0700000F001F802BD80B5B948BA490968C1F3DA
:10A08000013150F82100804702BD80B5FFF7EEFF97
:10A090008949984A1268C2F3800251F82210084098
:10A0A00002BD80B5FFF7D9FC8349AA4A1268C2F302
:10A0B000405251F82210084002BD80B5FFF7F3FC72
:10A0C0007D498C4A1268C2F3802251F82210084060
:10A0D00002BD80B5FFF7E7FC77499D4A1268C2F3DD
:10A0E000002251F82210084002BD80B591489E49D7
:10A0F0000968C1F3046150F8210080479B4A8549F3
:10A100001368DB0F51F8231008401168C1F30041B8
:10A11000491CB0FBF1F002BD80B5FFF7E6FF6649D0
:10A120008C4A1268C2F3407251F82210084002BDF6
:10A1300080B5FFF705FC6049864A1268C2F30072D9
:10A1400051F82210084002BD80B5FFF786FC5A493D
:10A150007E4A1268D20F51F82210084002BD80B525
:10A16000744883490968C1F3036150F821008047AE
:10A17000804A68491368DB0F51F8231008401168C2
:10A18000C1F30241491CB0FBF1F002BD80B5FFF7FD
:10A190008AFC49496A4A126812F0010251F82210F9
:10A1A000084002BD80B5FFF77EFC4349514A126862
:10A1B000C2F3404251F82210084002BD80B5FFF7BB
:10A1C00072FC3D494B4A1268C2F3403251F82210EA
:10A1D000084002BD2DE9F041070000240025FFF7EB
:10A1E000C0FBB968C1F30233BE6806F0FF063969E7
:10A1F0004904490CB6FBF3FE03FB1E66DF0217EBB6
:10A200008337B0FBF7F207FB120C00283AD000FBB3
:10A210000EF8B8FBF0F8C64502D17446444300E09E
:10A22000012506FB00FEBEFBF0FE764508D1DFF8F7
:10A2300048E1744504D2B0FBF3F006FB004400E0B3
:10A240000125002A0CD001FB02F0B0FBF2F08142A4
:10A2500005D14948844202D201FB024400E00125B5
:10A2600000290FD001FB0CF0B0FBF1F0844508D1C0
:10A270004148844205D201FB0CF1B1FBF7F004190F
:10A2800000E00125EDB2002D00D000242000BDE843
:10A29000F0810000006CDC02BC9B4B00C0B20528C2
:10A2A00002D112480160FFE7704780B53349C0B260
:10A2B00051F82000804702BDB49B4B0030B400220F
:10A2C00000E0521C042A09D22D4B040013F832502E
:10A2D000E4B2AC42F5D103EBC200416030BC704740
:10A2E00064C0394008002D400C802C401C344020B4
:10A2F00004402D4014C32D4008002E4010002E4075
:10A300002434402000002E402034402004002E4001
:10A3100080002E40AC9B4B0084002E4004832D40D7
:10A3200008832D400C832D4010832D4014832D4035
:10A3300018832D40E4994B0084842D4088842D405F
:10A3400014C12D4044842D4048842D4018C32D4015
:10A350001CC32D4010C32D40C4832D40C8832D4005
:10A36000649A4B000480284044832D4048832D404C
:10A37000C4852D40C8852D4001404B4C749A4B003C
:10A38000FC33402070472DE9FF4704000020002CDB
:10A3900000F0998070492278092042438D5C227830
:10A3A0000920424301EB020006792278092042434A
:10A3B00001EB02004779694B22780920424301EB07
:10A3C0000200807800011844826894F800C00920D7
:10A3D00000FB0CFC01EB0C00807800011844C16804
:10A3E000606800281CD05023DFF874C103FB05F01F
:10A3F000604450F8260000EB870080689043D4F852
:10A4000004E0BEF1010E1EFA01F10A40024303FB13
:10A4100005F30CEB030050F8260000EB8700826088
:10A4200042F210736A4601A902A8FFF73DF95FF0F6
:10A430005008DFF82C9108FB05F0484450F826003E
:10A44000D0F83CA01AF0010A009A01A902A8FFF76F
:10A450003CF9BAF1010F03D10100C9B20029E6D0DD
:10A46000C0B200282AD16068002813D008FB05F08C
:10A47000484450F8260000EB870008FB05F509EB7F
:10A48000050151F8261001EB8701896851F0004160
:10A49000816018E008FB05F0484450F8260000EB06
:10A4A000870008FB05F509EB050151F8261001EBC3
:10A4B0008701896821F00041816004E02178012052
:10A4C000FFF7AFF8FFE7BDE8FF8710B4002825D0FD
:10A4D000214B027809214A439A5C047809214C43B4
:10A4E00003EB04014B794168002917D01D4C54F847
:10A4F000321001EB8301D1F8801051F0004131F4AA
:10A5000070214068401E000410F47020014354F88C
:10A51000320000EB8300C0F88010FFE710BC7047EA
:10A52000002818D00C4A037809214B43D25C4168BB
:10A53000002901D0416800E001210A4B53F83200A4
:10A54000806830F0FC40490611F0FC41084353F8A4
:10A5500032108860FFE77047588C4B0098904B0092
:10A56000B08F4B000C904B00704710B4002828D0DF
:10A57000374B027809214A439A5C047809214C43FD
:10A5800003EB040109794078002809D0314B5020B1
:10A59000424303EB020050F821000121416310E027
:10A5A00050202C4B00FB02F41C4454F82140424341
:10A5B00003EB020050F82100406B4008400060634C
:10A5C000FFE710BC70472DE9FE4304000020002C7B
:10A5D0003BD01F492278092042438D5C2278092014
:10A5E000424301EB02000679607800282DD0502705
:10A5F000DFF8608007FB05F0404450F82600012199
:10A60000816342F210736A4601A902A8FFF74CF871
:10A6100007FB05F0404450F82600D0F83C9019F0B4
:10A620000109009A01A902A8FFF74FF8B9F1010F3B
:10A6300003D10100C9B20029EAD0C0B2012804D177
:10A6400021780120FEF7EDFFFFE7BDE8F78300006A
:10A65000588C4B00B08F4B007047704700280ED0CD
:10A660004949027809204243885C484951F8202032
:10A6700012685208520051F820000260FFE770474C
:10A6800080B5002823D0404A037809214B43D25C8F
:10A690000189002916D0017B43891B0413F47F0331
:10A6A00053EAC173817B090111F0F0010B43417B37
:10A6B000090611F080710B4353F00103334951F83F
:10A6C00022100B6041680078FFF7E8FDFFE701BD4D
:10A6D0007FB505000020002D31D02B492A780920B4
:10A6E00042438E5C2889002829D0687B002826D028
:10A6F000287B00281ED142F210736A4601A902A8E5
:10A70000FEF7D2FF214850F826004468E40F009A73
:10A7100001A902A8FEF7D9FF002C03D10100C9B29C
:10A720000029EFD0C0B2002809D029780120FEF717
:10A7300078FF04E029780220FEF773FFFFE77FBD72
:10A74000114AC0B209214843105C104951F8202039
:10A7500012685208520051F8200002607047002829
:10A7600011D0094A037809214B43D15C00890128A3
:10A7700009D1064850F82120126852F0010250F821
:10A7800021000260FFE77047588C4B0004904B009B
:10A7900070477047FEB504000020002C00F0948044
:10A7A0004A494B4A23780920434302EB030080794E
:10A7B00001EBC0000578467847686088002841D0E2
:10A7C000444850F8251051F8261039427CD150F8F1
:10A7D000251050F8250050F82600384341F826008F
:10A7E0003D4850F82510096851F0010150F8252026
:10A7F000116050F82510496851F0010150F825000A
:10A800004160FFF736F842F210736A4601A902A8C8
:10A81000FEF74AFF009A01A902A8FEF756FF2F494A
:10A8200051F8251051F82610394203D10100C9B260
:10A830000029EFD0C0B2012846D121780120FEF7CF
:10A84000F0FE41E0234850F8251051F82610394217
:10A850003AD050F8251050F8250050F82600B8439B
:10A8600041F826001C4850F82510096851F00101F4
:10A8700050F82520116050F82510496851F0010169
:10A8800050F825004160FEF7F4FF42F210736A466B
:10A8900001A902A8FEF708FF009A01A902A8FEF785
:10A8A00014FF0E4951F8251051F82610394203D0F3
:10A8B0000100C9B20029EFD0C0B2012804D121782B
:10A8C0000120FEF7AEFEFFE7F7BD0000B8924B0097
:10A8D000588C4B0054904B0074904B0064904B008C
:10A8E00080B58DF80000C9B2012903D10020ADF870
:10A8F000020002E00120ADF802006846FFF74AFFBF
:10A9000001BDFEE77047704700280DD04088002841
:10A9100005D03E48016851F00101016004E03B4868
:10A92000016849084900016070473848016851F0E2
:10A93000010101607047354801684908490001601C
:10A94000704700280DD04088002805D030480168A5
:10A9500051F48071016004E02D48016831F4807188
:10A96000016070472A48016851F4807101607047A6
:10A970002748016831F4807101607047FEB5050019
:10A9800000240020002D40D06879012804D009D38C
:10A99000032805D002D305E0032403E0012401E0ED
:10A9A0000224FFE7002C30D01A4E3068400F0528F3
:10A9B00026D142F210736A4601A902A8FEF774FE7E
:10A9C0001548076817F00047009A01A902A8FEF78A
:10A9D0007CFEB7F1004F03D00100C9B20029EFD0CF
:10A9E000C0B2002807D130688008800014F003044A
:10A9F0002043306009E029780120FEF712FE04E0D0
:10AA000029780A20FEF70DFEFFE7F7BD08002D406C
:10AA10000C802C4064C0394088C12D40704770477D
:10AA200070477FB505007849784A2B00DBB20920D2
:10AA3000434302EB0300007A01EBC00046680020AC
:10AA400000F01CF93078C00720D542F210736A4636
:10AA500001A902A8FEF728FE346914F01004009A38
:10AA600001A902A8FEF731FE002C03D10100C9B2F2
:10AA70000029F1D0C0B2002804D02900C9B20120B9
:10AA8000FEF7CFFD30684008400030607069000973
:10AA900000017061306950F00300306100F006F988
:10AAA0007FBD80B5002802D00078FFF7BAFF01BD56
:10AAB000F0B40022002200220022002200220028FE
:10AAC00000F08380504B514C05780922554304EB2C
:10AAD0000502127A03EBC2035C684D4D55F8216004
:10AAE0004778426857408268574002785740BE42D4
:10AAF00068D0467842685640826856400278564090
:10AB000045F821604349444D2A68126C5E788E5D99
:10AB100002EBC60252684FF47A76B2FBF6F22D6869
:10AB20002D6C9B78C95C05EBC10149684FF47A73C1
:10AB3000B1FBF3F183684FF47A75B3FBF5F3002AA8
:10AB400040D000293ED0002B3CD0032505FB02F568
:10AB5000B5FBF1F56D1C052101FB02F1B1FBF3F131
:10AB60000931A94200D30D0005FB03F640F2F33191
:10AB700001FB06F140F2C73606FB02F6B1FBF6F721
:10AB800007FB16115FF00A0C0CFB01F1B1FBF6F6A6
:10AB90000CFB0766361D6B4340F2DD314B4340F240
:10ABA00009414A43B3FBF2F707FB12330CFB03F3F3
:10ABB000B3FBF2F10CFB0711C91E0CFB05F5656038
:10ABC000A660E16040686061FFE7F0BC704710B4C8
:10ABD000002817D00C4A0D4B047809214C4303EB95
:10ABE0000401097A02EBC10149684078002804D0C9
:10ABF000086850F00100086004E008684008400060
:10AC00000860FFE710BC70471C904B00588C4B004D
:10AC1000C0294020702940206C294020EFF310808B
:10AC20007047000038B5F5F736FE0400294D55F899
:10AC30002400002807D1FFF7F1FFC10700D472B646
:10AC4000254941F8240055F82400401C45F824000B
:10AC500031BD000080B5F5F71EFE1E4951F82020D9
:10AC6000521E41F820201C4A52F82020D20704D45A
:10AC700051F82000002800D162B601BD38B5F5F7C3
:10AC80000AFE0400154D55F82400002807D1FFF7EF
:10AC9000C5FFC10700D472B6114941F8240055F828
:10ACA0002400401C45F8240031BD000080B5F5F7B4
:10ACB000F2FD0A4951F82020521E41F82020084A8E
:10ACC00052F82020D20704D451F82000002800D1E7
:10ACD00062B601BDC8444020B8444020E84440204A
:10ACE000D8444020704702207047704710B40028B5
:10ACF0002AD06949027809204243885C002112E089
:10AD000052F830300C00E4B203EB840352F83020E8
:10AD10000C00E4B202EB8402D2F8802022F0004260
:10AD2000C3F88020491C5D4A0B0002EBC004247963
:10AD3000DBB2A342E4D352F83010096851F000416D
:10AD400052F830000160FFE710BC704730B40028B3
:10AD500052D0514A037809214B43D25C41880029E3
:10AD60004AD04E4B53F832108C684D490C408179D3
:10AD7000090311F4E0410C43817B0C4353F832107A
:10AD80008C6053F832100C6946490C4081894904A3
:10AD9000490C0C43817D890711F080410C4353F825
:10ADA00032100C61C47BA40714F08044017C490775
:10ADB00011F000510C43818A4905490D0C43458A25
:10ADC000394911EA0541214353F83240E160C07B23
:10ADD000002801D0002000E00120C00110F4C07064
:10ADE00053F83210886153F83200006820F00040B8
:10ADF00053F832100860FFE730BC70472DE9FF417F
:10AE000005000226002024492A00D2B2092042432C
:10AE10008F5CDFF8888058F837000068002820D45D
:10AE200042F210736A4601A902A8FEF73DFC58F8E9
:10AE300037004068C0F38004009A01A902A8FEF719
:10AE400044FC002C03D10100C9B20029EFD0C0B2EC
:10AE5000012807D101262900C9B20120FEF7E1FB34
:10AE600000E000263000C0B204B0BDE8F081002848
:10AE700011D0094A037809214B43D15C408801284D
:10AE800009D1064850F83120126822F0004250F8EB
:10AE900031000260FFE77047588C4B000C904B006C
:10AEA000008FFFFF0080FFBF0000FF037047F0B579
:10AEB0000200002000200020002A00F0BA805D4C33
:10AEC0005D4B157B09204543605D53F820301578B4
:10AED0000920454304EB0500C479584D55F821601D
:10AEE00017695068474010784740107B474090688A
:10AEF0004740BE4200F09D80166950684640107879
:10AF00004640107B46409068464045F821601069F5
:10AF10004B49B0FBF1F14B480068006C4A4D6D782D
:10AF200000EBC5004068464DB0FBF5F556689068EB
:10AF300046434648464340F6381000FB01F0B6FB56
:10AF4000F0F00600DFF808C1DCF80070B84202D269
:10AF50004048066814E0DCF81470874202D23D488D
:10AF600046690DE0012709E00CEB870E5EF804EC62
:10AF7000864502D2374E56F827607F1C062FF3D342
:10AF80005FF4FA1000FB01F006FB05F7B0FBF7F7E2
:10AF900017F580775FF4FA10B0FBF6F03F1A5FF018
:10AFA00080405FF0000C00E080088742FCD300285E
:10AFB0000CD010EB0C0E774504D3B7EB0C073F1AFF
:10AFC0001CEB400C5FEA5C0C8008F0E75FEA8C0C3D
:10AFD0001CF1BF0C5FEADC1C92686A430CFB06F7AD
:10AFE000B6460CFB06F61CF1010C0CFB06F67608C7
:10AFF00006F2E7364FF47A704143B1FBF5F0401E9C
:10B0000092B21A600C210EF0FF0E5EEA074E01FBB1
:10B0100004F21A44C2F804E00003000B01FB04F23E
:10B020001A4490603603360B4C4303EB0400C660B1
:10B03000FFE7F0BD588C4B0000904B00D02940201A
:10B0400040420F006C29402070294020A08601005A
:10B05000549C4B006C9C4B00704770B4002834D05B
:10B06000DFF86036027809214A439A5C04780921A6
:10B070004C4303EB04010979DFF84C4605780920BD
:10B08000454303EB05008078000120585023DFF88A
:10B090003C4603FB02F5254455F8215003FB02F61C
:10B0A000264456F82160366856F008062E6003FBE9
:10B0B00002F5254455F821505A43224452F82110F4
:10B0C000096831EA00002860FFE770BC70472DE98D
:10B0D000F84F84B004000020002C00F0BB80DFF8A3
:10B0E000E4152278092042438D5C227809204243EE
:10B0F00001EB02000679DFF8D805627830F81270AB
:10B10000DFF8C42523780920434301EB030080784E
:10B11000000152F8008023780920434301EB03002B
:10B12000807800011044406803905FF05009DFF818
:10B130009CA509FB05F0504450F82600406818EA29
:10B1400000000399C840874200F0848042F2107BDF
:10B150005B466A4601A902A8FEF7A6FA009A01A971
:10B1600002A8FEF7B2FA09FB05F1514451F8261086
:10B170004968C90303D50100C9B20029EED0C0B2A5
:10B18000002862D109FB05F0504450F82600016800
:10B1900031EA08010398874018EA07070F4357F080
:10B1A000040709FB05F0504450F8260007605B4691
:10B1B0006A4601A902A8FEF777FA009A01A902A837
:10B1C000FEF783FA09FB05F1514451F8261049684E
:10B1D000490703D40100C9B20029EED0C0B200284B
:10B1E0002ED15B466A4601A902A8FEF75DFA009AD5
:10B1F00001A902A8FEF769FA09FB05F1514451F8CB
:10B2000026104968C90303D50100C9B20029EED050
:10B21000C0B200280FD109FB05F50AEB050050F874
:10B2200026004068C0F34240012813D02178032053
:10B23000FEF7F7F90EE021780120FEF7F2F909E0B8
:10B2400021780120FEF7EDF904E021780120FEF7D6
:10B25000E8F9FFE705B0BDE8F08F70B4002834D0FE
:10B26000DFF86034027809214A439A5C04780921A6
:10B270004C4303EB04010979DFF84C4405780920BD
:10B28000454303EB05008078000120585023DFF888
:10B290003C4403FB02F5254455F8215003FB02F61C
:10B2A000264456F82160366856F008062E6003FBE7
:10B2B00002F5254455F821505A43224452F82110F2
:10B2C000096831EA00002860FFE770BC70472DE98B
:10B2D000F84F84B004000020002C00F0BB80DFF8A1
:10B2E000E4132278092042438D5C227809204243EE
:10B2F00001EB02000679DFF8D803627830F81270AB
:10B30000DFF8C42323780920434301EB030080784E
:10B31000000152F8008023780920434301EB030029
:10B32000807800011044406803905FF05009DFF816
:10B330009CA309FB05F0504450F82600406818EA29
:10B3400000000399C840874200F0848042F2107BDD
:10B350005B466A4601A902A8FEF7A6F9009A01A970
:10B3600002A8FEF7B2F909FB05F1514451F8261085
:10B370004968C90303D50100C9B20029EED0C0B2A3
:10B38000002862D109FB05F0504450F826000168FE
:10B3900031EA08010398874018EA07070F4357F07E
:10B3A000070709FB05F0504450F8260007605B468C
:10B3B0006A4601A902A8FEF777F9009A01A902A836
:10B3C000FEF783F909FB05F1514451F8261049684D
:10B3D000490703D40100C9B20029EED0C0B2002849
:10B3E0002ED15B466A4601A902A8FEF75DF9009AD4
:10B3F00001A902A8FEF769F909FB05F1514451F8CA
:10B4000026104968C90303D50100C9B20029EED04E
:10B41000C0B200280FD109FB05F50AEB050050F872
:10B4200026004068C0F34240012813D02178032051
:10B43000FEF7F7F80EE021780120FEF7F2F809E0B8
:10B4400021780120FEF7EDF804E021780120FEF7D5
:10B45000E8F8FFE705B0BDE8F08F2DE9FE4F0400E6
:10B460000020002C76D097492278092042438D5C39
:10B4700022780920424301EB0200067995482278A0
:10B48000875C914A23780920434301EB03008078CD
:10B49000000152F8008023780920434301EB0300A8
:10B4A000807800011044D0F804905FF0500ADFF873
:10B4B0001CB20AFB05F0584450F826000AFB05F1BF
:10B4C000594451F82610096851F00C01016042F20C
:10B4D00010736A4601A902A8FEF7E6F8009A01A9CE
:10B4E00002A8FEF7F2F80AFB05F1594451F82610BC
:10B4F0004968890303D50100C9B20029EED0C0B262
:10B50000002822D10AFB05F0584450F826000068B4
:10B5100030EA080017FA09F718EA070707430AFB99
:10B5200005F0584450F8260007600AFB05F058441F
:10B5300050F826000AFB05F50BEB050151F8261023
:10B54000096831F00C01016004E021780120FEF768
:10B5500068F8FFE7BDE8F78F2DE9F84F84B00400E5
:10B560000020002C00F096805649227809204243A2
:10B570008D5C22780920424301EB02000679544891
:10B58000627830F81270504A23780920434301EB67
:10B5900003008078000152F800802378092043439B
:10B5A00001EB0300807800011044406803905FF0D5
:10B5B0005009DFF818A109FB05F0504450F82600A7
:10B5C00009FB05F1514451F82610096851F00C01AE
:10B5D000016042F2107B5B466A4601A902A8FEF7B1
:10B5E00063F8009A01A902A8FEF76FF809FB05F1BC
:10B5F000514451F826104968890303D50100C9B2A6
:10B600000029EED0C0B200283FD109FB05F050441C
:10B6100050F82600016831EA08010398874018EACB
:10B6200007070F4309FB05F0504450F82600076058
:10B6300009FB05F0504450F8260009FB05F1514480
:10B6400051F82610096831F00C0101605B466A462A
:10B6500001A902A8FEF728F8009A01A902A8FEF79E
:10B6600034F809FB05F1514451F826104968890363
:10B6700003D40100C9B20029EED0C0B2012809D11B
:10B6800021780320FDF7CDFF04E021780120FDF7AC
:10B69000C8FFFFE705B0BDE8F08F80B5002801D0F6
:10B6A00000F001F801BD0C49407831F810100B4A48
:10B6B000106830F44050090311F440510843106001
:10B6C00070470000588C4B0098904B00B08F4B0097
:10B6D000688F4B00188F4B008C8F4B0004802840E4
:10B6E00010B501240100C9B2012902D0C0B200285E
:10B6F00001D1002405E02123012200217820F4F764
:10B7000029FA2000C0B210BD38B5012400229023D0
:10B7100005009BB2ADB2AB4220D32F4B0500ADB2BA
:10B720002D1133F8153010F00F059BB2EB40DB07FD
:10B7300014D52A4B9B6880B253F820000123934014
:10B740001840D040012801D100240EE0F0230A0067
:10B75000D2B200217820F4F7FDF906E00A230A00AE
:10B76000D2B200217820F4F7F5F92000C0B232BD42
:10B7700038B501240022902305009BB2ADB2AB4244
:10B7800020D3174B0500ADB22D1133F8153010F052
:10B790000F059BB2EB40DB0714D5104B9B6880B2C2
:10B7A00053F82000012393401840D040012801D1D4
:10B7B00000240EE0F0230A00D2B200217820F4F732
:10B7C000C9F906E00A230A00D2B200217820F4F772
:10B7D000C1F92000C0B232BD689F4B00E0654B004C
:10B7E0007C9F4B0038B5040000250021200080B26A
:10B7F000FFF7BEFFC0B2002804D1200080B200F0E5
:10B8000047F805002800C0B232BD38B504000D006D
:10B810000121200080B2FFF777FFC0B200280CD1D1
:10B820002800C0B2FFF75CFFC0B2002805D1290094
:10B83000C9B2200080B200F040F831BD38B5040034
:10B8400000251121200080B2FFF75EFFC0B2002862
:10B8500004D1200080B200F050F805002800C0B2EA
:10B8600032BDFEE70022424AC0B252F820000A0070
:10B8700092B29208920089B2C94311F003011143B8
:10B88000091811F5A851087810F00100C0B27047EE
:10B8900080B501000020080080B20009354AC0B21E
:10B8A000105C354A0300DBB2D25C1201891A89B2FE
:10B8B000C0B2FFF7D7FFC0B202BD10B4020092B20F
:10B8C00012092C4BD2B29A5C2B4B1400E4B21B5DD4
:10B8D0001B01C01A264BD2B253F8222003009BB2A0
:10B8E0009B089B0080B2C04310F0030018438018EF
:10B8F00010F59850017010BC704738B50400002056
:10B90000200080B200091B49C0B20D5C1A48290012
:10B91000C9B2405C0001241A00F034F8210089B259
:10B920002800C0B2FFF79EFFC0B2002801D101205D
:10B9300000E000200E492A00D2B251F82210220065
:10B9400092B29208920023009BB2DB4313F00303F0
:10B950001A43511811F59851087000F02BF8210086
:10B9600089B22800C0B2FFF77DFFC0B232BD00002F
:10B97000D0344020B49C4B00C89F4B00EFF31080A4
:10B980007047000038B5F4F786FF0400134D55F8F2
:10B990002400002807D1FFF7F1FFC10700D472B6D9
:10B9A0000F4941F8240055F82400401C45F82400B4
:10B9B00031BD000080B5F4F76EFF084951F8202032
:10B9C000521E41F82020064A52F82020D20704D403
:10B9D00051F82000002800D162B601BD8844402003
:10B9E0007844402010B5104C2068D0F8B001C00752
:10B9F00009D52068D0F8AC0110F0817F03D00C216C
:10BA0000002000F03DF82068D0F8D001C00709D52B
:10BA10002068D0F8CC0110F0817F03D00D210020E8
:10BA200000F02EF810BD000000404020C9B24901CE
:10BA30000844C06A400C10F001007047C9B24901C7
:10BA40000844006BC00FC0B27047C9B24901084436
:10BA5000006BC00B10F0010070470A00D2B2520117
:10BA60000244126B52F00102C9B249010844026358
:10BA70007047C9B249010844006B10F001007047DB
:10BA80002DE9F04104000D0018264A4F4A482100D4
:10BA9000C9B2714339442A00D2B2895C405C0028A3
:10BAA00027D1DFF818812900C9B22000C0B258F8A8
:10BAB0002000FFF7C3FF012813D02900C9B22000DE
:10BAC000C0B258F82000FFF7D4FF012809D02900A0
:10BAD000C9B22000C0B258F82000FFF7B6FF012815
:10BAE00007D12900C9B2E4B258F82400FFF7B5FF26
:10BAF0005DE0DFF8C8802900C9B22000C0B258F864
:10BB00002000FFF793FF012851D12900C9B220007E
:10BB1000C0B258F82000FFF791FF012813D0290088
:10BB2000C9B22000C0B258F82000FFF7A2FF0128D8
:10BB300009D02900C9B22000C0B258F82000FFF790
:10BB400084FF012833D12900C9B22000C0B258F8BF
:10BB50002000FFF782FF1A492000C0B2704338442A
:10BB60002A00D2B2805C51F82000006800281ED064
:10BB700014482200D2B272433A442B00DBB2D25CAA
:10BB8000805C012813D12000C0B2704338442A00E1
:10BB9000D2B2805C51F820000079E4B2744307EB24
:10BBA0000402EDB2525D51F8221009688847BDE8E1
:10BBB000F081000068344020B02A4020909F4B0064
:10BBC0003C2A4020A42A40200068400F10F00100C9
:10BBD00070478368D2B2012A01D1002200E001221D
:10BBE00012F0010212FA01F119438160704792B21A
:10BBF000C9B2490108440262704792B2C9B2490110
:10BC0000084442627047D2B2002A01D1002200E00B
:10BC10000122D2B20B00DBB25B010344DB6A62F3A8
:10BC2000DF73C9B249010844C3627047D2B2002A27
:10BC300001D1002200E00122D2B20B00DBB25B0195
:10BC40000344DB6A62F39E73C9B249010844C362CC
:10BC500070470B00DBB25B010344DB6A62F31D73C8
:10BC6000C9B249010844C3627047D2B2002A01D167
:10BC7000002200E00122D2B20B00DBB25B010344E0
:10BC8000DB6A62F35963C9B249010844C362704771
:10BC9000D2B2002A01D1002200E00122D2B20B0070
:10BCA000DBB25B010344DB6A62F31863C9B249018A
:10BCB0000844C3627047D2B2002A01D1002200E0DA
:10BCC0000122D2B20B00DBB25B010344DB6A62F3F8
:10BCD0005143C9B249010844C36270470B00DBB24B
:10BCE0005B010344DB6A62F34A23C9B24901084499
:10BCF000C3627047C9B249010844C06A400A10F0E3
:10BD00000300002803D0022805D002D305E000205C
:10BD100004E0012002E0022000E00320C0B27047EE
:10BD2000C9B2002903D0022903D004D306E01720AA
:10BD300005E0162003E010F0F80000E0FF20C0B29C
:10BD40007047D2B20B00DBB25B010344DB6A62F3E3
:10BD5000C713C9B249010844C36270470B00DBB284
:10BD60005B010344DB6A62F30603C9B2490108447C
:10BD7000C362704710B40C00E4B264010444E46A86
:10BD8000240A2402DBB2DB0113F080032343D2B286
:10BD900012F07F021A43C9B249010844C26210BCC2
:10BDA0007047C9B249010844C06A10F07F001028EA
:10BDB00008D0122808D0142808D0502808D05428B9
:10BDC00008D009E0102008E0122006E0142004E06A
:10BDD000502002E0542000E00020C0B270470A006A
:10BDE000D2B252010244126B52F00102C9B24901AF
:10BDF0000844026370470B00DBB25B0103445B6BDA
:10BE000062F30F03C9B249010844436370470B0052
:10BE1000DBB25B0103449B6B62F31343C9B249017C
:10BE2000084483637047D2B20B00DBB25B0103446A
:10BE30009B6B62F38E33C9B2490108448363704738
:10BE400010B4030000201400E4B2052C0DDADFF872
:10BE5000C04BDBB21420434304EB0300D2B250F8D2
:10BE60002200C84010F00100FFE7C0B210BC7047CC
:10BE700070B504000D0016002000C0B2022801D2E7
:10BE8000012000E00020C0B2F2F7CAFE2800C0B2D4
:10BE9000182801D2012000E00020C0B2F2F7C0FE55
:10BEA00000203100C9B22800C0B2FFF739FF0500F9
:10BEB0002800C0B2FF2801D0012000E00020C0B25D
:10BEC000F2F7AEFE2900C9B22000C0B2FDF702F8B9
:10BED00080B270BD80B5DFF83C3BC0B253F82000A3
:10BEE0001023D2B2002A03D0022A0AD004D30CE0D5
:10BEF0001721FFF756FF09E011F0F801FFF751FF96
:10BF000004E01621FFF74DFF00E00020C0B202BDA3
:10BF10002DE9F04105000C00002C01D0012000E0CB
:10BF20000020C0B2F2F77CFE2800C0B2022801D285
:10BF3000012000E00020C0B2F2F772FE207818283D
:10BF400001D2012000E00020C0B2F2F769FE607863
:10BF5000602802D06078622801D1012000E0002032
:10BF6000C0B2F2F75DFE022221782800C0B2FFF7CE
:10BF700067FF012801D1012000E00020C0B2F2F7E4
:10BF80004FFEA27821782800C0B2FFF7A3FF502807
:10BF900001D1012000E00020C0B2F2F741FEA278FA
:10BFA00021782800C0B2FFF763FF80B2218BE28ABC
:10BFB0005118884201DB012000E00020C0B2F2F7F6
:10BFC0002FFE208BE18A0818B0F5803F01D20120B6
:10BFD00000E00020C0B2F2F723FEDFF8380A2900A3
:10BFE000C9B250F82160DFF8F87A5FF01808DFF87E
:10BFF000F40A2900C9B208FB01F139442278895CAE
:10C00000228B20F81120A27821783000FFF766FEFD
:10C01000228B21783000FFF7EAFD228BE08A82181C
:10C0200092B221783000FFF7E8FDA08AE18A8842C9
:10C0300010D1DFF8B40A2900C9B208FB01F1394474
:10C040002278895C01224254227A21783000FFF75D
:10C0500078FE27E0E08A002802D0E08A012816D185
:10C06000DFF8840A2900C9B208FB01F139442278BB
:10C07000895C01224254207A012801D1002200E08B
:10C080000122D2B221783000FFF75BFE0AE0DFF830
:10C09000580A2900C9B208FB01F139442278895CA9
:10C0A00000224254627821783000FFF757FE227A4E
:10C0B00021783000FFF745FEDFF8300AEDB208FBCB
:10C0C00005F507EB05012278895CE28A20F811204A
:10C0D000BDE8F0812DE9F84F050016002800C0B238
:10C0E000022801D2012000E000200C00C0B2F2F7CB
:10C0F00097FD2000C0B2182801D2012000E00020E6
:10C10000C0B2F2F78DFDDFF80C092900C9B250F872
:10C1100021A05FF000092100C9B25046FFF7EAFDF7
:10C120000200D2B22100C9B22800C0B2FFF7A0FEBF
:10C130001827DFF8AC89DFF8ACB9010089B22A0012
:10C14000D2B27A4342442300DBB2D25C3BF81220E5
:10C1500012FA86F2914202DA5FF0010966E03100DC
:10C1600089B2002916D100222100C9B25046FFF73A
:10C17000A2FD2100C9B25046FFF731FEDFF8680981
:10C180002900C9B2794341442200D2B2895C01221C
:10C1900042543BE0310089B280B2814216D1002284
:10C1A0002100C9B25046FFF786FD2100C9B25046B2
:10C1B000FFF715FEDFF830092900C9B27943414481
:10C1C0002200D2B2895C012242541FE0DFF8180934
:10C1D0002900C9B2794341442200D2B2895C0022CD
:10C1E0004254DFF80C092900C9B2794341442200C6
:10C1F000D2B2895C405C002801D0012200E000221C
:10C20000D2B22100C9B25046FFF755FD2800C0B296
:10C21000784340442100C9B2405C3BF81020921999
:10C2200092B22100C9B25046FFF7E7FCDFF8BC0824
:10C23000EDB27D4308EB0501E4B2095D20F8116021
:10C24000484600B2BDE8F28F2DE9F84F0C00002CF3
:10C2500001D0012100E0002106000800C0B2F2F781
:10C26000DFFC3000C0B2022801D2012000E0002033
:10C27000C0B2F2F7D5FC2078182801D2012000E0E6
:10C280000020C0B2F2F7CCFC6078262801D1012052
:10C2900000E00020C0B2F2F7C3FC03222178300096
:10C2A000C0B2FFF7CDFD012801D1012000E0002040
:10C2B000C0B2F2F7B5FCA27821783000C0B2FFF727
:10C2C00009FE50280FD0A27821783000C0B2FFF7C5
:10C2D00001FE102807D0A27821783000C0B2FFF705
:10C2E000F9FD122801D1012000E00020C0B2F2F7D0
:10C2F00097FCDFF820073100C9B250F82170A2780E
:10C3000021783000C0B2FFF7B3FD80460020002046
:10C310004046218B80B2884201D3012000E00020FA
:10C32000C0B2F2F77DFC40464FF6FF7180B2884202
:10C3300001D0012000E00020C0B2F2F771FC4046BD
:10C3400080B2401CE18A884201D3012000E0002035
:10C35000C0B2F2F765FC4046A18B80B2884201D39F
:10C36000012000E00020C0B2F2F75AFCA278217848
:10C370003000C0B2FFF7AEFD502802D15FF00109D6
:10C3800001E05FF000094046E18A80B2884210D1A6
:10C39000E58A6D1CDFF85017DFF844273300DBB265
:10C3A0001820434302EB03002278805C01220A54E8
:10C3B0002DE0E08A002803D0404680B200280FD14B
:10C3C000258BDFF82417DFF818273300DBB218209D
:10C3D000434302EB03002278805C01220A5416E0FA
:10C3E000208BE18A08184546ADB290FBF5F105FBBC
:10C3F0001105DFF8F416DFF8E8263300DBB2182069
:10C40000434302EB03002278805C00220A54DFF8E9
:10C41000D0A65FF0180BDFF8CC063100C9B20BFBD9
:10C4200001F151442278895C228B52FA89F220F87A
:10C430001120A27821783800FFF750FC208B50FAA9
:10C4400089F292B221783800FFF7D1FB55FA89F2D0
:10C4500092B221783800FFF7D0FBA08B50FA89F216
:10C4600092B221783800FFF7C6FCE08A1FFA88F8FC
:10C4700080450BD1207A012801D1002200E0012261
:10C48000D2B221783800FFF75CFC04E0227A2178F0
:10C490003800FFF756FC627821783800FFF75EFC21
:10C4A000227A21783800FFF74CFCDFF84006F6B21C
:10C4B0000BFB06F60AEB06012278895CE28A20F87B
:10C4C0001120BDE8F18F2DE9F0470600150030007E
:10C4D000C0B2022801D2012000E000200C00C0B24E
:10C4E000F2F79EFB2000C0B2182801D2012000E024
:10C4F0000020C0B2F2F794FBDFF818053100C9B292
:10C5000050F8218000272100C9B24046FFF7F2FB16
:10C510000200D2B22100C9B23000C0B2FFF7A8FCBD
:10C5200001002A0089B292B2914201D201279AE019
:10C5300001002A0089B292B2914221D10022210049
:10C54000C9B24046FFF7B7FB2100C9B24046FFF72A
:10C5500046FC6A1C92B22100C9B24046FFF74DFB6F
:10C56000DFF88415DFF878253300DBB21820434369
:10C5700002EB03002200D2B2805C01220A5472E076
:10C58000290089B200292DD100222100C9B24046DC
:10C59000FFF791FB2100C9B24046FFF720FC5FF096
:10C5A0001809DFF83CA5DFF84C053100C9B209FBDA
:10C5B00001F151442200D2B2895C30F811202100EF
:10C5C000C9B24046FFF719FBDFF81C053100C9B2BC
:10C5D00009FB01F90AEB09012200D2B2895C0122B0
:10C5E000425440E05FF01809DFF8F4A4DFF80415C6
:10C5F0003200D2B209FB02F252442300DBB2D25C19
:10C6000031F8121011FA85F180B291FBF0F200FBC3
:10C610001210020092B22100C9B24046FFF7EDFAB3
:10C62000DFF8C4043100C9B209FB01F15144220012
:10C63000D2B2895C00224254DFF8B4043100C9B29E
:10C6400009FB01F90AEB09012200D2B2895C405CC6
:10C65000002801D0012200E00022D2B22100C9B29C
:10C660004046FFF728FBDFF88414DFF87424F6B2A5
:10C670001820464302EB0600E4B2005D21F810509A
:10C68000380000B2BDE8F08770B504000D00DFF897
:10C6900084032100C9B250F821602879FF2809D00D
:10C6A000012229783000FFF7C1FA2A792978300071
:10C6B000FFF7CFFA687A002818D0687A012810D1DD
:10C6C000DFF83414DFF818242300DBB218204343CA
:10C6D00002EB03002A78805C15F10C0241F820205F
:10C6E00004E0012229783000FFF7D2FA6878262882
:10C6F00009D0602801D062280BD129002000C0B2E7
:10C70000FFF706FC05E029002000C0B2FFF79CFD02
:10C71000FFE770BD2DE9F04105000C00002C01D0B1
:10C72000012000E00020C0B2F2F77AFA2800C0B27F
:10C73000022801D2012000E00020C0B2F2F770FA16
:10C74000607A012808D1E068002801D0012000E0CB
:10C750000020C0B2F2F764FADFF8B8822800C0B255
:10C7600058F82070A1782078FFF7DAFA0600280040
:10C77000C0B258F820002178490108440021C16264
:10C78000012221783800FFF724FA3800FFF71CFA5D
:10C79000002806D1E078012803D10020F2F740FA02
:10C7A00004E0E27821783800FFF72DFA2100280014
:10C7B000C0B2FFF769FFE27921783800FFF733FB59
:10C7C000627921783800FFF722FB012221783800B6
:10C7D000FFF74BFA1820DFF80813DFF820232B00AF
:10C7E000DBB243430B442778DB5D6778D754DFF82F
:10C7F00010232B00DBB243430B442778DB5D6778C3
:10C80000D754DFF814242B00DBB243430B442478C5
:10C810001B5D0124D4543300DBB2182B10D22B0043
:10C82000DBB243430B443400E4B21B5DEDB245433D
:10C8300001EB0500F6B2805D105C401CD054FFE7B0
:10C84000BDE8F0812DE9F04704000D002000C0B2E2
:10C85000022801D2012000E00020C0B2F2F7E0F986
:10C860002800C0B2182801D2012000E00020C0B288
:10C87000F2F7D6F967482100C9B250F821A0290083
:10C88000C9B25046FFF736FA81464946C9B2280078
:10C89000C0B2FFF745FA060000202900C9B24901DD
:10C8A000514488632800C0B240015044C06A00F07F
:10C8B000FF002900C9B249015144C8621827DFF8B6
:10C8C0002082DFF83C022100C9B2794341442A00AA
:10C8D000D2B2895C405C262805D100222900C9B269
:10C8E0005046FFF788FADFF808022100C9B2794301
:10C8F00041442A00D2B2895C00224254DFF8181366
:10C900002000C0B278434044EDB2405D00220A549A
:10C910005FFA89F9B9F1030F1ED03000C0B21828B0
:10C920001AD22000C0B2784340443200D2B2805CB8
:10C93000085C002810D02000C0B278434044320088
:10C94000D2B2805CE4B27C4308EB0402F6B2925DA2
:10C950008A5C521E0A54FFE7BDE8F087F8B5040070
:10C960000D002000C0B2022801D2012000E000200A
:10C97000C0B2F2F755F92800C0B2182801D2012040
:10C9800000E00020C0B2F2F74BF922482100C9B202
:10C9900050F82100FF2100211821514ADFF8783298
:10C9A0002600F6B24E4316442F00FFB2F65D9B5DA3
:10C9B000022B0BD1DFF844312600F6B201FB06F161
:10C9C00011442A00D2B2895C595C0AE0DFF83031A8
:10C9D0002600F6B201FB06F111442A00D2B2895CAE
:10C9E000595CC9B2262903D0602901D062290CD133
:10C9F0002900C9B2FFF77EF90200D2B22900C9B2FC
:10CA00002000C0B2FFF734FA00E0002080B2F2BD8F
:10CA100028344020909F4B00F8B504000E0015000C
:10CA20002000C0B2022801D2012000E00020C0B2E4
:10CA3000F2F7F6F83000C0B2182801D2012000E069
:10CA40000020C0B2F2F7ECF80020FF2018202449A3
:10CA5000DFF8C4212300DBB243430B443700FFB2AD
:10CA6000DB5DD25C022A0BD1DFF890202300DBB221
:10CA700000FB03F008443100C9B2405C175C0AE0D7
:10CA8000DFF87C202300DBB200FB03F00844310018
:10CA9000C9B2405C175C00F0BFF9FFB2262F0DD081
:10CAA000602F01D0622F13D12A0092B23100C9B297
:10CAB0002000C0B2FFF70EFB04000BE02A0092B288
:10CAC0003100C9B22000C0B2FFF7FDFC040001E054
:10CAD0004FF4406400F0BAF9200000B2F2BD00004B
:10CAE00068344020682A4020982A4020802A40202C
:10CAF000A42A4020682A40203C2A4020503440206C
:10CB00005C3440202DE9F04104000D0016002000A7
:10CB1000C0B2022801D2012000E00020C0B2F2F72A
:10CB20007FF82800C0B2182801D2012000E00020C0
:10CB3000C0B2F2F775F8DFF8C4022100C9B250F8AC
:10CB4000217000F099F92900C9B23800FFF747F9C0
:10CB5000F6B2002E42D0022E26D059D21826DFF887
:10CB6000A082DFF8A0022100C9B2714341442A002B
:10CB7000D2B2895C405C002815D101222900C9B2DB
:10CB80003800FFF798F800222900C9B23800FFF7F3
:10CB90007FF8DFF87402E4B2744308EB0401EDB2ED
:10CBA000495D0122425433E001222900C9B2380014
:10CBB000FFF781F801222900C9B23800FFF768F8B1
:10CBC000DFF84412DFF83822E4B21820444302EBC5
:10CBD0000400EDB2405D01220A5419E00022290050
:10CBE000C9B23800FFF767F800222900C9B238003F
:10CBF000FFF74EF8DFF81012DFF80422E4B2182035
:10CC0000444302EB0400EDB2405D00220A54FFE70A
:10CC100000F04CF9BDE8F081B02A40202DE9F04148
:10CC200005000C0016002800C0B2022801D2012025
:10CC300000E00020C0B2F1F7F3FF2000C0B21828D6
:10CC400001D2012000E00020C0B2F1F7E9FFDFF8D7
:10CC5000AC012900C9B250F8217000F03DF9F6B2DC
:10CC6000002E06D100222100C9B23800FFF769F872
:10CC700005E001222100C9B23800FFF762F8012265
:10CC80002100C9B23800FFF769F81826DFF8708173
:10CC9000DFF864012900C9B2714341442200D2B2D5
:10CCA000895C0122425400222100C9B23800FFF7FA
:10CCB00002F82100C9B23800FFF791F8DFF84C0103
:10CCC000EDB2754308EB0501E4B2095D022242545E
:10CCD00000F01CF9BDE8F0812DE9F04107000C00DF
:10CCE00016001D003800C0B2022801D2012000E069
:10CCF0000020C0B2F1F794FF2000C0B2182801D282
:10CD0000012000E00020C0B2F1F78AFFDFF8EC005C
:10CD10003900C9B250F8218000F00EF9DFF8D810C0
:10CD2000DFF8DC20FFB21820474302EB07002200A7
:10CD3000D2B2805C085C012837D1069A1000C0B2DC
:10CD4000602801D062280DD1D2B22100C9B240467C
:10CD5000FFF704F82A00D2B22100C9B24046FEF71C
:10CD6000F0FF22E0B6B2B6F5004F15D12800C0B2F0
:10CD7000012801D1002300E00123DBB2D2B221005F
:10CD8000C9B24046FEF7F6FF2A00D2B22100C9B26E
:10CD90004046FEF7D6FF07E02B00DBB2D2B22100FF
:10CDA000C9B24046FEF7E6FFFFE700F0DFF8BDE856
:10CDB000F08138B504000D002000C0B2022801D275
:10CDC000012000E00020C0B2F1F72AFF2800C0B225
:10CDD000182801D2012000E00020C0B2F1F720FFA6
:10CDE0000549074AE4B21820444302EB0400EDB2BF
:10CDF000405D085CC0B232BD5C344020909F4B0067
:10CE000068344020982A4020A42A4020B02A40209C
:10CE1000EFF310807047000038B5F3F73CFD0400D5
:10CE2000DFF8745155F82400002808D1FFF7F0FF0F
:10CE3000C10700D472B6DFF8641141F8240055F838
:10CE40002400401C45F8240031BD000080B5F3F7F4
:10CE500022FDDFF8441151F82020521E41F8202015
:10CE6000DFF8382152F82020D20704D451F82000EE
:10CE7000002800D162B601BD38B5F3F70CFD0400FF
:10CE8000DFF81C5155F82400002808D1FFF7C0FF37
:10CE9000C10700D472B6DFF80C1141F8240055F830
:10CEA0002400401C45F8240031BD000080B5F3F794
:10CEB000F2FCDFF8EC1051F82020521E41F820203F
:10CEC000DFF8E02052F82020D20704D451F82000E7
:10CED000002800D162B601BD38B5F3F7DCFC0400D0
:10CEE000DFF8C45055F82400002808D1FFF790FF60
:10CEF000C10700D472B6DFF8B41041F8240055F829
:10CF00002400401C45F8240031BD000080B5F3F733
:10CF1000C2FCDFF8941051F82020521E41F8202066
:10CF2000DFF8882052F82020D20704D451F82000DE
:10CF3000002800D162B601BD38B5F3F7ACFC04009F
:10CF4000DFF86C5055F82400002808D1FFF760FF87
:10CF5000C10700D472B6DFF85C1041F8240055F820
:10CF60002400401C45F8240031BD000080B5F3F7D3
:10CF700092FCDFF83C1051F82020521E41F820208E
:10CF8000DFF8302052F82020D20704D451F82000D6
:10CF9000002800D162B601BD08454020F844402079
:10CFA000284540201845402048454020384540202D
:10CFB0006845402058454020F8B505000E00140093
:10CFC0002F003FB2042F01DB012000E00020C0B29F
:10CFD000F1F744FED52F01DA012000E00020C0B2B5
:10CFE000F1F73CFE524F38685249884201D3012084
:10CFF00000E00020C0B2F1F731FE3868002C05D007
:10D00000290009B200EB8101096C21602DB200EB0F
:10D0100085000664BFF36F8FBFF34F8FF1BD10B56E
:10D020000400200000B2002801D4012000E000200C
:10D03000C0B2F1F713FE200000B2D52801DA0120BA
:10D0400000E00020C0B2F1F709FE012114F01F003A
:10D050008140394824B2640940F8241010BD10B54D
:10D060000400200000B2002801D4012000E00020CC
:10D07000C0B2F1F7F3FD200000B2D52801DA01209B
:10D0800000E00020C0B2F1F7E9FD012114F01F001B
:10D0900081402A4824B2640940F8241010BD38B5F4
:10D0A00004000D00200000B2042801DB012000E094
:10D0B0000020C0B2F1F7D2FD200000B2D52801DA7D
:10D0C000012000E00020C0B2F1F7C8FD2800C0B286
:10D0D000102801DA012000E00020C0B2F1F7BEFD07
:10D0E0000420EDB28540164824B2055531BD10B577
:10D0F0000400200000B2002801D4012000E000203C
:10D10000C0B2F1F7ABFD200000B2D52801DA012052
:10D1100000E00020C0B2F1F7A1FD012114F01F00D2
:10D120008140084824B2640940F8241010BD000072
:10D1300008ED00E00000002000E100E080E100E0F8
:10D1400000E400E080E200E038B50400002C01D0EB
:10D15000012000E00020C0B2F1F780FD20685528D2
:10D1600001D2012000E00020C0B2F1F777FD0025D8
:10D1700029E0606830F9350000F034F822E060689A
:10D1800030F9350000F039F8606800EBC500C1786F
:10D19000606830F9350000F02AF80022606800EB82
:10D1A000C5004168606830F9350000F011F860682A
:10D1B00000EBC50080780028DBD0606830F93500CE
:10D1C00000F00BF86D1C20688542D8D3002032BDDA
:10D1D00080B500B2FFF7F0FE01BD80B500B2FFF7E9
:10D1E0001EFF01BD80B500B2FFF739FF01BD80B55C
:10D1F000C9B200B2FFF753FF01BD80B500B2FFF71F
:10D2000076FF01BDDFF8B8160161DFF8B81641619D
:10D210000021816170478269C9B2002901D00121D2
:10D2200000E0002132F4002252EAC14282617047DC
:10D230008269C9B2002901D0012100E0002132F445
:10D24000802252EA814282617047026961F30C02D6
:10D2500002617047026961F31C62026170470169F3
:10D2600051F400310161704710B40B00DBB21400BF
:10D27000E4B2002C00D05B1C032B04D1016951F0F7
:10D28000005101611AE0C9B200290CD1D2B2002AC2
:10D2900004D0816931F4016181610BE0816951F44D
:10D2A0000061816106E05B1E816931F0100151EA85
:10D2B00003118161016931F00051016110BC7047B7
:10D2C000826932F002020B00DBB25B085B001A439A
:10D2D0008261C9B2826961F30002826170470269AA
:10D2E00032F40052C9B252EA41320261704710B4BE
:10D2F0008369D2B2002A01D0012200E00022012479
:10D300008C40A34312FA01F11943816110BC7047AC
:10D3100000228069C84010F00100C0B270471C3084
:10D320000170704710B410F11C030A0092B2120A87
:10D3300012F00102846934F08044D2B254EA82745B
:10D340008461197010BC704730B410F11C050A00DC
:10D3500092B2120A12F001020B009BB25B0A13F0A8
:10D360000103846934F08044D2B254EA8274DBB29F
:10D3700063F3DF748461297030BC7047C069C0B248
:10D38000704701008869C00F0002C969C9B208432B
:10D3900080B2704701008869400D10F400708A69FE
:10D3A000D20F50EA0220C969C9B2084380B270475F
:10D3B00000224069C84010F00100C0B27047C9B2F5
:10D3C00010291ED02CD312290BD012D3142920D00F
:10D3D00026D24269DFF840150A4052F40022426129
:10D3E0001EE04269DFF830150A4052F480224261A3
:10D3F00016E04269DFF820150A4052F4003242611B
:10D400000EE04269DFF810150A4052F480324261A2
:10D4100006E04269DFF800150A4052F480124261CA
:10D4200070475FF470224369DFF8EC140B401A4335
:10D4300042617047F8B504000D0016001F00380067
:10D44000C0B2F4F755FA20603900C9B23000F4F7E1
:10D4500071FA2860F1BD70B50C00150000261900A6
:10D46000C9B2F4F755FA2168401820602068A84234
:10D4700000D301263000C0B270BD816A51F48041F2
:10D4800081627047082181627047F8B505000C0081
:10D490002800C0B2042801D2012000E00020C0B260
:10D4A000F1F7F0FB002C01D0012000E00020C0B219
:10D4B000F1F7E8FBDFF87C752800C0B257F82000D0
:10D4C00000286ED10120F1F7DDFB207A212801D25E
:10D4D000012000E00020C0B2F1F7D4FB6068B0F595
:10D4E000005F04D26068002801D0012000E0002025
:10D4F000C0B2F1F7C7FBDFF89C052900C9B250F8AC
:10D500002160A0692900C9B247F821002800C0B2F3
:10D5100057F82070DFF8AC05EDB240F825403D002B
:10D52000E07A032802D1607A002801D1012000E0CE
:10D530000020C0B2F1F7A6FB002002E00021295430
:10D54000401C1828FAD33000FFF75CFE207A082828
:10D5500002D23000FFF783FE217A491E3000FFF728
:10D5600079FE61683000FFF770FE607A002805D010
:10D570000122E17A3000FFF777FE04E00022E17A31
:10D580003000FFF771FE617A3000FFF799FEA17A53
:10D590003000FFF7A4FE0020B8750020F875206861
:10D5A0003860F1BDFEB504002000C0B2042801D2ED
:10D5B000012000E00020C0B2F1F764FB00200090E1
:10D5C000DFF8D0042100C9B250F82150DFF86464BC
:10D5D0002000C0B256F820702000C0B256F82000DB
:10D5E000002801D0012000E00020C0B2F1F74AFB82
:10D5F0000023002201A902A8FFF71CFF387D0028A4
:10D6000002D1787D002807D00023019A694602A83C
:10D61000FFF721FF0028F1D00023019A694602A8F4
:10D62000FFF719FF002801D0012027E00022172171
:10D630002800FFF75CFE002216212800FFF757FEA6
:10D64000002215212800FFF752FE00221B2128008E
:10D65000FFF74DFE002218212800FFF748FE0022A8
:10D660001A212800FFF743FE002219212800FFF7A6
:10D670003EFE0020E4B246F824000020C0B2FEBD09
:10D680002DE9F04780460D0016004046C0B2042840
:10D6900001D2012000E00020C0B2F1F7F3FA002D22
:10D6A00001D0012000E00020C0B2F1F7EBFA002E1B
:10D6B00001D0012000E00020C0B2F1F7E3FA5FF0F2
:10D6C0000009DFF800044146C9B250F82140DFF8F4
:10D6D00064034146C9B250F821705FF0000A002F80
:10D6E00001D0012000E00020C0B2F1F7CBFA00F039
:10D6F0004BFC387D002805D000F05EFC5FF002098D
:10D700005FF0010A5FFA8AFABAF1000F21D1012015
:10D71000387500F051FC002C01D0012000E0002001
:10D72000C0B2F1F7AFFA207B012802D0207B00289D
:10D7300001D1012000E00020C0B2F1F7A3FA207B64
:10D74000012806D1320029004046C0B200F08DFA0F
:10D7500081464846C0B2BDE8F08770B506000C00AF
:10D760003000C0B2042801D2012000E00020C0B285
:10D77000F1F788FADFF8BC023100C9B250F8215045
:10D78000DFF81806F6B250F82660002D01D001200F
:10D7900000E00020C0B2F1F775FA002E01D00120A0
:10D7A00000E00020C0B2F1F76DFA002C12D0307BFF
:10D7B00001280FD100F040FCAE7D287D002804D068
:10D7C000E868206000F050FC09E00020206000F0D4
:10D7D0004BFC04E000F030FCAE7D00F045FC300076
:10D7E000C0B270BD2DE9F04780460D0016004046DE
:10D7F000C0B2042801D2012000E00020C0B2F1F73D
:10D8000041FA002D01D0012000E00020C0B2F1F764
:10D8100039FA002E01D0012000E00020C0B2F1F75B
:10D8200031FA5FF00009DFF89C024146C9B250F8B6
:10D830002140DFF800024146C9B250F821705FF084
:10D84000000A002F01D0012000E00020C0B2F1F753
:10D8500019FA00F0C5FB787D002805D000F0D8FB50
:10D860005FF002095FF0010A5FFA8AFABAF1000F6D
:10D8700021D10120787500F0CBFB002C01D00120D4
:10D8800000E00020C0B2F1F7FDF9207B012802D0B2
:10D89000207B002801D1012000E00020C0B2F1F778
:10D8A000F1F9207B012806D1320029004046C0B2A0
:10D8B00000F037FA81464846C0B2BDE8F087000064
:10D8C0000400000F00C01FC070B506000C0015005A
:10D8D0003000C0B2042801D2012000E00020C0B214
:10D8E000F1F7D0F9002C01D0012000E00020C0B2F7
:10D8F000F1F7C8F9002D01D0012000E00020C0B2EE
:10D90000F1F7C0F9DFF86C06F6B250F82600846033
:10D91000056170BD00000000FF3FE03F70B50400EE
:10D920002000C0B2042801D2012000E00020C0B2D3
:10D93000F1F7A8F957482100C9B250F821503D48E5
:10D940002100C9B250F821000026002806D1280085
:10D95000FFF714FD2800FFF764FD6AE02000C0B265
:10D9600000F007F913212800FFF722FD00280ED050
:10D970001B212800FFF7CCFC002803D02000C0B2F8
:10D9800000F05AF813212800FFF719FD0126142191
:10D990002800FFF70DFD002812D014212800FFF702
:10D9A0000EFD14212800FFF7B3FC002804D020004E
:10D9B000C0B200F071F802E02800FFF7DFFC01269A
:10D9C00015212800FFF7F4FC00280AD015212800B3
:10D9D000FFF79EFC002803D02000C0B200F02CF816
:10D9E000012617212800FFF7E3FC00280ED03000A5
:10D9F000C0B200280AD117212800FFF789FC0028AF
:10DA000004D02000C0B200F05FF8012616212800E3
:10DA1000FFF7CEFC00280CD0F6B2002E09D116215B
:10DA20002800FFF775FC002803D02000C0B200F0EA
:10DA30007FF870BD1041402070B50400DFF8340558
:10DA40002100C9B250F821501E482100C9B250F837
:10DA500021602000C0B200F03EFA2869002808D1F9
:10DA60003069002805D0726900212000C0B23369F6
:10DA70009847286900280CD12000C0B200F090F926
:10DA80003069002805D0726902212000C0B23369D4
:10DA9000984770BDAC9F4B0080B5DFF8DC140200E6
:10DAA000D2B251F8221007490200D2B251F8223006
:10DAB0001969002904D05A690421C0B21B6998472A
:10DAC00001BD000000414020F8B50400DFF8A804C3
:10DAD0002100C9B250F82150DFF898042100C9B2E2
:10DAE00050F82160AD482100C9B250F82170F068AB
:10DAF00000281CD02000C0B200F0A7F9F068002870
:10DB000008D13869002805D07A6901212000C0B207
:10DB10003B699847F068002809D1002217212800A6
:10DB2000FFF7E5FB012216212800FFF7E0FBF1BD1E
:10DB300038B50400DFF83C042100C9B250F82100D8
:10DB400096492200D2B251F82250C06800280FD165
:10DB5000287B012803D12000C0B200F09FF828697B
:10DB6000002805D06A6902212000C0B22B699847BD
:10DB700031BD2DE9F843040000250026DFF8F80345
:10DB80002100C9B250F82170DFF8E8032100C9B2C2
:10DB900050F8218081482100C9B250F8219011210C
:10DBA0003800FFF705FC00280FD019213800FFF7D7
:10DBB000AFFB002801D1012607E00125072088F8E6
:10DBC000170011213800FFF7FAFB10213800FFF78A
:10DBD000EFFB002813D03000C0B200280FD118216D
:10DBE0003800FFF795FB002801D1012607E0012549
:10DBF000082088F8170010213800FFF7E0FB1221F9
:10DC00003800FFF7D5FB002813D03000C0B2002841
:10DC10000FD11A213800FFF77BFB002801D1012624
:10DC200007E00125092088F8170012213800FFF7C6
:10DC3000C6FBF6B2002E16D1EDB2002D13D099F826
:10DC40000C00012803D12000C0B200F0A9F8D9F8D7
:10DC50001000002807D0D9F8142003212000C0B2FA
:10DC6000D9F810309847BDE8F18310B5C24B0400D5
:10DC7000E4B253F82440BF4BC0B253F820004160D7
:10DC8000C2600221817501212000FFF7C4FA012240
:10DC900017212000FFF72BFB002010BD3EB500210F
:10DCA0000091B5490200D2B251F82250B149C0B238
:10DCB00051F82040A07D022804D00022172128001E
:10DCC000FFF715FB002216212800FFF710FB0023A9
:10DCD000002201A902A8FFF7ADFB16212800FFF7DB
:10DCE00067FB002807D10023019A694602A8FFF7C5
:10DCF000B2FB0028F1D00023019A694602A8FFF781
:10DD0000AAFB002801D00320A07500212800FFF7FE
:10DD100082FAA07D022801D10020A0750020207584
:10DD200037BD10B5944B0400E4B253F82440914B36
:10DD3000C0B253F8200001234375816002610221C3
:10DD4000C1752000FFF76DFB2000FFF796FB012156
:10DD50002000FFF76DFA01221B212000FFF7C7FA10
:10DD6000012218212000FFF7C2FA01221A21200007
:10DD7000FFF7BDFA012219212000FFF7B8FA0122AE
:10DD800015212000FFF7B3FA002010BD80B57A49B5
:10DD9000C0B251F82000FFF775FB01BD00414020E3
:10DDA0003EB50021009174490200D2B251F82240E0
:10DDB0007049C0B251F8205000221B212000FFF70B
:10DDC00096FA002218212000FFF791FA00221A216A
:10DDD0002000FFF78CFA002219212000FFF787FAB4
:10DDE000002215212000FFF782FAE87D06281DD1C8
:10DDF0000023002201A902A8FFF71CFB1521200027
:10DE0000FFF7D6FA002807D10023019A694602A835
:10DE1000FFF721FB0028F1D00023019A694602A8F0
:10DE2000FFF719FB002801D00320E875002120002E
:10DE3000FFF7FEF92000FFF7A1FA00206875E87DE2
:10DE4000022801D10020E87537BD10B501004A480D
:10DE50000A00D2B250F82200464A0B00DBB252F858
:10DE60002320464BC9B253F82130D97A002902D079
:10DE7000D97A01290BD15168097853685B1C53602A
:10DE8000D3685B1ED360C9B2FFF749FA22E051683C
:10DE90000978D468012C06D15468641C5460D46895
:10DEA000641ED4600CE05468641C54605468247888
:10DEB00051EA04215468641C5460D468A41ED460E0
:10DEC000DA7A022A03D189B2FFF72CFA02E089B28A
:10DED000FFF73AFA10BD38B5010027480A00D2B260
:10DEE00050F82200234A0B00DBB252F82340234AA9
:10DEF000C9B252F82150E97A002902D0E97A012901
:10DF000013D1FFF73BFAA1680870E87A002805D121
:10DF1000A068007810F07F00A1680870A068401C1D
:10DF2000A0602069401E206122E0E97A022902D126
:10DF3000FFF727FA01E0FFF72DFA2169012908D13F
:10DF4000A1680870A068401CA0602069401E206184
:10DF50000EE0A1680870A168491CA16080B2000AA7
:10DF6000A1680870A068401CA0602069801E206124
:10DF700031BD000010414020AC9F4B0000414020CB
:10DF8000EFF310807047000038B5F2F784FC04000E
:10DF90003F4D55F82400002807D1FFF7F1FFC107D6
:10DFA00000D472B63B4941F8240055F82400401CC7
:10DFB00045F8240031BD000080B5F2F76CFC34490F
:10DFC00051F82020521E41F82020324A52F82020D9
:10DFD000D20704D451F82000002800D162B601BD58
:10DFE00038B5F2F758FC04002B4D55F824000028F2
:10DFF00007D1FFF7C5FFC10700D472B6274941F822
:10E00000240055F82400401C45F8240031BD0000D0
:10E0100080B5F2F740FC204951F82020521E41F80B
:10E0200020201E4A52F82020D20704D451F82000A4
:10E03000002800D162B601BD38B5F2F72CFC04000F
:10E04000174D55F82400002807D1FFF799FFC107A5
:10E0500000D472B6134941F8240055F82400401C3E
:10E0600045F8240031BD000080B5F2F714FC0C49DE
:10E0700051F82020521E41F820200A4A52F8202050
:10E08000D20704D451F82000002800D162B601BDA7
:10E090008845402078454020A845402098454020AC
:10E0A000C8454020B845402010B50024002806D0BF
:10E0B00001241123002200216520F1F74BFD2000EF
:10E0C000C0B210BD10B5002497490968C9688842DC
:10E0D00006D301240B23022200216520F1F73AFD2B
:10E0E0002000C0B210BD10B500248F4909688968AE
:10E0F000884206D301240C23082200216520F1F771
:10E1000029FD2000C0B210BD10B5002400F035F983
:10E11000002806D001240E23032200216520F1F7F8
:10E1200019FD2000C0B210BD0020C0B2704710B56C
:10E13000020000241000C0B200280BD17B480078F8
:10E14000032815D001241323D2B200216520F1F752
:10E1500001FD0DE075480178032907D101240F2343
:10E16000D2B200216520F1F7F5FC01E00A2101702F
:10E170002000C0B210BDC9B200290AD1C0B2002827
:10E1800003D10C206949087006E003206749087034
:10E1900002E00C2065490870704738B50400002083
:10E1A000FFF7C5FFC0B2002840D12000FFF77CFF79
:10E1B00004002000C0B2002830D15B485C490160F7
:10E1C000002106E05B4A03685B690D015B59D1548D
:10E1D000491C026892689142F4D3002108E0564A33
:10E1E00003689B69442505FB01F55B59D154491C23
:10E1F0000268D2689142F2D3002106E0494A0368DE
:10E200001B694D015B59D154491C02685268914207
:10E21000F4D30068C06900F0A4F802E0002042498D
:10E22000086000212000C0B2FFF7A5FF31BD70B526
:10E2300004004148055D01260220FFF778FF002811
:10E2400013D12000FFF73EFF00280AD136480068AE
:10E250008169EDB24420454301EB050000F085F8EB
:10E26000002602210020FFF786FF3000C0B270BDFB
:10E2700038B504002F48055D0820FFF758FF002837
:10E2800014D12000FFF72FFF00280BD1FCF7CAFCA8
:10E29000254800684069EDB22D01284400F081F85E
:10E2A000FCF7D8FC08210020FFF765FF31BD10B551
:10E2B00001240320FFF73BFF00280AD1FFF724FFCA
:10E2C000002802D100F055F8002403210020FFF7B8
:10E2D00052FF2000C0B210BD10B502240420FFF789
:10E2E00026FF002806D100F048F804000421002091
:10E2F000FFF741FF2000C0B210BD80B50720FFF737
:10E3000016FF00280CD1FFF70FFF002804D10648A4
:10E310000068C06900F049F807210020FFF72BFFD3
:10E3200001BD00006A2C4020E02B4020D734402063
:10E33000586B4B00692C4020682C402038B50400F5
:10E3400000251920FFF7F3FE002808D12000C0B2F5
:10E3500000F022F8050019210020FFF70CFF28002B
:10E3600032BD80B500F08EF801BD80B5FAF7BDFE74
:10E3700001BD80B5FBF7E6F801BD80B5FBF79BF862
:10E38000002802D0012802D003E0002002E0012092
:10E3900000E00220C0B202BD80B5C0B2FBF73CF97C
:10E3A00002BD80B500F022F801BD80B500F065F82F
:10E3B00001BDFEE710B50400E06800F06BF8E0680E
:10E3C000007B012806D1E0680078012802D10020F6
:10E3D00000F078F800F088F8002802D100F08EF8FC
:10E3E00003E00721012000F093F810BD38B50400C8
:10E3F0002579A06800F057FAA06800F00DFAA0682F
:10E4000000F06EFA2800C0B2002803D02800C0B285
:10E41000012804D12800C0B200F07FFA2CE02800C7
:10E42000C0B20D2803D1200000F08CFA24E02800AF
:10E43000C0B20E2803D02800C0B2112803D120009A
:10E44000FFF7B8FF18E02800C0B20F2803D028005B
:10E45000C0B2122803D1200000F080FA0CE028009E
:10E46000C0B2102802D0EDB2132D05D12000FFF765
:10E47000A1FF200000F072FA31BD80B5006800F005
:10E4800051FB01BD80B5006800F0CEFA012000F01C
:10E4900019F801BD00210178012912D14178012923
:10E4A00005D1426841780A430C490A6002E0002124
:10E4B0000A4A11600A4A116831F078018068014304
:10E4C000116070470021074A116831F48031C0B2F1
:10E4D000000410F4803008431060704710C62A40D2
:10E4E00004C62A4000C62A40002003490968C9071B
:10E4F00000D50120C0B2704700C02E400020034963
:10E50000086830F4407008607047000004802E40B6
:10E5100080B5C9B2C0B2024A1268904701BD00007E
:10E52000983440207047F8B504000D0016001F0015
:10E530000020F3F7DDF9206000202860002138007A
:10E54000F3F7F8F93060F1BD70B50C001500002646
:10E550000021F3F7DDF92168401820602068A84207
:10E5600000D301263000C0B270BDFEE7DFF81C0406
:10E5700045F6F021026811604AF20F51006801600F
:10E58000704780B50120DFF8041409688860FFF740
:10E59000EDFF01BD10B50022DFF8F0331A680C0062
:10E5A000E4B264022244D2F80421824310431A6880
:10E5B000C9B249021144C1F80401FFF7D7FF10BDE9
:10E5C00080B50021DFF8C42311680300DBB25B02D1
:10E5D0001944D1F804114908490051F001011268A9
:10E5E000C0B240021044C0F80411FFF7BFFF01BDE4
:10E5F00010B50022DFF894331A680400E4B2640214
:10E6000022440C00E4B264012244D2F844215208AE
:10E61000520052F001021B68C0B240021844C9B255
:10E6200049010844C0F84421FFF7A0FF10BD7FB5A1
:10E6300000214468826800218578D0073DD5DFF845
:10E640004C6330682900C9B249020844D0F800116F
:10E650004908490014F00100014330682A00D2B291
:10E6600052021044C0F800112900C9B20120FFF77E
:10E6700091FF42F210736A4601A902A8FFF753FF07
:10E68000009A01A902A8FFF75FFF31682A00D2B201
:10E6900052021144D1F8081111F0010114F00102E5
:10E6A000914203D00100C9B20029E9D0C0B20028CC
:10E6B00003D0FF210020FFF72BFF7FBD2DE9FF4195
:10E6C0000C004568866800214778DFF8C082D8F8DA
:10E6D00000002100C9B2490208443900C9B200EB68
:10E6E0008100C0F830512000C0B2FFF769FF42F24C
:10E6F00010736A4601A902A8FFF715FF009A01A945
:10E7000002A8FFF721FFD8F800102200D2B252026F
:10E7100011443A00D2B201EB8201D1F8101131401C
:10E720008D4203D00100C9B20029E7D0C0B2002851
:10E7300003D0FF210020FFF7EBFEBDE8FF81FEB50F
:10E740000C00856800274678007AC00726D442F27C
:10E7500010736A4601A902A8FFF7E5FE009A01A915
:10E7600002A8FFF7F1FE0700884800682100C9B23F
:10E77000490208443100C9B249010844D0F84801AF
:10E78000002803D43800C0B20028E7D03800C0B257
:10E79000002803D0FF210020FFF7BAFEFFB2002FB0
:10E7A00039D17A4F38682100C9B249020844310092
:10E7B000C9B249010844C0F840513100C9B2200033
:10E7C000C0B2FFF715FF42F210736A4601A902A812
:10E7D000FFF7A9FE009A01A902A8FFF7B5FE396864
:10E7E0002200D2B2520211443200D2B2520111447C
:10E7F000D1F8481111F0010115F00102914203D046
:10E800000100C9B20029E5D0C0B2002803D0FF2121
:10E810000020FFF77DFEF7BDF8B5040000200025BD
:10E8200017E00C20B1693A00D2B24243895C012959
:10E8300008D1B178B2693B00DBB200FB03F01044B1
:10E84000FFF77DFF7F1C3800317DC0B28842E8D3DE
:10E850006D1C2800C0B2022824DA61682A00D2B2F6
:10E860001C20424301EB020630780128F0D100273A
:10E8700011E00C2031693A00D2B24243895C01298F
:10E8800008D1B17832693B00DBB200FB03F01044E1
:10E89000FFF714FF7F1C3800317BC0B28842E8D3F9
:10E8A0000027D0E7F1BD38B504000020002512E0B4
:10E8B00061682A00D2B21C20424301EB02000178B9
:10E8C000012907D14178012904D10179C90701D56E
:10E8D000FFF7ADFE6D1C2800C0B20228E8DB31BD99
:10E8E00038B504000020002512E061682A00D2B289
:10E8F0001C20424301EB02000178012907D1417835
:10E90000012904D10179C90701D4FFF790FE6D1CDC
:10E910002800C0B20228E8DB31BD80B50100C9B2D1
:10E92000002904D1012019490968486006E0C0B2F5
:10E93000012803D10220154909684860FFF721FE2C
:10E9400001BD000080B5BFF34F8F4079002801D092
:10E9500000F0F8F830BFBFF34F8F01BD10B50400D1
:10E960000A48A168096802681161BFF34F8F4FF42C
:10E97000004100684160FFF704FEBFF34F8F6079EC
:10E98000002801D000F0DEF830BF10BD9C344020DC
:10E990001FB504000020002C1FD042F210736A46FD
:10E9A00001A902A8FFF7BFFD009A01A902A8FFF77D
:10E9B000CBFD55490A68946009688968534C0C403E
:10E9C000002C03D00100C9B20029EDD0C0B200284C
:10E9D00003D0FF210020FFF79BFD1FBD1FB50400E2
:10E9E0000020002C1FD042F210736A4601A902A831
:10E9F000FFF799FD009A01A902A8FFF7A5FD42497A
:10EA00000A68146009680968414C0C40002C03D066
:10EA10000100C9B20029EDD0C0B2002803D0FF2107
:10EA20000020FFF775FD1FBD38B504000020002051
:10EA3000354D28688068002803D036490860FFF704
:10EA4000A7FF60682968C86028680068002802D0AD
:10EA5000A1682A689161C00702D5E0682968C86189
:10EA600031BDF0B403001D2000241768C9B200298D
:10EA700001D1294902E0294951F48051002501E0E2
:10EA80007F1C6D1C202D0AD20126AE400E42F8D00C
:10EA90001E42F5D03800641C022CF1D31E201760F2
:10EAA000C0B2F0BC7047F8B5002000200090164FAF
:10EAB00038680068164D0540002D01D018480560E3
:10EAC000174804686A4600212000FFF7CAFF0600C5
:10EAD0002800FFF783FF002C13D1386880680B4CA7
:10EAE0000440002C01D00B4804600A48006800284C
:10EAF00004D06A460121FFF7B4FF06002000FFF7AB
:10EB000047FF3000C0B2F2BDA0344020590211606E
:10EB100059D70660E82B402059D70760D907116004
:10EB2000E42B402080B500783C2805D05A2807D136
:10EB30000120FFF7F2FE03E00020FFF7EEFEFFE703
:10EB400001BDFEE70248016851F002010160704713
:10EB500010ED00E002480188491C0180704700BFA9
:10EB60006424402070B5040032482200D2B250F82C
:10EB700022500020C9B2002906D0022957D049D31B
:10EB8000042901D054D354E02000C0B2002802D0A0
:10EB900001281FD03DE000260AE027482100C9B225
:10EBA0000844310089B2405CC0B2F0F775F8761CB9
:10EBB000300080B20028F0D001221F482100C9B2E5
:10EBC00001442000C0B2FEF77FFE002068750020DF
:10EBD000E8751EE000260AE017482100C9B2084483
:10EBE000310089B2405CC0B2E9F7FAFE761C300011
:10EBF00080B20028F0D001220F482100C9B20144A0
:10EC00002000C0B2FEF760FE002068750020E875A5
:10EC1000FFE70EE0E4B2002C02D0012C03D005E0A7
:10EC2000F0F755F802E0E9F7F6FEFFE701E000E053
:10EC3000FFE770BD1041402004520020012210F077
:10EC40001F018A400249C0B2400941F820207047A4
:10EC500080E100E080B5C9B2002903D000B2FEF720
:10EC6000BCFA02E000B2FEF7BDFA01BD80B5C9B240
:10EC700000B2FEF7BCFA01BD80B500B2FEF7A8FAFB
:10EC800001BD80B50021002806D0012320220021EB
:10EC9000FF20F0F75FFF06E00448C9B250F82100FA
:10ECA000006800F04AF801BD000000007C6B4B00DA
:10ECB00010B50024020012B2121FD12A07D302237A
:10ECC00021220021FF20F0F745FF012403E0C9B213
:10ECD00000B2FFF7BFFF2000C0B210BD10B5002486
:10ECE000020012B2121FD12A03D20A00D2B2102A95
:10ECF00007DB022322220021FF20F0F72BFF012453
:10ED000003E0C9B200B2FFF7B1FF2000C0B210BDEE
:10ED100010B5002403001BB21B1FD12B07D3022305
:10ED200024220021FF20F0F715FF012402E000B2A9
:10ED3000FFF7A2FF2000C0B210BD80B50168002916
:10ED400002D00068FEF700FA01BD000010B5010016
:10ED50000021002806D00C23002200217C20F0F79F
:10ED6000F9FE11E0094CE069C9B2405C012806D007
:10ED7000F023002200217C20F0F7ECFE04E02000CC
:10ED800000F04EF80248046010BD0000A0734B0074
:10ED900020414020F0B54188C2681279C3681B68E1
:10EDA000002436E085682600B6B235F8265086681D
:10EDB0002700BFB206EB8706B6781700FFB2022F16
:10EDC0001BD0DFF81471B4465FFA8CFC57F82C7036
:10EDD000AC461FFA8CFC5FEA9C0C5FEA8C0CAE46DA
:10EDE0001FFA8EFE7FEA0E0E1EF0030E5EEA0C0C7A
:10EDF0001CEB070717F598573A70DFF8DC70F6B28E
:10EE000057F82660ADB216EB850616F5107633601E
:10EE1000641C25000E00ADB2B6B2B542C2D3F0BD3F
:10EE200070B50400DFF8B400030000212BE00D00F2
:10EE3000EDB204EB85056D691600B6B215F81650F3
:10EE4000EDB2FF2D14D01500ADB240F27B16B542E5
:10EE500000DA03001500ADB2B5F5C87F08D2150081
:10EE6000ADB2ED05ED0D03EB85050026C5F8406A52
:10EE7000521C15000E00F6B204EB4606B688ADB281
:10EE8000B542D4D3491C0A00D2B2002A01D10022D3
:10EE9000EFE7216A312000F004F92000FFF77AFF44
:10EEA000002212E0DFF838301400E4B214204443AA
:10EEB00003EB04000B009BB2002420F81340491C14
:10EEC000080080B20A28EDDB521C1000C0B20028F6
:10EED00001D10021F4E770BDBC9F4B000000294028
:10EEE0002441402070B5040000250026002C01D0EC
:10EEF000012000E00020C0B2EFF750FF60689128C9
:10EF000001D2012000E00020C0B2EFF747FF2068E7
:10EF1000DFF8BC11884200D10026207A022807D0F1
:10EF200055F400552800257AED0215F400650543D7
:10EF3000207C022804D0207C400510F400100543FA
:10EF4000E07B022804D0E07B400410F4003005434D
:10EF5000A07B022804D0A07B000410F4803005437D
:10EF6000207B022804D0207B000210F4807005432F
:10EF7000607B022804D0607B800110F040000543D4
:10EF8000607C022804D0607CC00410F4002005439B
:10EF9000E07A022804D0E07A800310F48040054330
:10EFA000A07A022804D0A07A400110F02000054386
:10EFB000607A10F00F000543607A002819D1207C98
:10EFC000012816D194F86800022812D0DFF8040155
:10EFD000F6B250F82600A188890889006268D243F9
:10EFE00012F003021143081810F5985094F86810B5
:10EFF00001702068616800EB8100C0F84052200079
:10F0000000F021F8200000F001F870BD30B4DFF806
:10F01000C8502B6800240FE00B430CE02100C9B25C
:10F0200000EB4101498A002905D00A04F4D5DFF834
:10F03000AC2011430B40641C2100C9B20229EDD35E
:10F040002B6030BC704730B4DFF884100A00437C7A
:10F05000012B24D100231EE01C00E4B20444A47D53
:10F06000102C17D01C00E4B200EB8404A46AB4F5A1
:10F07000007F00D20A00B4F5C87F0BD2E405E40D8E
:10F0800002EB84041D00EDB20544AD7D15F00F05C3
:10F09000C4F8405A5B1C1C00E4B2102CDCD330BC1A
:10F0A000704770B504000D00DFF834000560DFF82C
:10F0B00034000460002606E06C2000FB06F02844C3
:10F0C000FFF710FF761CA642F6D3002070BD0000AB
:10F0D00000002940BC9F4B000CC62A4081F9FFFF6D
:10F0E0004C2C4020502C40200800C0B2704710B576
:10F0F00003000A000020DFF840442C214B43E15C70
:10F1000000290BD11100C9B2002912D01123D2B2AB
:10F1100000217920F0F71EFD01200AE01100C9B29C
:10F12000002906D11423D2B200217920F0F712FD74
:10F130000120C0B210BDC9B200290FD1D2B2012A3C
:10F1400006D10022DFF8F0332C2148431A5405E0A1
:10F150000122DFF8E4332C2148431A5470472DE98B
:10F16000F0410600150000242C27DFF8CC8307FBB4
:10F1700006F018F80000002808D1012411232A0005
:10F18000D2B200217920F0F7E5FC43E00800C0B2DC
:10F19000062808D3012412232A00D2B200217920A4
:10F1A000F0F7D8FC36E0C9B23000FFF79DFF010050
:10F1B00007FB06F2424452681278C9B2914208D362
:10F1C000012440232A00D2B200217920F0F7C2FCAA
:10F1D00020E02900C9B22C2907D02900C9B22D2965
:10F1E00003D02900C9B2372914D17E4308EB0601A8
:10F1F000CA68C0B2182148431044001D00F035FA17
:10F20000002807D001243B232A00D2B20021792014
:10F21000F0F7A0FC2000C0B2BDE8F081704780B5D7
:10F220000020002906D01023002200217920F0F7C9
:10F2300091FC0120C0B202BD80B503000A0000208D
:10F240009BB248F201018B4206DB3223D2B200218D
:10F250007920F0F77FFC0120C0B202BDF8B5002391
:10F2600018232C24DFF8D05204FB00F62E44F66855
:10F270000F00FFB25F433E447669002E07D1312371
:10F28000072200217920F0F765FC012415E0604396
:10F290002844C068C9B259430844011D1000C0B2D7
:10F2A00000F0D6F904002000C0B2002805D03023B9
:10F2B000072200217920F0F74DFC2000C0B2F2BDFA
:10F2C0002DE9F0410600002400212000FFF70FFF88
:10F2D00005002800C0B200283ED131002000FFF711
:10F2E0009EFF05002800C0B2002835D12C26DFF88B
:10F2F0004872DFF8480206FB04F1394448605FF0C9
:10F30000000820E0182006FB04F139444246D2B23E
:10F3100001EB820106FB04F23A445268526843460C
:10F32000DBB243431A44CA6006FB04F1394449681E
:10F3300049684246D2B200FB02F00844001D00F0CA
:10F34000FFF818F10108404606FB04F1394449680A
:10F350000978C0B28842D5D300222900C9B2200062
:10F36000FFF7E9FEBDE8F081F8B500240121200097
:10F37000FFF7BDFE05002800C0B2002839D10026E5
:10F3800016E0182002FB04F11944C9683700FFB2E7
:10F3900047433944097C02FB04F21A44D268330023
:10F3A000DBB200FB03F01044001D00F0E2F8761C15
:10F3B0002C22DFF88431300002FB04F11944496843
:10F3C0000978C0B28842DCD3002002FB04F1194462
:10F3D0004860002009E002FB04F119440600F6B27F
:10F3E00001EB86010026CE60401C0100C9B206294F
:10F3F000F1D301222900C9B22000FFF79CFEF1BD24
:10F40000F8B504000D00002000262000C0B204283A
:10F410000AD140F26360290089B2814204DA2900EE
:10F4200089B2002900D0050002222100C9B23000B3
:10F43000FFF795FE002826D12100C9B23000FFF762
:10F4400053FE07000221280080B2FFF7F5FE0028D6
:10F4500019D1DFF8E4102C20464301EB0600C16807
:10F46000FFB21820474301EB0700011D280080B2BE
:10F4700000F0A7F8C0B2002805D0342302220021F2
:10F480007920F0F767FB2000C0B2FFF7C7FEF1BD9F
:10F49000F8B504000E00002707222100C9B2380089
:10F4A000FFF75DFE00281FD12100C9B23800FFF729
:10F4B0001BFE05003200D2B22900C9B23800FFF7A6
:10F4C000CDFE002810D1DFF870102C20474301EB4F
:10F4D0000700C168EDB21820454301EB0500011D8E
:10F4E0003000C0B200F0A1F82000C0B2FFF796FED5
:10F4F000F1BD70B500242C250F4E05FB04F13144FD
:10F500004968002917D005FB04F131444968C0B2AD
:10F510000844017AC9B22000FFF7E6FD6C4306EB10
:10F520000401CA68C0B21821484310444069010070
:10F53000002900D0804770BDA43440201C754B00CA
:10F5400010B504002078012812D1606800280ED080
:10F550006168207AFDF7DEF83C49227A3020424388
:10F5600001EB020061680978628920F81120FFE749
:10F5700010BD38B504000020C9B2002901D1012511
:10F5800000E00025207801281AD16068002816D0F4
:10F5900060680178207AFDF755F92A00D2B26068D8
:10F5A0000178207AFDF73AFB2849227A302042433D
:10F5B00001EB020061680978002220F81120FFE7C2
:10F5C00031BD7CB504000D00002000210021297808
:10F5D000012928D168680178287AFDF7BFF906006B
:10F5E000B6B2200080B24643F60B686840780090BF
:10F5F0006868037A220092B268680178287AFDF779
:10F600006BFB320092B268680178287AFDF704FA41
:10F610000E4A2B7A30214B4302EB03016A681278C1
:10F6200021F81240FFE7C0B276BD80B5080001782E
:10F6300001290AD141684978012905D00122416890
:10F640000978007AFDF75EFAFFE701BDEC2B402058
:10F6500080B5020000200B78012B04D11000C0B24D
:10F66000EFF7C1FBFFE7C0B202BD80B50200012089
:10F670001178012923D150680178107AFDF799FBA0
:10F680000100C9B2262916D00100C9B2602912D0E2
:10F690000100C9B262290ED00100C9B220290AD0E6
:10F6A0000100C9B2222906D00100C9B2212902D025
:10F6B000C0B2232801D1002000E00120FFE7C0B242
:10F6C00002BD0000EFF310807047000038B5F1F77D
:10F6D000E2F80400294D55F82400002807D1FFF76F
:10F6E000F1FFC10700D472B6254941F8240055F84E
:10F6F0002400401C45F8240031BD000080B5F1F71E
:10F70000CAF81E4951F82020521E41F820201C4AF8
:10F7100052F82020D20704D451F82000002800D14C
:10F7200062B601BD38B5F1F7B6F80400154D55F8CD
:10F730002400002807D1FFF7C5FFC10700D472B627
:10F74000114941F8240055F82400401C45F82400D4
:10F7500031BD000080B5F1F79EF80A4951F820202C
:10F76000521E41F82020084A52F82020D20704D423
:10F7700051F82000002800D162B601BDE8454020C4
:10F78000D845402008464020F8454020F0B50020EC
:10F790000020002000204D484D490268031D002430
:10F7A0000AE015F807C006F807C07F1C84465FFA18
:10F7B0008CFC6745F5D3641C944229D20C2000FBD5
:10F7C00004F51D446D6800FB04F69E5900FB04F728
:10F7D0001F44BF6800FB04F0184440683F1A17F04C
:10F7E00003005FF0000C05E055F82CE046F82CE033
:10F7F0001CF1010C86465FFA8EFEB7EB0E0EBCEBD9
:10F800009E0FF1D305EB8C0506EB8C060027CDE7A8
:10F810000B68091D00250DE0002642F82060401C01
:10F82000B0EB940FF8D314F0030F02D0002442F889
:10F8300020406D1C9D4209D251F8352001EBC500D6
:10F84000446851F83500241A0020E9E7F0BDF0B40F
:10F8500000200020002000201C480168021D1D4BD4
:10F8600007E0A75DAF55761C0700FFB2BE42F8D394
:10F870005B1C8B4227D20C2000FB03F41444646809
:10F8800000FB03F5555900FB03F61644B66800FB70
:10F8900003F010444068361A16F00300002704E015
:10F8A00054F827C045F827C07F1C84465FFA8CFCBB
:10F8B000B6EB0C0CB7EB9C0FF2D304EB870405EB13
:10F8C00087050026D0E7F0BC70470000100C480008
:10F8D000800C480006000000006810F0010070472E
:10F8E000016851F001010160704701684908490051
:10F8F000016070470068C0F34120012801D1012058
:10F9000000E00020C0B2704700210068000910F03C
:10F910000300002803D0022805D002D305E0002010
:10F9200004E0012002E0022000E00220C0B27047A3
:10F93000C9B2012906D0022909D1016851F020017C
:10F94000016004E0016851F010010160FFE77047B9
:10F95000F8B504000025012140F6B830F1F7EAFFC0
:10F9600006000020009000272068800601D50125B0
:10F970001EE02068C0061BD54CF2205020614DF6D9
:10F98000281020610120F1F7B3FF009004E001216D
:10F990006846F1F7BDFFC7192068C00601D5B74218
:10F9A000F5D3B74204D301212000FFF7C1FF0125A1
:10F9B0002800C0B2F2BDF0B500228B794A78002A47
:10F9C00001D0012400E000240A79002A01D0012599
:10F9D00000E000258A78002A01D0002600E00126F8
:10F9E000CA78002A01D0002700E001274A79002ABE
:10F9F00001D0012200E0002291F800C09E465FFA8B
:10FA00008EFE5FEA4E2E1EF4C06E5EEA0C6E24027D
:10FA100014F4807454EA0E04ED0115F080052C43B3
:10FA2000B60016F0040634437F0017F002073C438B
:10FA3000920112F0400222430260012242608A6871
:10FA400082600A79002A01D0CA68C260DBB2012B49
:10FA500001D1098A8161F0BD02000020032A00D291
:10FA60000120002902D0914200D30120C0B270478A
:10FA7000026961F30F0202617047806911214843F6
:10FA8000C01C80B270470121C1617047406810F00E
:10FA9000010070470068800910F00100704741685C
:10FAA00011F0010141607047F8B504000D00DFF866
:10FAB000BC0250F824600020002C01D1012000E09D
:10FAC0000020C0B2EFF774F9002D01D0012000E052
:10FAD0000020C0B2EFF76CF93000FFF739FF0128C2
:10FAE00001D1012728E03000FFF7F6FEC0B2002860
:10FAF00002D03000FFF7F9FEE968A868FFF7ACFF15
:10FB000007003800C0B2002816D129003000FFF7E6
:10FB100052FF6879002804D06869DFF8541241F870
:10FB200024003000FFF7DCFEA97C3000FFF700FF67
:10FB30000120DFF8401208553800C0B2F2BD70B5A0
:10FB40000400DFF8280250F82450002C01D10120D5
:10FB500000E00020C0B2EFF72BF92800FFF7F8FE15
:10FB600006003000C0B2002815D12800FFF7BDFE06
:10FB7000012068604FF44870A8600020E860002011
:10FB8000A861DFF8F40128602800FFF77CFF00205F
:10FB9000DFF8E01108553000C0B270BD70B5734990
:10FBA00051F820400025002801D1012000E000206C
:10FBB000C0B2EFF7FDF8FFF789FD2000FFF79AFECE
:10FBC000C0B2002831D001283AD14CF22056200092
:10FBD000FFF753FFB04200D101252000FFF74DFF92
:10FBE000010089B22000FFF743FF2000FFF745FF27
:10FBF000B04200D101252000FFF73FFF010089B28C
:10FC00002000FFF735FF2000FFF77EFE01280BD113
:10FC1000EDB2002D08D04DF628112000FFF728FF87
:10FC200001212000FFF784FE0AE04AF20261200071
:10FC3000FFF71EFF4BF280412000FFF719FFFFE79F
:10FC4000FFF75CFD70BD2DE9F0410D001400474940
:10FC500051F82060002801D1012000E00020C0B24E
:10FC6000EFF7A6F83000FFF74FFE0700210028004D
:10FC7000FFF7F2FE80464046C0B200281FD1300098
:10FC8000FFF766FE012802D15FF0010817E030009F
:10FC9000FFF72BFEB560002C05D0F460306850F003
:10FCA0008000306003E0306830F080003060300069
:10FCB000FFF716FE3900C9B23000FFF739FE4046A3
:10FCC000C0B2BDE8F08170B5284951F82040002845
:10FCD00001D1012000E00020C0B2EFF769F8200058
:10FCE000FFF712FE0500FFF71DFD2000FFF730FEB5
:10FCF00006003000C0B2002807D12000FFF7F5FD54
:10FD00002900C9B22000FFF713FEFFF723FD3000E2
:10FD1000C0B270BD38B50400144850F82450002C0F
:10FD200001D1012000E00020C0B2EFF741F81148F6
:10FD3000005D012815D12800FFF7A8FE002813D088
:10FD40002800FFF7A7FE00280ED02800FFF7A7FE27
:10FD5000074951F82400002806D051F824008047B4
:10FD600002E02800FFF79BFE31BD0000C09F4B0062
:10FD7000542C40206B2C40200A0100FF80B500204D
:10FD8000F1F76DF901BD10B50C001100FF2911D17B
:10FD900093F8051300293CD12100C9B2052901D0EF
:10FDA000072906D102222100C9B2C0B2F3F760FAD6
:10FDB0002FE02EE00C2202FB01F21A445279002AB5
:10FDC00027D1E4B2002C0CD0022C16D00FD3042C77
:10FDD00001D018D31DE00322C9B2C0B2F3F748FA2C
:10FDE00017E00022C9B2C0B2F3F742FA11E00122D3
:10FDF000C9B2C0B2F3F73CFA0BE001220621C0B24F
:10FE0000F3F736FA05E001220721C0B2F3F730FA22
:10FE1000FFE710BD80B5C9B20B2903D1C0B2F3F71B
:10FE200047FAFFE701BD80B50020F5F781FA01BD73
:10FE300080B501231F2200210020F5F7D5F901BD6F
:10FE400080B500233F2220210020F5F7CDF901BD28
:10FE500080B50020FDF762FD01BD80B50120FDF7F2
:10FE60005DFD01BDD2B20B00DBB25B010344DB6A76
:10FE700062F3C713C9B249010844C362704780B531
:10FE8000C0B2FFF736FB01BD80B50020FFF742FF8F
:10FE900001BD00000E0C0A08496E6974204F707491
:10FEA000333030313A2025730D0A00004661696C09
:10FEB000000000004F707433303031204F707433C5
:10FEC000303031204F6B0D0A000000004F7074334A
:10FED000303031204F707433303031206661696CBE
:10FEE0000D0A00004C69676874204D616C205761F1
:10FEF000697420666F7220706F776572207570204C
:10FF0000746F20636F6D706C6574650D0A0000007E
:10FF100076616C75653A2564204B3A2564204C3136
:10FF20003A25752C204C4D323A25752C2074656D80
:10FF300070323A2564204C496E6465783A25642015
:10FF40000D0A00004C69676874204D6F64656C2071
:10FF50005761697420666F7220706F7765722075C3
:10FF60007020746F20636F6D706C6574650D0A008E
:10FF70004C696768745F56616C75654D6F64656C3C
:10FF8000436D64203A2025640D0A00006175746F8A
:10FF90007065723A25642C6D616E757065723A25D4
:10FFA000642C50574D3A25640D0A00004D495252B9
:10FFB0004F52204D4F4445207C204B4559204D4FFA
:10FFC00044453A2564204C494E453A2025640D0AA3
:10FFD0000000000053545245414D494E47204D4FBB
:10FFE0004445207C204B4559204D4F44453A20251F
:10FFF00064204C494E453A2025642C2025730D0A77
:02000004004BAF
:10000000000000004E6967687400000050776D5F63
:10001000536574447574794379636C65204E494720
:1000200048543A2025640D0A0000000050776D5FA7
:10003000536574447574794379636C652044415900
:100040003A2025640D0A0000554E4B4E4F574E2066
:1000500053545245414D494E47204D4F44450D0A9A
:10006000000000005077724D643A25642C5077727E
:100070004D64466C61673A25642C7072655278460F
:100080006C61673A25640D0A000000004D2076611E
:100090006C75652025640D0A00000000000000005A
:1000A00018010000E001000020030000C605000068
:1000B000FE0700003A090000760A0000B10B0000BC
:1000C000ED0C0000290E0000960F00000311000047
:1000D00071120000DE1300004B1500002317000012
:1000E000FB180000D41A0000AC1C0000841E0000A5
:1000F000802200007C260000782A0000742E000078
:1001000070320000D63500003D390000A33C0000ED
:100110000A40000070430000284A0000E050000040
:1001200098570000505E000008650000DD6E00007A
:10013000B2780000868200005B8C000030960000E0
:10014000F3A30000B6B100007ABF00003DCD00006F
:1001500000DB00009AE3000033EC0000CDF4000067
:1001600066FD0000000601006E0D0100DD140100B7
:100170004B1C0100BA230100282B0100BB310100F8
:100180004E380100E23E010075450100084C0100B7
:1001900010530100185A0100206101002868010075
:1001A000306F010000790100D0820100A08C0100B5
:1001B0007096010040A00100AEA301001BA7010042
:1001C00089AA0100F6AD010064B1010082B8010006
:1001D000A1BF0100BFC60100DECD0100FCD40100BB
:1001E000F8DB0100F4E20100F0E90100ECF00100AD
:1001F000E8F70100F0FE0100F8050200000D020022
:1002000008140200101B0200A01C0200301E020095
:10021000C01F020050210200E022020068360200E6
:10022000F0490200785D02000071020000710200D6
:100230003B003B003B003B003E003E003E003E00DA
:1002400045004500450045004C004C004C004C006A
:1002500053005300530053005900580059005800F0
:100260005E005E005E005E00640063006400630088
:1002700069006900690069006F006E006F006E0020
:100280007A0079007A007900850084008500840076
:1002900090008F0090008F009B009A009B009A00B6
:1002A000A600A600A600A600B700B600B700B600DC
:1002B000C700C700C700C700D800D700D800D700C4
:1002C000E800E800E800E800F900F800F900F800AC
:1002D0000C01FE000C01FE002001030120010301BE
:1002E000330109013301090146010E0146010E01E6
:1002F0005A0114015A0114015F0115015F01150132
:1003000066011701660117016D0118016D011801E1
:1003100074011901740119017B011B017B011B018F
:1003200082011C0182011C0189011E0189011E013B
:1003300090011F0190011F019701200197012001E9
:100340009F0122019F012201AD012301AD01230183
:10035000BB012401BB012401C9012601C9012601F9
:10036000D6012701D6012701E4012901E401290171
:10037000E7012A01E7012A01EB012B01EB012B0127
:10038000EF012D01EF012D01F3012E01F3012E01EB
:10039000F8012F01F8012F010102310101023101A1
:1003A0000B0232010B023201150234011502340135
:1003B0001E0235011E0235012902360129023601CD
:1003C00032023801320238013A0239013A02390167
:1003D00042023A0142023A014B023C014B023C010B
:1003E00053023D0153023D0156023F0156023F01B7
:1003F00058024001580240015B0241015B02410189
:100400005E0243015E024301610244016102440154
:100410006302460163024601660247016602470124
:1004200069024801690248016C024A016C024A01F2
:100430006F024B016F024B0171024C0171024C01C2
:1004400074024E0174024E0177024F0177024F0190
:100450007A0251017A0251017C0252017C0252015E
:100460007F0253017F02530182025501820255012E
:1004700085025601850256018702570187025701FE
:100480008A0259018A0259018D025A018D025A01CC
:1004900090025C0190025C0192025D0192025D019A
:1004A00095025E0195025E0198026001980260016A
:1004B0009B0261019B0261019E0262019E02620138
:1004C000A0026401A0026401A3026501A302650108
:1004D000A6026701A6026701A9026801A9026801D4
:1004E000AB026901AB026901AE026B01AE026B01A6
:1004F000B1026C01B1026C01B4026E01B4026E0172
:10050000B9026F01B9026F01BF027001BF02700131
:10051000C4027201C4027201CF027301CF027301DF
:10052000E4027401E4027401F9027B01F9027B0127
:100530000E037F010E037F01220382012203820149
:1005400030038901300389013E0390013E0390018D
:100550003E0390013E0390012579256D25642025F9
:10056000483A254D3A25532000000000416E746939
:10057000476C6172654C766C203A2025642C543AA5
:1005800025640D0A00000000436C6F73652045432D
:100590002050574D2C543A2564200D0A00000000CD
:1005A00053657420416E7469476C6172654C766C5A
:1005B000203A2025642C543A25640D0A00000000DE
:1005C00000395777002D414B5245445F5343524504
:1005D000454E20544553540D0A00000073686F7750
:1005E0005F51353033785F4F53445F43656D6172BF
:1005F000614572725F706167650D0A0073686F779D
:100600005F51353033785F4F53445F4F7665725496
:10061000656D705F70616731650D0A003E3E3E3E5C
:100620003E50436C6B3A2020307825780D0A00004C
:10063000636865636B2050436C6B206661696C3A3C
:100640002020307825640D0A0000000043616D65AC
:1006500072612053775665723A2530326425303204
:10066000642C20485665723A253032642530326455
:100670000D0A00005A6F6F6D204C6576656C3A2547
:10068000642C416E67656C204C6576656C3A256418
:100690000D0A000043616D6572612049535020745A
:1006A000656D706572747572653A25640D0A000097
:1006B00043616D657261204576206C75783A20251E
:1006C000642C416E7469476C6172655F4C65766538
:1006D0003A2025640D0A0000574F44203078253019
:1006E00032783A20307825303478210D0A00000025
:1006F000574F442025642C203078253034583A2038
:100700003078253032783A3078253032783A30787F
:10071000253032783A3078253032783A30782530C2
:100720003278210D0A000000524F442025642C200D
:100730003078253034583A203078253032783A30C5
:1007400078253032783A3078253032783A3078254A
:100750003032783A307825303278210D0A000000A6
:1007600052442025642C203078253034583A2030EB
:100770007825303278210D0A00000000534E3A25CA
:10078000730D0A00436F6C6F722054656D205761C2
:10079000697420666F7220706F77657220757020A3
:1007A000746F20636F6D706C6574650D0A000000D6
:1007B000436F6C6F725F54656D203A2025640D0A9B
:1007C0000000000043616D657261205072616D65CB
:1007D000746572732053617665204661756C742E62
:1007E0000D0A000043616D657261205072616D6594
:1007F00074657273205361766520537563657373F6
:100800002E0D0A0043616D657261204461746120A0
:100810005570646174652E203C5A6F6F6D203A25C7
:10082000643E207C203C416E67656C3A2025643E26
:100830000D0A0000416E676C65205761697420667F
:100840006F7220706F77657220757020746F2063EF
:100850006F6D706C6574650D0A00000043616D6515
:1008600072615F416E67656C5F417464203A202558
:10087000642C627954656D7056616C203A25640D64
:100880000A0000005A6F6F6D205761697420666F0F
:100890007220706F77657220757020746F20636F9F
:1008A0006D706C6574650D0A0000000043616D6534
:1008B00072615F5A6F6F6D5F417464203A202564E6
:1008C0000D0A000043616D6572612053657420411B
:1008D0006E676C65204661756C74203A25640D0A5C
:1008E0000000000043616D65726120536574204112
:1008F0006E676C6520537563657373203A25640DCC
:100900000A00000043616D65726120536574205ACE
:100910006F6F6D204661756C74203A25640D0A0076
:1009200043616D65726120536574205A6F6F6D204D
:10093000537563657373203A25640D0A0000000047
:10094000537472204D6F6465205761697420666F1F
:100950007220706F77657220757020746F20636FDE
:100960006D706C6574650D0A0000000048555F539A
:1009700074725F4D6F6465436D643A25640D0A00BF
:1009800043616D6572615F537465616D696E674D3A
:100990006F6465203A2025640D0A00007573657246
:1009A00020616374697665206D6F6465207361767C
:1009B00065207375636365640D0A00007573657265
:1009C00020616374697665206D6F6465207361765C
:1009D00065206661696C65643A25640D0A00000053
:1009E00043616D6572614C6F636B50696E3A20258F
:1009F000642C543A25640D0A000000005042535301
:100A0000000000004255534F46465F4C56310000EF
:100A10004255534F46465F4C56320000496E69744A
:100A20000000000063616E20576F726B2053746189
:100A300074653A202573202D3E2025730D0A000091
:100A400063616E20307839360000000063616E20EB
:100A5000307832303900000063616E2030783339ED
:100A60006400000063616E2030783965000000008A
:100A700063616E20307833666600000063616E202B
:100A8000307833656600000063616E203078356130
:100A90006500000063616E20307835366600000026
:100AA00063616E20307836663100000063616E202D
:100AB0006E6D000063616E2030783666360000008F
:100AC00063616E20307833393700000063616E2037
:100AD000307863320000000063616E203078333379
:100AE0003900000063616E20556473506879526567
:100AF0007100000063616E2055647346756E526527
:100B00007100000063616E203078336630000000B1
:100B100043616E5478527800257320727820726594
:100B2000636F7665720D0A002573207278206C6FF2
:100B300073740D0A000000004932435263683A257D
:100B4000642C416464723A307825782C5265673A97
:100B5000307825782C4572723A25642C443A3078E6
:100B600025780D0A000000004932435763683A2592
:100B7000642C416464723A307825782C5265673A67
:100B8000307825782C4572723A25642C443A3078B6
:100B900025780D0A00000000180C1F004C41432D61
:100BA0003730303330303331000000004C41542DA9
:100BB0003730303330303135000000004C414E2D9D
:100BC00037303033303031380000000073656E64E8
:100BD0002066697273742063616E206D73670D0AFD
:100BE000000000001B5B303B33316D001B5B303B72
:100BF00033336D001B5B306D000000005B25735DBF
:100C00005B25735D00000000000000000000000094
:100C100001000000000000000200000000000000D1
:100C20003234433331313233343520202020000038
:100C300043616E4E6D00000043616E4E6D20736522
:100C40006E64206669727374206E6D5F6D73672CBD
:100C5000543A25640D0A000043616E4E6D20737492
:100C6000617465202573202D3E2025732C543A2570
:100C7000640D0A005042535300000000921300001C
:100C8000D00700001400000061707044636D000024
:100C900032382025303278206661696C65642C20FA
:100CA000537065656420496E56616C69640D0A0075
:100CB00032382025303278206661696C65642C20DA
:100CC000636F6D6D5479706520496E56616C69640F
:100CD0000D0A000032382025303278206661696CB8
:100CE00065642C207375622530327820496E566118
:100CF0006C69640D0A0000006469616753656300F4
:100D00003130203032206661696C65642C20536577
:100D1000733D25640D0A0D0A0000000031302030BB
:100D200032206661696C65642C2070633D25642CFB
:100D300020414753503D25642C20563D25642C20EE
:100D40004143433D25640D0A0D0A00003130203037
:100D500033206661696C65642C205365733D25649E
:100D60000D0A0D0A000000005333205365727665AA
:100D7000722054696D656F75740D0A0D0A000000CC
:100D800044636D52657374004469616720726571D4
:100D9000207265736574206661696C65642C2053EC
:100DA0007065656420496E56616C69640D0A0D0AB0
:100DB00000000000446961676E6F7374696320729C
:100DC0006571756573742072657365740D0A000032
:100DD00052574469640000003245204631383720BC
:100DE000777269746520696E68696269742C206322
:100DF0006F6E746163742074686520737570706CB5
:100E00006965720D0A000000534D49524D00000003
:100E10003245204631384320777269746520696E07
:100E200068696269742C20636F6E746163742074E6
:100E3000686520737570706C6965720D0A0000003A
:100E40003245204631384220777269746520696ED8
:100E500068696269742C20636F6E746163742074B6
:100E6000686520737570706C6965720D0A0000000A
:100E700046314231202D3E20756E737570706F7251
:100E800074656420706172616D3A30782530325833
:100E90000D0A000046314231202D3E2030782530A9
:100EA00032582C207375636365737366756C0D0A15
:100EB0000000000046314231202D3E2030782530A0
:100EC00032582C206661696C7572650D0A0000004D
:100ED00056312E38382E33343700000044656D41CA
:100EE000707000005374617274204F432C543A2583
:100EF000640D0A0053746F70204F432C543A2564DC
:100F00000D0A000044656D20566F6C7420526973A1
:100F1000696E672041626F766520313633562C2525
:100F200064562C543A25640D0A00000044656D2077
:100F3000566F6C74205265636F7665722041626FE4
:100F40007665203933562C2564562C543A25640D89
:100F50000A00000044656D20566F6C742046616C79
:100F60006C696E672042656C6F77203837562C2588
:100F700064562C3A25640D0A0000000044656D207B
:100F8000566F6C74205265636F7665722042656C93
:100F90006F7720313537562C2564562C543A25640A
:100FA0000D0A000044656D20566F6C74202825647E
:100FB0002D3E2564292041666669726D2025732CBB
:100FC000202C2564562C20543A25640D0A0000007C
:100FD00048696768000000004474633A2564204152
:100FE000666669726D204E472C54646966663A25C0
:100FF000642C543A2564200D0A0000004474633ABE
:1010000025642041666669726D204F4B2C546469DB
:1010100066663A25642C543A2564200D0A000000C7
:101020004474633A25642041666669726D204E47B8
:101030002C543A2564200D0A000000004474633AE1
:1010400025642041666669726D204F4B2C543A2509
:1010500064200D0A000000004474633A25642052A5
:1010600065636F72642025732C543A2564200D0A41
:101070000000000044657443620000004474632073
:10108000566F6C7420526973696E672041626F7687
:101090006520313630562C2564562C543A25640D83
:1010A0000A00000044746320566F6C74205265631C
:1010B0006F7665722041626F7665203835562C2533
:1010C00064562C543A25640D0A00000044746320D1
:1010D000566F6C7420526973696E672041626F7637
:1010E0006520313635562C2564562C543A25640D2E
:1010F0000A00000044746320566F6C742046616CD3
:101100006C696E672042656C6F77203830562C25ED
:1011100064562C3A25640D0A0000000044746320D4
:10112000566F6C742046616C6C696E672042656C0A
:101130006F77203835562C2564562C3A25640D0AD5
:101140000000000044746320566F6C742052656385
:101150006F7665722042656C6F7720313630562C81
:101160002564562C543A25640D0A0000566F6C74A1
:10117000202825642D3E2564292041666669726D0C
:101180002025732C202C2564562C20543A25640DE0
:101190000A00000048696768000000004368656352
:1011A0006B5F4C5644535F4C4F434B5F4661756CCD
:1011B000742C543A25640D0A0000000043686563EE
:1011C0006B5F4C5644535F4C4F434B5F4661756CAD
:1011D00074207265636F766572792C543A25640DBC
:1011E0000A000000436865636B5F567053696720AF
:1011F0006669727374202573282564292C543A2556
:10120000640D0A007265636F7665727900000000F4
:101210006661756C74000000436865636B5F5670AF
:10122000536967207265636F766572792C543A252D
:10123000640D0A00436865636B5F567053696720ED
:101240006661756C742C543A25640D0A0000000028
:1012500049326320455252204D6178393637353551
:10126000522C543A25640D0A0000000049326320D4
:101270004E4F52204D61783936373535522C543A1D
:1012800025640D0A000000002530782045525220C8
:10129000495350203078324443203078253032583A
:1012A0002C543A2564210D0A0000000025307820D6
:1012B0004E4F5220495350203078324443203078EA
:1012C000253032582C543A2564210D0A00000000C4
:1012D0002530782045525220504D494320307832F5
:1012E0004535203078253032582C543A2564210D6C
:1012F0000A000000253078204552522053455220E4
:101300004944203078253032582C543A2564210D38
:101310000A000000253078204552522053454E20C7
:101320003078324446203078253032582C543A25D3
:1013300064210D0A00000000253078204E4F522015
:1013400053454E203078324446203078253032588C
:101350002C543A2564210D0A0000000046524F5AD1
:10136000454E5F4652414D45283078253034582946
:1013700020453A203078253032582C543A25640DD7
:101380000A00000046524F5A454E5F4652414D45B5
:101390002830782530345829204E3A2030782530AE
:1013A00032582C543A2564210D0A00004449534F09
:1013B00052444552283078253034582920453A2067
:1013C0003078253032582C543A2564210D0A00001B
:1013D0004449534F524445522830782530345829D7
:1013E000204E3A203078253032582C543A2564214A
:1013F0000D0A0000504950454C494E45283078258B
:101400003034582920453A203078253032582C5431
:101410003A2564210D0A0000504950454C494E457B
:101420002830782530345829204E3A20307825301D
:1014300032582C543A2564210D0A0000494D414789
:10144000455F494E5055542830782530345829206E
:10145000453A203078253032582C543A2564210DF5
:101460000A000000494D4147455F494E50555428F8
:1014700030782530345829204E3A203078253032C3
:10148000582C543A2564210D0A000000494D41476B
:10149000455F494E56455253494F4E2830782530C6
:1014A00034582920453A203078253032582C543A87
:1014B0002564210D0A000000494D4147455F494E12
:1014C00056455253494F4E283078253034582920FC
:1014D0004E3A203078253032582C543A2564210D6C
:1014E0000A000000494D4147455F54494D494E4768
:1014F000283078253034582920453A203078253056
:1015000032582C543A2564210D0A0000494D4147B8
:10151000455F54494D494E47283078253034582985
:10152000204E3A203078253032582C543A25642108
:101530000D0A00004F7074437263283078253034F0
:10154000582920453A203078253032582C543A25F5
:1015500064210D0A000000004F707443726328304C
:10156000782530345829204E3A20307825303258AA
:101570002C543A2564210D0A00000000526F6D437F
:101580007263283078253034582920453A20307845
:10159000253032582C543A2564210D0A00000000F1
:1015A000526F6D4372632830782530345829204EAD
:1015B0003A203078253032582C543A2564210D0ACF
:1015C00000000000506C6C436C6F636B4D6F6E6974
:1015D000746F72283078253034582920453A2030ED
:1015E00078253032582C543A2564210D0A00000029
:1015F000506C6C436C6F636B4D6F6E69746F7228C7
:1016000030782530345829204E3A20307825303231
:10161000582C543A2564210D0A000000506C6C4C83
:101620006F636B283078253034582920453A2030B4
:1016300078253032582C543A2564210D0A000000D8
:10164000506C6C4C6F636B283078253034582920EF
:101650004E3A203078253032582C543A2564210DEA
:101660000A00000054656D707261747572652830EF
:1016700078253034582920453A20307825303258A2
:101680002C543A2564210D0A0000000054656D7049
:101690007261747572652830782530345829204E6F
:1016A0003A203078253032582C543A2564210D0ADE
:1016B00000000000566F6C53656E736F724578744E
:1016C0006572537570706C792830782530345829DC
:1016D00020453A203078253032582C543A25642160
:1016E0000D0A0000566F6C53656E736F7245787407
:1016F0006572537570706C792830782530345829AC
:10170000204E3A203078253032582C543A25642126
:101710000D0A00005372616D4275696C74496E5315
:10172000656C6674657374283078253034582920C8
:10173000453A203078253032582C543A2564210D12
:101740000A0000005372616D4275696C74496E53F2
:10175000656C667465737428307825303458292098
:101760004E3A203078253032582C543A2564210DD9
:101770000A0000004F75747075744669666F437295
:1017800063283078253034582920453A2030782590
:101790003032582C543A2564210D0A004F7574706C
:1017A00075744669666F4372632830782530345803
:1017B00029204E3A203078253032582C543A25646E
:1017C000210D0A004572726250696E53746174652E
:1017D0004D6F6E69746F7228307825303458292027
:1017E000453A203078253032582C543A2564210D62
:1017F0000A0000004572726250696E53746174652C
:101800004D6F6E69746F72283078253034582920F6
:101810004E3A203078253032582C543A2564210D28
:101820000A0000004661756C744F75744661756CF2
:1018300074283078253034582920453A20307825CE
:101840003032582C543A2564210D0A004661756CDB
:10185000744F75744661756C74283078253034582F
:1018600029204E3A203078253032582C543A2564BD
:10187000210D0A0047726F7570486F6C6443726384
:10188000283078253034582920453A2030782530C2
:1018900032582C543A2564210D0A000047726F75A6
:1018A00070486F6C6443726328307825303458294F
:1018B000204E3A203078253032582C543A25642175
:1018C0000D0A00004454435F255820496D6D69742A
:1018D0002025732C543A25640D0A000044544325F6
:1018E00030365820496D6D697420496E76616C6997
:1018F000642C543A25640D0A0000000043616D65B4
:10190000726120447463205374617274204465745E
:101910002C543A25640D0A0043616D6572612044C0
:1019200074632053746F70204465742C543A25649A
:101930000D0A000043616D65726120437572726526
:101940006E742041626E6F726D616C282564292C63
:10195000302E2564562C543A25640D0A00000000F0
:1019600043616D20506F776572204F46462C543A84
:1019700025640D0A000000004C43442050524F548F
:10198000454354494F4E205475726E204F66662071
:101990004C63642825303864290D0A004C434420E8
:1019A00050524F54454354494F4E5F54454D505F3C
:1019B00044495341424C45205475726E204F66662F
:1019C000204C63640D0A00004C43442050524F5495
:1019D000454354494F4E205741524E4E494E4720A1
:1019E00055492825303864290D0A00004C4344200D
:1019F00050524F54454354494F4E5F54454D505FEC
:101A000044495341424C452053484F572055490DB6
:101A10000A00000043757272656E74204465726539
:101A20006174696E6720636C6F7365204F5344283F
:101A300025303864290D0A0043757272656E742072
:101A4000446572656174696E6720636C6F736520AD
:101A50004F53440D0A0000004C43442050524F5451
:101A6000454354494F4E5F54454D505F44455245A0
:101A70004154494E47720A004C43442050524F543F
:101A8000454354494F4E5F54454D505F4445524580
:101A90004154494E47202825303864290D0A00005A
:101AA00043757272656E74204E6F726D6F616C203B
:101AB000636C6F7365204F53440D0A004375727257
:101AC000656E74204E6F726D6F616C20636C6F7306
:101AD00065204F5344202825303864290D0A000022
:101AE0008C0A010035040100DEFD0000DEF7000075
:101AF000DFF1000031EC000083E6000022E100008D
:101B0000C1DB0000A9D6000091D10000BDCC0000CF
:101B1000E9C7000055C30000C2BE00006BBA000058
:101B200015B60000F7B10000D9AD0000F1A9000022
:101B30000AA6000050A20000979E00000E9B000025
:101B4000869700002B940000D0900000A08D00002C
:101B5000718A00006A8700006484000083810000AD
:101B6000A37E0000E77B00002C7900009276000045
:101B7000F973000080710000076F0000AC6C00007A
:101B8000526A000017680000DC650000BB630000BB
:101B90009B610000945F00008E5D0000A05B000070
:101BA000B2590000DB570000055600004454000005
:101BB00083520000D65000002A4F0000914D0000D3
:101BC000F94B0000734A0000ED480000794700001F
:101BD00005460000A14400003D430000E94100002B
:101BE00096400000513F00000D3E0000D73C000031
:101BF000A13B0000793A000051390000363800005E
:101C00001B3700000C360000FE340000FB330000E0
:101C1000F8320000FC3100000031000018300000F4
:101C2000302F00004E2E00006C2D0000932C000081
:101C3000BA2B0000EA2A00001B2A000054290000E9
:101C40008D280000CE270000102700005926000034
:101C5000A2250000F2240000432400009B23000082
:101C6000F322000051220000B021000015210000E5
:101C70007A200000E61F0000521F0000C31E000073
:101C8000351E0000AC1D0000241D0000A11C00003A
:101C90001F1C0000A11B0000231B0000AA1A00004B
:101CA000321A0000BE1900004B190000D8180000BD
:101CB0006C1800000118000097170000CC160000F7
:101CC000C91600006616000003160000A4150000E7
:101CD00045150000E91400008E14000036140000C1
:101CE000DE1300008913000034130000E21200002C
:101CF0009112000043120000F5110000A91100002C
:101D00005E11000015110000CC10000086100000CC
:101D100040100000FD0F0000BA0F0000790F000016
:101D2000380F0000F90E0000BB0E00007F0E00000F
:101D3000430E0000090E0000CF0D0000970D0000BB
:101D40005F0D0000290D0000F30C0000BF0C000027
:101D50008B0C0000590C0000270C0000F60B000053
:101D6000C60B0000980B00006A0B00003D0B000042
:101D7000110B0000E60A0000BC0A0000920A0000F5
:101D8000690A0000410A00001A0A0000F309000075
:101D9000CD090000A8090000830900005F090000C8
:101DA0003B09000018090000F6080000D4080000F4
:101DB000B3080000920800007208000053080000F9
:101DC0003408000015080000F7070000DA070000DB
:101DD000BD070000A007000084070000680700009E
:101DE0004D0700003307000019070000FF06000040
:101DF000E5060000CC060000B40600009C060000CA
:101E0000840600006D060000560600003F06000034
:101E10002906000013060000FE050000E905000089
:101E2000D4050000C0050000AC05000098050000C6
:101E300084050000710500005E0500004C050000EF
:101E40003A05000028050000160500000505000001
:101E5000F4040000E3040000D2040000C104000008
:101E6000B1040000A10400009204000082040000FC
:101E700073040000640400005504000046040000E0
:101E8000380400002A0400001C0400000E040000B6
:101E900001040000F4030000E7030000D903000080
:101EA000CD030000C1030000B5030000A90300003A
:101EB0009D03000091030000860300007A030000E8
:101EC0006F030000640300005A0300004F0300008A
:101ED000440300003A030000300300002603000022
:101EE0001C0300001203000008030000FF020000B2
:101EF000F6020000EC020000E3020000DA0200003B
:101F0000D1020000C8020000C0020000B7020000B9
:101F1000AF020000A70200009F020000970200002D
:101F20008F0200008802000080020000780200009A
:101F30007102000069020000620200005B02000002
:101F40005402000038FFFFFF3DFFFFFF42FFFFFF8D
:101F500047FFFFFF4CFFFFFF51FFFFFF56FFFFFF53
:101F60005BFFFFFF60FFFFFF65FFFFFF6AFFFFFFF3
:101F70006FFFFFFF74FFFFFF79FFFFFF7EFFFFFF93
:101F800083FFFFFF88FFFFFF8DFFFFFF92FFFFFF33
:101F900097FFFFFF9CFFFFFFA1FFFFFFA6FFFFFFD3
:101FA000ABFFFFFFB0FFFFFFB5FFFFFFBAFFFFFF73
:101FB000BFFFFFFFC4FFFFFFC9FFFFFFCEFFFFFF13
:101FC000D3FFFFFFD8FFFFFFDDFFFFFFE2FFFFFFB3
:101FD000E7FFFFFFECFFFFFFF1FFFFFFF6FFFFFF53
:101FE000FBFFFFFF00000000050000000A000000EA
:101FF0000F00000014000000190000001E00000087
:1020000023000000280000002D0000003200000026
:10201000370000003C0000004100000046000000C6
:102020004B00000050000000550000005A00000066
:102030005F00000064000000690000006E00000006
:1020400073000000780000007D00000082000000A6
:10205000870000008C000000910000009600000046
:102060009B000000A0000000A5000000AA000000E6
:10207000AF000000B4000000B9000000BE00000086
:10208000C3000000C8000000CD000000D200000026
:10209000D7000000DC000000E1000000E6000000C6
:1020A000EB000000F0000000F5000000FA00000066
:1020B000FF00000004010000090100000E01000003
:1020C00013010000180100001D01000022010000A2
:1020D000270100002C010000310100003601000042
:1020E0003B01000040010000450100004A010000E2
:1020F0004F01000054010000590100005E01000082
:1021000063010000680100006D0100007201000021
:10211000770100007C0100008101000086010000C1
:102120008B01000090010000950100009A01000061
:102130009F010000A4010000A9010000AE01000001
:10214000B3010000B8010000BD010000C2010000A1
:10215000C7010000CC010000D1010000D601000041
:10216000DB010000E0010000E5010000EA010000E1
:10217000EF010000F4010000F9010000FE01000081
:1021800003020000080200000D020000120200001D
:10219000170200001C0200002102000026020000BD
:1021A0002B02000030020000350200003A0200005D
:1021B0003F02000044020000490200004E020000FD
:1021C00053020000580200005D020000620200009D
:1021D000670200006C02000071020000760200003D
:1021E0007B02000080020000850200008A020000DD
:1021F0008F02000094020000990200009E0200007D
:10220000A3020000A8020000AD020000B20200001C
:10221000B7020000BC020000C1020000C6020000BC
:10222000CB020000D0020000D5020000DA0200005C
:10223000DF020000E4020000E9020000EE020000FC
:10224000F3020000F8020000FD020000020300009B
:10225000070300000C030000110300001603000038
:102260001B03000020030000250300002A030000D8
:102270002F03000034030000390300003E03000078
:1022800043030000480300004D0300005203000018
:10229000570300005C0300006103000066030000B8
:1022A0006B03000070030000750300007A03000058
:1022B0007F03000084030000890300008E030000F8
:1022C00093030000980300009D030000A203000098
:1022D000A7030000AC030000B1030000B603000038
:1022E000BB030000C0030000C5030000CA030000D8
:1022F000CF030000D4030000D9030000DE03000078
:10230000E3030000E8030000ED030000F203000017
:10231000F7030000FC0300000104000006040000B5
:102320000B04000010040000150400001A04000053
:102330001F04000024040000290400002E040000F3
:1023400033040000380400003D0400004204000093
:10235000470400004C040000510400005604000033
:102360005B04000060040000650400006A040000D3
:102370006F04000074040000790400007E04000073
:1023800083040000880400008D0400009204000013
:10239000970400009C040000A1040000A6040000B3
:1023A000AB040000B004000000000000975C48008F
:1023B0000B5D4800335D4800655D4800735D480073
:1023C000855E480001000000377A48007B7A4800AB
:1023D000CF7A48001D7B48002B7B4800F97B4800E2
:1023E0000200000025344900A5344900B3344900F7
:1023F0006B35490079354900393649000300000042
:102400009DE34800BDE448000DEF480043EF48005D
:1024100001F2480011F2480004000000537973747F
:10242000656D20526573657420736F757263653ACC
:102430002025640D0A0000002A2A2A2A2A2A2A2A8C
:102440002A2A2A2A2A2A2A2A2A2053797374656D6D
:102450002077616B657570202A2A2A2A2A2A2A2A5F
:102460002A2A2A2A2A2A2A2A2A0D0A0077616B6533
:102470002075702062792063616E305F7278207001
:10248000696E200D0A00000077616B652075702071
:1024900062792063616E315F72782070696E200D01
:1024A0000A00000077616B65207570206279204119
:1024B00043432070696E200D0A000000454D6F6493
:1024C000756C655F737973626F6F7400454D6F64EF
:1024D000756C655F63616E00454D6F64756C655F1B
:1024E0006469616700000000454D6F64756C655F4D
:1024F000545000004170703A205273745372633A22
:1025000025642C284E6D3A25642C646961673A2550
:10251000642C6163633A25642D687725642D737795
:1025200025642C6462673A2564292C5077566F6CB9
:102530003A2564562C564F533A25642C46756E56F0
:102540003A25642C43616E563A25642C54705374BA
:102550003A25642C54705077724F6E3A25642C489B
:10256000573A25642C43616E53743A25732C4361AA
:102570006E57726B3A25732C4E6D3A25732C446955
:10258000616753743A25642C536573733A25642C40
:102590007365634C766C3A25642C44736C527853A3
:1025A000743D25642C44736C547853743D25640D3C
:1025B0000A0000000D0A0D0A0D0A0000417070208B
:1025C00053797374656D2053746172740D0A000041
:1025D000504F57455200000043414E4E4D00000001
:1025E000444941470000000044454255470000006F
:1025F0004255534F4646000053575F4143435F4F98
:102600004E000000556E646566696E6564000000EA
:1026100053657457616B657570537263203D202557
:10262000732C543A25640D0A00000000436C656168
:102630007257616B657570537263203D2025732C52
:10264000543A25640D0A0000526573657400000059
:10265000496E6974000000005072657061726153C8
:102660006C65657000000000536C656570000000CB
:10267000576F726B696E6700537973626F6F742066
:1026800053746174653A202573202D3E2025730D07
:102690000A0000004947204F46462C543A25640D55
:1026A0000A0000004947204F4E2C543A25640D0A79
:1026B00000000000312E3573206166746572204978
:1026C00047204F4E2C543A25640D0A002A2A2A2A04
:1026D0002A2A2A2A2A2A2A2A2A2A20506F775F4F52
:1026E0006E2121212A2A2A2A2A2A2A2A2A2A2A2A21
:1026F0002A2A2A2A0D0A0000676F20746F20736C43
:1027000065657020212121200D0A0D0A00000000BE
:102710002A2A2A2A2A2A2A2A2A2A2A2A2A2A2050FD
:102720006F775F446F776E2C20656E7465722073CF
:102730006C656570212121202A2A2A2A2A2A2A2A20
:102740002A2A2A2A2A2A2A200D0A0D0A0000000015
:1027500046756E6320566F6C7420526973696E679C
:102760002041626F766520313830562C2564562C16
:10277000543A25640D0A000046756E6320566F6C4E
:1027800074205265636F7665722041626F766520B2
:102790003830562C2564562C543A25640D0A000016
:1027A00046756E6320566F6C7420526973696E674C
:1027B0002041626F766520313835562C2564562CC1
:1027C000543A25640D0A000046756E6320566F6CFE
:1027D000742046616C6C696E672042656C6F77206F
:1027E0003735562C2564562C3A25640D0A00000016
:1027F00046756E6320566F6C742046616C6C696E12
:10280000672042656C6F77203830562C2564562C33
:102810003A25640D0A00000046756E6320566F6C01
:1028200074205265636F7665722042656C6F772005
:10283000313830562C2564562C543A25640D0A0044
:1028400046756E6320566F6C74202825642D3E25D6
:1028500064292041666669726D2025732C202C2521
:1028600064562C20543A25640D0A000048696768B4
:102870000000000043616E20566F6C742052697333
:10288000696E672041626F766520313835562C2598
:1028900064562C543A25640D0A00000043616E20F2
:1028A000566F6C74205265636F7665722041626F5B
:1028B0007665203735562C2564562C543A25640D00
:1028C0000A00000043616E20566F6C7420526973D9
:1028D000696E672041626F766520313930562C254C
:1028E00064562C543A25640D0A00000043616E20A2
:1028F000566F6C742046616C6C696E672042656C23
:102900006F77203730562C2564562C3A25640D0AF3
:102910000000000043616E20566F6C742046616CAD
:102920006C696E672042656C6F77203735562C25B1
:1029300064562C3A25640D0A0000000043616E20A5
:10294000566F6C74205265636F7665722042656CB9
:102950006F7720313835562C2564562C543A25642F
:102960000D0A000043616E20566F6C7420282564A8
:102970002D3E2564292041666669726D2025732CE1
:10298000202C2564562C20543A25640D0A000000A2
:10299000BC244B00CC244B00D8244B00E8244B0033
:1029A00043616D20506F77657220446F776D0D0A1B
:1029B0000000000043616D20506F776572204F6EFC
:1029C0000D0A00004B6579205761697420666F72AB
:1029D00020706F77657220757020746F20636F6D43
:1029E000706C6574650D0A00506F776572204B65D9
:1029F0007920446F776E20504D643A25642C504DF9
:102A000064463A25642C726D3A25642C55493A2562
:102A1000642C4B3A25640D0A000000004B657920B8
:102A2000507265737365642C204D6F64653A25643C
:102A30002C25640D0A000000536176652041637403
:102A4000697665204D6F64653A256420537563632C
:102A500065640D0A000000005361766520416374CF
:102A6000697665204D6F64653A2564204661696C1E
:102A700065643A0D0A0000005072657373204B655F
:102A800079206D6F7265207468616E20392E3873FD
:102A9000205379732077696C6C2072657365740DAF
:102AA0000A0000005072657373204B6579206D6FCA
:102AB0007265207468616E203130732053797374AD
:102AC000656D2072657365740D0A0000466173744C
:102AD00020537570706C6965723A2573204170706F
:102AE00053773A25730D0A0056312E38382E333479
:102AF00037000000537570706C6965723A25732059
:102B000041707053773A25730D0A000054502070BD
:102B10006F776572206F6E20737563636573732CB6
:102B20007469636B3A25646D732C543A25640D0AFD
:102B3000000000005374724D643A25642C5573658F
:102B4000724D643A25640D0A0000000052657374EA
:102B50006172742043616D65726120556E506C75B1
:102B6000672054696D696E67204F75742E2E0D0AAB
:102B700000000000545020737461727420706F77ED
:102B80006572206F66662C543A25640D0A000000B9
:102B9000545020706F776572206F6666207375637E
:102BA000636573732C543A25640D0A005570646193
:102BB0007465206D646F653A25640D0A000000009D
:102BC0004374726C20537461727420706F776572F5
:102BD000206F6E2C543A25640D0A00004374726C09
:102BE00020537461727420706F776572206F66660F
:102BF0002C543A25640D0A0043616D6572612053BF
:102C00006576657269747920546F6F2043757272AE
:102C1000656E742C205450204F46462121210D0A08
:102C2000000000005265736574536F757263653AF6
:102C300025642C2062797456507369675265626FFF
:102C40006F74436E743A25640D0A00006C6F636BF9
:102C500050696E206572726F723A25640D0A000029
:102C6000567020736967206C6F73742074696D658A
:102C70006F75743A25642C20543A25640D0A0000BF
:102C8000567020736967206C6F73742074696D656A
:102C90006F7574207374657031206D637520726573
:102CA0007365743A25640D0A0000000056702073A5
:102CB0006967206C6F73742074696D656F7574201B
:102CC0007374657032206D63752072657365743A34
:102CD00025640D0A00000000567020736967206C9F
:102CE0006F73742074696D656F757420737465708B
:102CF000332053657373696F6E3A25640D0A0000C3
:102D000050436C6B206661756C74207469636B3A18
:102D100025640D0A0000000050434C4B2054696D9F
:102D20006967204F7574212121284675616C7420D4
:102D300050494E3A2564290D0A00000049324320CB
:102D400052657365740D0A00424C20736C6F770DE9
:102D50000A00000053686F772045522055490D0A3C
:102D60000000000043616D6572612048617320427C
:102D700065656E20556E706C7567204F6E205469C6
:102D8000636B2025640D0A0043616D657261204804
:102D90006173204265656E20706C7567204F6E20F0
:102DA0005469636B2025640D0A0000005470466C62
:102DB000617368496E6974206F6B0D0A0000000032
:102DC000456E7465722045727220554920537263B6
:102DD0003A2564207469636B3A25642070726553E8
:102DE00072633A25640D0A00517569742045727248
:102DF0002055493A25640D0A00000000626C3A250E
:102E0000642C25732C424C4C763A25642C50574D3B
:102E10003A25640D0A0000004E69676874000000DE
:102E20004E54436F72673A3078253034582C543AF8
:102E300025640D0A000000005665684D6F643A2550
:102E4000642C50696E53543A307825582C4C4344C6
:102E5000543A25642C4B65796D6F643A25640D0AEC
:102E6000000000004C43703A25642C4C433A256422
:102E70002C45433A25642C416E7469476C61726538
:102E80003A25640D0A0000005A6F6F6D3A25642CD4
:102E9000416E676C653A25642C43616D65726153C0
:102EA000743A307825582C495350543A25640D0A09
:102EB000000000005374724D643A25642C544D6434
:102EC0003A25642C25732C424C4D643A25642C42DF
:102ED0004C4C763A25642C50574D3A25640D0A0027
:102EE0000000000061D748002C01000089D748008D
:102EF000545036383135205549205665723A2030C5
:102F0000302E30302E2564200D0A000056502053FC
:102F10006967204465742066697273742066617500
:102F20006C742C50305F32663A25303278482C5021
:102F3000335F33383A25303278482C50335F333999
:102F40003A25303278482C486163746976653A25B1
:102F5000642C543A25640D0A00000000565020539A
:102F60006967204465742061666669726D206661D8
:102F7000756C742C50305F32663A25303278482CAC
:102F800050335F33383A25303278482C50335F3332
:102F9000393A25303278482C486163746976653A4D
:102FA00025642C543A25640D0A000000726573658F
:102FB000745F6D6970692C50305F32663A2530322B
:102FC00078482C50335F33383A25303278482C50CB
:102FD000335F33393A25303278482C48616374695D
:102FE00076653A25642C543A25640D0A00000000E9
:102FF0005650205369672044657420666972737463
:10300000206F6B2C50305F32663A25303278482C76
:1030100050335F33383A25303278482C50335F33A1
:10302000393A25303278482C486163746976653ABC
:1030300025642C543A25640D0A0000005650205394
:103040006967204465742061666669726D206F6BE4
:103050002C50305F32663A25303278482C50335F3E
:1030600033383A25303278482C50335F33393A259B
:10307000303278482C486163746976653A25642C4F
:10308000543A25640D0A0000767073696720666102
:10309000756C743A25640D0A00000000767073693F
:1030A000672062797456507369675265626F6F74F6
:1030B00020436C65616E0D0A000000006C6F636B4D
:1030C000206661756C7420567020736967205265A4
:1030D000626F6F7420436C65616E3A25640D0A005F
:1030E00076707369672072656164792070617474A9
:1030F00065726E5F67656E3A25642C2074696D6534
:103100003A25640D0A0000007670736967206279C1
:103110007456507369675265626F6F74436E7420A2
:10312000436C65616E0D0A000C1900201E00000042
:10313000C82000200A0000005C2300201E000000C0
:103140005B43414E25645D206275736F6666207235
:1031500065636F76657220737563636573732C5452
:103160003A25640D0A00000043414E256420627533
:10317000736F666620747279207265636F7665720C
:10318000000000005B43414E25645D206275736F53
:10319000666620747279207265636F7665722C2082
:1031A00073656E64206D73672C543A25640D0A0DA7
:1031B0000A0000005B43414E25645D206275736F19
:1031C00066665F4C312C636E743A25642C447463DC
:1031D00053743D25642C543A25640D0A0000000008
:1031E0005B43414E25645D206275736F66665F4C7C
:1031F00032412C636E743A25642C44746353743DDD
:1032000025642C543A25640D0A0000005B43414EAE
:1032100025645D206275736F66665F4C32422C6375
:103220006E743A25642C44746353743D25642C54A5
:103230003A25640D0A0000005B43414E25645D2081
:103240006275736F6666207265636F766572206E55
:103250006F726D616C2C543A25640D0A0D0A0000E2
:10326000E8030000640000000000000040000000CF
:1032700001005E0001000000D0070000DC05000036
:1032800088130000F401000001000000F4010000B8
:103290000000000008000000000100001400000011
:1032A0000F000000000001000000000070324B0021
:1032B000635E4B0001000000000000000100000000
:1032C00002000000020000000000000000000000FA
:1032D000000000000100000000000A0000000108DA
:1032E00019001900960000000800010105001900EE
:1032F000CC324B00D0324B0008000000010000002F
:1033000001000A00010001081900190096000100DF
:103310000800010005001900CC324B00D0324B00F0
:1033200008000000000000000A0002000200010086
:1033300019004B003200000008000101CC324B00A4
:10334000D0324B0008000000000000000100000027
:103350000200010001000200010002000200000062
:10336000BC324B00D4324B004C334B0003030302FE
:103370000603060404050202020202030603030315
:103380000202000000010100010001000000010034
:1033900000000000000000000000000044636D5FBA
:1033A000447370004374726C20447463204F4E0069
:1033B0004374726C20447463204F46460000000042
:1033C00000000000000000001027000005030004BA
:1033D0000400000079D6490083D6490000000000AF
:1033E000000000000000000010270000010300049E
:1033F0000400000061D649006BD6490000000000BF
:1034000000000000000000000000000000000000BC
:1034100000000000000000000000000001000000AB
:10342000C0334B0001003200881300000200190075
:103430008813000003003200881300000000000021
:103440000000010024344B00EC2E4020000000005E
:10345000142F4020E42E4020EC2E402000000000DD
:10346000FC2E402000000000EC2E40200000000058
:10347000FC2E402000000000FC2E40200000000038
:10348000142F4020E42E4020FC2E4020000000009D
:10349000142F4020E42E4020FC2E4020000000008D
:1034A000142F4020E42E4020FC2E4020000000007D
:1034B000142F4020E42E4020EC2E4020000000007D
:1034C000EC2E4020000000001C2F4020242F402024
:1034D000EC2E402000000000EC2E402000000000F8
:1034E000EC2E402000000000FC2E402000000000D8
:1034F000142F4020E42E4020FC2E4020000000002D
:10350000142F4020E42E4020FC2E4020000000001C
:10351000FC2E402000000000FC2E40200000000097
:10352000FC2E402000000000FC2E40200000000087
:10353000FC2E402000000000EC2E40200000000087
:10354000EC2E402000000000EC2E40200000000087
:10355000EC2E402000000000EC2E40200000000077
:103560000001000048344B0050344B0000000000C4
:103570000001000058344B00000000000000000073
:103580000001000060344B0000000000000000005B
:103590000001000068344B00000000000000000043
:1035A0000001000070344B0000000000000000002B
:1035B0000001000078344B0080344B000000000014
:1035C0000001000088344B0090344B0000000000E4
:1035D0000001000098344B00A0344B0000000000B4
:1035E00000010000A8344B00B0344B000000000084
:1035F00000010000B8344B00000000000000000093
:1036000000010000C0344B00C8344B000000000033
:1036100000010000D0344B0000000000000000005A
:1036200000010000D8344B00000000000000000042
:1036300000010000E0344B0000000000000000002A
:1036400000010000E8344B00F0344B0000000000A3
:1036500000010000F8344B0000354B000000000072
:103660000001000008354B000000000000000000D1
:103670000001000010354B000000000000000000B9
:103680000001000018354B000000000000000000A1
:103690000001000020354B00000000000000000089
:1036A0000001000028354B00000000000000000071
:1036B0000001000030354B00000000000000000059
:1036C0000001000038354B00000000000000000041
:1036D0000001000040354B00000000000000000029
:1036E0000001000048354B00000000000000000011
:1036F0000001000050354B000000000000000000F9
:103700000001000058354B000000000000000000E0
:10371000030087F160354B002C2F40200F00000084
:103720000000000099E44900A1E44900ABE449002D
:10373000D5E4490000000000000000000000000087
:103740000000000000000000000000000000000079
:1037500003008AF170354B00302F40200A00000032
:1037600000000000F3E44900FBE449000000000011
:103770000000000000000000000000000000000049
:103780000000000000000000000000000000000039
:10379000030097F180354B00342F40200A000000D1
:1037A000000000000BE5490013E54900000000009F
:1037B0000000000000000000000000000000000009
:1037C00000000000000000000000000000000000F9
:1037D000030093F190354B00382F40200200000089
:1037E0000000000025E549002DE54900000000002B
:1037F00000000000000000000000000000000000C9
:1038000000000000000000000000000000000000B8
:10381000030095F1A0354B003C2F40200200000032
:10382000000000003FE5490047E5490000000000B6
:103830000000000000000000000000000000000088
:103840000000000000000000000000000000000078
:1038500003008CF1B0354B00402F40200E000000DB
:103860000000000057E549005FE5490069E54900AF
:1038700093E5490000000000000000000000000087
:103880000000000000000000000000000000000038
:10389000030090F1C0354B00442F40201100000080
:1038A00000000000B1E54900B9E54900C3E5490061
:1038B000CBE549000000000000000000000000000F
:1038C00000000000000000000000000000000000F8
:1038D00003008BF1D0354B00482F4020030000003F
:1038E00000000000E9E54900F1E54900FBE5490079
:1038F00025E6490000000000000000000000000074
:1039000000000000000000000000000000000000B7
:103910000300A0F1E0354B004C2F402003000000D5
:103920000000000063E649006BE6490075E64900C7
:103930007DE64900000000000000000000000000DB
:103940000000000000000000000000000000000077
:1039500003004AF1F0354B00502F402002000000D8
:1039600000000000BBE64900C3E64900000000007B
:103970000000000000000000000000000000000047
:103980000000000000000000000000000000000037
:1039900003005AF100364B00542F40201500000060
:1039A00000000000D1E64900D9E64900E3E64900FD
:1039B000EBE64900000000000000000000000000ED
:1039C00000000000000000000000000000000000F7
:1039D000030021F010364B00582F40200200000059
:1039E0000000000009E7490011E74900000000005D
:1039F00000000000000000000000000000000000C7
:103A000000000000000000000000000000000000B6
:103A1000030022F020364B005C2F40200200000003
:103A20000000000027E749002FE7490000000000E0
:103A30000000000000000000000000000000000086
:103A40000000000000000000000000000000000076
:103A5000030026F030364B00602F402002000000AB
:103A60000000000045E749004DE749000000000064
:103A70000000000000000000000000000000000046
:103A80000000000000000000000000000000000036
:103A90000300A1F140364B00642F402011000000CC
:103AA00000000000DDE74900E5E74900EFE74900D5
:103AB000F7E74900000000000000000000000000DF
:103AC00000000000000000000000000000000000F6
:103AD0000300B1F150364B00682F40201000000069
:103AE0000000000015E849001DE8490027E84900EA
:103AF0002FE8490000000000000000000000000066
:103B000000000000000000000000000000000000B5
:103B1000030000F160364B006C2F402003000000D2
:103B20000000000095E849009DE849000000000001
:103B30000000000000000000000000000000000085
:103B40000000000000000000000000000000000075
:103B5000030001F170364B00702F4020020000007E
:103B600000000000B7E84900BFE84900000000007D
:103B70000000000000000000000000000000000045
:103B80000000000000000000000000000000000035
:103B9000030002F180364B00742F4020010000002A
:103BA00000000000D5E84900DDE849000000000001
:103BB0000000000000000000000000000000000005
:103BC00000000000000000000000000000000000F5
:103BD000030003F190364B00782F402003000000D3
:103BE00000000000F9E8490001E949000000000078
:103BF00000000000000000000000000000000000C5
:103C000000000000000000000000000000000000B4
:103C1000030004F1A0364B007C2F40200700000079
:103C20000000000015E949001DE9490000000000FE
:103C30000000000000000000000000000000000084
:103C40000000000000000000000000000000000074
:103C5000030005F1B0364B00802F4020010000002A
:103C60000000000059E9490061E949000000000036
:103C70000000000000000000000000000000000044
:103C80000000000000000000000000000000000034
:103C900003004BF1C0364B00842F40200100000090
:103CA000000000005BE7490063E7490000000000F6
:103CB0000000000000000000000000000000000004
:103CC00000000000000000000000000000000000F4
:103CD00003005FF1D0364B00882F40201100000018
:103CE000000000006DE7490075E749000000000092
:103CF00000000000000000000000000000000000C4
:103D000000000000000000000000000000000000B3
:103D1000030010F2E0364B008C2F4020030000001F
:103D200000000000C5E74900CDE7490000000000A1
:103D30000000000000000000000000000000000083
:103D40000000000000000000000000000000000073
:103D5000030086F1F0364B00902F40200100000058
:103D6000000000006DE9490075E94900000000000D
:103D70000000000000000000000000000000000043
:103D80000000000000000000000000000000000033
:103D9000030000FD00374B00942F4020100000006E
:103DA000000000008FE9490097E949000000000089
:103DB0000000000000000000000000000000000003
:103DC00000000000000000000000000000000000F3
:103DD00000000000000000000000000000000000E3
:103DE00000000000000000000000000000000000D3
:103DF00000000000000000000000000000000000C3
:103E000000000000000000000000000000010000B1
:103E10000000010004000100000001000900010091
:103E20000000010008000100000001000400010082
:103E300004000100142F402000000000103E4B0041
:103E400000000000000000001C2F4020242F402014
:103E5000143E4B0000000000000000001C2F40201A
:103E6000242F4020183E4B000000000000000000FE
:103E70001C2F4020242F40201C3E4B00000000003F
:103E8000000000001C2F4020242F4020203E4B002B
:103E90000000000000000000142F4020000000007F
:103EA000243E4B000000000000000000142F4020C2
:103EB000E42E4020283E4B000000000000000000DF
:103EC000142F4020E42E40202C3E4B000000000028
:103ED00000000000142F4020E42E4020303E4B0014
:103EE00000000000000000000000000000000000D2
:103EF000000000000000000000000000000002FFC1
:103F0000343E4B003F164900000000000000000056
:103F100000000000000001F0483E4B0081164900FF
:103F2000000000000000000000000000000001FF91
:103F30005C3E4B00891649000000000000000000B4
:103F400000000000000000FF703E4B009116490089
:103F5000000000000000000000000000000004FF5E
:103F6000843E4B009916490000000000000000004C
:103F700000000000000000DC983E4B00C513490023
:103F8000000000000000000000000000000001B080
:103F9000AC3E4B005114490000000000000000003E
:103FA00000000000000000B0C03E4B006B14490050
:103FB000000000000000000000000000000002B04F
:103FC000D43E4B003F1549000000000000000000F7
:103FD000000000000000FFFF0000000000000000E3
:103FE000000000000000000001000000DB000000F5
:103FF00010374B0060354B0000000000000000004F
:104000000000000000000000FC3E4B00343E4B006E
:1040100020344B0044344B0000000000000000003E
:104020000000000010010000D82E4020EC2E40209F
:104030000000000011010000D82E4020EC2E40208E
:104040000000000014000000E42E4020FC2E402060
:104050000000000019010000E42E4020FC2E40204A
:104060000000000022000000D82E4020EC2E40204E
:104070000000000027010000D82E4020082F40201B
:10408000000000002E000000D82E4020082F402005
:104090000000000031010000D82E4020EC2E40200E
:1040A000000000003E010000D82E4020EC2E4020F1
:1040B0000000000028010000E42E4020142F4020C2
:1040C0000000000085010000E42E4020142F402055
:1040D00000000000000000000000000000000000E0
:1040E000010000000000000024404B000000000020
:1040F000000000000000000001000000E4404B0050
:104100000000FF0F14074020FF0F0000141740208D
:10411000010000042017402000040000201B402064
:10412000FD33490001344900000000000000000098
:10413000000000000100000000000000000000007E
:104140000100000080414B00020000000000000060
:1041500080414B0001000100000000000000000051
:10416000000000000000010080414B000200000040
:10417000000000000000000000000000010000003E
:1041800098414B000000000000000000000000000B
:1041900068414B0000000000C0414B0080414B00D3
:1041A000000000000000000000000000000000000F
:1041B00000000000000000000000000001000000FE
:1041C000030000000001000000414B0010414B00C3
:1041D000E4404B0014424B0098414B002C1B402004
:1041E00000000000000000000000000000000000CF
:1041F00000000000000000000000000000000000BF
:10420000000000000100000044414B0068414B00E9
:10421000C0414B00881332000000000088130000EA
:1042200000000000000000000000010014424B00EC
:1042300065B7490000000000000000000000000019
:10424000000000000000000000000000010000006D
:1042500000414B0020414B005A5E4B0008424B008E
:104260002C424B0038414B0030424B00EC3F4B009E
:10427000FC404B0050424B0073746F7265206669BE
:1042800072737420676C6F62616C20536E6170731F
:10429000686F740D0A00000073746F7265206669A0
:1042A000727374206C6F63616C20536E61707368FD
:1042B0006F740D0A0000000073746F7265206C61EA
:1042C000737420676C6F62616C20536E61707368E9
:1042D0006F740D0A0000000073746F7265206C61CA
:1042E0007374206C6F63616C20536E617073686FC0
:1042F000740D0A0044454D5F4D41585F53495A457E
:104300005F46465F4441544120746F6F20736D6176
:104310006C6C0D0A000000000000000000F10000BD
:10432000000000005DEA49000003000000000000FA
:10433000000000000000000001F10000000000008B
:1043400077EA4900000200000000000000000000C1
:104350000000000002F10000000000008DEA4900AA
:10436000000100000000000000000000000000004C
:1043700003F1000000000000A9EA4900000300006A
:1043800000000000000000000000000004F1000038
:1043900000000000BDEA4900000700000000000026
:1043A000000000000000000005F100000000000017
:1043B000F9EA4900000100000000000000000000D0
:1043C00000000000000000000000000000000000ED
:1043D00000000000000000000100000001000400D7
:1043E00002000000E9E94900000000008874C000F4
:1043F00000010000000000000000000000000000BC
:104400001603F000000100000000000000000000A2
:10441000000000001703F000000100000000000091
:10442000000000000000000015E85300000100003B
:104430000000000000000000000000004BE85300F6
:10444000000100000000000000000000000000006B
:1044500019E8530000010000000000000000000007
:104460000000000031E853000001000000000000DF
:10447000000000000000000055E8530000010000AB
:10448000000000000000000000000000F0E8530001
:10449000000100000000000000000000000000001B
:1044A00029E85300000100000000000000000000A7
:1044B000000000008715C20000010000000000009D
:1044C00000000000000000008716C200000100008C
:1044D0000000000000000000000000008717C2007C
:1044E00000010000000000000000000000000000CB
:1044F0008718C2000001000000000000000000005A
:10450000000000008719C200000100000000000048
:1045100000000000000000002000C60000010000B4
:104520000000000000000000000000002002C600A3
:10453000000100000000000000000000000000007A
:104540002005C6000001000000000000000000007F
:10455000000000002006C60000010000000000006E
:1045600000000000000000002024C6000001000040
:104570000000000000000000000000002026C6002F
:10458000000100000000000000000000000000002A
:104590002009C6000001000000000000000000002B
:1045A000000000002010C600000100000000000014
:1045B00000000000000000002011C6000001000003
:1045C0000000000000000000000000002012C600F3
:1045D00000010000000000000000000000000000DA
:1045E0002013C600000100000000000000000000D1
:1045F000000000002014C6000001000000000000C0
:1046000000000000000000002015C60000010000AE
:104610000000000000000000000000002016C6009E
:104620000001000000000000000000000000000089
:104630002017C6000001000000000000000000007C
:10464000000000002018C60000010000000000006B
:1046500000000000000000002019C600000100005A
:104660000000000000000000000000002020C60044
:104670000001000000000000000000000000000039
:104680002021C60000010000000000000000000022
:10469000000000002022C600000100000000000011
:1046A00000000000000000002023C6000001000000
:1046B00000000000000000000000000001017F0079
:1046C0008000000000007F0080FF000001017F00EB
:1046D0008000000000007F0080FF000001017F00DB
:1046E0008000000000007F0080FF000001017F00CB
:1046F0008000000000007F0080FF000001017F00BB
:104700008000000000007F0080FF000001017F00AA
:104710008000000000007F0080FF000001017F009A
:104720008000000000007F0080FF000001017F008A
:104730008000000000007F0080FF000001017F007A
:104740008000000000007F0080FF000001017F006A
:104750008000000000007F0080FF000001017F005A
:104760008000000000007F0080FF000001017F004A
:104770008000000000007F0080FF000001017F003A
:104780008000000000007F0080FF000001017F002A
:104790008000000000007F0080FF000001017F001A
:1047A0008000000000007F0080FF000001017F000A
:1047B0008000000000007F0080FF000001017F00FA
:1047C0008000000000007F0080FF000001017F00EA
:1047D0008000000000007F0080FF000001017F00DA
:1047E0008000000000007F0080FF000001017F00CA
:1047F0008000000000007F0080FF000001017F00BA
:104800008000000000007F0080FF000001017F00A9
:104810008000000000007F0080FF000001017F0099
:104820008000000000007F0080FF000001017F0089
:104830008000000000007F0080FF000001017F0079
:104840008000000000007F0080FF000001017F0069
:104850008000000000007F0080FF000001017F0059
:104860008000000000007F0080FF000001017F0049
:104870008000000000007F0080FF000001017F0039
:104880008000000000007F0080FF000001017F0029
:104890008000000000007F0080FF000001017F0019
:1048A0008000000000007F0080FF000001017F0009
:1048B0008000000000007F0080FF000001017F00F9
:1048C0008000000000007F0080FF000001017F00E9
:1048D0008000000000007F0080FF000001017F00D9
:1048E0008000000000007F0080FF000001017F00C9
:1048F0008000000000007F0080FF00000100000039
:10490000BC464B0001000000CC464B0001000000FB
:10491000DC464B0001000000EC464B0001000000AB
:10492000FC464B00010000000C474B00010000005A
:104930001C474B00010000002C474B000100000009
:104940003C474B00010000004C474B0001000000B9
:104950005C474B00010000006C474B000100000069
:104960007C474B00010000008C474B000100000019
:104970009C474B0001000000AC474B0001000000C9
:10498000BC474B0001000000CC474B000100000079
:10499000DC474B0001000000EC474B000100000029
:1049A000FC474B00010000000C484B0001000000D8
:1049B0001C484B00010000002C484B000100000087
:1049C0003C484B00010000004C484B000100000037
:1049D0005C484B00010000006C484B0001000000E7
:1049E0007C484B00010000008C484B000100000097
:1049F0009C484B0001000000AC484B000100000047
:104A0000BC484B0001000000CC484B0001000000F6
:104A1000DC484B0001000000EC484B0001020001A3
:104A20000101000028010000FC484B0000000000CC
:104A300001020001010100002801000004494B00AF
:104A40000000000001020001010100002801000037
:104A50000C494B00000000000102000101010000B0
:104A60002801000014494B00000000000102000171
:104A700001010000280100001C494B00000000005B
:104A800001020001010100002801000024494B003F
:104A900000000000010200010101000028010000E7
:104AA0002C494B0000000000010200010101000040
:104AB0002801000034494B00000000000102000101
:104AC00001010000280100003C494B0000000000EB
:104AD00001020001010100002801000044494B00CF
:104AE0000000000001020001010100002801000097
:104AF0004C494B00000000000102000101010000D0
:104B00002801000054494B00000000000102000190
:104B100001010000280100005C494B00000000007A
:104B200001020001010100002801000064494B005E
:104B30000000000001020001010100002801000046
:104B40006C494B000000000001020001010100005F
:104B50002801000074494B00000000000102000120
:104B600001010000280100007C494B00000000000A
:104B700001020001010100002801000084494B00EE
:104B800000000000010200010101000028010000F6
:104B90008C494B00000000000102000101010000EF
:104BA0002801000094494B000000000001020001B0
:104BB00001010000280100009C494B00000000009A
:104BC000010200010101000028010000A4494B007E
:104BD00000000000010200010101000028010000A6
:104BE000AC494B000000000001020001010100007F
:104BF00028010000B4494B00000000000102000140
:104C00000101000028010000BC494B000000000029
:104C1000010200010101000028010000C4494B000D
:104C20000000000001020001010100002801000055
:104C3000CC494B000000000001020001010100000E
:104C400028010000D4494B000000000001020001CF
:104C50000101000028010000DC494B0000000000B9
:104C6000010200010101000028010000E4494B009D
:104C70000000000001020001010100002801000005
:104C8000EC494B000000000001020001010100009E
:104C900028010000F4494B0000000000010200015F
:104CA0000101000028010000FC494B000000000049
:104CB000010200010101000028010000044A4B002C
:104CC00000000000010200010101000028010000B5
:104CD0000C4A4B000000000001020001010100002D
:104CE00028010000144A4B000000000001020400EB
:104CF000982F402001010300B42F40200200020041
:104D00001C4A4B00DC2F4020D02F40200000000028
:104D100000000000EC434B00000000000300020014
:104D2000304A4B00F02F4020E42F402000000000CC
:104D30000000000000444B000000000004000200DE
:104D4000444A4B0004304020F82F4020000000006F
:104D50000000000014444B000000000005000200A9
:104D6000584A4B00183040200C3040200000000012
:104D70000000000028444B00000000000600020074
:104D80006C4A4B002C3040202030402000000000B6
:104D9000000000003C444B0000000000070002003F
:104DA000804A4B004030402034304020000000005A
:104DB0000000000050444B0000000000080002000A
:104DC000944A4B00543040204830402000000000FE
:104DD0000000000064444B000000000009000200D5
:104DE000A84A4B00683040205C30402000000000A2
:104DF0000000000078444B00000000000A000200A0
:104E0000BC4A4B007C304020703040200000000045
:104E1000000000008C444B00000000000B0002006A
:104E2000D04A4B00903040208430402000000000E9
:104E300000000000A0444B00000000000C00020035
:104E4000E44A4B00A430402098304020000000008D
:104E500000000000B4444B00000000000D00020000
:104E6000F84A4B00B8304020AC3040200000000031
:104E700000000000C8444B00000000000E000200CB
:104E80000C4B4B00CC304020C030402000000000D4
:104E900000000000DC444B00000000000F00020096
:104EA000204B4B00E0304020D43040200000000078
:104EB00000000000F0444B00000000001000020061
:104EC000344B4B00F4304020E8304020000000001C
:104ED0000000000004454B0000000000110002002B
:104EE000484B4B0008314020FC30402000000000BF
:104EF0000000000018454B000000000012000200F6
:104F00005C4B4B001C314020103140200000000061
:104F1000000000002C454B000000000013000200C0
:104F2000704B4B0030314020243140200000000005
:104F30000000000040454B0000000000140002008B
:104F4000844B4B00443140203831402000000000A9
:104F50000000000054454B00000000001500020056
:104F6000984B4B00583140204C314020000000004D
:104F70000000000068454B00000000001600020021
:104F8000AC4B4B006C3140206031402000000000F1
:104F9000000000007C454B000000000017000200EC
:104FA000C04B4B0080314020743140200000000095
:104FB0000000000090454B000000000018000200B7
:104FC000D44B4B0094314020883140200000000039
:104FD00000000000A4454B00000000001900020082
:104FE000E84B4B00A83140209C31402000000000DD
:104FF00000000000B8454B00000000001A0002004D
:10500000FC4B4B00BC314020B03140200000000080
:1050100000000000CC454B00000000001B00020017
:10502000104C4B00D0314020C43140200000000023
:1050300000000000E0454B00000000001C000200E2
:10504000244C4B00E4314020D831402000000000C7
:1050500000000000F4454B00000000001D000200AD
:10506000384C4B00F8314020EC314020000000006B
:105070000000000008464B00000000001E00020077
:105080004C4C4B000C32402000324020000000000D
:10509000000000001C464B00000000001F00020042
:1050A000604C4B00203240201432402000000000B1
:1050B0000000000030464B0000000000200002000D
:1050C000744C4B0034324020283240200000000055
:1050D0000000000044464B000000000021000200D8
:1050E000884C4B00483240203C32402000000000F9
:1050F0000000000058464B000000000022000200A3
:105100009C4C4B005C32402050324020000000009C
:10511000000000006C464B0000000000230002006D
:10512000B04C4B0070324020643240200000000040
:105130000000000080464B00000000002400020038
:10514000C44C4B00843240207832402000000000E4
:105150000000000094464B00000000002500020003
:10516000D84C4B00983240208C3240200000000088
:1051700000000000A8464B000000000000000000F6
:10518000000000000000000000000000000000001F
:10519000000000000000000001000000FC4C4B007B
:1051A0000000000000000000000000009C514B00C7
:1051B00000000000000000000200040003000400E2
:1051C00004007F0005007F0006007F0007007F00CD
:1051D00008007F0009007F000A007F000000000037
:1051E0000C007F000D007F000E0028000F0014004F
:1051F0001000140011007F0012007F0013007F00D8
:105200001400140015007F001600140017007F0022
:105210001800140019007F001A007F001B007F0097
:105220001C0014001D007F001E0014001F007F00E2
:105230002000060000010203040506070809090909
:10524000090A0A0A0A0B0B0B0B0C0C0C0C0D0D0DAA
:105250000D0D0D0D0D0E0E0E0E0E0E0E0E0E0E0E73
:105260000E0E0E0E0E0F0F0F0F0F0F0F0F0F0F0F53
:105270000F0F0F0F0F000000004030400080304043
:1052800000C030404000000040000000400000002E
:1052900000403040656570616464723A2030782562
:1052A000780D0A00666C735F696E69745F6865618A
:1052B000646572200D0A00005245434F564552590D
:1052C000203D3E20706F732025640D0A0000000011
:1052D00044617461205265636F657279204F4B0D94
:1052E0000A000000FE000000000000004A4645459C
:1052F00000000000494E4954203D3E206374782D43
:105300003E646174615F6164647220203078257846
:1053100020206374782D3E666C735F6375725F70D6
:105320006F733A256420627974653A256420626956
:105330007420706F733A25640D0A000072652D6940
:105340006E697420666C7321210D0A006261636BC3
:10535000757020646174612053495A453A3078254C
:10536000782020494E464F3A30782578204F66669F
:105370007365743A25580D0A0000000052454144F7
:10538000203C3D206374782D3E646174615F6164EC
:10539000647220203078257820206374782D3E6652
:1053A0006C735F6375725F706F733A256420627906
:1053B00074653A25642062697420706F733A2564BD
:1053C0000D0A00007265616420616C6C204F4B0D0A
:1053D0000A00000045455020435243204552524F99
:1053E0005221210D0A0000000000000021100000E1
:1053F000422000006330000084400000A5500000FF
:10540000C6600000E77000000881000029910000DC
:105410004AA100006BB100008CC10000ADD10000BA
:10542000CEE10000EFF10000311200001002000098
:105430007332000052220000B55200009442000076
:10544000F7720000D6620000399300001883000054
:105450007BB300005AA30000BDD300009CC3000032
:10546000FFF30000DEE3000062240000433400008C
:105470002004000001140000E6640000C77400006E
:10548000A4440000855400006AA500004BB500004C
:105490002885000009950000EEE50000CFF500002A
:1054A000ACC500008DD50000533600007226000008
:1054B0001116000030060000D7760000F6660000E6
:1054C00095560000B44600005BB700007AA70000C4
:1054D0001997000038870000DFF70000FEE70000A2
:1054E0009DD70000BCC70000C4480000E55800007C
:1054F00086680000A77800004008000061180000DE
:105500000228000023380000CCC90000EDD90000BB
:105510008EE90000AFF90000488900006999000099
:105520000AA900002BB90000F55A0000D44A000077
:10553000B77A0000966A0000711A0000500A000055
:10554000333A0000122A0000FDDB0000DCCB000033
:10555000BFFB00009EEB0000799B0000588B000011
:105560003BBB00001AAB0000A66C0000877C00006B
:10557000E44C0000C55C0000222C0000033C00004D
:10558000600C0000411C0000AEED00008FFD00002B
:10559000ECCD0000CDDD00002AAD00000BBD000009
:1055A000688D0000499D0000977E0000B66E0000E7
:1055B000D55E0000F44E0000133E0000322E0000C5
:1055C000511E0000700E00009FFF0000BEEF0000A3
:1055D000DDDF0000FCCF00001BBF00003AAF000081
:1055E000599F0000788F000088910000A981000079
:1055F000CAB10000EBA100000CD100002DC10000D9
:105600004EF100006FE1000080100000A1000000DA
:10561000C2300000E32000000450000025400000DC
:105620004670000067600000B98300009893000096
:10563000FBA30000DAB300003DC300001CD3000050
:105640007FE300005EF30000B10200009012000052
:10565000F3220000D2320000354200001452000054
:105660007762000056720000EAB50000CBA500008A
:10567000A8950000898500006EF500004FE5000048
:105680002CD500000DC50000E2340000C32400004A
:10569000A01400008104000066740000476400004C
:1056A0002454000005440000DBA70000FAB7000006
:1056B00099870000B89700005FE700007EF70000C0
:1056C0001DC700003CD70000D3260000F2360000C2
:1056D00091060000B01600005766000076760000C4
:1056E00015460000345600004CD900006DC900007A
:1056F0000EF900002FE90000C8990000E9890000B8
:105700008AB90000ABA900004458000065480000B9
:105710000678000027680000C0180000E1080000BB
:1057200082380000A32800007DCB00005CDB000075
:105730003FEB00001EFB0000F98B0000D89B00002F
:10574000BBAB00009ABB0000754A0000545A000031
:10575000376A0000167A0000F10A0000D01A000033
:10576000B32A0000923A00002EFD00000FED000069
:105770006CDD00004DCD0000AABD00008BAD000027
:10578000E89D0000C98D0000267C0000076C000029
:10579000645C0000454C0000A23C0000832C00002B
:1057A000E01C0000C10C00001FEF00003EFF0000E5
:1057B0005DCF00007CDF00009BAF0000BABF00009F
:1057C000D98F0000F89F0000176E0000367E0000A1
:1057D000554E0000745E0000932E0000B23E0000A3
:1057E000D10E0000F01E000063616E25642064721B
:1057F0006976657220696E69740D0A0063616E25B1
:105800006420647269766572206465696E69740DDE
:105810000A00000063616E256420706879204F7073
:105820004D6F6465203D20535441525445440D0A48
:105830000000000063616E256420706879204F705D
:105840004D6F6465203D2053544F505045440D0A20
:105850000000000063616E256420706879204F703D
:105860004D6F6465203D20534C4545500D0A0000A6
:1058700043414E25642057616B655570210D0A0028
:1058800043414E25642064726976657220736C65AD
:105890006570210D0A00000043414E2564206472AA
:1058A000697665722064697361626C65210D0A0016
:1058B00063616E2564205365744374726C4D6F642C
:1058C00065203D20535441525445440D0A000000C8
:1058D00063616E2564205365744374726C4D6F640C
:1058E00065203D20534C4545500D0A0053616665C7
:1058F000747920496E6A656374202564204F4B0DCE
:105900000A0000007265736574000000524553453B
:1059100054000000556E6B6E6F776E005450363831
:105920003135204932435720416464723A3078253A
:10593000303278205265673A307825303278204509
:1059400072723A25640D0A005450363831352049B8
:105950003243575220416464723A307825303278AD
:10596000205265673A307825303278204572723A95
:1059700025640D0A000000005450363831352049A6
:1059800032435220416464723A30782530327820B4
:105990005265673A307825303278204572723A2560
:1059A000640D0A004932435720416464723A3078EA
:1059B00025303278205265673A30782530327820A9
:1059C000443A307825303278204572723A25640D99
:1059D0000A0000004D617839363778782049324323
:1059E0005220416464723A30782530327820526512
:1059F000673A307825303278204572723A25642C27
:105A0000543A25640D0A000052545134353534207F
:105A10004932435720416464723A307825303278F5
:105A2000205265673A307825303278204572723AD4
:105A300025640D0A000000005254513435353420DD
:105A4000493243575220416464723A3078253032EB
:105A500078205265673A3078253032782045727266
:105A60003A25640D0A000000525451343535342073
:105A70004932435220416464723A3078253032789A
:105A8000205265673A307825303278204572723A74
:105A900025640D0A0000000043616D657261494490
:105AA000206669782072696768742121210D0A00D7
:105AB000B42CDEC2424C2025732C736D3A3078250D
:105AC000782C7235343A307825782C7235363A3065
:105AD0007825782C7235383A307825780D0A000010
:105AE0004261636B4C6967687420737461746520EC
:105AF00025730D0A0000000049324325645F5720DA
:105B0000616464723A2530327848207265673A25BC
:105B100030347848206572723A25303278482C54F7
:105B20003A25640D0A000000323030313031203027
:105B3000303A30303A303020000000000A080807C0
:105B4000070707070606060606050606050A0908EA
:105B500008080707070606060606050606050B09D8
:105B60000908080807070707070606050606050BC4
:105B70000A090808080807070707060606060605B3
:105B80000C0A090909080807070707060706060699
:105B9000060D0B0A09090808080707070707060684
:105BA00006060D0B0A0A0908080807070707070673
:105BB0000606060E0C0B0A0A09090807070707075D
:105BC000060706060E0D0B0A0A090908080802074F
:105BD00007060706060F0E0C0B0A0909080808023B
:105BE00007070607070600000080084000C00840BD
:105BF0004C41432D3730303330303331000000001A
:105C0000000000003C3340200000000000000000C5
:105C1000000000000000020000000100000002007F
:105C20000000020000000A00105C4B0000000000B1
:105C3000185C4B0000000000205C4B0000000000DE
:105C400008000000000000000000000000000A0042
:105C5000285C4B000800000000000000000000006D
:105C600001000A00305C4B0008000000000000004A
:105C70000000000000000200385C4B00405C4B005C
:105C8000545C4B00685C4B00000000007C5C4B00E7
:105C90000300000000000000000000000000000001
:105CA000000000003A414D3A504D00003A53756EE5
:105CB0003A53756E6461793A4D6F6E3A4D6F6E640A
:105CC00061793A5475653A547565736461793A57E8
:105CD00065643A5765646E65736461793A546875B2
:105CE0003A54687572736461793A4672693A4672D9
:105CF000696461793A5361743A536174757264618D
:105D0000790000007C25612025622025652025542E
:105D10002025597C256D2F25642F25797C25483A2F
:105D2000254D3A25537C25493A254D3A25532025C2
:105D3000700000003A4A616E3A4A616E756172798C
:105D40003A4665623A46656272756172793A4D61AA
:105D5000723A4D617263683A4170723A4170726989
:105D60006C3A4D61793A4D61793A4A756E3A4A75A5
:105D70006E653A4A756C3A4A756C793A4175673A7C
:105D80004175677573743A5365703A5365707465FD
:105D90006D6265723A4F63743A4F63746F626572F5
:105DA0003A4E6F763A4E6F76656D6265723A44652B
:105DB000633A446563656D6265720000A45C4B00E4
:105DC000AC5C4B00AC5C4B00AC5C4B00345D4B00FE
:105DD000345D4B00345D4B00045D4B00045D4B00B3
:105DE000045D4B00045D4B00045D4B00045D4B0003
:105DF000045D4B00045D4B00045D4B00045D4B00F3
:105E0000665E4B00655E4B0000002115110E0D0C07
:105E10000B0B0A0A090909090908080808080808F3
:105E20000707070707070707070707070700000017
:105E30003031323334353637383961626364656600
:105E40006768696A6B6C6D6E6F707172737475766A
:105E50007778797A00000000080001642E00430082
:105E60000264050000000000000000000000402067
:105E700000800000000000000000000000000000A2
:105E8000080000000000000000000000000000000A
:105E9000FF0F00000000000000000000FF0F0000E6
:105EA0000000000000000000FF0F000000000000E4
:105EB00000000000FF0F00000000000000000000D4
:105EC000FF0F00000000000000000000FF0F0000B6
:105ED0008C5F4B000000000000FF0000885E4B005C
:105EE00000000000000000000000000000000000B2
:105EF0000100000001FF0100010000000600000099
:105F0000FF000000FF000000000000000000000093
:105F1000010000FF0000161616000000000001003E
:105F20000200030004000500000000000000000063
:105F300055EB4A00000001001C5F4B0006003000DA
:105F400000000000000000000300000081010100CB
:105F500000000000145F4B00D05E4B00285F4B0038
:105F600001000000A88B4B0000000000AA8B4B0032
:105F700001000000585F4B002000002700003000A7
:105F800000010000000000280000000000010000E7
:105F900001000000000000161616000000000001BD
:105FA00000000F000F0000000000000000000000D3
:105FB00000000000000000000000000000000000E1
:105FC0000000000006000000785F4B004D1E4A00F4
:105FD0001B2149001921490070674B008040304067
:105FE000C84030401041304080423040C8423040CC
:105FF0001043304058433040A0433040E8433040E5
:1060000058413040A0413040E841304030423040BB
:1060100030443040970300000000FCDF9D03000087
:106020000000FCDF090200000000FCDF3903000073
:106030000000FCDFAE0500000000FCDF6F05000083
:106040000000FCDFDF0700000000FCDF9407000019
:106050000000FCDFC20000000000FCDF9600000032
:106060000000DCDF00040000000000DCFF03000093
:10607000000080DFF10600000000E0DF00FFFF000D
:106080000000000000000000000000000000000010
:1060900000000000000001FF4000010014604B0000
:1060A00000000000DC5F4B0001000000000001FF69
:1060B000400001001C604B0000010000E05F4B004D
:1060C00002000000000001FF4000010024604B00BE
:1060D00000020000E45F4B0003000000000001FF2D
:1060E000400001002C604B0000070000E85F4B00FF
:1060F00004000000000001FF4000010034604B007C
:1061000000080000EC5F4B0005000000000001FFEC
:10611000400001003C604B0000090000F05F4B00B4
:1061200006000000000001FF4000010044604B0039
:10613000000A0000F45F4B0007000000000001FFB0
:10614000400001004C604B00000B0000F85F4B006A
:1061500008000000000001FF4000010054604B00F7
:10616000000C0000FC5F4B0009000000000001FF74
:10617000400001005C604B000003000000604B0029
:106180000A000000000001FF4000010064604B00B5
:106190000004000004604B000B000000000001FF41
:1061A000400001006C604B000005000008604B00DF
:1061B0000C000000000001FF4000010074604B0073
:1061C000000600000C604B000D000100000001FF04
:1061D0004000000000000000030D000010604B00B4
:1061E000010101002E0F0F0000000F000B03030040
:1061F000000003000C010F0090604B00A8604B00F2
:10620000C0604B00D8604B00F0604B0008614B0051
:1062100020614B0038614B0050614B0068614B00BE
:1062200080614B0098614B00B0614B00C8614B002E
:10623000000000000040304001000000FFFFFFFFB1
:10624000000000000000000000000000000000004E
:1062500000000100E0614B00D85F4B000E00000021
:10626000F8614B0030624B00000000000D000000A0
:106270007C604B0080604B0090604B0064624B0080
:106280005D314A0000000E0080624B0000000000FB
:1062900084624B00010000008C624B000000000093
:1062A0005E04000002000D0000000000090C49001F
:1062B00001000000F206000003000D0000000000D5
:1062C000FF0B4900020000002806000003000D003B
:1062D00000000000FF0B490003000000160600004C
:1062E00003000D0000000000FF0B49000400000047
:1062F000B803000003000D0000000000FF0B490080
:1063000005000000FA05000003000D000000000079
:10631000FF0B4900060000007F03000003000D0092
:1063200000000000FF0B49000700000017060000F6
:1063300003000D0000000000FF0B490008000000F2
:106340000906000003000D0000000000FF0B4900DB
:10635000090000002B06000003000D0000000000F3
:10636000FF0B49000A0000009C07000003000D001D
:1063700000000000210C49000B000000370600005F
:1063800003000D0000000000FF0B490000000000AA
:1063900000000000000000000000000000000000FD
:1063A00000000000000000000000000000000000ED
:1063B00000000000000000000000000000000000DD
:1063C000000000008C634B00C4634B00000C000015
:1063D000C8634B00000000009C624B0000000000FE
:1063E0000000000000000000C8674B000100000032
:1063F000D0674B0000000000DC634B00E4634B00FF
:10640000F4634B00000000000000000000000000EA
:1064100028644B00000000000000000098664B005C
:1064200001000000A4664B000200000018644B004D
:106430000100010000010000020000000000000057
:10644000040000000000000005000000005A620285
:106450000100310000010C000000000006000100F6
:106460004E000100000000000000180101000000C3
:106470000100000000000000000000000A08460CB7
:106480002C0C1501100141054A0100000700000015
:1064900004000000000000000800000003000000ED
:1064A00000000000090000000000000000000000E3
:1064B0000B00000001000000000000000C000000C4
:1064C00001000000000000000D00000002000000BC
:1064D000000000000E0000000100000000000000AD
:1064E0000F00000002000000000000004600000055
:1064F00002000000000000002C000000020000006C
:106500000000000015000000000000000000000076
:106510001000000000000000000000004A00000021
:1065200001000000000000000B010B00050000004E
:1065300000000000005A6202000000000B00000092
:106540000000000000B4C404000000000C000000C3
:106550000000000000B4C404000000000E000000B1
:106560000000000000B4C4040000000000000000AF
:106570000000000001000000006CDC0205000000CB
:10658000005A62020B00000000B4C4040C000000BA
:1065900000B4C4040D000000005A620200000000B4
:1065A00000000000030101070D01000000000406C7
:1065B00030644B0048644B005C644B007C644B00CF
:1065C0008C644B0028654B000000000000000000B8
:1065D00000000000000000002C654B006C654B00C3
:1065E0000000000000000000C09C4B00409F4B00DA
:1065F00017500000C4090000000000000000010066
:1066000000500000F4010000000000000000010044
:106610000850000050C3000000000000000001000E
:1066200010500000F4010000000000000000010014
:1066300016500000FFFF00000000000000000100F5
:1066400000500000F4010000000000000000010004
:106650000850000050C300000000000000000100CE
:106660001050000010270000000000000000010092
:106670001650000050C300000000000000000100A0
:1066800017500000FFFF00000000000000000100A4
:10669000010F0100010F01000500000090664B0092
:1066A000F0654B000500000094664B0040664B000F
:1066B00011600101FF000001010000007FFE4A009F
:1066C00011000000F40100000000000000000000C4
:1066D0000C260001FF010101010100007FFE4A00BC
:1066E0000C000000C40900000000000000000000D1
:1066F0000D620101FF000001010100007FFE4A0060
:106700000D00000050C30000000000000000000069
:1067100003600101FF010101010000007FFE4A004A
:1067200003000000F4010000000000000000000071
:1067300012600101FF010101010000007FFE4A001B
:1067400012000000F401FA00000000000000000048
:106750000C600101FF010101010100007FFE4A0000
:106760002400000050C300000000000000000000F2
:106770000E0000000000000000000000000000000B
:10678000130000000000000060000000030301018E
:10679000010000002E0000000F0000000F000000AC
:1067A000000000000F0000000B00000003000000CC
:1067B00003000000000000000300000000000000D3
:1067C00087FD4A0015FE4A00A46A4B000000000045
:1067D000F46A4B00000000000400000043EB4A0094
:1067E0000500000043EB4A000600000043EB4A00AE
:1067F0000700000043EB4A000800000043EB4A009A
:106800000900000043EB4A000A00000043EB4A0085
:106810000B00000043EB4A000C00000043EB4A0071
:106820000D00000043EB4A000E00000043EB4A005D
:106830000F00000043EB4A002400000043EB4A0035
:106840002500000043EB4A002600000043EB4A000D
:106850002700000043EB4A002A00000043EB4A00F7
:106860002D00000043EB4A002E00000043EB4A00DD
:106870003000000043EB4A003100000043EB4A00C7
:106880003200000043EB4A003300000043EB4A00B3
:106890003400000043EB4A003500000043EB4A009F
:1068A0003600000043EB4A003700000043EB4A008B
:1068B0003800000043EB4A003D00000043EB4A0073
:1068C0003E00000043EB4A003F00010CE5B94A00DE
:1068D0004000000043EB4A004100000043EB4A0047
:1068E0004200000043EB4A004500000043EB4A0031
:1068F0004600000043EB4A004700010DE5B94A009D
:106900004800000043EB4A004900000043EB4A0006
:106910004A00000043EB4A005300000043EB4A00EA
:106920005400000043EB4A005500000043EB4A00CE
:106930005600000043EB4A005700000043EB4A00BA
:106940005C00000043EB4A005D00000043EB4A009E
:106950006000000043EB4A006100000043EB4A0086
:106960006600000043EB4A006D00000043EB4A0064
:106970006E00000043EB4A006F00000043EB4A004A
:106980007100000043EB4A007200000043EB4A0034
:106990007300000043EB4A007400000043EB4A0020
:1069A0007500000043EB4A007600000043EB4A000C
:1069B0008B00000043EB4A008D00010051FE4A00AD
:1069C0008E0001005BFE4A008F00000043EB4A008E
:1069D0009000000043EB4A00A100000043EB4A0096
:1069E000A200000043EB4A00A500000043EB4A0070
:1069F000A600000043EB4A00A700000043EB4A005A
:106A0000A800000043EB4A00B200000043EB4A003C
:106A1000B400000043EB4A00B500000043EB4A001D
:106A2000B700000043EB4A00BD00000043EB4A0002
:106A3000BE00000043EB4A00BF00000043EB4A00E9
:106A4000C000000043EB4A00C100000043EB4A00D5
:106A5000C200000043EB4A00C300000043EB4A00C1
:106A6000C400000043EB4A00C500000043EB4A00AD
:106A7000D400000043EB4A0054000000D8674B00EC
:106A800000000000220000003E0000001D00000089
:106A90000F000000010000000300000002000000E1
:106AA0000100000000000000806A4B0000000000B0
:106AB00000000000000000000000000000010000D5
:106AC00000000000000000000000000000000000C6
:106AD00000000000220000003E0000001D00000039
:106AE0000F00000001000000030000000200000091
:106AF0000100000000000000D06A4B000000000010
:106B00000000000000000000000000000001000084
:106B10000000000000000000000000000101000073
:106B200040420F00050000001000000101000000BD
:106B300065EB4A0000000000D0404020F0C2010098
:106B400021000000150000010100000065EB4A0073
:106B500000000000E84040205A0000000100000052
:106B60000100000001000000685E4B0060744B00F3
:106B70009C654B0084744B00806B4B00786B4B0022
:106B8000786A4B00000000000000000001000000D7
:106B900001000000010000000100000001000000F1
:106BA00001000000010000000100000001000000E1
:106BB00001000000010000000100000001000000D1
:106BC00001000000010000000100000001000000C1
:106BD00001000000010000000100000001000000B1
:106BE00001000000010000000100000001000000A1
:106BF0000100000001000000010000000100000091
:106C00000100000001000000010000000100000080
:106C10000100000001000000010000000100000070
:106C20000100000001000000010000000100000060
:106C30000100000001000000010000000100000050
:106C40000100000001000000010000000100000040
:106C500005000000070000000B000000100000000D
:106C600011000000240000002500000028000000A2
:106C7000290000002A0000002B0000002C0000006A
:106C80002E0000002F000000300000003100000046
:106C9000400000004A0000004B0000004C000000D3
:106CA0004D0000005100000065000000670000007A
:106CB0006A0000006B0000008100000087000000F7
:106CC0008C0000008F000000900000000000080011
:106CD0000100000003000000062820000000010061
:106CE00000010000FFFF000020000000002820003D
:106CF0000002010101010000FFFF0000210000006F
:106D0000000008000002000000010000FFFF00007A
:106D10002D0000000000080000000000000100003D
:106D2000FFFF00004100000000000800000000011B
:106D300001010000FFFF0000420000000000080009
:106D400000000000000101000000000043000000FE
:106D5000030020000000010000010000FFFF000010
:106D600046000000002808000001000000010100AA
:106D7000BC000000470000000228200000000100C5
:106D800000010000FFFF00004E000000002820006E
:106D90000002010101010000FFFF00000C000000E3
:106DA000002820000002010101010000FFFF000097
:106DB0000D0000000028200000000101010100007A
:106DC000FFFF000048000000010028000000020052
:106DD00000010100D400000049000000010028006B
:106DE0000000020000010100D60000000E000000BB
:106DF000000020000000010101010000FFFF000071
:106E00000F0000000000200000000101010100004F
:106E1000FFFF00002300000000002000000001012F
:106E200001010000FFFF00006400000000000800F6
:106E30000000000101010000FFFF00006E000000E3
:106E4000000020000000010101010000FFFF000020
:106E50006F0000000000200000000101010100009F
:106E6000FFFF000070000000000020000000010192
:106E700001010000FFFF0000800000000000200072
:106E80000000010101010000FFFF0000820000007E
:106E9000030020000000010000010000FFFF0000CF
:106EA0008600000000002000000001010101000038
:106EB000FFFF00008800000000002000000001012A
:106EC00001010000FFFF0000890000000000280011
:106ED0000000020101010000FFFF000002000000AD
:106EE000002808000000000000010100BB000000B5
:106EF0004F0000000700280000010200000101000F
:106F0000D900000050000000070028000001020026
:106F100000010100DB000000010000000000200073
:106F20000000010101010000FFFF00006D000000F2
:106F3000000008000002000101010000FFFF000046
:106F40008B000000000008000002000101010000A9
:106F5000FFFF000000000000020020000000010010
:106F600000010000FFFF0000660000000300200099
:106F70000000010000010000FFFF000069000000A8
:106F8000060020000000000000010000FFFF0000DC
:106F90006800000006002000000001000001000061
:106FA000FFFF00006000000000000800000000007B
:106FB00000010000FFFF0000610000000000080069
:106FC0000000000000010000FFFF00006200000060
:106FD000000008000000000000010000FFFF0000AA
:106FE0000600000000002000000001010101000077
:106FF000FFFF00006C000000020020000000010004
:1070000000010000FFFF0000710000000000080008
:107010000000000101010000FFFF00008A000000E5
:10702000000020000000010101010000FFFF00003E
:1070300008000000002828000000020101010000F3
:10704000FFFF0000090000000028280000000201E6
:1070500001010000FFFF000063000000002828007D
:107060000000020101010000FFFF0000830000009A
:10707000000020000000010101010000FFFF0000EE
:107080008D00000000000800000100010101000067
:10709000FFFF0000220000000000080000000001C7
:1070A00001010000FFFF0000010000000000FF00E0
:1070B000FF00FF00FF00FF00FF00FF00FF00FF00D8
:1070C000FF00FF00FF00FF000000000000000000C4
:1070D00000000000000000000000000000000000B0
:1070E00000000000000000000000000000000000A0
:1070F0000000000000000000000000000000000090
:10710000000000000000000000000000000000007F
:10711000000000000000000000000000000000006F
:10712000000000000000000000000000000000005F
:107130000000000000000000FF00FF00FF00FF0053
:10714000FF00FF00FF00FF00000000000000000043
:10715000000000000000000000000000000000002F
:10716000000000000000000000000000000000001F
:107170000000000000000000FF00FF00FF00FF0013
:10718000FF00FF00FF00FF00FF00FF00FF00FF0007
:10719000FF00FF00FF00FF00FF00FF00FF00FF00F7
:1071A000FF00FF00FF00FF00FF00FF00FF00FF00E7
:1071B000FF00FF00FF00FF00FF00FF00FF00FF00D7
:1071C000FF00FF00FF00FF00FF00FF00FF00FF00C7
:1071D00000000000FF00FF000000000000000000B1
:1071E000000000000000000000000000000000009F
:1071F0000000000000000000FF00FF00FF00FF0093
:10720000FF00FF00FF00FF00FF00FF00FF00FF0086
:10721000FF00FF00FF00FF00000000000000010071
:10722000010000000000FF00FF00FF00FF00FF0062
:10723000FF00FF00FF00FF00FF00FF00FF00FF0056
:10724000FF00FF00FF00FF00FF00FF00FF00000045
:107250000100000001000000000006000000050021
:10726000000000000000000000000000000000001E
:10727000000000000000000000000000000000000E
:1072800000000000000000000000000000000000FE
:1072900000000000000000000000000000000000EE
:1072A000000000000000FF00FF00FF00FF00FF00E3
:1072B000FF00FF00FF00FF00FF00FF00FF00FF00D6
:1072C000FF00FF00FF00FF00FF00FF00FF00FF00C6
:1072D000FF00FF00FF00FF00FF00FF00FF00FF00B6
:1072E000FF00FF00FF00FF00FF00FF00FF00FF00A6
:1072F000FF00FF00FF00FF00FF00FF00FF00FF0096
:10730000FF00FF00FF00FF00FF00FF00FF00FF0085
:10731000FF00FF00FF00FF00FF00FF00FF00FF0075
:10732000FF00FF00FF00FF00FF00FF00FF00FF0065
:10733000FF00FF00FF00FF00FF00FF00FF00FF0055
:10734000FF00FF00FF00FF00FF00FF00FF00FF0045
:10735000FF00FF00FF000000000000000000000030
:10736000000000000000000000000000000000001D
:10737000FF00FF00FF00FF00000000000000000011
:10738000000000000000FF00FF00FF00FF00000001
:1073900000000000000000000000000000000000ED
:1073A00031001F007B010000506C4B00CC6C4B0087
:1073B000D46C4B00A8704B008C6B4B00AB8B4B001C
:1073C0005C754B00208A4B000100000000000000AB
:1073D00000000000010100000C110000CF3300008C
:1073E0000100000000002031F8FFE0B101010000C1
:1073F0000424220107A4220101020000060E30101D
:107400000E3EF093010300000001000001010000A6
:107410000101000001000000010000000100000067
:10742000D4734B0001000000C8734B000101010040
:10743000010000000100000004000000E0734B00A8
:107440000000000000000000071F000010744B0047
:10745000000000000000000000000000000000002C
:10746000000000002000000048744B0050744B00E6
:107470005A000000000000000000000000000000B2
:107480000000000070744B0080744B00000100008D
:1074900001000000B0664B00000000000100000089
:1074A000000000000101000001000000D0664B0058
:1074B00000000000010000000000000002010000C8
:1074C00001000000F0664B00000000000100000019
:1074D000D94A4800030100000100000050674B003A
:1074E0000100000001000000000000000401000095
:1074F0000100000010674B000000000001000000C8
:1075000000000000050100000100000030674B0092
:107510000000004001000000000000000600000024
:107520008C744B00FFFFFF04FFFFFFFFFFFFFFFF17
:107530000102FFFFFF0005FFFFFFFFFFFFFFFFFF4F
:10754000FFFFFFFFFFFFFFFF03FFFFFFFFFFFFFF47
:10755000FFFFFFFFFFFFFFFFFFFFFFFF00002940CE
:107560000200000001000002000000000001000015
:10757000000001101010101010101010101010103A
:1075800010100000BB000000000000000000000020
:1075900000000000000000000000000000000000EB
:1075A00000000000000000000000000000000000DB
:1075B00000000000000000000000000000000000CB
:1075C000000000000000000000002940030000004F
:1075D0000106000200000000010000000000101081
:1075E00010101010101010101010101010100000BB
:1075F000000000000000000000000000000000008B
:10760000000000000000000000000000000000007A
:10761000000000000000000000000000000000006A
:10762000000000000000000000000000000000005A
:1076300000000000000029402000000001000002BE
:1076400000000000010000000000101010101010D9
:10765000101010101010101010100000000000008A
:10766000000000000000000000000000000000001A
:10767000000000000000000000000000000000000A
:1076800000000000000000000000000000000000FA
:1076900000000000000000000000000002000000E8
:1076A000000029402100000002000002000000004C
:1076B0000001000000001010101010101010101029
:1076C000101010101010000000000000000000005A
:1076D00000000000000000000000000000000000AA
:1076E000000000000000000000000000000000009A
:1076F000000000000000000000000000000000008A
:10770000000000000000000002000000000029400E
:107710002D00000002000002000000000001020035
:107720000000101010101010101010101010101079
:107730001010000000000000000000000000000029
:107740000000000000000000000000000000000039
:107750000000000000000000000000000000000029
:107760000000000000000000000000000000000019
:10777000000000000200000000002940410000005D
:1077800002000002000000000001000000001010D4
:107790001010101010101010101010101010000009
:1077A00000000000000000000000000000000000D9
:1077B00000000000000000000000000000000000C9
:1077C00000000000000000000000000000000000B9
:1077D00000000000000000000000000000000000A9
:1077E00000000000000029404200000002000002EA
:1077F0000000000000010000000001101010101037
:1078000010101010101010101010000000000000D8
:107810000000000000000000000000000000000068
:107820000000000000000000000000000000000058
:107830000000000000000000000000000000000048
:107840000000000000000000000000000000000038
:107850000000294043000000020300020000000075
:107860000100000000001010101010101010101077
:1078700010101010101000000000000000000000A8
:1078800000000000000000000000000000000000F8
:1078900000000000000000000000000000000000E8
:1078A00000000000000000000000000000000000D8
:1078B000000000000000000000000000000029405F
:1078C000460000000100000200000000000100006E
:1078D00000000110101010101010101010101010D7
:1078E00010100000BC0000000000000000000000BC
:1078F0000000000000000000000000000000000088
:107900000000000000000000000000000000000077
:107910000000000000000000000000000000000067
:1079200000000000010000000000294047000000A6
:107930000102000200000000010000000000101021
:107940001010101010101010101010101010000057
:107950000000000000000000000000000000000027
:107960000000000000000000000000000000000017
:107970000000000000000000000000000000000007
:1079800000000000000000000000000000000000F7
:1079900000000000000029404E000000010000022D
:1079A0000000000001000000000010101010101076
:1079B0001010101010101010101000000000000027
:1079C00000000000000000000000000000000000B7
:1079D00000000000000000000000000000000000A7
:1079E0000000000000000000000000000000000097
:1079F0000000000000000000000000000200000085
:107A0000000029400C0000000100000200000000FE
:107A100001000000000010101010101010101010C5
:107A200010101010101000000000000000000000F6
:107A30000000000000000000000000000000000046
:107A40000000000000000000000000000000000036
:107A50000000000000000000000000000000000026
:107A600000000000000000000200000000002940AB
:107A70000D000000010000020000000001000000F5
:107A80000000101010101010101010101010101016
:107A900010100000000000000000000000000000C6
:107AA00000000000000000000000000000000000D6
:107AB00000000000000000000000000000000000C6
:107AC00000000000000000000000000000000000B6
:107AD00000000000000000000000294048000000F5
:107AE000020100020000000001010000000001107E
:107AF00010101010101010101010101010100000A6
:107B0000D4000000000000000000000000000000A1
:107B10000000000000000000000000000000000065
:107B20000000000000000000000000000000000055
:107B30000000000000000000000000000000000045
:107B4000000000000000294049000000020100027E
:107B500000000000010100000000011010101010D2
:107B6000101010101010101010100000D60000009F
:107B70000000000000000000000000000000000005
:107B800000000000000000000000000000000000F5
:107B900000000000000000000000000000000000E5
:107BA00000000000000000000000000000000000D5
:107BB000000029400E00000002000002000000004A
:107BC0000100000000001010101010101010101014
:107BD0001010101010100000000000000000000045
:107BE0000000000000000000000000000000000095
:107BF0000000000000000000000000000000000085
:107C00000000000000000000000000000000000074
:107C100000000000000000000000000000002940FB
:107C20000F00000002000002000000000100000040
:107C30000000101010101010101010101010101064
:107C40001010000000000000000000000000000014
:107C50000000000000000000000000000000000024
:107C60000000000000000000000000000000000014
:107C70000000000000000000000000000000000004
:107C80000000000000000000000029402300000068
:107C900002000002000000000100000000001010BF
:107CA00010101010101010101010101010100000F4
:107CB00000000000000000000000000000000000C4
:107CC00000000000000000000000000000000000B4
:107CD00000000000000000000000000000000000A4
:107CE0000000000000000000000000000000000094
:107CF00000000000000029406400000002000002B3
:107D00000000000000010000000010101010101012
:107D100010101010101010101010000000000000C3
:107D20000000000000000000000000000000000053
:107D30000000000000000000000000000000000043
:107D40000000000000000000000000000000000033
:107D50000000000000000000000000000000000023
:107D6000000029406E000000020000020000000038
:107D70000100000000001010101010101010101062
:107D80001010101010100000000000000000000093
:107D900000000000000000000000000000000000E3
:107DA00000000000000000000000000000000000D3
:107DB00000000000000000000000000000000000C3
:107DC000000000000000000000000000000029404A
:107DD0006F0000000200000200000000010000002F
:107DE00000001010101010101010101010101010B3
:107DF0001010000000000000000000000000000063
:107E00000000000000000000000000000000000072
:107E10000000000000000000000000000000000062
:107E20000000000000000000000000000000000052
:107E30000000000000000000000029407000000069
:107E4000020000020000000001000000000010100D
:107E50001010101010101010101010101010000042
:107E60000000000000000000000000000000000012
:107E70000000000000000000000000000000000002
:107E800000000000000000000000000000000000F2
:107E900000000000000000000000000000000000E2
:107EA00000000000000029408000000002000002E5
:107EB0000000000001000000000010101010101061
:107EC0001010101010101010101000000000000012
:107ED00000000000000000000000000000000000A2
:107EE0000000000000000000000000000000000092
:107EF0000000000000000000000000000000000082
:107F00000000000000000000000000000000000071
:107F1000000029408200000002030002000000006F
:107F200001000000000010101010101010101010B0
:107F300010101010101000000000000000000000E1
:107F40000000000000000000000000000000000031
:107F50000000000000000000000000000000000021
:107F60000000000000000000000000000000000011
:107F70000000000000000000000000000000294098
:107F80008600000002000002000000000100000066
:107F90000000101010101010101010101010101001
:107FA00010100000000000000000000000000000B1
:107FB00000000000000000000000000000000000C1
:107FC00000000000000000000000000000000000B1
:107FD00000000000000000000000000000000000A1
:107FE00000000000000000000000294088000000A0
:107FF000020000020000000001000000000010105C
:108000001010101010101010101010101010000090
:108010000000000000000000000000000000000060
:108020000000000000000000000000000000000050
:108030000000000000000000000000000000000040
:108040000000000000000000000000000000000030
:10805000000000000000294089000000020000022A
:1080600000000000010100000000101010101010AE
:108070001010101010101010101000000000000060
:1080800000000000000000000000000000000000F0
:1080900000000000000000000000000000000000E0
:1080A00000000000000000000000000000000000D0
:1080B00000000000000000000000000000000000C0
:1080C000000029404F0000000207000200000000ED
:1080D0000101000000000610101010101010101008
:1080E0001010101010100000D90000000000000057
:1080F0000000000000000000000000000000000080
:10810000000000000000000000000000000000006F
:10811000000000000000000000000000000000005F
:1081200000000000000000000100000000002940E5
:1081300050000000020700020000000001010000E2
:10814000000005101010101010101010101010105A
:1081500010100000DB000000000000000000000024
:10816000000000000000000000000000000000000F
:1081700000000000000000000000000000000000FF
:1081800000000000000000000000000000000000EF
:108190000000000001000000000029400100000074
:1081A00002000002000000000100000000001010AA
:1081B00010101010101010101010101010100000DF
:1081C00000000000000000000000000000000000AF
:1081D000000000000000000000000000000000009F
:1081E000000000000000000000000000000000008F
:1081F000000000000000000000000000000000007F
:1082000000000000000029406D0000000200000294
:1082100000000000000100000000101010101010FD
:1082200010101010101010101010000000000000AE
:10823000000000000000000000000000000000003E
:10824000000000000000000000000000000000002E
:10825000000000000000000000000000000000001E
:10826000000000000000000000000000020000000C
:10827000000029408B000000020000020000000006
:10828000000100000000101010101010101010104D
:10829000101010101010000000000000000000007E
:1082A00000000000000000000000000000000000CE
:1082B00000000000000000000000000000000000BE
:1082C00000000000000000000000000000000000AE
:1082D0000000000000000000020000000000294033
:1082E0000000000002020002000000000100000087
:1082F000000010101010101010101010101010109E
:10830000101000000000000000000000000000004D
:10831000000000000000000000000000000000005D
:10832000000000000000000000000000000000004D
:10833000000000000000000000000000000000003D
:10834000000000000000000000002940660000005E
:1083500002030002000000000100000000001010F5
:10836000101010101010101010101010101000002D
:1083700000000000000000000000000000000000FD
:1083800000000000000000000000000000000000ED
:1083900000000000000000000000000000000000DD
:1083A00000000000000000000000000000000000CD
:1083B00000000000000029406900000002060002E1
:1083C000000000000100000000001010101010104C
:1083D00010101010101010101010000000000000FD
:1083E000000000000000000000000000000000008D
:1083F000000000000000000000000000000000007D
:10840000000000000000000000000000000000006C
:10841000000000000000000000000000000000005C
:108420000000294068000000020600020000000071
:10843000010000000000101010101010101010109B
:1084400010101010101000000000000000000000CC
:10845000000000000000000000000000000000001C
:10846000000000000000000000000000000000000C
:1084700000000000000000000000000000000000FC
:108480000000000000000000000000000000294083
:108490006000000002000002000000000001000077
:1084A00000001010101010101010101010101010EC
:1084B000101000000000000000000000000000009C
:1084C00000000000000000000000000000000000AC
:1084D000000000000000000000000000000000009C
:1084E000000000000000000000000000000000008C
:1084F00000000000020000000000294061000000B0
:108500000200000200000000000100000000101046
:10851000101010101010101010101010101000007B
:10852000000000000000000000000000000000004B
:10853000000000000000000000000000000000003B
:10854000000000000000000000000000000000002B
:10855000000000000000000000000000000000001B
:10856000020000000000294062000000020000023A
:10857000000000000001000000001010101010109A
:10858000101010101010101010100000000000004B
:1085900000000000000000000000000000000000DB
:1085A00000000000000000000000000000000000CB
:1085B00000000000000000000000000000000000BB
:1085C00000000000000000000000000002000000A9
:1085D0000000294006000000020000020000000028
:1085E00001000000000010101010101010101010EA
:1085F000101010101010000000000000000000001B
:10860000000000000000000000000000000000006A
:10861000000000000000000000000000000000005A
:10862000000000000000000000000000000000004A
:1086300000000000000000000000000000002940D1
:108640006C000000020200020000000001000000B7
:10865000000010101010101010101010101010103A
:1086600010100000000000000000000000000000EA
:1086700000000000000000000000000000000000FA
:1086800000000000000000000000000000000000EA
:1086900000000000000000000000000000000000DA
:1086A00000000000000000000000294071000000F0
:1086B0000200000200000000000100000000101095
:1086C00010101010101010101010101010100000CA
:1086D000000000000000000000000000000000009A
:1086E000000000000000000000000000000000008A
:1086F000000000000000000000000000000000007A
:108700000000000000000000000000000000000069
:1087100000000000000029408A0000000200000262
:1087200000000000010000000000101010101010E8
:108730001010101010101010101000000000000099
:108740000000000000000000000000000000000029
:108750000000000000000000000000000000000019
:108760000000000000000000000000000000000009
:1087700000000000000000000000000000000000F9
:108780000000294008000000010000020000000075
:108790000101000000001010101010101010101037
:1087A0001010101010100000000000000000000069
:1087B00000000000000000000000000000000000B9
:1087C00000000000000000000000000000000000A9
:1087D0000000000000000000000000000000000099
:1087E0000000000000000000000000000000294020
:1087F000090000000100000200000000010100006B
:108800000000101010101010101010101010101088
:108810001010000000000000000000000000000038
:108820000000000000000000000000000000000048
:108830000000000000000000000000000000000038
:108840000000000000000000000000000000000028
:10885000000000000000000000002940630000004C
:1088600001000002000000000101000000001010E3
:108870001010101010101010101010101010000018
:1088800000000000000000000000000000000000E8
:1088900000000000000000000000000000000000D8
:1088A00000000000000000000000000000000000C8
:1088B00000000000000000000000000000000000B8
:1088C00000000000000029408300000002000002B8
:1088D0000000000001000000000010101010101037
:1088E00010101010101010101010000000000000E8
:1088F0000000000000000000000000000000000078
:108900000000000000000000000000000000000067
:108910000000000000000000000000000000000057
:108920000000000000000000000000000000000047
:10893000000029408D00000002000002000000003D
:108940000001000000001010101010101010101086
:1089500010101010101000000000000000000000B7
:108960000000000000000000000000000000000007
:1089700000000000000000000000000000000000F7
:1089800000000000000000000000000000000000E7
:10899000000000000000000001000000000029406D
:1089A00022000000020000020000000000010000A0
:1089B00000001010101010101010101010101010D7
:1089C0001010000000000000000000000000000087
:1089D0000000000000000000000000000000000097
:1089E0000000000000000000000000000000000087
:1089F0000000000000000000000000000000000077
:108A00000000000000000000FF0000000001000066
:108A1000C00300000000000000000100AD3A490062
:108A200000000000FFFF000000000000FFFF00004A
:108A3000000000000500000000000000040000002D
:108A4000000000000900000000000000FFFF00001F
:108A500000000000FFFF000000000000FFFF00001A
:108A600000000000FFFF000000000000FFFF00000A
:108A700000000000FFFF00000000000015000000E3
:108A8000000000000400000000000000FFFF0000E4
:108A900000000000FFFF00000000000011000000C7
:108AA000000000000E0000000000000002000000B6
:108AB000000000001800000000000000FFFF0000A0
:108AC00000000000FFFF000000000000FFFF0000AA
:108AD000000000001300000000000000FFFF000085
:108AE000000000000F00000000000000FFFF000079
:108AF00000000000FFFF000000000000FFFF00007A
:108B000000000000FFFF000000000000FFFF000069
:108B100000000000FFFF0000000000000E00000049
:108B200000000000FFFF000000000000FFFF000049
:108B300000000000FFFF000000000000FFFF000039
:108B40000000000001000000000000000000000024
:108B5000000000000B0000000000000013000000F7
:108B600000000000FFFF000000000000FFFF000009
:108B7000000000000F00000000000000FFFF0000E8
:108B80000000000014000000000000000A000000C7
:108B900000000000FFFF000000000000FFFF0000D9
:108BA00000000000030000000000000100000A4077
:108BB00000400A40FF000000FFFFC700FFFFFFFF6B
:108BC000FF000000FFFFC300FFFFFFFF0F000000DA
:108BD0000F00000000C02E400080264034254020B9
:108BE0000001010302020101010000000000000079
:108BF0000000010100000000000100000000000072
:108C0000000000000003010200000000000000005E
:108C10000001000000000000010000000000000052
:108C20000000000000000000000100000000000043
:108C30000000000000030102040000000100000029
:108C40000000000001000000000000000001000022
:108C50000000010000000000000000000000000013
:108C60000000010000000000000000020000000001
:108C700000000000000000000000000000030000F1
:108C800000000000000001000000000000000001E2
:108C900000000000000000000300000000000000D1
:108CA00000040000000000070000050000000100B3
:108CB0000000000300000000000000000616000095
:108CC000000000030006100000010000040007116E
:108CD0000000020000000006120000030000050072
:108CE000071300000400000000010100060000005E
:108CF0000000000000000000000000010000000073
:108D00000000000001000000000100000001000060
:108D100000000A0000000102000500000000000140
:108D2000000000000B00000001000000000E000029
:108D30000000000000000000000001000000000F23
:108D40000000000100000000100000000100000011
:108D500000110000000100000000120000000100EE
:108D600000000013000000010000000014000000DB
:108D700001000000001500000001000000001600C6
:108D800000000100000000170000000100000000CA
:108D900018000000010000000019000000010000A0
:108DA00000001A00000001000000001B000000018C
:108DB000000000001C00000001000000001D000079
:108DC0000001000000003200000001000000003738
:108DD0000000000100000000380000000100000059
:108DE000003A00000002070003000000000001003C
:108DF00000000041000000010000000042000000EF
:108E000001000000004300000001000000004700D6
:108E1000000001000000004B000000010000000005
:108E20004C00000001000000004D000000010000A7
:108E300000004E00000001000000004F0000000193
:108E40000000000050000000010000000051000080
:108E5000000100000000520000000100000000536B
:108E600000000001000000005600000001000000AA
:108E70000057000000010000000058000000010041
:108E80000000005900000001000000006600000022
:108E900001000000006900000001000000006A00FD
:108EA00000000400000000000000000100000000BD
:108EB0006F00000001000000009D000000010000A4
:108EC00000007300000001000000007A00000002B2
:108ED0000B0001000000000001000000007B00000A
:108EE000000100000000800000000100000000847C
:108EF000000000010F000B00000000000100000056
:108F00000085000000010000000086000000010054
:108F100000000087000000000000000000000000CA
:108F20000000000000000000000000000000000041
:108F30000000000000000000000000000000000031
:108F40000000000000000000000000000000000021
:108F50000000000000000000000000000000000011
:108F60000000000000000000000000000000010000
:108F700000000200000000000800090000001000CE
:108F8000160017001300000032000000000002006D
:108F900000000100000003000000000000000000CD
:108FA00000000000000000000000000000000000C1
:108FB00000832D4040832D4000000000C0832D40E1
:108FC0000000000040842D4080842D4000000000FF
:108FD000000000000000000000000000C0852D40DF
:108FE0000000000000000000000000000000000081
:108FF0000000000000000000000000000000000071
:1090000000802D4000402D400000000000002E4058
:1090100002000000000000000000000005010D003B
:1090200000C02B404E4E4E00000000004E4E4E0041
:10903000000000000B050D0060C02B400C010D006E
:1090400080C02B400E010D00A0C02B404E4E4E00A4
:109050000000000030C12D4030C32D400000000052
:109060000000000010C12D4010C32D400000000082
:109070000000000000C12D4000C32D400000000092
:1090800000000000000101010102030303030000CE
:1090900000000000000000000000000F18000000A9
:1090A00000000000000000000000003F1800000069
:1090B00000003F00100000000000003F180000000A
:1090C00000003F0010000000000000000000000051
:1090D0000000000000000000000000000000000090
:1090E0000000000000000000000000000000000080
:1090F0000000000000000000000000000000000070
:1091000000000000000000000000001F1800000028
:10911000000003001000000000000000000000003C
:10912000000000000000000000000000000000003F
:10913000000000000000000000000000000000002F
:1091400000000000000000000000001F18000000E8
:1091500000000100100000000000000000000000FE
:1091600000000000000000000000000000000000FF
:1091700000000000000000000000000000000000EF
:1091800000000000000000000000000F18000000B8
:1091900000000700100000000000000F1800000091
:1091A00000000700100000000000000F1800000081
:1091B00000000F00100000000000000F1800000069
:1091C00000000700100000000000000F1800000061
:1091D0000000070010000000000000000000000078
:1091E000000000000000000000000000000000007F
:1091F00000000000000000000000000F1800000048
:109200000000070010000000000000000000000047
:10921000000000000000000000000000000000004E
:10922000000000000000000000000000000000003E
:10923000000000000000000000000000000000002E
:10924000000000000000000000000000000000001E
:10925000000000000000000000000000000000000E
:1092600000000000000000000000000000000000FE
:1092700000000000000000000000000000000000EE
:1092800000000000000000000000000000000000DE
:1092900000000000000000000000000000000000CE
:1092A00000000000000000000000000000000000BE
:1092B00000000000000000000001080000010000A4
:1092C0000001090000020000000000000000000092
:1092D000000000000000000000000000000000008E
:1092E000000000000000000000000000000000007E
:1092F000000000000000000000000000000000006E
:109300000000000000000000000101000200000059
:1093100001021C000000001000000000000000001E
:109320000000000000000000010300000100000038
:109330000101000001000000010101000200000025
:1093400001000300080000000100040010000000FC
:1093500001000500200000000100060040000000A0
:10936000010007008000000001000800000100006B
:10937000010009000002000001000A0000040000D2
:1093800001000B000008000001000C0000100000AC
:1093900001000D000020000001000E000040000050
:1093A00001000F000080000000000000000000002D
:1093B00000000000000000000000000000000000AD
:1093C000000000000000000000000000000000009D
:1093D000000000000000000000000000000000008D
:1093E000000000000000000000000000000000007D
:1093F000000000000000000000000000000000006D
:10940000000000000000000000000000000000005C
:10941000000000000000000000000000000000004C
:10942000000000000000000000000000000000003C
:10943000000000000000000000000000000000002C
:1094400000000000000000000100160000004000C5
:10945000000000000000000000000000000000000C
:1094600000000000000000000000000000000000FC
:1094700000010200040000000001030008000000D9
:109480000000000000000000010017000000800044
:1094900000000000000000000000000000000000CC
:1094A00000000000000000000000000000000000BC
:1094B00000000000000000000000000000000000AC
:1094C000010201000200000001020200040000008D
:1094D000010203000800000000000000000000007E
:1094E000000000000000000000000000000000007C
:1094F000010209000002000000000000000000005E
:10950000000000000000000000000000000000005B
:1095100001001F0000000080000106004000000064
:10952000000107008000000001021400000010008C
:10953000010215000000200001021600000040009A
:109540000102170000008000010218000000000165
:1095500001021900000000020000000000000000ED
:10956000000000000000000001020A0000040000EA
:1095700001020B000008000001020C0000100000B6
:1095800001020D00002000000000000000000000AB
:1095900000000000000000000000000000000000CB
:1095A00000000000000000000000000000000000BB
:1095B00000000000000000000000000000000000AB
:1095C000000000000000000000000000000000009B
:1095D000000000000000000000000000000000008B
:1095E0000000000000000000010018000000000161
:1095F000000000000000000000000000000000006B
:1096000000010C000010000000010D00002000000F
:10961000000000000000000000000000000000004A
:10962000000000000000000000000000000000003A
:109630000101020004000000000000000000000022
:10964000000000000000000000000000000000001A
:1096500001010A00000400000000000000000000FA
:1096600000000000000000000000000000000000FA
:1096700000000000000000000000000000000000EA
:1096800000000000000000000103080000010000CD
:1096900001001D000000002000000000000000008C
:1096A00000000000000000000000000000000000BA
:1096B000000000000000000001001C00000000107D
:1096C000000000000000000000000000000000009A
:1096D000000000000000000001021F0000000080E8
:1096E0000001000001000000010111000000020063
:1096F00001010D000020000000000000000000003B
:109700000000000000000000000000000000000059
:109710000000000000000000000000000000000049
:109720000000000000000000000000000000000039
:109730000000000000000000000000000000000029
:109740000000000000000000000000000000000019
:109750000000000000000000000000000000000009
:1097600000000000000000000000000000000000F9
:1097700000000000000000000000000000000000E9
:1097800000000000000000000000000000000000D9
:1097900000000000000000000000000000000000C9
:1097A0000100150000002000000000000000000083
:1097B00000000000000000000000000000000000A9
:1097C0000000000000000000000000000000000099
:1097D0000000000000000000000000000000000089
:1097E0000000000000000000000000000000000079
:1097F0000000000000000000000000000000000069
:109800000000000000000000000000000000000058
:109810000000000000000000000000000000000048
:109820000000000000000000000000000000000038
:109830000000000000000000000000000000000028
:109840000000000000000000000000000000000018
:109850000000000000000000000000000000000008
:1098600000000000000000000000000000000000F8
:1098700000000000000000000000000000000000E8
:1098800000000000000000000000000000000000D8
:1098900000000000000000000000000000000000C8
:1098A00000000000000000000000000000000000B8
:1098B00000000000000000000000000000000000A8
:1098C0000000000000000000000000000000000098
:1098D0000000000000000000000000000000000088
:1098E0000000000000000000000000000000000078
:1098F0000000000000000000000000000000000068
:109900000000000000000000000000000000000057
:109910000000000000000000000000000000000047
:109920000000000000000000000000000000000037
:109930000000000000000000000000000000000027
:109940000000000000000000000000000000000017
:109950000000000000000000000000000000000007
:1099600000000000000000000000000000000000F7
:1099700000000000000000000000000000000000E7
:1099800000000000000000000000000000000000D7
:1099900085A34A0087A34A00CBA44A0021A54A0018
:1099A00069A54A0069A54A006BA54A00C7A54A00F7
:1099B00059A64A0059A64A0059A64A005BA64A0081
:1099C00059A64A005DA64A0081A64A00D1A64A00CF
:1099D00041A74A005FA74A008F084A008F084A0043
:1099E00091084A0009994A0041994A0063994A003E
:1099F00005994A0005994A0005994A0005994A00C7
:109A000005994A00F3994A00199A4A0005994A00B3
:109A100005994A0005994A0005994A0005994A00A6
:109A200005994A005B9A4A0005994A0005994A003F
:109A3000CD9A4A0005994A0005994A00819A4A0040
:109A4000A79A4A0005994A0005994A0005994A00D3
:109A500005994A0005994A0005994A0005994A0066
:109A600005994A0005994A0041994A0009994A0016
:109A700063994A0005994A0009994A0025994A00C4
:109A800041994A0047994A0063994A008D994A00D2
:109A9000D5994A00F3994A00199A4A003F9A4A0018
:109AA0005B9A4A00819A4A00A79A4A00CD9A4A00D6
:109AB000F39A4A00199B4A0005994A004F9B4A00B5
:109AC0006B9B4A00879B4A00A39B4A00D99B4A0094
:109AD000F59B4A00F39A4A00119C4A002D9C4A00CB
:109AE000499C4A00659C4A00819C4A009D9C4A0012
:109AF000B99C4A00D59C4A00F19C4A000D9D4A0041
:109B0000299D4A00459D4A00619D4A007D9D4A006D
:109B1000999D4A00B59D4A00D19D4A00ED9D4A009D
:109B2000099E4A00259E4A005B9E4A00779E4A0095
:109B3000939E4A00AF9E4A00CB9E4A00E59E4A0093
:109B4000019F4A001D9F4A00399F4A00559F4A00C5
:109B5000719F4A008B9F4A00A59F4A00BF9F4A0001
:109B6000D99F4A00F39F4A000DA04A0025A04A0051
:109B70003DA04A0055A04A006DA04A008BA04A00B3
:109B8000A3A04A00BBA04A00D3A04A00EBA04A0011
:109B900019A14A0031A14A0049A14A005FA14A0027
:109BA0008DA14A00A5A14A00BDA14A000000000005
:109BB000FFFFFFFF00000000FFFFFFFF02000000AB
:109BC00002000000100000000100000091A74A0000
:109BD00093A74A0095A74A00E1A84A0005A94A00B0
:109BE00005A94A0007A94A0009A94A002BA94A0069
:109BF00037A94A0043A94A0065A94A0071A94A0049
:109C00007DA94A0005A94A0007A94A001DAA4A00E1
:109C10001FAA4A0021AA4A001DAA4A00A3AA4A0074
:109C2000B1AA4A0023AA4A00CFAB4A00E5AC4A00D9
:109C3000E5AC4A00E7AC4A00E5AC4A00EBAC4A00B0
:109C4000EDAC4A004DAD4A00FDAD4A006FAE4A0092
:109C5000EBAC4A0000000000050000000A00000014
:109C60000F0000001400000064000000000000006D
:109C70000C0000003000000070000000B800000080
:109C8000E8030000ADAE4A00AFAE4A0059B04A004A
:109C900059B04A005BB04A00CFB04A005BB24A00FC
:109CA000CFB24A005BB44A0059B54A0059B04A00E5
:109CB0009BB64A0000000000000000000000000009
:109CC0000100000001000000010000000100000090
:109CD0000100000001000000010000000100000080
:109CE0000100000001000000010000000100000070
:109CF0000100000001000000010000000100000060
:109D0000010000000100000001000000010000004F
:109D1000010000000100000001000000010000003F
:109D2000010000000100000001000000010000002F
:109D3000010000000100000001000000010000001F
:109D4000010000000100000001000000010000000F
:109D500001000000010000000100000001000000FF
:109D600001000000010000000100000001000000EF
:109D700001000000010000000100000001000000DF
:109D800001000000010000000100000001000000CF
:109D900001000000010000000100000001000000BF
:109DA00001000000010000000100000001000000AF
:109DB000010000000100000001000000010000009F
:109DC000010000000100000001000000010000008F
:109DD000010000000100000001000000010000007F
:109DE000010000000100000001000000010000006F
:109DF000010000000100000001000000010000005F
:109E0000010000000100000001000000010000004E
:109E1000010000000100000001000000010000003E
:109E2000010000000100000001000000010000002E
:109E3000010000000100000001000000010000001E
:109E4000010000000100000001000000010000000E
:109E500001000000010000000100000001000000FE
:109E600001000000010000000100000001000000EE
:109E700001000000010000000100000001000000DE
:109E800001000000010000000100000001000000CE
:109E900001000000010000000100000001000000BE
:109EA00001000000010000000100000001000000AE
:109EB000010000000100000001000000010000009E
:109EC000010000000100000001000000010000008E
:109ED000010000000100000001000000010000007E
:109EE000010000000100000001000000010000006E
:109EF000010000000100000001000000010000005E
:109F0000010000000100000001000000010000004D
:109F1000010000000100000001000000010000003D
:109F2000010000000100000001000000010000002D
:109F3000010000000100000001000000010000001D
:109F4000010000000100000001000000010000000D
:109F500001000000010000000100000001000000FD
:109F60000100000001000000FFFF01003FFF0300AF
:109F7000FFFF0300FFFF0300CFBF0100FFFF010051
:109F80003FFF0300FFFF0300FFFF0300CFBF0100FF
:109F90000080084000C00840004030400080304051
:109FA00000C0304000003540004035400080324065
:109FB00000C03240000033400040334000002940E0
:109FC000000027400303064E00FFFFFF96000040FD
:109FD0000800000009020040080000009D03004046
:109FE000080000009E00004008000000FF03004041
:109FF00020000000EF03004020000000AE050040FC
:10A00000080000006F05004008000000F106004055
:10A01000400000002D04000008000000F60600408B
:10A02000080000009703004008000000C200004044
:10A0300008000000390300400800000094070040B9
:10A0400040000000DF07004008000000F00300406F
:10A0500008000000000000000000000000000000F8
:10A0600000000000000000000000000000000000F0
:10A0700000000000000000000000000000000000E0
:10A0800000000000000000000000000000000000D0
:10A0900000000000000000000000000000000000C0
:10A0A000000000000000000064000000320000001A
:10A0B000C8000000000000000000000000000000D8
:10A0C0000000000000000000000000000000000090
:10A0D0000000000000000000000000000000000080
:10A0E0000000000000000000000000000000000070
:10A0F0000000000000000000000000000000000060
:10A10000000000000000000000000000000000004F
:10A11000C8000000640000001027000000000000DC
:10A12000000000000000000000000000000000002F
:10A13000000000000000000000000000000000001F
:10A14000000000000000000000000000000000000F
:10A1500000000000000000000000000000000000FF
:10A1600000000000000000000000000000000000EF
:10A170000000000000000000E8030000F4010000FF
:10A1800000000000000000000000000000000000CF
:10A1900000000000000000000000000000000000BF
:10A1A00000000000000000000000000000000000AF
:10A1B000000000000000000000000000000000009F
:10A1C000000000000000000000000000000000008F
:10A1D000000000000000000000000000000000007F
:10A1E00064000000320000000000000000000000D9
:10A1F000000000000000000000000000000000005F
:10A20000000000000000000000000000000000004E
:10A21000000000000000000000000000000000003E
:10A22000000000000000000000000000000000002E
:10A23000000000000000000000000000000000001E
:10A240000000000000000000E8030000F40100002E
:10A2500000000000000000000000000000000000FE
:10A2600000000000000000000000000000000000EE
:10A2700000000000000000000000000000000000DE
:10A2800000000000000000000000000000000000CE
:10A2900000000000000000000000000000000000BE
:10A2A00000000000000000000000000000000000AE
:10A2B000F4010000FA0000000000000000000000AF
:10A2C000000000000000000000000000000000008E
:10A2D000000000000000000000000000000000007E
:10A2E000000000000000000000000000000000006E
:10A2F000000000000000000000000000000000005E
:10A30000000000000000000000000000000000004D
:10A310000000000000000000E8030000F40100005D
:10A32000000000000000000000000000000000002D
:10A33000000000000000000000000000000000001D
:10A34000000000000000000000000000000000000D
:10A3500000000000000000000000000000000000FD
:10A3600000000000000000000000000000000000ED
:10A3700000000000000000000000000000000000DD
:10A3800010270000881300000000000000000000FB
:10A3900000000000000000000000000000000000BD
:10A3A00000000000000000000000000000000000AD
:10A3B000000000000000000000000000000000009D
:10A3C000000000000000000000000000000000008D
:10A3D000000000000000000000000000000000007D
:10A3E0000000000000000001FFFFFFFF0000000070
:10A3F000000000000000000000000000000000005D
:10A40000000000000000000000000000000000004C
:10A41000000000000000000000000000000000003C
:10A42000000000000000000000000000000000002C
:10A43000000000000000000000000000000000001C
:10A44000000000000000000000000000000000010B
:10A45000FFFFFFFF00000000000000000000000000
:10A4600000000000000000000000000000000000EC
:10A4700000000000000000000000000000000000DC
:10A4800000000000000000000000000000000000CC
:10A4900000000000000000000000000000000000BC
:10A4A00000000000000000000000000000000000AC
:10A4B0000000000000000001FFFFFFFF000000009F
:10A4C000000000000000000000000000000000008C
:10A4D000000000000000000000000000000000007C
:10A4E000000000000000000000000000000000006C
:10A4F000000000000000000000000000000000005C
:10A50000000000000000000000000000000000004B
:10A51000000000000000000000000000000000003B
:10A52000E8030000F401000000000000000000004B
:10A53000000000000000000000000000000000001B
:10A54000000000000000000000000000000000000B
:10A5500000000000000000000000000000000000FB
:10A5600000000000000000000000000000000000EB
:10A5700000000000000000000000000000000000DB
:10A580000000000000000000640000003200000035
:10A59000C8000000000000000000000000000000F3
:10A5A00000000000000000000000000000000000AB
:10A5B000000000000000000000000000000000009B
:10A5C000000000000000000000000000000000008B
:10A5D000000000000000000000000000000000007B
:10A5E000000000000000000000000000000000006B
:10A5F000E8030000F401000000000000000000007B
:10A60000000000000000000000000000000000004A
:10A61000000000000000000000000000000000003A
:10A62000000000000000000000000000000000002A
:10A63000000000000000000000000000000000001A
:10A64000000000000000000000000000000000000A
:10A650000000000000000001FFFFFFFF00000000FD
:10A6600000000000000000000000000000000000EA
:10A6700000000000000000000000000000000000DA
:10A6800000000000000000000000000000000000CA
:10A6900000000000000000000000000000000000BA
:10A6A00000000000000000000000000000000000AA
:10A6B0000000000000000000000000000000000199
:10A6C000FFFFFFFF0000000000000000000000008E
:10A6D000000000000000000000000000000000007A
:10A6E000000000000000000000000000000000006A
:10A6F000000000000000000000000000000000005A
:10A700000000000000000000000000000000000049
:10A710000000000000000000000000000000000039
:10A720000000000000000000E8030000F401000049
:10A730000000000000000000000000000000000019
:10A740000000000000000000000000000000000009
:10A7500000000000000000000000000000000000F9
:10A7600000000000000000000000000000000000E9
:10A7700000000000000000000000000000000000D9
:10A7800000000000000000000000000000000000C9
:10A7900001000000000000000000000000000000B8
:10A7A00000000000000000000000000000000000A9
:10A7B0000000000000000000000000000000000099
:10A7C0000000000000000000000000000000000089
:10A7D0000040010114000000000000001400090006
:10A7E0000000000002000000000000000000000067
:10A7F0000000000000000000000000000000000059
:10A800000000000000000000000000000000000048
:10A810000000000000000000000000000000000038
:10A820000000000000080100E80300000000000034
:10A8300014000500000000000300000000000000FC
:10A840000000000000000000000000000000000008
:10A8500000000000000000000000000000000000F8
:10A8600000000000000000000000000000000000E8
:10A8700000000000000000000008010114000000BA
:10A8800000000000140008000000000004000000A8
:10A8900000000000000000000000000000000000B8
:10A8A00000000000000000000000000000000000A8
:10A8B0000000000000000000000000000000000098
:10A8C000000000000000000000000000000801007F
:10A8D00064000000000000001400010000000000FF
:10A8E0000500000000000000000000000000000063
:10A8F0000000000000000000000000000000000058
:10A900000000000000000000000000000000000047
:10A910000000000000000000000000000000000037
:10A9200000080100E803000000000000140002001D
:10A930000000000006000000000000000000000011
:10A940000000000000000000000000000000000007
:10A9500000000000000000000000000000000000F7
:10A9600000000000000000000000000000000000E7
:10A97000000000000008010064000000000000006A
:10A9800014000300000000000700000000000000A9
:10A9900000000000000000000000000000000000B7
:10A9A00000000000000000000000000000000000A7
:10A9B0000000000000000000000000000000000097
:10A9C000000000000000000000400100E80300005B
:10A9D0000000000014000400000000000800000057
:10A9E0000000000000000000000000000000000067
:10A9F0000000000000000000000000000000000057
:10AA00000000000000000000000000000000000046
:10AA100000000000000000000000000000400101F4
:10AA200014000000000000001400070000000000F7
:10AA3000090000000000000000000000000000000D
:10AA40000000000000000000000000000000000006
:10AA500000000000000000000000000000000000F6
:10AA600000000000000000000000000000000000E6
:10AA70000008010088130000000000001400060018
:10AA800000000000000000000000000000000000C6
:10AA900000000000000000000000000000000000B6
:10AAA00000000000000000000000000000000000A6
:10AAB0000000000000000000000000000000000096
:10AAC0000000000000000000000000000000000086
:10AAD00000000000000000000B000000000000006B
:10AAE0000000000000000000000000000000000066
:10AAF0000000000000000000000000000000000056
:10AB00000000000000000000000000000000000045
:10AB1000000000000000000000080100E803000041
:10AB20000000000014000A00000000000000000007
:10AB30000000000000000000000000000000000015
:10AB40000000000000000000000000000000000005
:10AB500000000000000000000000000000000000F5
:10AB600000000000000000000000000000000000E5
:10AB700000000000000005000000000000000000D0
:10AB800001000000190000000000000001F748006B
:10AB900013F748000000000000000500000000005E
:10ABA000000000000000D007D007000000000000F7
:10ABB00029F748002DF748000000000000000500BC
:10ABC00000000000000000000000D007D0070000D7
:10ABD0000000000041F7480045F748000000000071
:10ABE0000000640000000000000000000100F4010B
:10ABF000F401000000000000EFF7480001F84800F1
:10AC000000000000000064000000000000000000E0
:10AC100001007017701700000000000017F84800CE
:10AC200029F8480000000000000064000000000057
:10AC30000000000001002C012C01000000000000B9
:10AC400043F8480055F848000000000000000A00E2
:10AC500000000000000000000100C800C800000063
:10AC600000000000EDFA4800FFFA48000000000074
:10AC70000000640000000000000000000100B80BAC
:10AC8000B80B0000000000008DF848009FF8480055
:10AC90000000000000006400000000000000000050
:10ACA00000002C012C01000000000000AFF848005B
:10ACB000CDF8480000000000000064000000000023
:10ACC0000000000001009001900100000000000061
:10ACD000DDF84800EFF84800000000000000140014
:10ACE000000000000000000000006400C800000038
:10ACF0000000000077F748007FF7480000000000E0
:10AD00000000640000000000000000000000F401EA
:10AD1000E803000000000000B3F74800BBF748005C
:10AD20000000000000000A00000000000000000019
:10AD3000000032006400000000000000D1F748006D
:10AD4000D9F748000000000000000A0000000000E1
:10AD5000000000000000320064000000000000005D
:10AD600059F7480061F748000000000000000A00A1
:10AD7000000000000000000000003200640000003D
:10AD80000000000095F748009DF748000000000013
:10AD90000000640000000000000000000100102717
:10ADA000102700000000000015FB480033FB48009E
:10ADB000000000000000640000000000000000002F
:10ADC00001001027102700000000000041FB480090
:10ADD0005FFB48000000000000006400000000006D
:10ADE00000000000010010271027000000000000F4
:10ADF0006FFB48008DFB480000000000000064006D
:10AE000000000000000000000100102710270000D3
:10AE1000000000009DFB4800BBFB48000000000054
:10AE20000000640000000000000000000100102786
:10AE300010270000000000002DF948004BF94800E1
:10AE4000000000000000640000000000000000009E
:10AE500001001027102700000000000089F94800B9
:10AE6000A7F9480000000000000064000000000096
:10AE70000000000001001027102700000000000063
:10AE8000B7F94800D5F94800000000000000640050
:10AE90000000000000000000010010271027000043
:10AEA00000000000E5F9480003FA48000000000037
:10AEB00000006400000000000000000001001027F6
:10AEC000102700000000000013FA480031FA480083
:10AED000000000000000640000000000000000000E
:10AEE00001001027102700000000000091FA480020
:10AEF000AFFA4800000000000000640000000000FD
:10AF000000000000010010271027000000000000D2
:10AF1000BFFA4800DDFA48000000000000006400AD
:10AF200000000000000000000100102710270000B2
:10AF30000000000035FA480053FA48000000000005
:10AF40000000640000000000000000000100102765
:10AF5000102700000000000063FA480081FA480052
:10AF6000000000000000640000000000000000007D
:10AF70000100102710270000000000005BF94800C6
:10AF800079F94800000000000000640000000000A3
:10AF90000000000001001027102700000000000042
:10AFA000FFF848001DF948000000000000006400A0
:10AFB0000000000000000000010010271027000022
:10AFC000000000005FF848007DF848000000000025
:10AFD00000006400000000000000000001001027D5
:10AFE0001027000000000000CBFB4800E9FB4800F0
:10AFF00000000000000064000000000000000000ED
:10B00000010010271027000000000000F9FB480095
:10B0100017FC480000000000000064000000000071
:10B0200000000000010010271027000000000000B1
:10B0300027FC480045FC48000000000000006400B8
:10B040000000000000000000010010271027000091
:10B050000000000055FC480073FC480000000000A0
:10B060000000640000000000000000000100102744
:10B07000102700000000000081FC48009FFC4800F1
:10B0800000000000000000000000000000000000C0
:10B0900000000000000000000000000000000000B0
:10B0A00000000000000000000000000000000000A0
:10B0B0000000000000000000000000000000000090
:10B0C0000000000000000000000000000000000080
:10B0D0000000000000000000000000000000000070
:10B0E0000000000000000000000000000000000060
:10B0F0000000000000000000000000000000000050
:10B10000000000000000000000000000000000003F
:10B11000000000000000000000000000000000002F
:10B12000000000000000000000000000000000001F
:10B13000000000000000000000000000000000000F
:10B1400000000000000000000000000000000000FF
:10B1500000000000000000000000000000000000EF
:10B1600000000000000000000000000000000000DF
:10B1700000000000000000000000000000000000CF
:10B1800000000000000000000000000000000000BF
:10B1900000000000000000000000000000000000AF
:10B1A000000000000000000000000000000000009F
:10B1B00000000000000000000000000084B0034612
:10B1C00000918DF80730009B039342F2E4730293E1
:10B1D0009DF80730002B11D12D4B4FF0FF32C3F8F3
:10B1E00000212B4B1B682A4A43F010031360284BA5
:10B1F0001B68274A23F02003136009E09DF80730FD
:10B20000012B05D1224B1B68214A43F48073136044
:10B210001F4B1B681E4A43F0010313601C4B5B6805
:10B2200003F40043002B0CD14EF242730293039BB4
:10B23000013B0393039B002B10D142F6D4330293BE
:10B240000CE0134B5B6803F48043002B03D142F204
:10B25000E473029302E045F6A5230293029B4EF2AB
:10B2600042729342DAD0029B4EF2427293420BD06A
:10B27000074B1B68064A23F001031360044B1B684D
:10B28000034A23F480731360029B184604B070478E
:10B2900000C02E4001000000400A4B004C0A4B0049
:10B2A000580A4B00640A4B00700A4B007C0A4B00A2
:10B2B000880A4B00940A4B00A00A4B00AC0A4B00D2
:10B2C000B40A4B00C00A4B00CC0A4B00D80A4B0012
:10B2D000E40A4B00F40A4B00040B4B002000C600AC
:10B2E0002005C6002024C6002013C6002014C60076
:10B2F0002015C6002016C6002017C6002018C6005C
:10B300002019C6002020C6002021C6002022C60029
:10B310002023C60001000001050001000AD7A33C5C
:10B32000000000006F12833A0000803F00007A4363
:10B330000AD7A33C000000000AD7233C0000803F4E
:10B340000000C8430AD7A33C000000000AD7233CF2
:10B35000000020410000F0420AD7A33C000000009A
:10B36000CDCCCC3D0000803F0000F04260FC61FF8E
:10B37000620063FF64F065FF663F670068E60000F7
:10B380006AFF6BFF6CFF6D006E006FFF70A67100AF
:10B390007200730074807570771778C279007AE54F
:10B3A0007B007C0020E7103011F112551355145525
:10B3B000150016081700180F1DFF1EFF1F78211417
:10B3C0002201230024F0259826082D072E192F0985
:10B3D0003065310420E000000000010C02800337DA
:10B3E0000480050106160714080009500A300B8670
:10B3F0000C010DA00E0400000F70100011001200CF
:10B4000013001480150716801701181019331A0835
:10B410001B6C1C001D001E0002000300040105003F
:10B42000060007010C600D0076807709780079002E
:10B430007A0000008CBC8DBD8E070000901E91002C
:10B4400092BE930094809507966C97089802990095
:10B450009A199B009C809D019ED89F01A90CAA006F
:10B46000AB00AC00AD00AE28BB01BC89BD03BE740F
:10B47000BF000000907E910F920293889446954001
:10B4800096669710BB01BC898007008848000000C1
:10B4900010EB323210EB2232FFFFFFFF0100000001
:10B4A000000000000000000000000000000000009C
:10B4B000000000000000000000000000000000008C
:10B4C000000000000000000000000000000000007C
:10B4D000000000000000000000000000000000006C
:10B4E000F98E4A000001020304050607080900005E
:10B4F0000A0B0C0D0E0F0000117F127E31000000B0
:10B50000E0334B00C0334B0000344B00E0334B00C2
:10B5100000344B0024344B0034344B002C344B00AB
:10B520003C344B0024344B0034344B003C344B004F
:10B5300034344B002C344B003C344B0034344B003F
:10B540003C344B002C344B003C344B00C0334B009C
:10B5500000344B00D03D4B00D03D4B00D03D4B0064
:10B56000D03D4B00D03D4B00D03D4B00D03D4B007B
:10B57000D03D4B00D03D4B00D03D4B00D03D4B006B
:10B58000D03D4B00D03D4B00D03D4B00D03D4B005B
:10B59000D03D4B00D03D4B00D03D4B00D03D4B004B
:10B5A000D03D4B00D03D4B00D03D4B00D03D4B003B
:10B5B000D03D4B00D03D4B00D03D4B00D03D4B002B
:10B5C00018434B0034434B0050434B006C434B003B
:10B5D00088434B00A4434B000000000018434B007D
:10B5E00034434B0050434B006C434B0088434B00AB
:10B5F000A4434B0000000000F44C4B00EC4C4B000B
:10B6000000000000DC434B0000000000F44C4B0045
:10B61000EC4C4B0000000000DC434B00000000003D
:10B62000F44C4B00EC4C4B0000000000DC434B00A2
:10B6300000000000F44C4B00EC4C4B0000000000FC
:10B64000DC434B0000000000F44C4B00EC4C4B0082
:10B6500000000000DC434B0000000000F44C4B00F5
:10B66000EC4C4B0000000000DC434B0000000000ED
:10B67000F44C4B00EC4C4B0000000000DC434B0052
:10B6800000000000F44C4B00EC4C4B0000000000AC
:10B69000DC434B0000000000F44C4B00EC4C4B0032
:10B6A00000000000DC434B0000000000F44C4B00A5
:10B6B000EC4C4B0000000000DC434B00000000009D
:10B6C000F44C4B00EC4C4B0000000000DC434B0002
:10B6D00000000000F44C4B00EC4C4B00000000005C
:10B6E000DC434B0000000000F44C4B00EC4C4B00E2
:10B6F00000000000DC434B0000000000F44C4B0055
:10B70000EC4C4B0000000000DC434B00000000004C
:10B71000F44C4B00EC4C4B0000000000DC434B00B1
:10B7200000000000F44C4B00EC4C4B00000000000B
:10B73000DC434B0000000000F44C4B00EC4C4B0091
:10B7400000000000DC434B0000000000F44C4B0004
:10B75000EC4C4B0000000000DC434B0000000000FC
:10B76000F44C4B00EC4C4B0000000000DC434B0061
:10B7700000000000F44C4B00EC4C4B0000000000BB
:10B78000DC434B0000000000F44C4B00EC4C4B0041
:10B7900000000000DC434B0000000000F44C4B00B4
:10B7A000EC4C4B0000000000DC434B0000000000AC
:10B7B000F44C4B00EC4C4B0000000000DC434B0011
:10B7C00000000000F44C4B00EC4C4B00000000006B
:10B7D000DC434B0000000000F44C4B00EC4C4B00F1
:10B7E00000000000DC434B0000000000F44C4B0064
:10B7F000EC4C4B0000000000DC434B00000000005C
:10B80000F44C4B00EC4C4B0000000000DC434B00C0
:10B8100000000000F44C4B00EC4C4B00000000001A
:10B82000DC434B0000000000F44C4B00EC4C4B00A0
:10B8300000000000DC434B0000000000F44C4B0013
:10B84000EC4C4B0000000000DC434B00000000000B
:10B85000F44C4B00EC4C4B0000000000DC434B0070
:10B8600000000000F44C4B00EC4C4B0000000000CA
:10B87000DC434B0000000000F44C4B00EC4C4B0050
:10B8800000000000DC434B0000000000F44C4B00C3
:10B89000EC4C4B0000000000DC434B0000000000BB
:10B8A000F44C4B00EC4C4B0000000000DC434B0020
:10B8B00000000000F44C4B00EC4C4B00000000007A
:10B8C000DC434B00000000002100000000000000ED
:10B8D0000000BA00BB0046024702D703D803650543
:10B8E0006605020703079C089D085A0A5B0A0D0CAF
:10B8F0000E0C9D0D9E0D340F350F00100000000042
:10B9000000000000780000000000000000000000BF
:10B9100078000000000000000000000000000000AF
:10B920000000000000000000000000000000000017
:10B93000141F4020000200001421402000020000DB
:10B9400008334020000000000000000008334020C1
:10B950000000000000000000103340200000000044
:10B9600000000000183340202433402030334020B2
:10B970000000000001000000645E4B00645E4B00AC
:10B98000645E4B00645E4B00645E4B00645E4B0083
:10B99000645E4B00FFFFFFFFFFFFFFFF5C5E4B009D
:10B9A000645E4B00645E4B00FFFFFFFFFFFF000083
:10B9B0005E5E4B000100000050334020BC5D4B0038
:10B9C0000000000000000000000000000000000077
:10B9D00011C7490005C7490025C7490000000000FC
:10B9E0000000000097EE49008FEE490000000000C3
:10B9F0000100000000000000FFFFFFFFFFFFFFFF4E
:10BA0000FF00FFFF7D01F691FFFFFF02021F010112
:10BA1000FF000000FFFFFFFFFFFF0000FFFFFFFF31
:10BA2000FFFF00004E000000040000004E00000078
:10BA3000040000004E000000040000004E00000062
:10BA4000040000000024F400009435773310000057
:10BA5000FF01C100FE000000FFFFFF00FFFFFF002D
:10BA6000FEFE00000101C10000000000FFFFFF001A
:10BA7000FFFFFF00FEFE0000FFFFFFFFFFFFFFFFD5
:10BA8000FFFFFF00FFFFFFFFFFFFFFFFFFFFFF00C4
:10BA900000FFFF01FFFFFFFF02FFFFFF0304FFFFA7
:10BAA000050607FFFFFFFF08FFFFFFFFFFFFFFFF88
:10BAB00009FFFFFF0AFFFFFFFFFFFFFFFFFFFFFF81
:10BAC00025E54A0000C02D4000C0284000000000CD
:10BAD0000000000002020000000000000000000062
:10BAE0000000000000000000000000000000000056
:10BAF000000000000000000000002940E4270103CE
:10BB00000080084000C0084001000000FFFFFFFF68
:10BB1000FFFFFFFFFFFFFFFFFFFFFFFFFFFFFFFF35
:10BB2000FFFFFFFFFFFFFFFFFFFFFFFFFFFFFFFF25
:10BB3000FFFFFFFFFFFFFFFFFFFFFFFFFFFFFFFF15
:10BB4000FFFFFFFFFFFFFFFFFFFFFFFFFFFFFFFF05
:10BB5000FFFFFFFFFFFFFFFFFFFFFFFFFFFFFFFFF5
:10BB6000FFFFFFFFFFFFFFFFFFFFFFFFFFFFFFFFE5
:10BB7000FFFFFFFFFFFFFFFFFFFFFFFFFFFFFFFFD5
:10BB8000FFFFFFFFFFFFFFFFFFFFFFFFFFFFFFFFC5
:10BB9000FFFFFFFFFFFFFFFFFFFFFFFFFFFFFFFFB5
:10BBA000FFFFFFFFFFFFFFFFFFFFFFFFFFFFFFFFA5
:10BBB000FFFFFFFFFFFFFFFFFFFFFFFFFFFFFFFF95
:10BBC000FFFFFFFFFFFFFFFFFFFFFFFFFFFFFFFF85
:10BBD000FFFFFFFFFFFFFFFFFFFFFFFFFFFFFFFF75
:10BBE000FFFFFFFFFFFFFFFFFFFFFFFFFFFFFFFF65
:10BBF000FFFFFFFFFFFFFFFFFFFFFFFFFFFFFFFF55
:10BC0000FFFFFFFFFFFFFFFFFFFFFFFFFFFFFFFF44
:10BC1000FFFFFFFFFFFFFFFFFFFFFFFFFFFFFFFF34
:10BC2000FFFFFFFFFFFFFFFFFFFFFFFFFFFFFFFF24
:10BC3000FFFFFFFFFFFFFFFFFFFFFFFFFFFFFFFF14
:10BC4000FFFFFFFFFFFFFFFFFFFFFFFFFFFFFFFF04
:10BC5000FFFFFFFFFFFFFFFFFFFFFFFFFFFFFFFFF4
:10BC6000FFFFFFFFFFFFFFFFFFFFFFFFFFFFFFFFE4
:10BC7000FFFFFFFFFFFFFFFFFFFFFFFFFFFFFFFFD4
:10BC8000FFFFFFFFFFFFFFFFFFFFFFFFFFFFFFFFC4
:10BC9000FFFFFFFFFFFFFFFFFFFFFFFFFFFFFFFFB4
:10BCA000FFFFFFFFFFFFFFFFFFFFFFFFFFFFFFFFA4
:10BCB000FFFFFFFFFFFFFFFFFFFFFFFFFFFFFFFF94
:10BCC000FFFFFFFFFFFFFFFFFFFFFFFFFFFFFFFF84
:10BCD000FFFFFFFFFFFFFFFFFFFFFFFFFFFFFFFF74
:10BCE000FFFFFFFFFFFFFFFFFFFFFFFFFFFFFFFF64
:10BCF000FFFFFFFFFFFFFFFFFFFFFFFFFFFFFFFF54
:10BD0000FFFFFFFFFFFFFFFFFFFFFFFFFFFFFFFF43
:10BD1000FFFFFFFFFFFFFFFFFFFFFFFFFFFFFFFF33
:10BD2000FFFFFFFFFFFFFFFFFFFFFFFFFFFFFFFF23
:10BD3000FFFFFFFFFFFFFFFFFFFFFFFFFFFFFFFF13
:10BD4000FFFFFFFFFFFFFFFFFFFFFFFFFFFFFFFF03
:10BD5000FFFFFFFFFFFFFFFFFFFFFFFFFFFFFFFFF3
:10BD6000FFFFFFFFFFFFFFFFFFFFFFFFFFFFFFFFE3
:10BD7000FFFFFFFFFFFFFFFFFFFFFFFFFFFFFFFFD3
:10BD8000FFFFFFFFFFFFFFFFFFFFFFFFFFFFFFFFC3
:10BD9000FFFFFFFFFFFFFFFFFFFFFFFFFFFFFFFFB3
:10BDA000FFFFFFFFFFFFFFFFFFFFFFFFFFFFFFFFA3
:10BDB000FFFFFFFFFFFFFFFFFFFFFFFFFFFFFFFF93
:10BDC000FFFFFFFFFFFFFFFFFFFFFFFFFFFFFFFF83
:10BDD000FFFFFFFFFFFFFFFFFFFFFFFFFFFFFFFF73
:10BDE000FFFFFFFFFFFFFFFFFFFFFFFFFFFFFFFF63
:10BDF000FFFFFFFFFFFFFFFFFFFFFFFFFFFFFFFF53
:10BE0000FFFFFFFFFFFFFFFFFFFFFFFFFFFFFFFF42
:10BE1000FFFFFFFFFFFFFFFFFFFFFFFFFFFFFFFF32
:10BE2000FFFFFFFFFFFFFFFFFFFFFFFFFFFFFFFF22
:10BE3000FFFFFFFFFFFFFFFFFFFFFFFFFFFFFFFF12
:10BE4000FFFFFFFFFFFFFFFFFFFFFFFFFFFFFFFF02
:10BE5000FFFFFFFFFFFFFFFFFFFFFFFFFFFFFFFFF2
:10BE6000FFFFFFFFFFFFFFFFFFFFFFFFFFFFFFFFE2
:10BE7000FFFFFFFFFFFFFFFFFFFFFFFFFFFFFFFFD2
:10BE8000FFFFFFFFFFFFFFFFFFFFFFFFFFFFFFFFC2
:10BE9000FFFFFFFFFFFFFFFFFFFFFFFFFFFFFFFFB2
:10BEA000FFFFFFFFFFFFFFFFFFFFFFFFFFFFFFFFA2
:10BEB000FFFFFFFFFFFFFFFFFFFFFFFFFFFFFFFF92
:10BEC000FFFFFFFFFFFFFFFFFFFFFFFFFFFFFFFF82
:10BED000FFFFFFFFFFFFFFFFFFFFFFFFFFFFFFFF72
:10BEE000FFFFFFFFFFFFFFFFFFFFFFFFFFFFFFFF62
:10BEF000FFFFFFFFFFFFFFFFFFFFFFFFFFFFFFFF52
:10BF0000FFFFFFFFFFFFFFFFFFFFFFFFFFFFFFFF41
:10BF1000FFFFFFFFFFFFFFFFFFFFFFFFFFFFFFFF31
:10BF2000FFFFFFFFFFFFFFFFFFFFFFFFFFFFFFFF21
:10BF3000FFFFFFFFFFFFFFFFFFFFFFFFFFFFFFFF11
:10BF4000FFFFFFFFFFFFFFFFFFFFFFFFFFFFFFFF01
:10BF5000FFFFFFFFFFFFFFFFFFFFFFFFFFFFFFFFF1
:10BF6000FFFFFFFFFFFFFFFFFFFFFFFFFFFFFFFFE1
:10BF7000FFFFFFFFFFFFFFFFFFFFFFFFFFFFFFFFD1
:10BF8000FFFFFFFFFFFFFFFFFFFFFFFFFFFFFFFFC1
:10BF9000FFFFFFFFFFFFFFFFFFFFFFFFFFFFFFFFB1
:10BFA000FFFFFFFFFFFFFFFFFFFFFFFFFFFFFFFFA1
:10BFB000FFFFFFFFFFFFFFFFFFFFFFFFFFFFFFFF91
:10BFC000FFFFFFFFFFFFFFFFFFFFFFFFFFFFFFFF81
:10BFD000FFFFFFFFFFFFFFFFFFFFFFFFFFFFFFFF71
:10BFE000FFFFFFFFFFFFFFFFFFFFFFFFFFFFFFFF61
:10BFF000534D49524D00000007001F00540317DF46
:0400000500480CB1F2
:00000001FF
