:020000040041B9
:10C00000A55AA55A010000000000000000C8410028
:10C010000000000000C841000000000000C841000E
:10C020000000000000000000000000000000000010
:10C03000FFFFFFFFFFFFFFFFFFFFFFFFFFFFFFFF10
:10C04000FFFFFFFFFFFFFFFFFFFFFFFFFFFFFFFF00
:10C05000FFFFFFFFFFFFFFFFFFFFFFFFFFFFFFFFF0
:10C06000FFFFFFFFFFFFFFFFFFFFFFFFFFFFFFFFE0
:10C07000FFFFFFFFFFFFFFFFFFFFFFFFFFFFFFFFD0
:10C08000FFFFFFFFFFFFFFFFFFFFFFFFFFFFFFFFC0
:10C09000FFFFFFFFFFFFFFFFFFFFFFFFFFFFFFFFB0
:10C0A000FFFFFFFFFFFFFFFFFFFFFFFFFFFFFFFFA0
:10C0B000FFFFFFFFFFFFFFFFFFFFFFFFFFFFFFFF90
:10C0C000FFFFFFFFFFFFFFFFFFFFFFFFFFFFFFFF80
:10C0D000FFFFFFFFFFFFFFFFFFFFFFFFFFFFFFFF70
:10C0E000FFFFFFFFFFFFFFFFFFFFFFFFFFFFFFFF60
:10C0F000FFFFFFFFFFFFFFFFFFFFFFFFFFFFFFFF50
:10C10000FFFFFFFFFFFFFFFFFFFFFFFFFFFFFFFF3F
:10C11000FFFFFFFFFFFFFFFFFFFFFFFFFFFFFFFF2F
:10C12000FFFFFFFFFFFFFFFFFFFFFFFFFFFFFFFF1F
:10C13000FFFFFFFFFFFFFFFFFFFFFFFFFFFFFFFF0F
:10C14000FFFFFFFFFFFFFFFFFFFFFFFFFFFFFFFFFF
:10C15000FFFFFFFFFFFFFFFFFFFFFFFFFFFFFFFFEF
:10C16000FFFFFFFFFFFFFFFFFFFFFFFFFFFFFFFFDF
:10C17000FFFFFFFFFFFFFFFFFFFFFFFFFFFFFFFFCF
:10C18000FFFFFFFFFFFFFFFFFFFFFFFFFFFFFFFFBF
:10C19000FFFFFFFFFFFFFFFFFFFFFFFFFFFFFFFFAF
:10C1A000FFFFFFFFFFFFFFFFFFFFFFFFFFFFFFFF9F
:10C1B000FFFFFFFFFFFFFFFFFFFFFFFFFFFFFFFF8F
:10C1C000FFFFFFFFFFFFFFFFFFFFFFFFFFFFFFFF7F
:10C1D000FFFFFFFFFFFFFFFFFFFFFFFFFFFFFFFF6F
:10C1E000FFFFFFFFFFFFFFFFFFFFFFFFFFFFFFFF5F
:10C1F000FFFFFFFFFFFFFFFFFFFFFFFFFFFFFFFF4F
:10C20000FFFFFFFFFFFFFFFFFFFFFFFFFFFFFFFF3E
:10C21000FFFFFFFFFFFFFFFFFFFFFFFFFFFFFFFF2E
:10C22000FFFFFFFFFFFFFFFFFFFFFFFFFFFFFFFF1E
:10C23000FFFFFFFFFFFFFFFFFFFFFFFFFFFFFFFF0E
:10C24000FFFFFFFFFFFFFFFFFFFFFFFFFFFFFFFFFE
:10C25000FFFFFFFFFFFFFFFFFFFFFFFFFFFFFFFFEE
:10C26000FFFFFFFFFFFFFFFFFFFFFFFFFFFFFFFFDE
:10C27000FFFFFFFFFFFFFFFFFFFFFFFFFFFFFFFFCE
:10C28000FFFFFFFFFFFFFFFFFFFFFFFFFFFFFFFFBE
:10C29000FFFFFFFFFFFFFFFFFFFFFFFFFFFFFFFFAE
:10C2A000FFFFFFFFFFFFFFFFFFFFFFFFFFFFFFFF9E
:10C2B000FFFFFFFFFFFFFFFFFFFFFFFFFFFFFFFF8E
:10C2C000FFFFFFFFFFFFFFFFFFFFFFFFFFFFFFFF7E
:10C2D000FFFFFFFFFFFFFFFFFFFFFFFFFFFFFFFF6E
:10C2E000FFFFFFFFFFFFFFFFFFFFFFFFFFFFFFFF5E
:10C2F000FFFFFFFFFFFFFFFFFFFFFFFFFFFFFFFF4E
:10C30000FFFFFFFFFFFFFFFFFFFFFFFFFFFFFFFF3D
:10C31000FFFFFFFFFFFFFFFFFFFFFFFFFFFFFFFF2D
:10C32000FFFFFFFFFFFFFFFFFFFFFFFFFFFFFFFF1D
:10C33000FFFFFFFFFFFFFFFFFFFFFFFFFFFFFFFF0D
:10C34000FFFFFFFFFFFFFFFFFFFFFFFFFFFFFFFFFD
:10C35000FFFFFFFFFFFFFFFFFFFFFFFFFFFFFFFFED
:10C36000FFFFFFFFFFFFFFFFFFFFFFFFFFFFFFFFDD
:10C37000FFFFFFFFFFFFFFFFFFFFFFFFFFFFFFFFCD
:10C38000FFFFFFFFFFFFFFFFFFFFFFFFFFFFFFFFBD
:10C39000FFFFFFFFFFFFFFFFFFFFFFFFFFFFFFFFAD
:10C3A000FFFFFFFFFFFFFFFFFFFFFFFFFFFFFFFF9D
:10C3B000FFFFFFFFFFFFFFFFFFFFFFFFFFFFFFFF8D
:10C3C000FFFFFFFFFFFFFFFFFFFFFFFFFFFFFFFF7D
:10C3D000FFFFFFFFFFFFFFFFFFFFFFFFFFFFFFFF6D
:10C3E000FFFFFFFFFFFFFFFFFFFFFFFFFFFFFFFF5D
:10C3F000FFFFFFFFFFFFFFFFFFFFFFFFFFFFFFFF4D
:10C40000FFFFFFFFFFFFFFFFFFFFFFFFFFFFFFFF3C
:10C41000FFFFFFFFFFFFFFFFFFFFFFFFFFFFFFFF2C
:10C42000FFFFFFFFFFFFFFFFFFFFFFFFFFFFFFFF1C
:10C43000FFFFFFFFFFFFFFFFFFFFFFFFFFFFFFFF0C
:10C44000FFFFFFFFFFFFFFFFFFFFFFFFFFFFFFFFFC
:10C45000FFFFFFFFFFFFFFFFFFFFFFFFFFFFFFFFEC
:10C46000FFFFFFFFFFFFFFFFFFFFFFFFFFFFFFFFDC
:10C47000FFFFFFFFFFFFFFFFFFFFFFFFFFFFFFFFCC
:10C48000FFFFFFFFFFFFFFFFFFFFFFFFFFFFFFFFBC
:10C49000FFFFFFFFFFFFFFFFFFFFFFFFFFFFFFFFAC
:10C4A000FFFFFFFFFFFFFFFFFFFFFFFFFFFFFFFF9C
:10C4B000FFFFFFFFFFFFFFFFFFFFFFFFFFFFFFFF8C
:10C4C000FFFFFFFFFFFFFFFFFFFFFFFFFFFFFFFF7C
:10C4D000FFFFFFFFFFFFFFFFFFFFFFFFFFFFFFFF6C
:10C4E000FFFFFFFFFFFFFFFFFFFFFFFFFFFFFFFF5C
:10C4F000FFFFFFFFFFFFFFFFFFFFFFFFFFFFFFFF4C
:10C50000FFFFFFFFFFFFFFFFFFFFFFFFFFFFFFFF3B
:10C51000FFFFFFFFFFFFFFFFFFFFFFFFFFFFFFFF2B
:10C52000FFFFFFFFFFFFFFFFFFFFFFFFFFFFFFFF1B
:10C53000FFFFFFFFFFFFFFFFFFFFFFFFFFFFFFFF0B
:10C54000FFFFFFFFFFFFFFFFFFFFFFFFFFFFFFFFFB
:10C55000FFFFFFFFFFFFFFFFFFFFFFFFFFFFFFFFEB
:10C56000FFFFFFFFFFFFFFFFFFFFFFFFFFFFFFFFDB
:10C57000FFFFFFFFFFFFFFFFFFFFFFFFFFFFFFFFCB
:10C58000FFFFFFFFFFFFFFFFFFFFFFFFFFFFFFFFBB
:10C59000FFFFFFFFFFFFFFFFFFFFFFFFFFFFFFFFAB
:10C5A000FFFFFFFFFFFFFFFFFFFFFFFFFFFFFFFF9B
:10C5B000FFFFFFFFFFFFFFFFFFFFFFFFFFFFFFFF8B
:10C5C000FFFFFFFFFFFFFFFFFFFFFFFFFFFFFFFF7B
:10C5D000FFFFFFFFFFFFFFFFFFFFFFFFFFFFFFFF6B
:10C5E000FFFFFFFFFFFFFFFFFFFFFFFFFFFFFFFF5B
:10C5F000FFFFFFFFFFFFFFFFFFFFFFFFFFFFFFFF4B
:10C60000FFFFFFFFFFFFFFFFFFFFFFFFFFFFFFFF3A
:10C61000FFFFFFFFFFFFFFFFFFFFFFFFFFFFFFFF2A
:10C62000FFFFFFFFFFFFFFFFFFFFFFFFFFFFFFFF1A
:10C63000FFFFFFFFFFFFFFFFFFFFFFFFFFFFFFFF0A
:10C64000FFFFFFFFFFFFFFFFFFFFFFFFFFFFFFFFFA
:10C65000FFFFFFFFFFFFFFFFFFFFFFFFFFFFFFFFEA
:10C66000FFFFFFFFFFFFFFFFFFFFFFFFFFFFFFFFDA
:10C67000FFFFFFFFFFFFFFFFFFFFFFFFFFFFFFFFCA
:10C68000FFFFFFFFFFFFFFFFFFFFFFFFFFFFFFFFBA
:10C69000FFFFFFFFFFFFFFFFFFFFFFFFFFFFFFFFAA
:10C6A000FFFFFFFFFFFFFFFFFFFFFFFFFFFFFFFF9A
:10C6B000FFFFFFFFFFFFFFFFFFFFFFFFFFFFFFFF8A
:10C6C000FFFFFFFFFFFFFFFFFFFFFFFFFFFFFFFF7A
:10C6D000FFFFFFFFFFFFFFFFFFFFFFFFFFFFFFFF6A
:10C6E000FFFFFFFFFFFFFFFFFFFFFFFFFFFFFFFF5A
:10C6F000FFFFFFFFFFFFFFFFFFFFFFFFFFFFFFFF4A
:10C70000FFFFFFFFFFFFFFFFFFFFFFFFFFFFFFFF39
:10C71000FFFFFFFFFFFFFFFFFFFFFFFFFFFFFFFF29
:10C72000FFFFFFFFFFFFFFFFFFFFFFFFFFFFFFFF19
:10C73000FFFFFFFFFFFFFFFFFFFFFFFFFFFFFFFF09
:10C74000FFFFFFFFFFFFFFFFFFFFFFFFFFFFFFFFF9
:10C75000FFFFFFFFFFFFFFFFFFFFFFFFFFFFFFFFE9
:10C76000FFFFFFFFFFFFFFFFFFFFFFFFFFFFFFFFD9
:10C77000FFFFFFFFFFFFFFFFFFFFFFFFFFFFFFFFC9
:10C78000FFFFFFFFFFFFFFFFFFFFFFFFFFFFFFFFB9
:10C79000FFFFFFFFFFFFFFFFFFFFFFFFFFFFFFFFA9
:10C7A000FFFFFFFFFFFFFFFFFFFFFFFFFFFFFFFF99
:10C7B000FFFFFFFFFFFFFFFFFFFFFFFFFFFFFFFF89
:10C7C000FFFFFFFFFFFFFFFFFFFFFFFFFFFFFFFF79
:10C7D000FFFFFFFFFFFFFFFFFFFFFFFFFFFFFFFF69
:10C7E000FFFFFFFFFFFFFFFFFFFFFFFFFFFFFFFF59
:10C7F000FFFFFFFFFFFFFFFFFFFFFFFFFFFFFFFF49
:10C8000000000120B1CC4100FBDC420031A9420014
:10C81000931543007F554300A38E430000000000A2
:10C82000000000000000000000000000D79043005E
:10C83000B3B3430000000000A3BB430063C943003F
:10C840004BCA43004BCA43004BCA43004BCA430088
:10C850004BCA43004BCA43004BCA43004BCA430078
:10C860004BCA43004BCA43004BCA43004BCA430068
:10C870004BCA43004BCA43004BCA43004BCA430058
:10C880004BCA43004BCA43004BCA43004BCA430048
:10C890004BCA43004BCA43004BCA43004BCA430038
:10C8A0004BCA43004BCA43004BCA43004BCA430028
:10C8B0004BCA43004BCA43004BCA43004BCA430018
:10C8C0004BCA43004BCA43004BCA43004BCA430008
:10C8D0004BCA43004BCA43004BCA43004BCA4300F8
:10C8E0004BCA43004BCA43004BCA43004BCA4300E8
:10C8F0004BCA43004BCA43004BCA43004BCA4300D8
:10C900004BCA43004BCA43004BCA43004BCA4300C7
:10C910004BCA43004BCA43004BCA43004BCA4300B7
:10C920004BCA43004BCA43004BCA43004BCA4300A7
:10C930004BCA43004BCA43004BCA43004BCA430097
:10C940004BCA43004BCA43004BCA43004BCA430087
:10C950004BCA43004BCA43004BCA43004BCA430077
:10C960004BCA43004BCA43004BCA43004BCA430067
:10C970004BCA43004BCA43004BCA43004BCA430057
:10C980004BCA43004BCA43004BCA43004BCA430047
:10C990004BCA43004BCA43004BCA43004BCA430037
:10C9A0004BCA43004BCA43004BCA43004BCA430027
:10C9B0004BCA43004BCA43004BCA43004BCA430017
:10C9C0004BCA43004BCA43004BCA43004BCA430007
:10C9D0004BCA43004BCA43004BCA43004BCA4300F7
:10C9E0004BCA43004BCA43004BCA43004BCA4300E7
:10C9F0004BCA43004BCA43004BCA43004BCA4300D7
:10CA00004BCA43004BCA43004BCA43004BCA4300C6
:10CA10004BCA43004BCA43004BCA43004BCA4300B6
:10CA20004BCA43004BCA43004BCA43004BCA4300A6
:10CA30004BCA43004BCA43004BCA43004BCA430096
:10CA40004BCA43004BCA43004BCA43004BCA430086
:10CA50004BCA43004BCA43004BCA43004BCA430076
:10CA60004BCA43004BCA43004BCA43004BCA430066
:10CA70004BCA43004BCA43004BCA43004BCA430056
:10CA80004BCA43004BCA43004BCA43004BCA430046
:10CA90004BCA43004BCA43004BCA43004BCA430036
:10CAA0004BCA43004BCA43004BCA43004BCA430026
:10CAB0004BCA43004BCA43004BCA43004BCA430016
:10CAC0004BCA43004BCA43004BCA43004BCA430006
:10CAD0004BCA43004BCA43004BCA43004BCA4300F6
:10CAE0004BCA43004BCA43004BCA43004BCA4300E6
:10CAF0004BCA43004BCA43004BCA43004BCA4300D6
:10CB00004BCA43004BCA43004BCA43004BCA4300C5
:10CB10004BCA43004BCA43004BCA43004BCA4300B5
:10CB20004BCA43004BCA43004BCA43004BCA4300A5
:10CB30004BCA43004BCA43004BCA43004BCA430095
:10CB40004BCA43004BCA43004BCA43004BCA430085
:10CB50004BCA43004BCA43004BCA43004BCA430075
:10CB60004BCA43004BCA43004BCA43004BCA430065
:10CB70004BCA43004BCA43004BCA43004BCA430055
:10CB80004BCA43004BCA43004BCA43004BCA430045
:10CB90004BCA43004BCA43004BCA43004BCA430035
:10CBA0004BCA43004BCA43004BCA43004BCA430025
:10CBB0004BCA43004BCA43004BCA43004BCA430015
:10CBC0004BCA43004BCA43004BCA43004BCA430005
:10CBD0004BCA43004BCA43004BCA43004BCA4300F5
:10CBE0004BCA43004BCA43004BCA43004BCA4300E5
:10CBF0004BCA43004BCA43004BCA43004BCA4300D5
:10CC00004BCA43004BCA4300000000000000000074
:10CC100009000000E02D402074774400F87D4400B6
:10CC200064344020F87D4400B87E44002435402020
:10CC3000BC7E4400BC7E440000404020B87E4400DE
:10CC4000BC7E4400D8454020BC7E4400BC7E4400ED
:10CC5000007C4020BC7E4400BC7E440000000020DC
:10CC600000C8410008CC410008040020BC48440032
:10CC70007477440000000000BC7E4400BC7E440089
:10CC800004000000000040205E2740206027402074
:10CC9000DD2D402040404020D845402000000000CD
:10CCA0000000000000BF00BF00BF00BFFAE70000A7
:10CCB00072B6002100220023002400250026002750
:10CCC000B846B946BA46BB46BC464FF06400013888
:10CCD0000028FCDC49480168494A01EA02010029B0
:10CCE00017D148480168464A41EA020101604648B6
:10CCF0000168012241EA020101604448444901609F
:10CD0000444901603D4801683D4A01EA02010029A9
:10CD1000F8D04148414901604149086820F00400C9
:10CD200040F0010008603F49086820F0040040F02E
:10CD3000010008603C4880F308883C4801680020F6
:10CD4000814200D028E03A483A4901603A490160FE
:10CD50003A483B49016008E03A48364901603649A3
:10CD60000160394836490160FFE73848002813D090
:10CD700037480168012201EA0201002902D0354941
:10CD8000354A01E03549344A521A013A04DD00209F
:10CD9000002309C1083AFCDA3148002809D031499A
:10CDA000314A521A013A04DD0020002309C1083A31
:10CDB000FCDA2E48002809D02D492E4A521A013A91
:10CDC00004DD0020002309C1083AFCDA2A48006883
:10CDD0002A498842FAD0154801680020814202D0D1
:10CDE00020F076FD01E020F0F5FC10F08FFF62B638
:10CDF00010F084FF0DF071FD00BFFEE710C32D4061
:10CE00000000000130C32D4004C32D4000C02D4060
:10CE1000F05A00000FA5000008ED00E0000000201F
:10CE200094EF00E090EF00E00000012004002640B5
:10CE30001000274020C5000028D90000000027402E
:10CE4000400000FF10C0464000C046400100000006
:10CE500000C028400000402000804020000040200A
:10CE6000010000000000002000000120010000007F
:10CE70000000000000800000BC2D40205A5A5A5A81
:10CE80002DE9F04186B004000D0016001F0002A835
:10CE9000102100F0C9FC042100220DF104084046D5
:10CEA00000F0C6FC300080B2000A8DF804003000AB
:10CEB0008DF805008DF806702800C0B2ADF80800A6
:10CEC0000320ADF80E0000208DF8100001A8059099
:10CED00002A92000C0B218F007FA8DF800009DF8F2
:10CEE000000006B0BDE8F0812DE9F04186B00400F5
:10CEF0000D0016001F0002A8102100F095FC04216F
:10CF000000220DF10408404600F092FC300080B28F
:10CF1000000A8DF8040030008DF80500ADF80850C7
:10CF20000220ADF80E0000208DF8100001208DF8D1
:10CF30000D0001A8059002A92000C0B218F0D4F994
:10CF4000ADF808500120ADF80E0001208DF810005A
:10CF500000208DF80D0001A8059002A92000C0B2A4
:10CF600018F0C2F9059800788DF800009DF80400CB
:10CF700038709DF8000006B0BDE8F08138B5012199
:10CF80006E201EF0E4F9642000F004FD01216F2002
:10CF90001EF0DDF9642000F0FDFC012188201EF068
:10CFA000D6F9642000F0F6FC012180201EF0CFF9B4
:10CFB000642000F0EFFC01218A201EF0C8F96420F3
:10CFC00000F0E8FC01210D201EF0C1F9642000F002
:10CFD000E1FC012101201EF0BAF94FF47A7000F053
:10CFE000D9FCDFF8F847E31D0D2240210120FFF7AF
:10CFF0007BFF00F07BFD9B20E07140F213350023A6
:10D000002A0028210120FFF73BFF802340F21D3238
:10D0100028210120FFF734FF00234FF44572282117
:10D020000120FFF72DFF802340F216322821012036
:10D03000FFF726FF042340F2173228210120FFF7D3
:10D040001FFF182340F2193228210120FFF718FF93
:10D05000072340F24B4228210120FFF711FF002354
:10D0600040F24C4228210120FFF70AFF242340F21E
:10D070004D4228210120FFF703FF242340F24E42B6
:10D0800028210120FFF7FCFE002340F24F42282117
:10D090000120FFF7F5FE00234FF48A6228210120CA
:10D0A000FFF7EEFE012340F2514228210120FFF755
:10D0B000E7FE012340F2524228210120FFF7E0FE63
:10D0C000152340F26D4228210120FFF7D9FE0023ED
:10D0D00040F2611228210120FFF7D2FE24234FF4F1
:10D0E000487228210120FFF7CBFEE0799B2803D16D
:10D0F000142000F04FFC02E0642000F04BFCE079CB
:10D100009B2822D1122340F2893240210120FFF7CF
:10D11000B7FE7D234FF4607240210120FFF7B0FE7F
:10D12000002340F2873240210120FFF7A9FE94231B
:10D1300040F2853240210120FFF7A2FE182340F281
:10D14000863240210120FFF79BFEE0799B2802D127
:10D15000642000F01FFCE0799B280BD131231022C2
:10D1600028210120FFF78CFE02232A00282101201C
:10D17000FFF786FEE0799B2806D1002340F2EB22E0
:10D1800040210120FFF77CFEE0799B2802D164203A
:10D1900000F000FCE0799B280DD1B82340F2EB228F
:10D1A00040210120FFF76CFE002340F2D3224021F2
:10D1B0000120FFF765FEE0799B2802D1642000F092
:10D1C000E9FBE0799B2806D1B82340F2D322402125
:10D1D0000120FFF755FE00F089FC40F6B83000F062
:10D1E000D9FB31BD2DE9F04186B004000D001600D9
:10D1F0001F0002A8102100F017FB042100220DF1EE
:10D200000408404600F014FB462000F0C3FB300049
:10D2100080B2000A8DF8040030008DF80500ADF8EA
:10D2200008500220ADF80E0000208DF810000020FC
:10D230008DF80D0001A8059002A92000C0B218F0D9
:10D2400053F8462000F0A6FBADF808500120ADF8D9
:10D250000E0001208DF8100000208DF80D0001A8AF
:10D26000059002A92000C0B218F03EF88DF8000029
:10D270009DF8040038709DF80000002801D00120BE
:10D2800000E00020C0B206B0BDE8F0812DE9F04119
:10D2900086B004000D0016001F0002A8102100F047
:10D2A000C3FA042100220DF10408404600F0C0FA40
:10D2B00030008DF80400ADF808500120ADF80E00E4
:10D2C00000208DF8100000208DF80D0001A80590B9
:10D2D00002A92000C0B218F007F80A2000F05AFB9B
:10D2E000ADF808500120ADF80E0001208DF81000B7
:10D2F00000208DF80D0001A8059002A92000C0B201
:10D3000017F0F2FF8DF800009DF8040038709DF8CA
:10D310000000002801D0012000E00020C0B206B0CB
:10D32000BDE8F08110B40200002000238B4203DA34
:10D33000D45C00195B1CF9E7C0B210BC704710B494
:10D340000300002000248C4203DA1A5D5040641C64
:10D35000F9E7C0B210BC70472DE9F04786B0040071
:10D360000D0016001F00DDF8388000208DF8000049
:10D3700002A8102100F058FAE22088F800003000DE
:10D3800080B2C01C001288F80100F01C88F802006E
:10D390003800000C88F803003800000A88F8040000
:10D3A00088F80570B1461FFA89F90F98019018F1B5
:10D3B000060A4A460199504600F03AFCDFF81CA4E0
:10D3C000310089B2C91C18F10300FFF7ABFF8AF8DE
:10D3D0000B00310089B2C91C18F10300FFF7AFFF41
:10D3E0008AF80C009AF80B00310089B24144887128
:10D3F0009AF80C00310089B24144C8712800C0B2CB
:10D40000ADF8080016F10800ADF80E0000208DF808
:10D410001000CDF8148000208DF80B0002A9200028
:10D42000C0B217F061FFC0B206B0BDE8F0872DE9C9
:10D43000F84F84B004000D00160000208DF80C0099
:10D440000A270A208DF800005FF0000B00F09FFA19
:10D450008046DFF88893D9F830202900300000F0AA
:10D460003BFCC9F830005FF00A0A5046C0B2002801
:10D4700000F092800196DFF86803009004F17F438A
:10D4800013F57F032A0092B220210120FFF764FFE9
:10D490001E2000F07FFA0A2007003800C0B20028E2
:10D4A00031D003ABF52220210120FFF7EFFE9DF8DC
:10D4B0000C00EE2807D13B00DBB2CA4A7EA108204F
:10D4C00000F020FE1FE001F05AF8BE2000F062FAE2
:10D4D0003800C0B200909DF80C30C34A76A10820F5
:10D4E00000F010FE00F053FAB0EB080040F6AC512B
:10D4F000884206DB00F0FAFA01F041F800F047FA42
:10D5000080467F1EC9E73800C0B2002808D1B74A5C
:10D5100069A1082000F0F6FD642000F03BFA38E035
:10D5200003ABF22220210120FFF7B0FE9DF80C0092
:10D5300099F80B10884212D1D9F83000029099F86E
:10D540000B00019004F17F4010F57F0000902B004C
:10D55000A74A59A1082000F0D5FD00201DE0642055
:10D5600000F018FA0FF2501B5046C0B200909DF820
:10D570000C30A04A5946082000F0C4FD5046C0B205
:10D58000012806D19DF80C309B4A5946082000F02E
:10D59000B9FDBAF1010A68E7012005B0BDE8F08FD6
:10D5A00000002DE9FF4704000D0000208DF80C005D
:10D5B0000026FFF7E3FC00F0E2FF904FD7F8008071
:10D5C000DFF818925FF0FF30C9F8300019F10D0351
:10D5D0004AF2B40220210120FFF704FE19F10E03E4
:10D5E0004AF2B50220210120FFF7FCFD19F11103D9
:10D5F0004AF2B80220210120FFF7F4FD19F11203CD
:10D600004AF2B90220210120FFF7ECFD0FF2A80A2F
:10D6100099F81200029099F81100019099F80E0003
:10D62000009099F80D30764A5146082000F06AFDC6
:10D630005FF00A094846C0B2002838D003ABF12297
:10D6400020210120FFF722FE9DF80C00EE2801D1D9
:10D6500000202DE0BE2000F09DF93868B0EB0800F6
:10D6600040F6AC5188420AD300F040FA00F087FF40
:10D6700038688046634A5146082000F043FD48461A
:10D68000C0B200909DF80C305F4A5146082000F06F
:10D6900039FD4846C0B2012806D19DF80C305B4ADE
:10D6A0005146082000F02EFDB9F10109C2E7012022
:10D6B00004B0BDE8F0870000737973000120704763
:10D6C0002DE9FE4F040000208DF808000020ADF881
:10D6D0000000002001905FF0000A5FF0000B474D52
:10D6E0002E684B4800F012FB07002100042000F0D8
:10D6F0008DFF80465FF00A09484680B200281AD0A4
:10D7000002ABF32220210120FFF7C0FD9DF80800A5
:10D71000F32810D0BE2000F03DF9484680B2012821
:10D7200006D19DF808303B4A2BA1082000F0EAFC06
:10D73000B9F10109E0E740F21D1A504680B2002815
:10D7400047D002ABF42220210120FFF79FFD9DF876
:10D750000800EE281DD102ABFE2220210120FFF798
:10D7600095FD1DA59DF808302B4A2900082000F0E2
:10D77000C9FC474501D100202CE09DF8080001902C
:10D7800000974346254A2900082000F0BBFC0120F1
:10D7900020E0BE2000F0FEF82868801B40F6AC5167
:10D7A00088420AD31E4A0CA1082000F0ABFC00F00E
:10D7B0009DF900F0E4FE28680600504680B201287A
:10D7C00004D1184A04A1082000F09CFCBAF1010A17
:10D7D000B3E70120BDE8FE8F73797300CC430020CE
:10D7E0000833002078DF430098DF4300CCDF43009C
:10D7F000F8DF430048E043007CE04300242240205F
:10D80000A8E04300D4E04300ECE0430020E1430003
:10D81000FC4300204CE1430078E1430098E14300E1
:10D82000D8E14300F4E14300002200F025BF0000EE
:10D8300062F30F2262F31F42401810F0030308D076
:10D84000C91A1FD3DB0748BF00F8012D28BF20F8F5
:10D85000022D130030B414461546103928BF20E9B4
:10D860003C00FAD8490728BF20E90C0048BF40F81F
:10D87000042D890028BF20F8022D48BF00F8012D93
:10D8800030BC7047C91818BF00F8012DCB0728BF5E
:10D8900000F8012D70470000002058490860002062
:10D8A00057490860574800210180002181700021FC
:10D8B000C17000218180002053490860704780B505
:10D8C0000022524960201EF07FFE022160201FF0DE
:10D8D000EDFC60201EF083FE00201DF079FF49F66C
:10D8E000404100201EF034F800201EF090F8FFF7B1
:10D8F000D3FF01BD80B51DF0BFFFFFF7CDFF01BD18
:10D900003E480168491C01603F480168491C0160AC
:10D910003C488188491C81808188B1F57A7F14DB7D
:10D9200000218180C178491CC170C1783C290CDB81
:10D930000021C1708178491C817081783C2904DB09
:10D94000002181700188491C018031480178C90794
:10D9500005D50178491E027861F3000202702D4955
:10D960000A78521C0A700A780A2A0FDB00220A7011
:10D970000178C1F34001C9B2002907D00178C9B2CA
:10D980004908491E027861F34102027070471E483F
:10D990000068704770B504000025FFF7F8FF060027
:10D9A000FFF7F5FF801B8442FADA70BD80B5FFF700
:10D9B000A7FF01BD1648007810F0010090F00100AB
:10D9C000C0B270471248017851F0010101700C4853
:10D9D0000168491C016070470D480078C0B24008DA
:10D9E00010F0010090F00100C0B2704708480178C3
:10D9F00051F0020101707047000000002422402015
:10DA000028224020302240202C2240203DC24300CA
:10DA10005B2740205C27402080B5FFF750FF01BD09
:10DA200080B5FFF767FF01BD10B504006E480460C4
:10DA300001F026F801F0C2FD012001F081FE10BDC9
:10DA400080B501F0BCFD01F0FEFF01F053F801BD0F
:10DA500070B504000D00160032002900200080B2CD
:10DA600001F02CF9C0B270BD70B504000D001600B5
:10DA700032002900200080B201F076F970BD38B57F
:10DA800004000D002900C9B2200080B201F09CFA08
:10DA900031BD10B50400200000F065FE002801D063
:10DAA00000202070002010BD10B50400200000F000
:10DAB0007FFE002801D001202070002010BD38B565
:10DAC00004000D002900C9B2200080B201F015FC4D
:10DAD00031BDF8B504000D0016001F003B003200F8
:10DAE0002900200080B201F04BFBF2BD2DE9F84384
:10DAF00084B0002500243C4800688068C0688668BF
:10DB000096F82000002832D1F0690400002C2CD0B7
:10DB1000207F052829D1200000F05DFE0500A8889F
:10DB2000606003208DF800007F208DF801006846BA
:10DB3000B1684968097881707821C17004275FF065
:10DB400055080DF10409424639004846FFF770FEBA
:10DB500068460290082003900220FFF71BFF02A9ED
:10DB60000A2013F01BFD01F0DCFD2436C8E705B0E8
:10DB7000BDE8F0837FB504001B4800680068806A38
:10DB8000056828782100C9B2884204D0A879002805
:10DB900001D10835F5E7A879002823D106208DF8B2
:10DBA000000050208DF8010068468470698889B2B1
:10DBB000090A8DF8031069880171A9880A2291FB6E
:10DBC000F2F6310089B2090A8DF8051086715520E8
:10DBD0008DF80700684602900820039002A90A20E9
:10DBE00013F0DCFC7FBD0000880940201FB5040055
:10DBF00002208DF8000051208DF8010068468470E5
:10DC000055218DF803105521017155208DF805001F
:10DC100055208DF8060055208DF8070068460290C3
:10DC20000820039002A90A2013F0B8FC1FBD0000D1
:10DC300062B38B0708D0521E11F8013B00F8013B7C
:10DC400000F024808B07F6D1830740F0208000BFCE
:10DC5000103A07D330B4B1E83810103AA0E83810C1
:10DC6000F9D230BC530724BFB1E80810A0E808106F
:10DC700044BF51F8043B40F8043BD20724BF31F8BD
:10DC8000022B20F8022B44BF0B7803707047121F41
:10DC900017D35B0009D151F8043B20F8023B1B0C61
:10DCA000121F20F8023BF6D20BE051F8043B00F8BB
:10DCB000013B1B0A20F8023B1B0C121F00F8013B22
:10DCC000F3D238BF121D521E24BF11F8013B00F8D9
:10DCD000013BF8D87047000070B4030012F1010F47
:10DCE00002D15FF0FF30020000248C420BD2174DAE
:10DCF00002F0FF061878464055F8260090EA1222F6
:10DD00005B1C641CF1E7100070BC704702685FF098
:10DD1000FF314A4002600068704770B403005FF052
:10DD2000FF3000248C420BD2084D00F0FF061A7819
:10DD3000564055F8262092EA10205B1C641CF1E73F
:10DD40005FF0FF32504070BC70470000400244005A
:10DD500070B40300100000249C4215D20E5D90EABE
:10DD60000620002635002E00F6B2082E0AD2060440
:10DD700005D5060041F2210090EA460000E040008F
:10DD80006D1CF0E7641CE7E780B270BC70472DE9BA
:10DD9000F04104000D0016001F003800C0B2012839
:10DDA00002D14FF6FF7800E0B046424692B2210021
:10DDB0002800FFF7CDFF80B2BDE8F08180B50120DB
:10DDC00003F020F801BD80B5012003F0B3F801BDD8
:10DDD00038B504000D002A00D2B22100012003F062
:10DDE00028F932BD38B504000D002A0021000120B9
:10DDF00003F0F5F932BD10B504002100C9B20120CD
:10DE000003F0A8F910BD80B5012003F06AF902BD46
:10DE100080B5012003F048FA01BD10B504002100CF
:10DE2000C9B2012003F02CFA10BD80B5012003F027
:10DE300092F802BD10B5FFF7F8FF002808D0DFF810
:10DE4000B0462078012803D0FFF7B8FF01202070EA
:10DE500010BD10B5DFF898462078002803D0FFF7F2
:10DE6000B2FF0020207010BDF8B504002000C0B241
:10DE7000612803DB2000C0B27B280BDB2000C0B28E
:10DE8000412803DB2000C0B25B2803DB2000C0B2C6
:10DE90000D284BD1DFF85C56287D142801D30020D3
:10DEA0002875287D2C54287D401C28752000C0B280
:10DEB0000D283FD1DFF84016280003F0BBFB0028F7
:10DEC00006D1DFF83816280003F0B4FB002804D090
:10DED0000120DFF82C1608701EE0DFF82816280055
:10DEE00003F0A8FB002806D1DFF81C16280003F079
:10DEF000A1FB002804D00020DFF8041608700BE016
:10DF0000DFF80816280003F095FB002804D1DFF89D
:10DF10000016280003F08EFB002028751426002729
:10DF20003A0031002800FFF783FC03E00020DFF80F
:10DF3000C4150875F1BD38B501216846FFF748FFE3
:10DF400004002000C0B2002802D1FFF761FF0EE0FC
:10DF5000002528002100C0B2C9B28842ECD2684630
:10DF60002900C9B2405CFFF77FFF6D1CF1E731BDAE
:10DF700038B50400002000252800C0B2FF2806D0D4
:10DF80002800C0B2205C002801D06D1CF4E72900F5
:10DF9000C9B22000FFF726FF32BDFEB504000D0018
:10DFA0006846DFF8701591E84C0080E84C000026C8
:10DFB00000270A200100C9B2002913D0411E0E001B
:10DFC0000A21B4FBF1F201FB124130316A46330001
:10DFD000DBB2D1547F1C0A21B4FBF1F4002C01D038
:10DFE000401EE7E70B2D08D23800C0B2A84204D289
:10DFF00028000700D7F10A0006003900C9B26846B8
:10E000003200D2B21044FFF7EDFEFEBDF8B584B089
:10E0100004000D0002A8DFF800150622FFF708FE35
:10E02000684602A90622FFF703FE5B20FFF7E3FE26
:10E030000221BDF80000FFF7B0FF3A20FFF7DBFE3A
:10E0400002219DF80200FFF7A8FF3A20FFF7D3FE58
:10E0500002219DF80300FFF7A0FF2E20FFF7CBFE63
:10E060000321BDF80400FFF798FF5D20FFF7C3FE12
:10E0700023A63000FFF77CFFE00704D5DFF89C04FF
:10E08000FFF776FF2DE0A00704D5DFF89404FFF733
:10E090006FFF26E0600704D5DFF88804FFF768FF0C
:10E0A0001FE0200704D5DFF88004FFF761FF18E0C8
:10E0B000E00604D5DFF87404FFF75AFF11E0A0066C
:10E0C00004D5DFF86C04FFF753FF0AE0600604D5BF
:10E0D000DFF86004FFF74CFF03E0DFF85C04FFF7B4
:10E0E00047FFAEA73800FFF743FF3000FFF740FFC0
:10E0F0002800FFF73DFF3800FFF73AFF05B0F0BDFD
:10E100005B0000000BB42DE9F04F88B09246DFF8B9
:10E110002C0403905FF0A049DFF8D40300780028B6
:10E1200000F036819DF84400002800F03181DFF8CE
:10E13000D0030078002804D19DF84400802840F0E6
:10E1400027819DF8440040280DD10120FFF765FE8E
:10E15000FFF75EFEFFF757FE002804D14846B0F1F6
:10E1600001090028F4D10020FFF757FE12999DF80D
:10E170004400FFF74BFF0DF14C0B9AF8000000280C
:10E1800000F0F180002006001AF80600252805D0CE
:10E190001AF80600002801D0761CF5E73100504639
:10E1A000FFF720FEB2449AF800002528E5D11AF1C5
:10E1B000010A0020040020208DF80000504610F1D4
:10E1C000010A0078253800F0C2800B3809280ED9E2
:10E1D000283867D00B381CD0401E24D00C3861D0B2
:10E1E000C01E35D0801E51D0C01E5BD0B5E01AF8DD
:10E1F000010C302804D1002C02D130208DF8000011
:10E2000020000A2404FB00F41AF8010C3038041929
:10E21000D4E7DBF800001BF1040B0190012101A8F9
:10E22000FFF7E0FDA9E7DBF800001BF1040B01900C
:10E23000002007000198002805D501984042019070
:10E240000120050001E0002005000A20804634E09E
:10E25000DBF800001BF1040B02900020060002987E
:10E26000805D002801D0761CF9E731000298FFF7A5
:10E27000B9FDA64209D2A41B2000441E002804D0E8
:10E2800001219AA0FFF7AEFDF6E776E7DBF8000084
:10E290001BF1040B0190002007000A20804600209B
:10E2A00005000AE0DBF800001BF1040B01900020E0
:10E2B000070010208046002005000120060001987C
:10E2C00008FB06F1884209D308FB06F0B0FBF8F022
:10E2D000B04203D108FB06F6641EF0E7002D00D023
:10E2E000641E002D09D09DF80000302805D12D2096
:10E2F00004A9C8557F1C00200500022C0BD3102C4C
:10E3000009D2641E002C06D09DF8000004A9C8554F
:10E310007F1C641EF6E7002D03D02D2004A9C855EC
:10E320007F1C002E0ED00198B0FBF6F0B0FBF8F188
:10E3300008FB11000399085C04A9C8557F1CB6FBB3
:10E34000F8F6EEE7390004A8FFF74CFD15E70121C8
:10E35000BAF10100FFF746FD0FE70521DFF8C00124
:10E36000FFF740FD09E79DF8440040280DD101204A
:10E37000FFF753FDFFF74CFDFFF745FD002804D1E3
:10E380004846B0F101090028F4D10020FFF745FD0F
:10E3900008B0BDE8F00F5DF810FB00005D00000064
:10E3A0002DE9F84F04000D0016001F005FF0A04893
:10E3B000C146DFF83C010078002801D1002092E03E
:10E3C0002000C0B2002801D100208CE0DFF830012D
:10E3D0000078002805D12000C0B2802801D000209C
:10E3E00081E02000C0B240280ED10120FFF715FDCA
:10E3F000C146FFF70DFDFFF706FD002804D1484692
:10E40000B0F101090028F4D10020FFF706FD290032
:10E410002000C0B2FFF7FAFD5FF0000A5046390055
:10E4200080B289B2884240D2504680B2305CC0B2DD
:10E4300000098DF80100504680B2305C10F00F00EA
:10E440008DF80000DFF8F8B09DF801001BF800001F
:10E45000FFF7D1FC9DF800001BF80000FFF7CBFC94
:10E460002020FFF7C8FC380080B2642190FBF1F255
:10E4700001FB1200002815D12000C0B2402811D1A4
:10E480000120FFF7CAFCC146FFF7C2FCFFF7BBFC47
:10E49000002804D14846B0F101090028F4D1002039
:10E4A000FFF7BBFC1AF1010AB8E70D20FFF7A3FC48
:10E4B0000A20FFF7A0FC2000C0B240280ED10120A6
:10E4C000FFF7ABFCC146FFF7A3FCFFF79CFC00285D
:10E4D00004D14846B0F101090028F4D10020FFF72B
:10E4E0009CFC504680B2BDE8F28F00002000000086
:10E4F00058274020881F4020AC074400B407440040
:10E5000061344020BC074400C8074400D4074400DD
:10E51000DC074400E407440030224020F0074400B8
:10E52000F8074400000844000808440010084400AC
:10E53000180844002008440028084400300844001B
:10E540004408440080B5002212492A201EF0D0FE63
:10E5500001212A201EF08CFE0F4900201FF000FB35
:10E5600000225FF4FA3100201FF0D7FB01BD80B517
:10E5700000201FF013FC00201FF042FB01BD80B5FE
:10E5800000201FF06CFB01BD04480168491C0160BC
:10E590007047000069DF4300BC3244003C22402049
:10E5A00010B4010008060A0212F47F020B001B0AD5
:10E5B00013F47F430C00240E10431843204310BC77
:10E5C00070472DE9F04104000D0016001F003000D7
:10E5D000C0B2092801D3002016E05FF000084046D1
:10E5E0003100C0B2C9B288420DD220002900B6EB7A
:10E5F0000802521ED20003F033F84146C9B27854E3
:10E6000018F10108EBE70120BDE8F08130B4030008
:10E61000002B01D0052B01D300200BE01A000020B5
:10E620000024002A06D000020500085D2843641C6F
:10E63000521EF6E730BC70472DE9F04704000D008C
:10E640001600200003F01CF80700B0465FF0200918
:10E65000AA464A4641465046FFF7EAF8BE4201D272
:10E66000B04600E0B846A146AA4642464946504652
:10E67000FFF7DEFABDE8F08700B500BF130096464D
:10E680009446103928BFA0E80C50FAD85FEA417CC4
:10E6900028BF0CC048BF40F8042BC90728BF20F88A
:10E6A000022B48BF00F8012B00BD00004A69138906
:10E6B000A0F86230012380F864307047002180F8B0
:10E6C0006410704738B504000D0094F86700012805
:10E6D00008D002280AD003280CD004280AD0FF282A
:10E6E00008D00BE0002084F8660007E0002084F8E2
:10E6F000660003E0002084F86600FFE72800C0B24F
:10E70000401E05D0401E022805D9FD3803D005E083
:10E7100084F8675002E084F86750FFE7002001F0BA
:10E720000FF831BD38B5DFF8B00C4468002C05D0C7
:10E73000E069050021002800FFF7B8FF31BD0200A5
:10E740000120DFF8941C4968002903D00B7813706E
:10E7500000231800C0B27047DFF87C1C4968CA6902
:10E7600082F86600704710B4020001200023DFF831
:10E77000681C4968002906D0CC69230093F86640DC
:10E78000147000242000C0B210BC704770B50500A2
:10E790000026DFF8440C4468002C08D0E06906002D
:10E7A0002900C9B23000FFF78DFFFFF7BBFF70BD36
:10E7B00010B4020001200023DFF81C1C4968002966
:10E7C00006D0CC69230093F8674014700024200021
:10E7D000C0B210BC704710B40200DFF8003C1868EB
:10E7E0000068806A0168087892F86740A04204D007
:10E7F0008879002801D10831F5E78879012804D10A
:10E8000018680068806A00680100080010BC704742
:10E81000F0B50500059E069F00202C00A4B2022C36
:10E820001DDADFF8B84B2468A468E468D4F800C0A7
:10E83000AE461FFA8EFE0C2404FB0EFE0CEB0E04FB
:10E840000C600C6824681460146824681C601C68E0
:10E85000246834603468E4693C6001242000C0B25C
:10E86000F0BDF0B50500059E069F00202C00A4B267
:10E87000002C1DD1DFF8644B2468A468E468D4F848
:10E8800004C0AE461FFA8EFE0C2404FB0EFE0CEBF9
:10E890000E040C600C6824681460146824681C6002
:10E8A0001C68246834603468E4693C6001242000FA
:10E8B000C0B2F0BD0022C368DB681A700022836812
:10E8C000DB681A7000220A7700220A724FF6FF7284
:10E8D000C368DB681A81704718B587B00400002050
:10E8E0000690002005900020049000200390002056
:10E8F000029002A8019003A8009004AB05AA06A903
:10E90000200080B2FFF784FF002803D0029903980B
:10E91000FFF7D0FF08B010BD30B587B004000D0080
:10E920000020069000200590002004900020039015
:10E930000020029002A8019003A8009004AB05AA51
:10E9400006A9200080B2FFF763FF00280FD028003F
:10E95000C0B2002802D0012804D008E003200299A8
:10E96000087704E0200080B2FFF7B6FFFFE707B0AA
:10E9700030BD78B587B005000E000020069000205D
:10E98000039000200590002004900020029002A82F
:10E99000019004A8009005AB03AA06A9E8690088C5
:10E9A000FFF736FF00282CD0029890F8400000288E
:10E9B00027D1029880F85C600520029981F8400018
:10E9C0007F20029981F84100A86840680078029988
:10E9D00081F84200029880F8436002984130029921
:10E9E00008650320029948650420029981F84000D7
:10E9F000029810F1500103980069808802F05BFED4
:10EA0000040008B070BD70B50400012500260C217B
:10EA1000DFF8C82910688068406833009BB24B4318
:10EA20001844007A00281AD11068806840683300C2
:10EA30009BB24B43C05800280FD02000C0B21268D0
:10EA40009268526833009BB201FB03F1515888472A
:10EA500005002800C0B2002801D1761CD7E72800A5
:10EA6000C0B270BD010000200A6812783E2A05D1AC
:10EA70000A685278802A01D101221000C0B2704782
:10EA800000200021DFF8542912689268D268926849
:10EA900092F82000002826D1D069010000200872D9
:10EAA00000200877002081F82000002081F8400035
:10EAB000002081F86600012081F86700002081F8BD
:10EAC00060000020487700209368DB681870002001
:10EAD000D368DB6818704FF6FF70D368DB68188165
:10EAE000C8872432D4E7DFF8F0080123037000233D
:10EAF000436070472DE9F84187B000240020029060
:10EB0000DFF8D85828688068C068866896F82000C2
:10EB1000002840F0D080F06902900298002800F0B0
:10EB2000C880029890F8670001281BD0029890F8DE
:10EB3000640001280BD10298B0F86200002806D0CA
:10EB40000298B0F86200401E0299A1F86200029893
:10EB5000B0F86200002805D101210298FFF7B2FD4C
:10EB600002F04AFE0298007F00280AD0022800F036
:10EB70009380032854D0042800F08D80052801D00C
:10EB800097E096E002984068002804D00298406818
:10EB9000401E029948600298406800283FD10298C0
:10EBA000FFF719FE0400A08880B2400880B20299E5
:10EBB0004860286880688068002830D028688068AD
:10EBC00080680078012820D1029890F8650000281C
:10EBD00010D078213000FFF7CCFE029890F8650045
:10EBE00000281CD0029890F86500401E029981F818
:10EBF000650014E000F035FF10213000FFF7B9FE8A
:10EC000002993000FFF756FE09E000F02AFF1021BC
:10EC10003000FFF7AEFE02993000FFF74BFE48E0F0
:10EC2000029890F84000002834D10020069000207F
:10EC30000390002005900020049002A8019004A8F1
:10EC4000009005AB03AA06A902980088FFF7E0FD33
:10EC500000280FD003980069B0F8048004200299BE
:10EC60000877029810F11401404680B202F023FDAB
:10EC700007000FE0B06940680069B0F80480042024
:10EC800002990877029810F11401404680B202F010
:10EC900012FD07000DE00CE0FEF779FE0299D1F8B5
:10ECA0008C10401A40F2F511884201DBFFF7E8FEB4
:10ECB000FFE724362AE708B0BDE8F0812DE9F841E6
:10ECC00087B004000D0016000127002006900020E8
:10ECD000059000200490002003900020029002A8DC
:10ECE000019003A8009004AB05AA06A9200080B2F9
:10ECF000FFF78EFD002832D00398D0F80880D8F8AE
:10ED00000800A84222D30298007A002820D1D8F81F
:10ED10000C00007800281BD10120D8F80C100870D6
:10ED2000D8F804000299C860029805610020D8F85C
:10ED30000C104860022002990872D8F80C00048177
:10ED4000D8F8080030600020070001E00320070029
:10ED50003800C0B2002802D10298FFF7AFFC38009B
:10ED6000C0B208B0BDE8F0812DE9F04F87B00400D3
:10ED70000D001600012700200690002005900020BD
:10ED80000490002003900020029002A8019003A8A4
:10ED9000009004AB05AA06A9200080B2FFF738FD59
:10EDA00000287BD00398D0F808800298007A0228C7
:10EDB0003BD1D8F80C000089210089B2884234D1B7
:10EDC0000298C068D8F80C10496800EB010968681F
:10EDD000002802D1002007001FE0D8F80810D8F85A
:10EDE0000C004068091A6868814214D36868009072
:10EDF000D5F800A0CB46009A51465846FEF718FFBA
:10EE0000D8F80C00416868684118D8F80C004160D7
:10EE10000020070001E001200700D8F80810D8F80A
:10EE20000C004068091A316038E0029890F8200020
:10EE3000022833D10298C08F210089B288422DD197
:10EE40006868002802D10020070022E00298806B49
:10EE5000D0F108006968884219D30298006B0299C2
:10EE6000896B08440090D5F80490D5F800A0DDF82F
:10EE700000B04A4651465846FEF7DAFE0298816BCA
:10EE800068684118029881630020070001E00120B2
:10EE900007000298806BD0F1080030603800C0B2E3
:10EEA00007B0BDE8F08F2DE9F84787B005000E00E8
:10EEB0000020069000200590002004900020039080
:10EEC00000270020029002A8019003A8009004AB44
:10EED00005AA06A9280080B2FFF79AFC002870D086
:10EEE0000398D0F80880D8F80C000089290089B26E
:10EEF000884266D1D8F80C004068029909698842B6
:10EF000003D002980069002802D15FF0010901E0F6
:10EF10005FF000093000C0B2002843D14846C0B2BB
:10EF200000283FD003988068001DFFF79BFD002854
:10EF300015D002980069022811D103990298FFF7B1
:10EF4000B5FB0020029908724FF6FF70D8F80C103C
:10EF50000881002003998968C968087031E0029827
:10EF6000407F00282DD1DFF870A4DAF804000028D3
:10EF70000FD103980078FFF746FD04002000C0B2CF
:10EF800000281ED10120029948770398CAF804008E
:10EF900017E0002002990872002003998968C96867
:10EFA00008700EE0FFF7BEFB0020029908724FF6D2
:10EFB000FF70D8F80C100881002003998968C9688F
:10EFC000087008B0BDE8F0872DE9F84787B0050064
:10EFD0000E000020059000200490002006900020E4
:10EFE000039000270020029002A8019003A800903F
:10EFF00006AB04AA05A9280080B2FFF709FC002887
:10F0000000F0BB800398D0F808800298007A0228AC
:10F0100040F0B380D8F80C000089290089B28842FA
:10F0200040F0AB80D8F80C0040680299096988422A
:10F0300003D002980069002802D15FF0010901E0C5
:10F040005FF000093000C0B2002840F087804846D9
:10F05000C0B2002800F0828003988068001DFFF78E
:10F0600001FD002815D002980069022811D10399EA
:10F070000298FFF71BFB0020029908724FF6FF7001
:10F08000D8F80C100881002003998968C9680870B5
:10F0900073E00298407F00281DD1DFF83CA3DAF826
:10F0A000040000280FD103980078FFF7ACFC04009F
:10F0B0002000C0B200280ED10120029948770398A1
:10F0C000CAF8040007E000200299087200200399A2
:10F0D0008968C96808700298407F01284DD102985C
:10F0E000FFF779FB0700788880B2400880B2029968
:10F0F000486005200299087202980069002804D12E
:10F10000D8F80C0040680299086105200299087738
:10F11000B2480068806880684078029981F865008C
:10F120000398C0684068029948610398C068806885
:10F130000299886102980580280080B201900298A7
:10F140001430009004980069838805980279039828
:10F15000016902980C3000F0CEFA0EE0FFF7E2FAF7
:10F160000020029908724FF6FF70D8F80C10088141
:10F17000002003998968C968087008B0BDE8F08765
:10F180002DE9F04F87B004000D0016001F005FF05E
:10F190000108002006900020059000200490002027
:10F1A00003900020029002A8019003A8009004ABF5
:10F1B00005AA06A9200080B2FFF753FB002800F043
:10F1C00097800398D0F80C90002080460298007F2A
:10F1D00002280ED004280DD10020D9F80C10486068
:10F1E000022002990877FEF7D2FB0299C1F88C0041
:10F1F00002E001E0012080464046C0B200282ED146
:10F200006868002823D002988169D9F80C0040680A
:10F21000091A6868814202D20120804617E06868B6
:10F22000009002984069D9F80C10496800EB010A77
:10F23000D5F800B0009A51465846FEF7F9FCD9F8C7
:10F240000C00416868684118D9F80C0041600298C8
:10F250008169D9F80C004068091A396048E04046D5
:10F26000C0B2012844D100208046029890F84000A6
:10F2700002280DD004280CD102984130029908656B
:10F280000020029988650220029981F8400002E07E
:10F2900001E0012080464046C0B2002828D16868BD
:10F2A00000281FD00298416D0298806D091A686885
:10F2B000814202D20120804614E0686800900298E2
:10F2C000006D0299896D00EB010AD5F800B0009A33
:10F2D00051465846FEF7ACFC0298816D68684118AB
:10F2E000029881650298416D0298806D091A396013
:10F2F0004046C0B207B0BDE8F08FF0B587B004005B
:10F300000D000020069000200490002005900020B1
:10F3100003900020029002A8019003A8009005AB82
:10F3200004AA06A9200080B2FFF79BFA002826D085
:10F3300000260398C7680298007F022811D103991C
:10F340000298FFF7B3F902990398FFF7B3FA012087
:10F3500006002900C9B204980069808800F0C3F94A
:10F36000FFE73000C0B2002809D1029890F84000B1
:10F37000022804D10020029981F84000FFE707B07D
:10F38000F0BD00220020154909688968C9688B68AA
:10F3900093F82010002907D1D9690A00002A01D06A
:10F3A000117F08002433F3E7C0B270470022002029
:10F3B0000A4909688968C9688B6893F82010002990
:10F3C00007D1D9690A00002A01D0117A0800243334
:10F3D000F3E7C0B270470000A00940208809402030
:10F3E00010B504002000C0B2012806D10121DFF8C9
:10F3F0003C03008AFFF790FA40E0DFF83003017B1E
:10F40000012914D17F21426812681170DFF820139E
:10F410000978426812685170416809688C7003214C
:10F42000426851600021008AFFF776FA26E0017BEE
:10F4300001290BD12100C9B211291BD02100C9B269
:10F44000122917D02100C9B2312913D07F21426877
:10F4500012681170B64909784268126851704168A3
:10F4600009688C700321426851600021008AFFF70F
:10F4700053FA03E00121008AFFF74EFA10BD2DE98F
:10F48000F8430600A94D686847685FF0000868689F
:10F49000D0F80090424639004846FEF7C9F93000DE
:10F4A000C0B2102816D011281BD0222820D027281F
:10F4B00024D0282840D02E2826D0312830D03428F7
:10F4C00040D0362844D0372848D03E2822D085283E
:10F4D0002CD049E02B7B6A68E989286800F063FB3F
:10F4E0004EE02B7B6A68E989286800F009FC47E058
:10F4F0002A7B6968286800F089FD41E02A7B6968F9
:10F50000286801F003F93BE02A7B6968286800F06D
:10F51000CCFE35E02A7B6968286801F04FF92FE0BE
:10F520002A7B6968286801F037FB29E02A7B696833
:10F53000286801F07FF923E02A7B6968286801F0D8
:10F54000E5F91DE02A7B6968286801F0A7FB17E050
:10F550002A7B6968286801F0CAFB11E02A7B696888
:10F56000286801F005FC0BE0287B012802D101206E
:10F57000040001E0112004002000C0B200F088F86F
:10F58000BDE8F18330B403000120684A92685468F2
:10F5900022781D00EDB2AA4204D0227B002A01D1BC
:10F5A0001034F5E7227B002A01D10C6003E0002231
:10F5B000100000220A60C0B230BC7047704780B5AE
:10F5C0005C490878002803D00020087000F001F89A
:10F5D00001BD7CB5002000900024544D286840688F
:10F5E000002804D02868006800785149087028680D
:10F5F0004068002802D1012004002BE04C4E6946EF
:10F600003078FFF7BFFF002822D00098806800F014
:10F6100046FA002819D00098407800280FD02868B2
:10F620000068407800060AD500F077F8286800687E
:10F63000407810F07F0029680968487001E000F008
:10F6400070F83078FFF71BFF04E07F20040001E032
:10F65000112004002000C0B2002818D0287B012807
:10F6600011D100200100C9B205290CDA2100324A6B
:10F670000300DBB2D25CC9B2914202D101210C007D
:10F6800001E0401CEEE72000C0B2FFF7A9FE73BD09
:10F6900038B504002000C0B2002819D100F03AF8B3
:10F6A00000280CD121482249097851F040014268D4
:10F6B000126811700021008AFFF72EF912E01B4D2D
:10F6C000E88901F0FDF80121288AFFF725F909E012
:10F6D0002000C0B2782801D100F023F82000C0B289
:10F6E000FFF77EFE31BD38B504000D00200080B26A
:10F6F00001F0E6F831BDF0B4049D059C0B4E348258
:10F70000F381306075603273B1600126094F3E703D
:10F71000F0BC70470948007870470120074908701D
:10F720007047002005490870704700008C09402090
:10F7300054274020532740201C324020552740208A
:10F740002DE9FC410400DFF8345A00202870002025
:10F75000DFF82C1A0870DFF82C0A00210170012153
:10F7600001710020DFF8201A087064260027DFF8F6
:10F770001C8A3A0031004046FEF75AF802F058F869
:10F780002000C0B2002800F0868000208DF8000024
:10F7900000263000C0B202287DDA69463000C0B2CF
:10F7A00002F049FB9DF80000012837D1012031000B
:10F7B000C9B2090129440873DFF8A00B0168096880
:10F7C000496A09683200D2B2520111448968320094
:10F7D000D2B212012A44916000680068406A006851
:10F7E0003100C9B249010844407B3100C9B2090166
:10F7F00029440871FEF7CBF83100C9B20901294448
:10F8000008613000C0B2000128448368DFF8502B43
:10F81000DFF8501B0820FEF775FC3AE0DFF83C1BD0
:10F8200008680068406A00683200D2B25201104491
:10F830004068002814D001203200D2B212012A44BC
:10F84000107308680068406A00683100C9B2490155
:10F85000084440683100C9B20901294488600BE0BE
:10F8600000203100C9B20901294408730020310089
:10F87000C9B209012944886000203100C9B20901D8
:10F8800029440871FEF783F83100C9B209012944FF
:10F890000861761C7DE7BDE8F38110B5DFF8E0482C
:10F8A000207801281CD1207A02F00AFB002802D01F
:10F8B0000A280DD00FE002202070207A61680968C4
:10F8C00048700220616848600020FFF7E1FE07E011
:10F8D0000120207004E0002020702220FFF7D8FED5
:10F8E00010BD80B5DFF8643B1878002804D09A7DFD
:10F8F0009968586800F08AFB01BD80B5DFF8500BAD
:10F900004178012904D102788168406800F0CDFC7B
:10F9100001BD80B5DFF83C0B4178012904D10278A4
:10F920008168406801F038F901BD10B5DFF8284B57
:10F93000A078012804D16278E168A06801F0AEF9EE
:10F94000E078012804D16278E168A06801F0CFF97D
:10F950002079012804D16278E168A06801F008FAF2
:10F9600010BD1CB5040000208DF800006946200081
:10F97000C0B202F060FADFF804089DF8001022001F
:10F98000D2B212010244127B91420FD02100C9B2BF
:10F9900009010844017B2000C0B202F039FADFF807
:10F9A000BC2ADFF8C0190820FEF7ACFB13BD38B540
:10F9B00000242000C0B2022844DADFF8C05720003B
:10F9C000C0B200012844007B012839D12000C0B218
:10F9D00000012844806800280AD02000C0B200013D
:10F9E00028448068401E2100C9B20901294488606A
:10F9F0002000C0B2000128448068002820D10020E7
:10FA00002100C9B2090129440873DFF8A82BDFF8E7
:10FA100054190820FEF776FBDFF8400900680068FB
:10FA2000406A00682100C9B249010844407B2100B6
:10FA3000C9B20901294408712000C0B2FFF791FF43
:10FA4000641CB6E731BD80B5FFF727FFFFF749FF1C
:10FA5000FFF753FFFFF75DFFFFF767FFFFF7A7FF14
:10FA600001BD10B5DFF8E4492078002804D0A26871
:10FA70002178608A00F0D1F90020DFF804170870BF
:10FA8000002020700020DFF8C81948700020DFF83F
:10FA9000C41948700020DFF8C019887010BD38B54F
:10FAA0000400002501208DF800006846FEF780FE66
:10FAB00001000800C0B2002818D120688079002811
:10FAC00002D00120050011E0206800789DF8002098
:10FAD000904205D020688079002801D1241DF3E7E9
:10FAE00020688079002801D1012005002800C0B2DB
:10FAF00032BD7CB504000026002C21D06846FEF7FC
:10FB000032FE05002800C0B200281BD12068007F0B
:10FB1000002802D00120060014E02068007B9DF838
:10FB20000010884205D02068007F002801D1241DE4
:10FB3000F3E72068007F002804D10120060001E0DF
:10FB4000012006003000C0B276BDF8B505000026E1
:10FB5000DFF8B40B006880688769387B00281FD104
:10FB60003000C0B204281BD03868002816D0684680
:10FB7000FDF79AFF04002000C0B200280CD1290034
:10FB8000C9B29DF800003A68904704002000C0B256
:10FB9000002803D0260001E0012006001037DCE732
:10FBA0003000C0B2F2BD2DE9F84F05000E0017007D
:10FBB0009846DFF8A80700680068806AD0F800A0BF
:10FBC0005FF00009686802286DD128684078040059
:10FBD0009AF800002100C9B2884206D09AF80600BF
:10FBE000002802D11AF1080AF2E79AF80600002864
:10FBF00056D14046C0B2012807D12000C0B2022829
:10FC000003D10120FFF744FD78E02000C0B2FFF7E8
:10FC10009CFF8DF800009DF80000002836D12000E0
:10FC2000C0B2FEF7B3FDDFF85C050121017004717D
:10FC30004680386844700DF10100FEF780FD002811
:10FC40001FD19DF80100032818D1BAF8020080B234
:10FC5000000A39688870BAF802003968C870BAF8C2
:10FC600004000A2190FBF1F0010089B2090A3A6808
:10FC70001171396848710621796004E002207860CA
:10FC800001E0022078605FF0000B0EE09DF80000BC
:10FC9000572802D15FF0220B07E05FF07E0B04E0F3
:10FCA0005FF0120B01E05FF0130B4046C0B2012879
:10FCB00016D15846C0B2002812D000200100C9B2A7
:10FCC00005290DDA5946DFF8402C0300DBB2D25C7F
:10FCD000C9B2914202D101218B4601E0401CEDE7FF
:10FCE0005846C0B2002805D12000C0B2012801D179
:10FCF000FFF713FD5846C0B2FFF7CAFCBDE8F18F0D
:10FD00002DE9F04704000D0016001F005FF0000908
:10FD10006068022836D12068407880464046C0B2EC
:10FD2000401E022827D8DFF858A4AAF80250CAF8C3
:10FD300004608AF808809AF8080002F0C1F80028E8
:10FD400002D00A280BD010E002208AF800003068A8
:10FD500080F80180022070605FF0000A0AE0012054
:10FD60008AF800005FF0780A04E000208AF80000BA
:10FD70005FF0220A08E05FF0120A0020DFF80014AA
:10FD8000087001E05FF0130A3800C0B2012816D1F4
:10FD90005046C0B2002812D000200100C9B2052987
:10FDA0000DDA5146DFF8602B0300DBB2D25CC9B23A
:10FDB000914202D101218A4601E0401CEDE7504604
:10FDC000C0B2002801D1FFF7A8FC5046C0B2FFF72F
:10FDD0005FFCBDE8F08730B40300DFF82C09006851
:10FDE00000684468002260881D00ADB2A84205D0BA
:10FDF00094F83D00002801D14034F4E794F83D0028
:10FE0000002806D160680078002802D10120020095
:10FE10000C601000C0B230BC70477CB504000D000F
:10FE20001600002000906946200080B2FFF7D3FF43
:10FE300000281CD02800C0B2012808D100984069D1
:10FE4000002814D030680099496988470FE02800DD
:10FE5000C0B202280BD100988069002807D0009812
:10FE60000078022803D1306800998969884773BDFA
:10FE70002DE9F84304000D00160000276068406873
:10FE8000002800F0BD806069002800F0B980A069FA
:10FE9000002800F0B580606840680068FFF7FFFD4B
:10FEA000002800F0AA80606840684068FFF721FEE3
:10FEB000002800F09F8068466169884701009DF82E
:10FEC00000000843C0B2002840F089800020ADF84F
:10FED00002005FF0010860684078002805D0A08922
:10FEE000ADF802000020804607E02069002804D019
:10FEF0000DF102002169884780464046C0B20028C3
:10FF000063D168683188BDF8022012FA81F1891C3A
:10FF1000884257D36868C01EDFF8F81A08806088E6
:10FF200080B2000A2968328888543088401C3080AA
:10FF300060882968328888543088401C3080DFF817
:10FF4000D09A012089F80000286831880844A16906
:10FF50008847002189F800103288BDF802108A18FD
:10FF600032800100C9B20A2902D178210F0049E08C
:10FF70000100C9B2132902D113210F0042E0010090
:10FF8000C9B2142902D114210F003BE00100C9B20B
:10FF9000222902D122210F0034E00100C9B2312907
:10FFA00002D131210F002DE00100C9B2332902D165
:10FFB00033210F0026E00100C9B2002922D02221FE
:10FFC0000F001FE0142007001CE04046C0B20A28C2
:10FFD00002D17820070015E02220070012E0080077
:10FFE000C0B20A2802D1782007000BE09DF800007B
:10FFF000070007E03320070004E03120070001E09C
:020000040042B8
:10000000312007003800C0B2BDE8F2832DE9FE4F71
:100010008046894692465FF0000B00200190012047
:10002000ADF800005046C0B2022804D05046C0B21D
:10003000012840F09B80D8F80400401EC00754D42B
:10004000D8F80400401E00284FD0D8F80400401E05
:1000500040080500002007003800290080B289B25E
:10006000884244D25846C0B2002803D05846C0B295
:1000700078283CD1D8F80000390089B200EB410063
:1000800040780002D8F800103A0092B201EB420129
:10009000897850FA81F0060001A9300080B2FFF79C
:1000A0009AFE00281DD06A4649460198FFF7E0FEF7
:1000B00004002000C0B2002815D02000C0B278286B
:1000C00003D15846C0B2002800D1A3465046C0B262
:1000D000012808D15846C0B2222804D10120834605
:1000E00001E0312083467F1CB6E713208346584643
:1000F000C0B2002803D1BDF80000C9F8040058467A
:10010000C0B2782809D1D14802210170C0F804801A
:10011000C0F8089080F816A01DE05846C0B23128FB
:1001200012D15046C0B2012806D10120834658465C
:10013000C0B2FFF7ADFA0EE00020C449087058467F
:10014000C0B2FFF7A5FA06E00020C0490870584683
:10015000C0B2FFF79DFA5046C0B201280CD15846F4
:10016000C0B2002808D00120834605E00120834664
:100170005846C0B2FFF78CFABDE8F78FFC09402063
:10018000A8094020B409402056274020280A4020D2
:10019000F8B504000D00160000208DF8000060681E
:1001A000806800287BD0E069002878D0206A002889
:1001B00075D0606880680068FFF771FC00286AD01D
:1001C000606880684068FFF794FC00285FD00DF1FC
:1001D0000100E169884701009DF801000843C0B2B1
:1001E000002847D10020ADF8020001276068407860
:1001F000002805D0A089ADF802000020070007E024
:100200002069002804D00DF1020021698847070009
:100210003800C0B2002829D1BDF80200310089B2EF
:1002200088421FD16A46BDF802102868C01C236AA4
:10023000984701000800C0B2002807D09DF80000D0
:10024000002803D122208DF800002BE09DF800004B
:10025000782803D00800C0B20A2823D178208DF86E
:1002600000001FE013208DF800001BE022208DF815
:10027000000017E00800C0B25B2803D172208DF89F
:1002800000000FE09DF801008DF800000AE0332027
:100290008DF8000006E07F208DF8000002E031209C
:1002A0008DF800009DF80000F2BD2DE9FC47050027
:1002B0000E0017005FF000095FF0000800200090BA
:1002C0003800C0B2022803D03800C0B2012821D1C2
:1002D000686804281BD36868C01E0400286840783A
:1002E000000229688978401880466946404680B2F5
:1002F000FFF771FD002807D0220092B22900009874
:10030000FFF746FF824607E05FF0310A04E05FF046
:10031000130A01E05FF0010A5046C0B2782806D106
:100320004B480121417007704560866014E05046DB
:10033000C0B2002809D103207060404680B2000A94
:1003400031684870306880F8028000204049487069
:100350005046C0B2FFF79CF9BDE8F38788094020FA
:1003600028EE430020EE4300F8B504000D000026FF
:100370002800C0B2012814D1DFF8640A002122004D
:10038000D2B212010244117100212200D2B2120134
:100390000244117300212200D2B212011044816084
:1003A00050E0DFF83C7A2000C0B200013844007908
:1003B000B96A497B491E884239DBD349086800681D
:1003C000406A00682200D2B25201104480680028BE
:1003D0002AD001202200D2B212013A4410730868D8
:1003E0000068406A00682100C9B249010844806879
:1003F0002100C9B2090139448860FDF7C8FA21001B
:10040000C9B20901394408612000C0B20001384472
:100410008368DFF8D029DFF8D0190820FDF772FED5
:100420002000C0B2FFF79DFA012006000AE020007C
:10043000C0B2000138440079401C2100C9B2090152
:10044000394408713000C0B2F2BD0000BC09402040
:10045000D4094020E0094020EC09402054EE43003C
:100460002DE9FE4F04000D00160000275FF0000983
:10047000A54800680068406AD0F8008098F80C0031
:100480003100C9B2884208D098F81C00002804D175
:1004900018F1200819F10109F0E798F81C0000286C
:1004A00040F08180D8F81400002879D0DFF830A916
:1004B0008AF824909AF8240000015044007B002818
:1004C00002D03720070070E06068D8F80010891C5F
:1004D00088424DD10DF10100FDF7DBFA8DF80300E4
:1004E0009DF80300002840D130009DF80110C0B2F3
:1004F000884218D1206840782968487098F80F0021
:10050000029000200190286810F1020B019A0299D4
:100510005846FDF78DF998F80F00801C686001209F
:100520008AF8000026E06A462868811C2068801C42
:10053000D8F8143098479DF800100143C9B200293B
:100540000FD1216849782A68517098F80F10891CDA
:1005500069608AF80160CAF8288001218AF80010D1
:1005600008E09DF800100F0004E02220070001E0E1
:10057000132007003800C0B2002816D03800C0B2DF
:10058000132812D000219AF82400FFF7EDFE8DF811
:1005900002009DF80200012807D13720070004E07F
:1005A0007E20070001E0122007003800C0B2BDE83D
:1005B000FE8F000078EE43002DE9F84F05000E0095
:1005C00017005FF00008504800680068406AD0F8E3
:1005D000009099F80C003900C9B2884206D099F809
:1005E0001C00002802D119F12009F2E799F81C003B
:1005F000002840F08280D9F8180000287AD0DFF86F
:10060000E0A79AF80000002801D1CAF8289068688D
:10061000DAF82810097C891C88424ED100208DF818
:1006200000006846FEF79FF89AF80000012841D1C3
:1006300038009AF80110C0B288423BD19DF8000002
:100640003900C9B2884235D000208AF800009AF8F3
:10065000240000015044007B002802D03620804650
:100660002DE0DAF828008069002820D02868801C56
:10067000DAF828108969884783465846C0B20028AE
:100680000BD1DAF82800007BFEF766F8286840787E
:10069000316848700220706011E05846C0B27E2870
:1006A00002D17E2080460AE03520804607E02220E5
:1006B000804604E02420804601E013208046404626
:1006C000C0B2002805D101219AF82400FFF74CFEA2
:1006D00015E04046C0B2132811D000219AF824003A
:1006E000FFF742FE04002000C0B2012807D13620E7
:1006F000804604E07E20804601E01220804640468D
:10070000C0B2BDE8F28F0000880940202DE9F8430F
:1007100005000E00904600274046C0B2022802D0D5
:100720005FF0010944E0686802283FD328684078F8
:10073000401C022190FBF1F0040028684078C007BB
:100740001AD501208DF801000DF10100FEF730F8F7
:100750009DF801102000C0B201F0D8FB8146484648
:10076000C0B2002807D12200D2B231002800FFF722
:1007700077FE81461CE01BE001208DF800006846F2
:10078000FEF716F89DF800102000C0B201F0BEFB85
:1007900081464846C0B2002807D12200D2B23100BB
:1007A0002800FFF709FF814602E001E05FF013092E
:1007B0004846C0B2FEF76CFFBDE8F1832DE9F04179
:1007C00004000D00160000276068022810D1206880
:1007D0004078002809D1FDF7A5FF0020296848705E
:1007E000022068605FF0000804E05FF0120801E09A
:1007F0005FF013083000C0B2012815D14046C0B2E6
:10080000002811D000200100C9B205290CDA4146A8
:100810003D4A0300DBB2D25CC9B2914202D1012150
:10082000884601E0401CEEE74046C0B2FEF730FFCC
:10083000BDE8F0812DE9F04104000D001600002014
:1008400000276168022919D121684978012902D05D
:10085000022908D00FE001212A6851700221696045
:100860005FF000080CE002212A68517002216960E3
:100870005FF0000804E05FF0120801E05FF0130889
:100880003000C0B2012815D14046C0B2002811D0B6
:1008900000200100C9B205290CDA41461A4A0300BA
:1008A000DBB2D25CC9B2914202D10121884601E09B
:1008B000401CEEE74046C0B2FEF7EAFEBDE8F0811C
:1008C00010B50400FDF72EFFDFF82005017802299E
:1008D00009D12100428889B2914204D100210170DE
:1008E000007A01F0FCFADFF808150878002809D032
:1008F00020004A8880B2904204D100200870087914
:1009000000F0E4FE10BD00001C324020F8B50400E9
:100910000D00160031208DF800002068477817F090
:100920007F07606803282AD13800C0B2042803DB9F
:100930003800C0B240281EDB3800C0B27F281AD071
:100940006A46206881783800C0B200F07FFF9DF8C9
:100950000000002816D09DF80000312812D09DF824
:10096000000022280ED09DF8000012280AD0312065
:100970008DF8000006E012208DF8000002E0132040
:100980008DF800009DF80000002805D10220686065
:1009900020684078296848703000C0B2012817D11B
:1009A0009DF80000002813D000200100C9B20529DD
:1009B0000EDA9DF80010DFF83C240300DBB2D25CB5
:1009C000914203D101218DF8001001E0401CECE7B9
:1009D0009DF80000FEF75CFEF1BD30B40300DFF8C7
:1009E000180400680068C469002062881D00ADB268
:1009F000AA4204D0227D002A01D11834F5E7227DD5
:100A0000002A02D1012210000C60C0B230BC704735
:100A100057274020462740207CB505000E000020C7
:100A20008DF8000068680069002831D07068696836
:100A300009690988091D884226D369463068001D66
:100A40002A6990470400686800690088401D70604A
:100A50002000C0B2002806D09DF80000002802D176
:100A600022208DF800009DF80000002813D168684E
:100A700000690088001D716888420CD268680069AE
:100A80000088001D706006E013208DF8000002E071
:100A900012208DF800009DF8000076BDF8B5050025
:100AA0000E00170000208DF800006868806800289C
:100AB0002AD0686880680088001D716888421FD14C
:100AC0006A463868011D3068001DAB68984704000D
:100AD0002000C0B2002806D09DF80000002802D1F6
:100AE00022208DF800009DF80000002805D16868DC
:100AF00080684088001D786009E00520786006E085
:100B000013208DF8000002E012208DF800009DF8FF
:100B10000000F2BDF8B505000E00170000208DF8AA
:100B200000006868C068002830D06868C0684088E5
:100B3000001D7968884225D16A463868011D3068F1
:100B4000001DEB6898470400052078602000C0B2C3
:100B5000002806D09DF80000002802D122208DF840
:100B600000009DF80000002813D16868C068408824
:100B7000001D796888420CD26868C0684088001DF2
:100B8000786006E013208DF8000002E012208DF856
:100B900000009DF80000F2BD2DE9FC4704000D00A7
:100BA00016005FF0000900275FF0000800200090A9
:100BB0003000C0B2022803D03000C0B201284DD1AD
:100BC0006068042847D32068407807002068807850
:100BD00000022168C978401880466946404680B2C4
:100BE000FFF7FBFE002833D0009840680068FEF74E
:100BF00056FF002829D0009840684068FEF779FF2A
:100C000000281FD03800C0B2012804D017D3032811
:100C10000FD007D313E02A0021000098FFF73EFF12
:100C200082461DE02A0021000098FFF773FF8246EC
:100C300016E029000098FFF7EFFE824610E05FF013
:100C4000120A0DE05FF0330A0AE05FF07F0A07E066
:100C50005FF0310A04E05FF0130A01E05FF0010A7F
:100C60005046C0B2782811D028684770404680B2FC
:100C7000000A29688870286880F8038000205F498E
:100C800048705046C0B2FEF703FD05E05B48012105
:100C90004170067044608560BDE8F3877CB5040050
:100CA0000D00160000208DF800000020019001A921
:100CB0003420FEF767FC01984068FEF71AFF002811
:100CC0000DD03000C0B2022805D16A4629002000AC
:100CD00001F0CAFB06E001208DF8000002E033209D
:100CE0008DF800009DF80000FEF7D2FC73BD7CB5C6
:100CF00004000D00160000208DF800000020019077
:100D000001A93620FEF73EFC01984068FEF7F1FE8F
:100D100000280DD03000C0B2022805D16A46290053
:100D2000200001F0DBFC06E07F208DF8000002E0EF
:100D300033208DF800009DF80000782811D09DF830
:100D40000000002805D102206860206840782968EA
:100D5000487000202A49C8709DF80000FEF798FCF2
:100D600005E027480121C17046708460C56073BDED
:100D70007CB504000D00160000208DF80000002056
:100D8000019001A93720FEF7FDFB01984068FEF7AE
:100D9000B0FE00280DD03000C0B2022805D16A464E
:100DA0002900200001F096FE06E07F208DF800006B
:100DB00002E033208DF800009DF80000782807D06D
:100DC00000200F4908719DF80000FEF761FC05E066
:100DD0000B480121017146708460C56073BD00003D
:100DE000FC09402028EE430020EE4300A8094020E3
:100DF000B40940201C32402088094020E0094020EE
:100E0000EC094020F8B50400DFF808582000C0B213
:100E1000285C012800F08C80DFF8FC672000C0B25D
:100E200056F830008047002800F08280002040F211
:100E30000621DFF8E8272300DBB24B4313449F88E9
:100E400060F308079F802300DBB201FB03F111442C
:100E50004A8860F308024A80002040F20641DFF829
:100E6000C0272300DBB24B4313449F8860F309077C
:100E70009F802300DBB201FB03F111444A8860F339
:100E800009024A8000212000C0B215F0CAFDDFF837
:100E9000947701232000C0B200013844C2682000CA
:100EA000C0B20001384481682000C0B215F0C5FE10
:100EB00000232000C0B20001384442682000C0B2C4
:100EC000000139582000C0B215F0B7FE2000C0B2B2
:100ED00000F05FF8DFF8507700222000C0B207EB87
:100EE000C00041682000C0B237F930001BF06CFB35
:100EF0002000C0B207EBC00081782000C0B237F9F3
:100F000030001CF0D3F92000C0B237F930001BF0DC
:100F100066FB01202100C9B2685401202100C9B23A
:100F200006EBC101087100212000C0B200F0A8F951
:100F3000F1BD704710B504002000C0B215F0E6FD09
:100F40002000C0B2FFF7F5FF0020DFF8C81622002E
:100F5000D2B2885410BD10B504002000C0B20028E1
:100F600008D102F049F8002801D0012000E000205B
:100F7000C0B20DE02000C0B2012808D102F041F853
:100F8000002801D0012000E00020C0B200E00020D5
:100F900010BD38B50400012269462000C0B215F02A
:100FA0005BFF05002800C0B2012811D1DFF87406EC
:100FB00001232100C9B209010144CA682100C9B254
:100FC0000901084481682000C0B215F036FE0FE028
:100FD000DFF850062100C9B209010144CA682100A6
:100FE000C9B20901084481682000C0B215F0AEFE04
:100FF000FCF7CDFCDFF83416086031BD7CB5040089
:101000000025002269462000C0B215F025FF060029
:101010003000C0B2002802D00098002806D100217C
:101020002000C0B215F0D5FD012005002800C0B297
:1010300076BD2DE9F043040040F20645DFF8E06597
:101040002000C0B2684306EB00031F8840F2FF3067
:1010500007431F802000C0B26843305A8005800DCE
:101060002300DBB26B4333449B889B059B0D270019
:10107000FFB26F4337447F88BF05BF0DDB1B0340C2
:101080001000002B02D10025280028E0934200D256
:1010900018000027874222D2A4465FFA8CFC05FB89
:1010A0000CFCB444BCF802E05FEA8E5E5FEA9E5E30
:1010B0001EF10108BCF8029068F30909ACF802902F
:1010C000A4465FFA8CFC05FB0CFCB4441FFA8EFEB0
:1010D000F4449CF806C001F807C07F1CDAE7BDE8BD
:1010E000F08370B50400002540F20621DFF82C25BE
:1010F0002000C0B2484302EB00031E8840F2FF10FC
:1011000006431E802000C0B24843105A2300DBB2C1
:101110004B4313449B88DB05DB0D2600F6B201FB35
:1011200006F111444988C905C90D5B1A1840C0056C
:1011300007D12000C0B2FFF761FF012801D10120D3
:1011400000E00020C0B2002801D0012001E028000A
:10115000C0B270BDF0B4030040F20624DFF8BC5406
:101160001800C0B2604305EB0002168840F2FF1081
:10117000064316801800C0B26043285AC005C00D4F
:101180001A00D2B262432A445288D205D20D1E0000
:10119000F6B266432E44B688F605F60D921B521E33
:1011A0000240002A01D1002017E01800C0B26043BD
:1011B00028448688F605F60D771CB0F804C067F35E
:1011C000080CA0F804C01800C0B204FB00F405EB42
:1011D0000400B6B2304481710120F0BC70472DE9A3
:1011E000F041030040F20624DFF830541800C0B28A
:1011F000604305EB0006378840F2FF100743378055
:101200001800C0B26043285AC005C00D1E00F6B2D7
:1012100066432E447688F605F60D1F00FFB267433D
:101220002F44BF88FF05FF0DF61B761E0640964231
:1012300001D2002022E0002797421ED21800C0B23F
:1012400060432844B0F804C05FEACC5C5FEADC5C31
:101250001CF1010EB0F804806EF30808A0F80480B9
:101260001800C0B2604328441FFA8CFC604411F897
:1012700007C080F806C07F1CDEE71000BDE8F081E3
:1012800010B40A00D2B2002A06D00122DFF8A0333F
:101290000400E4B21A5505E00022DFF8943304009C
:1012A000E4B21A5510BC70472DE9FC410500D9483D
:1012B0002900C9B2405C002800F024812800C0B297
:1012C000FFF79CFE01287CD10027D6492800C0B238
:1012D000000108444668761E40F20622CF4B2800E3
:1012E000C0B2504303EB0004B4F800C040F2FF105A
:1012F00050EA0C0CA4F800C02800C0B250431C5A9D
:10130000E405E40D2800C0B2504318448088C005AD
:10131000C00DAC465FFA8CFC02FB0CFC9C44BCF894
:1013200002C05FEACC5C5FEADC5CB0EB0C0004401E
:10133000002C46D0B44200D226000020B04224D275
:101340002F00FFB2574303EB070CBCF80270FF05F8
:10135000FF0D17F1010EBCF802806EF30808ACF81F
:101360000280AC465FFA8CFC5FEA0C1C51F80CC0A2
:10137000AE465FFA8EFE02FB0EFE9E44BFB277447D
:10138000BF790CF80070401CD8E7A9482A00D2B2F7
:10139000805C002809D132002800C0B20001095841
:1013A0002800C0B215F015FD0BE0642303FB06F323
:1013B00032002800C0B2000109582800C0B215F060
:1013C0007FFC954C2800C0B204EBC00000790028D7
:1013D00011D12800C0B254F830008047012809D14B
:1013E00001202900C9B204EBC10108712800C0B274
:1013F000FFF7CFFD86E0FCF7CAFA8C4C2168401A53
:101400000B28C0F27F800027FCF7C1FA2060012280
:1014100069462800C0B215F01FFD06003000C0B2BA
:1014200001286BD17F492800C0B200010844C4687C
:101430000098241A002C65D00022A24259D240F212
:101440000643774F2800C0B2584307EB000CBCF8A6
:1014500000E040F2FF3050EA0E0EACF800E0280049
:10146000C0B2584337F800C02800C0B258433844CF
:1014700040888005800DAE465FFA8EFE03FB0EFEAF
:10148000BE44BEF804E05FEA8E5E5FEA9E5EB0EBAB
:101490000E00401E10EA0C0C5FEA8C5001D10120B6
:1014A00000E00020C0B2002823D12800C0B2584379
:1014B0003844B0F804C05FEA8C5C5FEA9C5C1CF1C5
:1014C000010EB0F804806EF30908A0F8048028002B
:1014D000C0B203FB00F307EB03001FFA8CFC60446F
:1014E0002B00DBB21B010B449B689B5C8371521C7D
:1014F000A3E72800C0B2FFF74CFD03E02800C0B20C
:10150000FFF747FDBDE8F381F8B504000D002800A2
:10151000C0B2002805D0022865D063D3032863D069
:1015200075E000213F4A2000C0B200011044C068AD
:10153000814252D240F20643394E2000C0B2584395
:1015400006EB0007B7F800C040F2FF3050EA0C0C81
:10155000A7F800C02000C0B25843375A2000C0B2DC
:101560005843304440888005800DA4465FFA8CFCC7
:1015700003FB0CFCB444BCF804C05FEA8C5C5FEA7B
:101580009C5CB0EB0C00401E0740B80501D1012067
:1015900000E00020C0B200281FD12000C0B2584394
:1015A00030448788BF05BF0D17F1010CB0F804E087
:1015B0006CF3090EA0F804E02000C0B203FB00F3B6
:1015C00006EB0300BFB238442300DBB21B011A4410
:1015D0009268525C8271491CA4E72000C0B2FFF7F8
:1015E000D8FC14E013E012E00B4E2000C0B256F815
:1015F00030008047012804D12000C0B2FFF7C9FCA9
:1016000005E000202100C9B206EBC1010871F1BD5F
:10161000000000004A274020FC334020E461002005
:10162000F0650020140A4400340A440038224020A7
:101630004C27402070B50D462C7834B970BD11F898
:10164000013F1678B34206D0401C214601F006FD4A
:1016500028B101462A4612F8013F002BEFD170BD98
:10166000D2B2203A22BF21FA02F000217047203284
:10167000D141D04048409140D1404840704700009F
:1016800000F10103810704D010F8011B820781B12A
:10169000FAD10268A2F10131914311F0803104BF07
:1016A00050F8042FF6E709BAB1FA81F100EBD10046
:1016B000401CC01A704738B504000D00992229005B
:1016C000200080B201F03AFF32BD000010B50400E6
:1016D0002000C0B2012804D00DD303280AD008D3BB
:1016E00009E002F01AFD4D48002101760121417602
:1016F00001E000E0FFE710BD2DE9FF4104000D000F
:1017000000262800C0B2012804D06ED303285FD081
:1017100010D36AE0002041490877FCF7E7F9200080
:10172000C0B2022803D1FCF732F900F090FB00F0C0
:101730007FF85CE02000C0B2012802D10120060041
:1017400055E02000C0B202283FD0344F387F002837
:1017500018D0334890F84010022903D090F8400088
:1017600004280FD102F0A6FF54280BD302F0A2FFE9
:10177000A32807D201F04AFC002803D12000C0B200
:1017800003281FD001F042FC002802D15FF00108BD
:1017900001E05FF0000802F08DFF2100C9B2039163
:1017A0005FFA88F8CDF8088001901D4890F8400055
:1017B00000903B7F1B4A1C490820FCF7A3FC5720E4
:1017C000060004E00020060001E0002006000EE014
:1017D0000020124908772000C0B2022802D101205F
:1017E000060004E000F024F801E0002006003000CC
:1017F000C0B204B0BDE8F08180B50848002101778F
:10180000002101760121417602F0DFFF00F010F89F
:10181000064A05490820FCF775FC01BD0C00402074
:10182000C032002020E3430018E3430088E3430074
:1018300080B503F0A5F8002801D103F09CF803F06F
:10184000B2F8002801D103F0A9F801BD70B5060077
:101850000C00150003F0A7F8012812D103F00EFACE
:1018600000280ED13000C0B204280ADA2000C0B22D
:10187000002806D02000C0B2042802DA22202870F6
:10188000B1E0002028703000C0B2002805D0022846
:1018900055D02BD303287BD0A3E02000C0B2012871
:1018A0000CD103F06DF8002801D103F064F803F0C7
:1018B0007AF8002819D103F071F816E02000C0B2C0
:1018C000022812D02000C0B203280CD103F058F82F
:1018D000002801D103F04FF803F065F8002804D187
:1018E00003F05CF801E0312028707CE02000C0B2F9
:1018F00001280CD103F044F8012801D103F036F897
:1019000003F051F8002819D103F048F816E0200040
:10191000C0B2022812D02000C0B203280CD103F0BC
:101920002FF8012801D103F021F803F03CF800283A
:1019300004D103F033F801E03120287053E0200097
:10194000C0B201280CD103F02EF8012801D103F018
:1019500020F803F015F8002819D103F00CF816E070
:101960002000C0B2022812D02000C0B203280CD13F
:1019700003F019F8012801D103F00BF803F000F887
:10198000002804D102F0F7FF01E0312028702AE09E
:101990002000C0B201280CD103F005F8012801D1C4
:1019A00002F0F7FF02F0ECFF012819D102F0DEFF90
:1019B00016E02000C0B2022812D02000C0B20328D6
:1019C0000CD102F0F0FF012801D102F0E2FF02F099
:1019D000D7FF012804D102F0C9FF01E031202870AF
:1019E00001E01220287070BD70B50024DFF8845427
:1019F000FE21280003F0DEFA0600DFF87C04310047
:101A0000B0F8402089B2914204D0FE22290003F0B0
:101A1000C3FD0400E4B2002C01D1012000E000204D
:101A2000C0B270BD2DE9F84F4FF480750026DFF885
:101A300044743C00320029002000FBF7F9FE00202E
:101A400087F83C00012087F83D00012087F83E0020
:101A5000002087F83900012087F83A00012087F834
:101A60003B000F2217F16001DFF81004FCF7E4FDE2
:101A70005FF01108FF24A14617F1280A4A464146A3
:101A80005046FBF7D5FE5FF00E0A17F11A0B220045
:101A900051465846FBF7CCFE01234FF6FF72FE215C
:101AA0003800FCF774F9A7F8FE00DFF8D423DFF85C
:101AB000D4130820FCF726FBBDE8F18F2DE9F84F81
:101AC000C2B0DFF8B443DFF8AC53FE222900200097
:101AD00003F081FDFE21280003F06CFAADF8000050
:101AE000BDF80000B4F84010884200F0818000206A
:101AF000ADF80200002001905FF0000ADFF8846377
:101B0000DFF8842331000820FCF7FCFADFF87C734F
:101B1000DFF87C832A004FF48071380003F096FFD1
:101B200002AA4FF48071404603F090FF4FF6FF7B0E
:101B300001235A46FE212800FCF729F98146484630
:101B4000B5F8FE1080B2884226D0DFF84823310075
:101B50000820FCF7D7FA01235A46FE2102A8FCF719
:101B600016F982465046BDF8061180B2884208D068
:101B7000DFF8242331000820FCF7C4FAFFF752FFF6
:101B800024E04FF480760DF10809AB463200494657
:101B90005846FCF74DF819E001235A46FE2102A8E9
:101BA000FCF7F5F882465046BDF8061180B288422F
:101BB00006D0DFF8E42231000820FCF7A3FA05E0A4
:101BC0004FF4807202A9280003F096FFDFF8CC6280
:101BD0005FF48031300003F003FE4FF48072310077
:101BE000200003F05DFBFE222900200003F0D4FC5E
:101BF00043B0BDE8F08F80B54FF48072DFF89C12DF
:101C0000DFF8740203F04CFB002806D0DFF89022C6
:101C1000DFF870120820FCF775FA01BD80B5FFF7F8
:101C2000EAFFFFF74BFF01BDF8B5040015252600BC
:101C3000DFF840722A0031003800FBF7F9FFFFF7A8
:101C4000D3FEF2BDF8B504001525DFF828622700A1
:101C50002A0031003800FBF7EBFFF1BD80B5DFF85B
:101C60001402C18A4FF6FF72914202D0C18A491C08
:101C7000C182FFF7B9FE02BDDFF8F801C08A7047E4
:101C800080B5DFF8F001018B4FF6FF72914202D070
:101C9000018B491C0183FFF7A7FE02BDDFF8D401C9
:101CA000008B7047F8B504000F252600DFF8F471AB
:101CB0002A0031003800FBF7BBFFFFF795FEF2BDAD
:101CC000F8B504000F25DFF8DC6127002A00310099
:101CD0003800FBF7ADFFF1BDF8B504000E25260076
:101CE000DFF8C4712A0031003800FBF7A1FFFFF7CD
:101CF0007BFEF2BDF8B504000E25DFF8AC612700CD
:101D00002A0031003800FBF793FFF1BDF8B504005D
:101D100011252600DFF894712A0031003800FBF706
:101D200087FFFFF761FEF2BDF8B504001125DFF86B
:101D30007C6127002A0031003800FBF779FFF1BDF4
:101D4000F8B5040003252600DFF864712A0031008D
:101D50003800FBF76DFFFFF747FEF2BDF8B5040052
:101D60000325DFF84C6127002A0031003800FBF71B
:101D70005FFFF1BDF8B5040003252600DFF83471DC
:101D80002A0031003800FBF753FFFFF72DFEF2BDAC
:101D9000F8B504000325DFF81C6127002A00310094
:101DA0003800FBF745FFF1BDF8B50400112526000A
:101DB000DFF804712A0031003800FBF739FFFFF724
:101DC00013FEF2BDF8B504001125DFF8EC60270022
:101DD0002A0031003800FBF72BFFF1BDF8B50400F5
:101DE00010252600DFF8D4702A0031003800FBF7F8
:101DF0001FFFFFF7F9FDF2BDF8B504001025DFF86D
:101E0000BC6027002A0031003800FBF711FFF1BD4C
:101E100038B504000D002000C0B2022801DB00200C
:101E200008E0DFF850002100C9B2084480F86F5084
:101E3000FFF7DAFD32BD0200D2B2022A06DA0D4AFD
:101E40000300DBB21A4492F86F200A70704710B595
:101E500004000848416F61184167FFF7C5FD10BDD8
:101E60000449496F0160704702494A6F82184A6706
:101E700070470000BC1F4020BC2040207009440077
:101E80008809440080094400AC09440000C04B00AC
:101E900000E04B00C4094400E009440000404C004D
:101EA000FC0944001C204020D61F4020E41F402095
:101EB000F51F4020F81F4020FB1F40200C20402031
:101EC00010B5040000200E49087602F0D7FE002865
:101ED00001D1012002E0FBF709FE002010BD10B582
:101EE0000400074801214176002101762000C0B29C
:101EF00002F02CF9034A04490820FCF703F910BD4D
:101F00000C004020A8E34300A0E34300F0B402002B
:101F10000020002300242500EDB2022D23DADFF893
:101F2000E0542600F6B215F826601700FFB2BE4254
:101F300017D1012633000E00F6B2042E0EDA260069
:101F4000F6B205EB86050E00F6B2AD5D012D02D1AD
:101F50000025280004E07E25280001E02225280035
:101F600001E0641CD7E71C00E4B2002C01D112246C
:101F70002000C0B2F0BC70472DE9F14F84B00C00D6
:101F8000049E042100226F463800FBF751FC01211A
:101F900000222000000E8DF80000684623001B0C74
:101FA000437023001B0A8370C470C378877853EA98
:101FB0000723407853EA00439DF8000053EA00638A
:101FC000A1463000C01310F00200C6F3803707436B
:101FD000002F05D0022F0ED007D3032F12D014E00C
:101FE00013F0FF0000B205000FE01800C0F3072057
:101FF00000B2050009E01800000C00F0FF0000B27C
:10200000050002E01800000E0500C6F3C7000390AB
:10201000C6F3C75C9CF0A50CC6F3873E9EF05A0E33
:10202000DDF80C8098EA05081CEA08081EEB080891
:102030005FF0000AC2451DD24846000E90EA597072
:1020400090EA593090EAD90010F00100050002959D
:102050005FEA490948465FEA500B5FEA4B0BCDF84F
:1020600004B0DDF804B0DDF8089059EA0B091AF164
:10207000010ADFE7B0070AD5C9F30F4B5BEA096B2A
:102080005FEA092010F47F0050EA0B0B00E0CB461A
:1020900096EA0B0005B0BDE8F08F2DE9F04FF5B0E2
:1020A00006000F00102100220DF11C084046FBF72E
:1020B000BFFB3800000E07900DF11C08C7F3074066
:1020C000C8F80400C7F30720C8F8080007F0FF00AD
:1020D000C8F80C0000200C9000200B90002000900D
:1020E0005FF008095FF0000A082100220DF1040BDF
:1020F0005846FBF79DFB002109220798D8F804C039
:102100005FEA0C4C1CEB006CD8F808001CEB002CB0
:10211000D8F80C3013EB0C035FF0000EBEF1280F63
:1021200008DA002B02D55B00734000E05B001EF173
:10213000010EF3E71800000E0D900DA8C3F3074C35
:10214000C0F804C0C3F3072CC0F808C003F0FF0CAC
:10215000C0F80CC05FF0040CBCF1010FC0F28F801E
:102160005FF0010819F1FF0018FA00F8444600205A
:10217000484514DA0DF1340E0EEB8C0E5EF804ECCB
:102180001EEA040F02D15FF0300E01E05FF0310E65
:102190000DF1040808F800E06410401CE8E75FF067
:1021A000000EBEF1040F14DA01A810F80E804546A7
:1021B0000DF10408DEF1000BD84498F8078000F810
:1021C0000E8001A8DEF100084044C5711EF1010E29
:1021D000E7E701A89DF804B090F801805FEA88184D
:1021E00018EBCB1890F802B018EB4B1890F803B02E
:1021F00018EB0B1890F804B018EBCB0890F805B06A
:1022000018EB8B0890F806B018EB4B08C07918EB68
:1022100000087C4810EB0808C2465FF010089AFBE3
:10222000F8F008FB10A8CDF8448011A85FF0100862
:102230009AFBF8F8C0F80480DDF84480CDF80080FF
:102240000DF10C0BDCF100080BEB8808DDF800B099
:10225000C8F810B00DF10C08DCF1000B08EB8B088E
:10226000D8F81080406858EA001803A8DCF1000B89
:1022700000EB8B00C0F81080BCF1010C6CE70DF195
:102280000C08D8F80C00D8F808B050EA0B20D8F8A1
:10229000048050EA0840DDF80C8050EA086075B010
:1022A000BDE8F08F70B504000D001600012C04D1BC
:1022B00031002800FFF760FE03E031002800FFF73F
:1022C000ECFE70BD2DE9F14F8CB00C001500002024
:1022D0000B90002007905FF000095FF0000A5FF0AC
:1022E000000BFBF754FBFFF7BFFD07A8FFF7B8FD96
:1022F000FBF74DFB0600012003F070FC070016FA07
:1023000087F1079841180891089803F0CAFC5FF01C
:1023100000084046C0B204280DDA03F07FFCFF211C
:1023200090FBF1F201FB120037494246D2B28854C9
:1023300018F10108EDE75FF00408DFF8CC90CDF864
:102340002890A24642460A995046FBF771FC5FF07E
:10235000040ACDF82490DFF8B4B0524609995846E3
:10236000FBF766FC079806900596380080B204904B
:102370000898039099F80300029099F802000190E0
:1023800099F80100009099F80030214A214908206D
:10239000FBF7B8FE0020287000200DB0BDE8F08FDC
:1023A0002DE9F04704000D00002600275FF000082B
:1023B000164801784278120452EA0162817852EAA2
:1023C000012290F8039059EA0209287869780904F3
:1023D00051EA0061A87851EA002195F803A05AEA71
:1023E000010A4A460C492000C0B2FFF75BFF01001A
:1023F0008A4501D0012000E00020BDE8F087000000
:10240000E42D402030D0FFFF4C0040204800402009
:1024100044E443003CE443000818002070B5040085
:102420000D001600320029002000FFF74BFFC0B25C
:1024300070BD10B5040021000120FFF7B1FFC0B24C
:1024400010BD70B504000D001600320029002000F8
:10245000FFF738FFC0B270BD10B5040021000220A4
:10246000FFF79EFFC0B210BD2DE9F84F84B0040005
:102470000D0016005FF0000900275FF0000A2068D9
:1024800000788DF8000020684078002803D120688B
:10249000807844280AD0312030703378DFF80C2B54
:1024A000DFF80C1B0820FBF72DFE14E12068C11C8F
:1024B0000420FCF7ABF880462068C11D0420FCF71F
:1024C000A5F8019000210800C0B2052824DA2420D4
:1024D000DFF8E02A13698C465FFA8CFC00FB0CFCE9
:1024E00053F80C30984515D113698C465FFA8CFC73
:1024F00000FB0CF018448068019B98420AD31170CD
:102500001078002805D10120136918750020126980
:10251000507501E0491CD6E75FF02409DFF894AA62
:10252000DAF810009AF8001009FB01F10844007D68
:1025300000280AD1222030703378DFF8802ADFF8B3
:10254000701A0820FBF7DEFDC5E0DAF810009AF8F3
:10255000001009FB01F14058804526D3DAF810003D
:102560009AF8001009FB01F14158DAF810009AF8C6
:10257000002009FB02F2104480684118884514D2FB
:10258000DAF810009AF8001009FB01F14158DAF866
:1025900010009AF8002009FB02F2104480684118EC
:1025A000019810EB080081420AD231203070337854
:1025B000DFF80C2ADFF8F8190820FBF7A3FD8AE002
:1025C000DAF810009AF8001009FB01F10844D0F87D
:1025D00004B0DAF810009AF8001009FB01F1405835
:1025E00010EB0B0BBBEB080BDAF810009AF800109D
:1025F00009FB01F10844407D01280CD1DAF81000F4
:102600009AF8001009FB01F108448069834502D261
:10261000312030705FE002208AF801000198CAF88A
:102620000800CAF804B0DAF810009AF8001009FBA4
:1026300001F10844C0F818B0DAF810009AF8001058
:1026400009FB01F108440021C16101208AF80C0056
:102650004FF410500390FF2002901AF11407029AD1
:1026600003993800FBF7E4F8002042F214412AF8FD
:10267000010000208AF80D0000208AF80E00742066
:1026800029680870202029684870DAF810009AF844
:10269000001009FB01F10844C068000A296888702D
:1026A000DAF810009AF8001009FB01F94844C068F4
:1026B0002968C87004206860DFF808099AF80010DB
:1026C00050F82130DFF80029DFF8E4180820FBF784
:1026D00019FD0020307005B0BDE8F08F2DE9F24FF4
:1026E00086B00400150000208DF8030020680078F3
:1026F0008DF80200206840788DF800002068801C6A
:10270000059000208DF801006668B61EDFF8A478F9
:102710003878042806D140F6F870864202D00120AD
:102720008DF801003878032805D1B6F5806F02D006
:1027300001208DF801007878022805D078780328E8
:1027400002D024202870C2E17878022806D19DF8B2
:102750000000012802D073202870B8E138780528DD
:1027600002DB31202870B2E19DF80000397B8842FD
:1027700008D09DF80000397B491E884202D07320A2
:102780002870A4E19DF80000397B491E884208D1D9
:10279000B87B012802D10020287001E07220287047
:1027A00095E15FF024083869397808FB01F10844A5
:1027B000C0686168884202D21320287087E13869B6
:1027C000397808FB01F10844407D002806D13869BA
:1027D000397808FB01F10844012141750320787024
:1027E0009DF80000401C387342F21449386939786A
:1027F00008FB01F10844416838693A7808FB02F2A5
:1028000010448068411838693A7808FB02F2104495
:10281000806937F809208018301881420CD3B868D5
:1028200039693A7808FB02F21144C96937F809207E
:1028300089187118884202D23120287047E1029627
:102840000598019037F80900384410F1140A029AEB
:1028500001995046FBF7ECF937F80900301827F8D2
:10286000090037F8090039693A7808FB02F2114487
:10287000096988420CD23869397808FB01F10844AB
:10288000C06937F809104018B968884240F01081D3
:102890003878002806D0022820D01FD3042857D02B
:1028A00030D37BE03869397808FB01F10844D0F86F
:1028B00010B017F114000190DFF8100739693A7869
:1028C00008FB02F21144896900EB010A5A4601999A
:1028D0005046FBF7ADF95FF0000A61E0FBF706F93F
:1028E00017F114023869397808FB01F108440169CD
:1028F00038693B7808FB03F31844806902F0F4FF61
:1029000082464DE0FBF7F2F89DF8010000280DD05B
:1029100017F1140237F8091038693B7808FB03F304
:102920001844806903F0CAF9824610E017F11402D6
:102930003869397808FB01F10844016938693B7846
:1029400008FB03F31844806903F0B8F9824627E0D6
:10295000FBF7CCF89DF8010000280DD017F1140208
:1029600037F8091038693B7808FB03F3184480698D
:10297000FAF75DFD824610E017F1140238693978E4
:1029800008FB01F10844016938693B7808FB03F34F
:1029900018448069FAF74BFD824601E05FF0040AB3
:1029A0003869397808FB01F1084400690490FF2078
:1029B000039017F1140BCDF804B0039A0499019811
:1029C000FAF736FF01983869397808FB01F10844B5
:1029D0000069D0F5105002903869397808FB01F190
:1029E00008440069384414300190029A019958460D
:1029F000FBF71EF93869397808FB01F108440069D2
:102A000037F80910884231D23869397808FB01F16A
:102A1000014438693A7808FB02F210448269386947
:102A20003B7808FB03F31844006982188A6138690F
:102A3000397808FB01F1014438693A7808FB02F261
:102A40001044C26938693B7808FB03F318440069F5
:102A50008218CA6137F8091038693A7808FB02F819
:102A600040440069091A27F8091023E038693978C9
:102A700008FB01F1084439693A7808FB02F2114475
:102A8000896937F80920891881613869397808FB24
:102A900001F1084439693A7808FB02F84144C969F0
:102AA00037F809208918C161002027F8090001E0E2
:102AB0005FF0000A5046C0B2002804D10120B8736C
:102AC0000020287003E00020B8737220287007B03F
:102AD000BDE8F08FF8B504000D00160020680778F7
:102AE000DFF8D0044178032902D02420307011E0AF
:102AF000042141700121696000213170DFF8C414A4
:102B0000007851F82030DFF8C824DFF8A41408203A
:102B1000FBF7F8FAF1BD2DE9F84304000025002683
:102B20000027DFF8908498F80100042801D00120E4
:102B300005005FF02409D8F8100098F8001009FB90
:102B400001F10844C069D8F80810884201D001207A
:102B500005002800C0B2002840F0A68098F80000C8
:102B6000002806D0022830D02FD304287AD059D399
:102B700098E021000420FBF749FD0700D8F8081071
:102B8000DFF84804FBF7C9F80600BE420ED0D8F8BB
:102B9000100098F8001009FB01F94844002180F862
:102BA000201002F0F3FD012005000DE0D8F8100020
:102BB00098F8001009FB01F94844012180F8201021
:102BC00002F0E0FD002005006EE0FAF78FFF022022
:102BD000FAF7E0FE21000420FBF718FD0700D8F803
:102BE0000810D8F8040001F03AF80600BE420CD0F4
:102BF000D8F8100098F8001009FB01F948440021AA
:102C000080F82010012005000BE0D8F8100098F89B
:102C1000001009FB01F94844012180F82010002030
:102C2000050041E0FAF762FF200003F0CEF805004E
:102C30002800C0B200280AD1D8F8100098F8001077
:102C400009FB01F94844012180F8201009E0D8F877
:102C5000100098F8001009FB01F94844002180F8A1
:102C6000201021E0FAF742FF2000FAF729FD0500C5
:102C70002800C0B200280AD1D8F8100098F8001037
:102C800009FB01F94844012180F8201009E0D8F837
:102C9000100098F8001009FB01F94844002180F861
:102CA000201001E0012005002800C0B2002801D159
:102CB00080A000E0C7480090C24898F8001050F883
:102CC0002130C54ABA490820FBF71CFA2800C0B2D7
:102CD000BDE8F2832DE9F84F040000255FF0000AFB
:102CE0005FF0000B00260027FAF700FFFEF7B6FFA3
:102CF0002078442801D00120DAE0611C0420FBF791
:102D000085FC8046611D0420FBF780FC8146002085
:102D10000100C9B205291BDA2422A6490B698446A1
:102D20005FFA8CFC02FB0CFC53F80C3098450DD17B
:102D30000B6984465FFA8CFC02FB0CF21A44926821
:102D40004A4503D3087001210F0001E0401CDFE772
:102D50003800C0B2002801D10120A9E002F021FD15
:102D6000002801D10120A3E0DFF860A2D82251465B
:102D70009A4802F0C1FE002808D0B4225146984873
:102D800002F0BAFE002801D0012091E0DFF824A271
:102D90009AF8000001281DD05BD3032831D002D35C
:102DA000042842D055E0022001F0FCF92420DAF892
:102DB00010109AF80020424311448968DAF8102074
:102DC0009AF8003000FB03F01044406802F008FD60
:102DD000834640E0032001F0E5F92420DAF81010E2
:102DE0009AF80020424311448968DAF810209AF8D2
:102DF000003000FB03F01044406802F0F1FC834611
:102E000029E02420DAF810109AF8002042431144F7
:102E10008968DAF810209AF8003000FB03F01044BB
:102E2000406802F094FF834615E02420DAF8101081
:102E30009AF80020424311448968DAF810209AF881
:102E4000003000FB03F010444068FAF7AAFB834609
:102E500001E05FF0040B5846C0B2002813D12420D3
:102E6000DAF810109AF800204243114401220A7542
:102E7000DAF810109AF8002000FB02F00844002154
:102E80004175002600E001263000C0B2002801D1C3
:102E900008A000E04F4800904A489AF8001050F807
:102EA0002130504A42490820FBF72CF93000C0B2CB
:102EB000BDE8F28F6F6B000038B50025FAF716FEFB
:102EC0003C4C2078012814D035D303281FD002D3DE
:102ED000042826D02FE0012000F02DFF0500280057
:102EE000C0B2012804D1FEF7CBFE022001F074F934
:102EF00021E0032000F01FFF05002800C0B20128D8
:102F000004D1FEF7BDFE032001F066F913E002F0E4
:102F10005AFF05002800C0B2012801D1FEF7B0FE1B
:102F200009E0FAF7CBFB05002800C0B2012801D167
:102F3000FEF7A6FEFFE72800C0B2012801D11EA0BF
:102F400000E0244800901F48217850F82130264A9C
:102F500017490820FBF7D6F8EDB2012D01D100206A
:102F600000E00120C0B232BD38B50124FAF7BEFD41
:102F700001F04EF9012805D00E48006990F868006C
:102F8000012803D101F052F9002500E001252800B5
:102F9000C0B2002801D1154B00E0154B154A044979
:102FA0000820FBF7AFF82800C0B232BDBCEA4300EE
:102FB000B4EA4300D00D00206F6B0000DCEA430050
:102FC00000EB43000432402034EB430094004020E7
:102FD00054EB4300ACEB430078EB4300E8310020B6
:102FE000E4324020B4EB4300E0EB430048EC430004
:102FF00050EC430014EC430080B5022018F092F925
:1030000002BD80B5462018F08DF902BD70B50125CE
:103010006D2018F087F904000D4E20003178C0B201
:10302000884204D03470FAF7B2FC0A490860FAF713
:10303000AEFC084D2968401A152805DB3078064992
:103040000870FAF7A4FC28600348007870BD0000FF
:1030500062344020A41F402063344020C9B202786B
:103060008A421AB11CBF10F8012FF9E718BF0020DF
:1030700070470000F0B4030002220024DFF870580B
:1030800020002E7BC0B2B0423FD20C262868270019
:10309000FFB2774338440079002834D128682700EC
:1030A000FFB277433844C088884202D2032002002E
:1030B00029E028682700FFB2774338446F689C46B0
:1030C0001FFA8CFC47F82C0028682700FFB206FB8B
:1030D00007F68059416068681E00B6B250F82600B5
:1030E0000126067168681E00B6B250F82600002658
:1030F000467268681D00ADB250F8250000250572C3
:103100000020020001E0641CB8E71000C0B2F0BC6F
:10311000704770B403000220DFF8D44762681D00D6
:10312000ADB252F82520002A02D1012210003FE062
:1031300062681D00ADB252F82520126855686268B9
:103140001E00B6B252F82620127AAD1A0A0092B2C8
:10315000954202D2012210002AE062681D00ADB241
:1031600052F825201279012A10D162681D00ADB2F3
:1031700052F825200225157162681C00A4B252F88D
:103180002420002494720022100011E062681D00C7
:10319000ADB252F825201279042A07D062681C00CB
:1031A000A4B252F824201279022A01D10022100080
:1031B000C0B270BC70470100DFF834270800537BB1
:1031C00080B29BB2984201D301202BE050680B00E3
:1031D0009BB250F82300002801D1002022E0506863
:1031E0000B009BB250F823000079062808D15068E4
:1031F0000A0092B250F8220005220271022011E06A
:1032000050680B009BB250F823000079022808D1C7
:1032100050680A0092B250F8220003220271022084
:1032200000E00020C0B2704710B402000120DFF8B7
:10323000F43859681400A4B251F8241000291DD0A4
:1032400059681400A4B251F824100979042915D141
:1032500059681400A4B251F8241000240C71596864
:103260001400A4B251F8241000248C7200215B6871
:103270001400A4B243F8241000210800C0B210BC0E
:1032800070472DE9F04704000D0016000027DFF815
:10329000980800680068210089B250F821805FF02A
:1032A0000009D8F810004946C9B250F8210000289A
:1032B0000ED0D8F810004946C9B250F821A0290014
:1032C000504602F0A9FD3843070019F10109E8E76B
:1032D0003800C0B2BDE8F0872DE9F04104000D00D0
:1032E00016002800C0B200284CD0200080B2FFF7A2
:1032F00062FF0027DFF8301808680068220092B2E9
:1033000050F8220000693A00D2B250F8220000289A
:1033100000F0808008680068210089B250F8210020
:1033200000693900C9B250F8218098F806000028D9
:1033300009D098F80600042805DA2900C9B24046E9
:1033400002F09DFD1CE0DFF8DC174868220092B215
:1033500050F82200002813D04868220092B250F89A
:103360002200002202714868220092B250F8220026
:103370000022827200204968220092B241F82200A5
:103380007F1CB7E70027DFF8A01708680068220055
:1033900092B250F8220000693A00D2B250F82200EE
:1033A000002837D008680068210089B250F8210051
:1033B00000693900C9B250F8218098F80600002849
:1033C00009D098F80600042805DA2900C9B2404659
:1033D00002F055FD1CE0DFF84C174868220092B25D
:1033E00050F82200002813D04868220092B250F80A
:1033F0002200002202714868220092B250F8220096
:103400000022827200204968220092B241F8220014
:103410007F1CB8E7BDE8F0812DE9F04104000D0004
:103420001600DFF8040700680068210089B250F830
:103430002170B87B002808D0B87B042805DA290061
:10344000C9B2380002F02CFD5BE0B87B052802DB36
:10345000B87B092805DBB87B0A2852DBB87B10282B
:103460004FDADFF8C01620004A7B80B292B2904259
:1034700047D24868220092B250F82200002840D07B
:103480004868220092B250F822000079042838D10E
:103490004868220092B250F822004A6823009BB28A
:1034A00052F82320927A521C82725FF000080022A8
:1034B00038691300DBB250F82300002813D03869B4
:1034C0001300DBB250F823008079002807D0386958
:1034D0001300DBB250F823008079042801DB18F1D7
:1034E0000108521CE4E74868210089B250F8210025
:1034F000807A4146C9B2884203D3200080B2FFF7E8
:1035000093FEBDE8F0810200002000230100C9B253
:10351000002911D152F8231000290DD052F82310A0
:1035200089790A2906DB52F823108979102901DAF2
:10353000012108005B1CE9E7C0B2704770B50400C8
:103540000D0016003200D2B22900200080B2FFF731
:1035500098FE70BD2DE9FC4F83B006000D00002DD4
:1035600001D1012041E10027DFF8BC0500680068B7
:10357000310089B250F821800024002001905FF0D2
:103580000009D8F810004946C9B250F821000028B7
:1035900030D0D8F810004946C9B250F821008079DF
:1035A000002824D0D8F810004946C9B250F82100AC
:1035B000807904281BDAD8F810004946C9B250F8BF
:1035C00021A001AA2900504602F07EFC8DF80100DE
:1035D0009DF80100002803D09DF80100070006E0D7
:1035E0000198A04201D3002C01D10198040019F1E7
:1035F0000109C6E7D8F81000FFF785FF002800F0A2
:10360000ED80696889B2300080B2FFF782FD070063
:103610003800C0B201281CD1B5494868320092B2C6
:1036200050F82200002814D04868320092B250F8B6
:103630002200002202714868320092B250F8220043
:103640000022827200204968320092B241F82200C2
:10365000C4E03800C0B2002840F0C0806868029022
:10366000D5F800A0DFF88892D9F80400310089B2BB
:1036700050F8210000680068D9F80410320092B2B6
:1036800051F82210097A00EB010B029A5146584674
:10369000FAF7CEFAD9F80400310089B250F82100C7
:1036A000017A686841188DF800109DF80000DFF875
:1036B000781409680968320092B251F822104988DA
:1036C00080B2884210D3D9F80400310089B250F892
:1036D00021000079022807D1D9F80400310089B20D
:1036E00050F8210003210171D9F80400310089B29A
:1036F00050F82100007903284DD15FF0000AD8F876
:1037000010005146C9B250F82100002843D0D8F823
:1037100010005146C9B250F821008079052808DB15
:10372000D8F810005146C9B250F821008079092814
:1037300011DBD8F810005146C9B250F82100807949
:103740000A2825DBD8F810005146C9B250F82100EC
:10375000807910281CDAD8F810005146C9B250F808
:1037600021B0D9F80400310089B250F82100016875
:10377000584602F051FB002802D00120070007E064
:10378000D9F80400310089B250F8210004210171F8
:103790001AF1010AB3E73800C0B200281ED1D9F8E7
:1037A0000400310089B250F821009DF80010017228
:1037B000DFF8740300680068310089B250F8210016
:1037C000408800280AD0D9F80400310089B250F8A6
:1037D0002100006844689DF80000241A039800281E
:1037E00001D0039804603800C0B205B0BDE8F08F86
:1037F00070B504000D0016003200D2B22900C9B223
:10380000200080B2FFF768FD70BD2DE9FE4F060075
:103810000F005FF00008C44800680068310089B2FA
:1038200050F8219000245FF0000AD9F810005146AA
:10383000C9B250F8210000282DD0D9F81000514607
:10384000C9B250F821008079002821D0D9F81000A1
:103850005146C9B250F821008079042818DAD9F805
:1038600010005146C9B250F821B06A463900584696
:1038700002F053FB05002800C0B2002801D0A84682
:1038800006E00098A04201D3002C01D1009804006A
:103890001AF1010AC9E7D9F81000FFF734FE002831
:1038A0001DD03900300080B2FFF7E4FB050028008E
:1038B000C0B2002801D0A84611E09A484168320001
:1038C00092B251F82210C988A14201D3002C06D12E
:1038D0004068310089B250F82100C0880400019886
:1038E000002801D0019804604046C0B2BDE8FE8FB8
:1038F000440A44002DE9F84F86B007000C0015007B
:103900001E00002C01D1012008E15FF0000886496B
:10391000086800683A0092B250F8229099F80E00B8
:1039200000280AD099F80E00042806DA33002A008D
:103930002100484602F0DAFAEFE099F80E00052877
:1039400003DB99F80E00092809DB99F80E000A2814
:10395000C0F2E28099F80E00102880F2DD80DFF8D6
:10396000C4A1DAF804003A0092B250F8220000280C
:1039700000F0D280002D2CD028788DF804006868E3
:103980000290086800683A0092B250F8220040881D
:10399000002823D02878002820D0DAF804003A0044
:1039A00092B250F8220000220271DAF804003A00C4
:1039B00092B250F82200002282720020DAF804202D
:1039C0003B009BB242F82300002002900120804679
:1039D00004E000208DF80400002002909DF804000F
:1039E000012801D00020029062680298121A009209
:1039F000DAF804003A0092B250F82200002801D10F
:103A000001208AE0DAF804003A0092B250F822006D
:103A100000684068029A904209D3DAF804003A003C
:103A200092B250F82200C088009A904201D2012040
:103A300073E0086800683A0092B250F822004088AB
:103A4000002813D0DAF804003A0092B250F82200AD
:103A5000007ADAF804203B009BB252F82320527A15
:103A6000009B9A18904201D2022056E00868006834
:103A7000390089B250F821004088002821D0DAF8B6
:103A80000400390089B250F8210000680068DAF8B3
:103A900004103A0092B251F82210497A0844039077
:103AA000DAF80400390089B250F82110DAF804007D
:103AB0003A0092B250F82200427A009882184A7274
:103AC0000AE0DAF80400390089B250F821000068F1
:103AD00000680299084403900098059003980490A8
:103AE000D4F800B0059A04995846FAF7A1F8002EC8
:103AF00010D0DAF80400390089B250F821000068CB
:103B00004168DAF804003A0092B250F82200407A94
:103B1000091A3160002000E00120C0B207B0BDE802
:103B2000F08F0000440A44004426402070B5040091
:103B30000D0016003200D2B22900C9B2200080B2B6
:103B4000FFF76AFC70BD000080B502F036FB02F0A2
:103B500008FA18F09FFE01BD2DE9F843040000208B
:103B600000212200D2B2002A04D15FF48005DFF8E0
:103B7000FC6617E02200D2B2022A04D1DFF8F05628
:103B8000DFF8F0660EE02200D2B2032A04D15FF41F
:103B90009005DFF8E46605E05FF48005DFF8CC66A9
:103BA000002214006A460421280001F04FFF9DF80E
:103BB0000000A5280AD19DF801005A2806D16846C0
:103BC0008178A52902D1C0785A2800D017E002F0E8
:103BD000F4FA02F0C6F9DFF8A40606605FF0000808
:103BE0006A460421301D01F031FF69460420FAF7CE
:103BF0000DFD81464846FAF7D3FC0700B847BDE8FB
:103C0000F1832DE9F843040000250021002200265D
:103C10002000C0B2012804D012D303280BD005D352
:103C20000EE05FF48A07DFF858860BE0DFF8407695
:103C3000DFF84C8606E05FF49007DFF8488601E085
:103C400000200AE018EB07096A460421484601F003
:103C5000FDFE69460420FAF7D9FCBDE8F2832DE9A0
:103C6000F04FADF5806D83B004000D000020009092
:103C700000210022002600208DF80400B4F5800FFA
:103C800004D32819DFF80036984201D300204DE014
:103C900005F2FF37BF0AA805800D02905FF0FF30E4
:103CA00000905FF00008B8453BD2781E804521D1D6
:103CB000029800281ED04FF480694FF0FF0A0DF1E2
:103CC0000C0B524649465846F9F7B2FD03AA029931
:103CD00014EB882001F0BAFE06003000C0B20028C4
:103CE00001D0002022E0009A029903A8F9F7F4FF1E
:103CF000009013E003AA4FF4806114EB882001F0D8
:103D0000A5FE3000C0B2002801D000200EE0009ACD
:103D10004FF4806103A8F9F7DFFF009018F1010864
:103D2000C1E76846F9F7F2FF009000980DF5806D45
:103D300003B0BDE8F08F2DE9F84F04000025002600
:103D40000027002100222000C0B2012804D012D395
:103D500003280BD005D30EE05FF48A08DFF8209526
:103D60000BE0DFF80C85DFF8189506E05FF49008AB
:103D7000DFF8109501E000201EE05FF0000A5046D9
:103D8000C0B2032816DA2000C0B2FFF73AFF0600DF
:103D900049464046FFF763FF83465846FAF700FC62
:103DA0000700BE4204D0002005001AF1010AE6E730
:103DB000012005002800C0B2BDE8F28F2DE9F84FC0
:103DC000A4B00500002600200390002002900020EF
:103DD00001900020009000275FF000082800C0B28A
:103DE000002802D0012818D031E0DFF8A0440220DA
:103DF0002070002060700120E07001234FF6FF72F8
:103E00007E212000F9F7C3FFA4F87E005FF0800B4D
:103E10005FF48309DFF878A41BE0DFF87844002022
:103E20002070002060700020A070FF20207101230E
:103E30004FF6FF727E212000F9F7A9FFA4F87E005B
:103E40005FF0800BDFF85094DFF850A401E0002011
:103E50004AE0002C0CD004AA8021484601F0F6FD6F
:103E60005A4604A9200001F047FE002802D10FE0C5
:103E7000002039E0012080465A462100484601F0E2
:103E800013FE06003000C0B2002801D07F1CFFE7FF
:103E900004AA8021504601F0D9FD5A4604A9200009
:103EA00001F02AFE00280DD0012080465A4621004C
:103EB000504601F0F9FD06003000C0B2002801D0E4
:103EC0007F1CFFE74046C0B2002806D03800C0B2D1
:103ED000002802D10520F9F75DFDFFB2002F01D1C6
:103EE000012000E00020C0B225B0BDE8F08F2DE930
:103EF000F04104002000C0B2002802D0012822D0E6
:103F00003FE080250026DFF88473B84632002900A0
:103F10004046F9F78DFC02203870002078700020B0
:103F2000B8700120F87000203871002078710020EE
:103F3000B87101234FF6FF727E213800F9F727FF91
:103F4000A7F87E001DE080250026DFF84873B846FC
:103F5000320029004046F9F76BFC00203870002041
:103F600078700020B8700120F870FF2038710123AC
:103F70004FF6FF727E213800F9F709FFA7F87E009F
:103F8000FFE7BDE8F0812DE9F04FC5B00600002045
:103F90000490002003900020029000200190002057
:103FA000ADF802000020ADF800005FF0000B002724
:103FB0003000C0B2002802D001281ED03AE0B34D34
:103FC0002C005FF080082A0080215FF4830001F05C
:103FD0003DFDB5F87E00ADF8000025AD5FF080092D
:103FE00025AA8021AA4801F031FDBDF812A1BDF833
:103FF0000000514689B288421DE0A64D2C005FF0BA
:1040000080082A008021A44801F020FDB5F87E0038
:10401000ADF8000005AD5FF0800905AA80219F483A
:1040200001F014FDBDF892A0BDF80000514689B220
:10403000884200E055E0002C13D0002D11D04FF63F
:10404000FF7B01235A46B8F102012000F9F79FFED9
:10405000ADF80200BDF80200BDF8001088421AD089
:1040600000E03EE001235A46B9F102012800F9F7C9
:104070008EFE83465846514680B289B2884206D0A9
:104080003000C0B2FFF733FF012007001FE02C0013
:10409000012007001BE001235A46B9F10201280064
:1040A000F9F775FE83465846514680B289B2884278
:1040B00003D025000120070009E042462900200026
:1040C00001F01AFD002802D0250001200700380069
:1040D000C0B2002805D0002007003000C0B2FFF7B2
:1040E0006DFE45B0BDE8F08F80B50020FFF74BFFB7
:1040F0000120FFF748FF01BD80B5002063498871AA
:104100000020FFF75BFE01BD60488079002801D0E8
:10411000012000E00020C0B2704780B501205B495B
:10412000C8710020FFF74AFE01BD80B50020574945
:10413000C8710020FFF742FE01BD5448C079002835
:1041400001D0012000E00020C0B2704710B504008B
:104150004E4804720020FFF731FE10BD80B50020EC
:104160004A4908720020FFF729FE01BD4748007A3E
:10417000704710B5474CE078012805D100206070E9
:104180000320FFF7E9FC0CE00320FFF7D4FD012832
:1041900007D10120E0700120FFF710FE0320FFF798
:1041A000DBFC10BD10B504002000C0B2022808D10D
:1041B000364800218170002101710020FFF7FEFDCB
:1041C00009E02000C0B2032805D100203149C870A1
:1041D0000120FFF7F3FD10BD10B504002000C0B2B0
:1041E000022808D129480221817001210171002093
:1041F000FFF7E4FD0BE02000C0B2032807D12548FB
:10420000002181700121C1700120FFF7D7FD10BD91
:1042100080B50120FFF78FFD012805D11B480079EB
:10422000012801D1012000E0002002BD80B500205E
:104230001B498877154802218170012101710121F4
:1042400041710020FFF7BAFD01BD80B500200F4984
:1042500048710020FFF7B2FD01BD0C4840790028ED
:1042600001D0012000E00020C0B2704700084000EB
:1042700000C0410000C841000008480008ED00E00F
:10428000FCFF0200FCBF0300010080001405402079
:1042900000A041009404402000C0440000E044001D
:1042A0000C004020F8B505208DF80000684671210B
:1042B000417001218DF80210FF218DF803100421B7
:1042C00001710021417155208DF8060055208DF8AF
:1042D0000700684602900820039002A90A200DF00A
:1042E0005DF905B000BD000010B5022001F076FCBC
:1042F0000400012001F072FC0100DFF8CC0304602F
:10430000B02202FB01F0B0FBF4F0DFF8C03318601C
:1043100010BDF0B4010000200522DFF8B43393F89B
:1043200028401500EDB294FBF5F605FB164483F822
:10433000284093F8284003EB8404616193F82840F7
:10434000641C83F828405E693400350001271000A2
:10435000C0B2874217D203EB87004069854203D27F
:1043600003EB87004069050003EB87004069A0422A
:1043700003D203EB87004069040003EB8700406928
:1043800086197F1CE3E7761B361B1000C0B2801E27
:10439000B6FBF0F0F0BC7047020010001300DBB277
:1043A000012B07D067D3032B2BD017D3052B4ED06F
:1043B0003AD360E0BE2902D3052318000DE0B929E5
:1043C00002D30423180008E0502902D30323180065
:1043D00003E04B2901D30223180062E0BE2902D377
:1043E0000523180008E0B92902D30423180003E0CC
:1043F000502901D303231800472901D201231800B3
:104400004FE0BE2902D30523180003E0B92901D3E8
:1044100004231800472902D20123180003E04C2985
:1044200001D2022318003CE0BE2901D30523180065
:10443000472902D20123180008E04C2902D20223A6
:10444000180003E0B52901D20323180029E0472909
:1044500002D2012318000DE04C2902D202231800D9
:1044600008E0B52902D20323180003E0BA2901D2DB
:104470000423180015E0B92902D30523180010E021
:10448000B52902D3042318000BE04B2902D30323E0
:10449000180006E0462902D30223180001E0012398
:1044A0001800C0B2704710B5894C002084F828006D
:1044B0000020052805D2002104EB80025161401C38
:1044C000F7E7002020740020207002F053F9012843
:1044D00002D10420E06001E00320E06010BD80B55F
:1044E000FFF7E1FF01F05FFB7A4A7B490820F9F70B
:1044F00009FE01BD80B5FFF7D6FF01F06BFB01BDE2
:1045000010B5734C207C012807D038D3032818D06D
:104510000DD3052829D01ED331E002F02BF9012854
:1045200002D10520E06001E00420E06029E002F013
:1045300021F9012802D10720E06001E00420E060B9
:104540001FE002F017F9012802D10620E06001E027
:104550000420E06015E002F00DF9012802D10420EA
:10456000E06001E00320E0600BE002F003F90128C5
:1045700002D10420E06001E00220E06001E00420BC
:10458000E06010BD2DE9F843514F97F80090FFF718
:10459000ABFEFC6824182000FFF7BBFE05004F4867
:1045A0000168062906D20168491C016000203874A0
:1045B000387C7DE0AC4201D3661B00E02E1B062E4A
:1045C00001D3387C74E0BD6029003878FFF7E4FE41
:1045D000804640463978C0B2884203D087F80080D0
:1045E000002078607868401C7860387C002802D110
:1045F0005FF0020910E0387C032805DB38780228D8
:1046000002D15FF0050907E03878012802D15FF098
:10461000050901E05FF00509786848450AD3C7F845
:104620000490387C3978884241D038783874FFF764
:1046300067FF3CE00020397C012907D02DD30329F6
:1046400013D009D3052922D018D326E0B968482908
:1046500001DA0121080022E0B968482904DBB968C1
:104660004D2901DA0121080019E0B9684D2904DB60
:10467000B968B62901DA0121080010E0B968B62945
:1046800004DBB968BB2901DA0121080007E0B96839
:10469000BB2901DB0121080001E000210800010025
:1046A000C9B2002903D0397C3970C7F80490387C2E
:1046B000BDE8F2830648806870470548C0687047C7
:1046C0000348806870470000B01F4020B41F40209E
:1046D000D03340206009440058094400B81F4020EE
:1046E0002DE9F84304000025DFF85C622000317AF0
:1046F000C0B2884201D0002030703078002803D04A
:10470000022816D013D318E014275FF00008B14632
:10471000424639004846F9F78BF801203070347270
:10472000F9F735F97060002070720A2008E00A205D
:1047300006E000203070002002E0002030700020F1
:10474000C0B2BDE8F28338B500257F4C207801283F
:104750003AD1207A012806D017D303280DD007D3E9
:1047600004280ED011E02069FEF7B4FA05000CE031
:104770002069FEF7D0F9050007E0FEF79DFB050074
:1047800003E0FEF7F1FB0500FFE72800C0B20028B8
:1047900004D1002060720220207015E02800C0B211
:1047A000012804D101206072022020700CE0F9F78A
:1047B000EEF86168401A42F21171884204DB012070
:1047C000607202202070FFE731BD00205F49087051
:1047D00070475E48007870472DE9FF4180460C0025
:1047E0001500002028705A4E00F048FA3077307FCC
:1047F000012802D10020207019E001202070554EC0
:10480000554F388802F020F8544A554B02F02AF8E8
:1048100002F0FEF80290B878019096F852000090ED
:1048200096F851304F4A50490820F9F76BFC0020A8
:1048300004B0BDE8F0812DE9F04104000D00160040
:104840000027DFF80481C8F810400220FFF748FF76
:104850000100C9B2002905D198F80910297000217A
:1048600031700AE00100C9B20A2902D17821317001
:1048700003E02221317001210800C0B2BDE8F081BF
:10488000F8B504000D00160000270320FFF728FFED
:104890000100C9B2002905D12B49497A29700021AC
:1048A00031700AE00100C9B20A2902D178213170C1
:1048B00003E02221317001210800C0B2F2BD2DE9D0
:1048C000F04104000D0016000027DFF87C80C8F8D6
:1048D00010400120FFF704FF0100C9B2002905D1F3
:1048E00098F809102970002131700AE00100C9B25E
:1048F0000A2902D17821317003E02221317001218F
:104900000800C0B2BDE8F081F8B504000D00160043
:1049100000270420FFF7E4FE0100C9B2002905D1F9
:104920000949497A2970002131700AE00100C9B2B1
:104930000A2902D17821317003E02221317001214E
:104940000800C0B2F2BD0000340040204F274020D4
:104950000C00402088040020C0320020CDCCCCCCFC
:10496000CCCCAC3FE0E34300D8E343000020AA49AD
:104970000870002070470120A74908700020704788
:10498000A5480078002801D0012000E00020C0B236
:1049900070470020A04948700020704701209E49C0
:1049A0004870002070479C484078002801D00120C2
:1049B00000E00020C0B2704780B501F0CCFC0100DF
:1049C0000800C0B2052803D00800C0B2012801D1F8
:1049D000002000E0012002BD80B5002002F075F843
:1049E00002F005FC02F031FC01BD80B50021002081
:1049F00003F080F88949002002F0F3FFFFF7BBFFC6
:104A0000FFF7CCFFFFF7E8FF01BD8348816801296C
:104A100002DB8168491E8160704780B502F09FFE0D
:104A200001BD80B5002002F01AF801280AD1FFF775
:104A3000C3FF012806D1002003F071F8012801D13D
:104A4000FFF7EBFF01BD01000800C0B2012810D044
:104A5000022810D0042810D0052810D0062810D025
:104A6000072810D0082810D0092810D00A2810D004
:104A700011E062A010E062A00EE062A00CE062A073
:104A80000AE062A008E0664806E0664804E066487E
:104A900002E0664800E05EA0704765480078704715
:104AA0007CB50400624D28782100C9B288420FD03D
:104AB0002000C0B2FFF7C7FF06002878FFF7C3FF4A
:104AC000030000965B4A53A10820F9F71BFB2C70EA
:104AD00073BD10B504002000C0B2002803D0022826
:104AE00006D001D307E006E00820FFF7D9FF02E077
:104AF0000920FFF7D5FF10BD80B501204C49487053
:104B0000FFF783FF002002F01FF8FFF78AFF002065
:104B100003F040F9002003F002F801BD80B5012048
:104B20004349887044480179012902D0007902285C
:104B300004D14FF4807001F083FB03E04FF48070E8
:104B400001F0A7FB01BD70B504000D002E00307808
:104B500000280AD0012809D002280BD003280FD042
:104B6000052811D0062810D010E00FE00120FFF733
:104B700097FF0BE0FFF739FF0A20FFF791FF05E0F1
:104B80000120FFF78DFF01E000E0FFE770BD0300AB
:104B90000800C0B2012801D0112000E011207047A8
:104BA00010B5234C607801280ED1002060700020E1
:104BB00002F0B5FF012807D1002001F050FF0128C5
:104BC00002D1002003F0E1F9A078012801D10020F2
:104BD000A070002003F0A1F902F070FBFFF75DFF69
:104BE00001280AD0FFF759FF022806D0FFF7E4FE9C
:104BF000012802D1002002F09FF810BD4F46460068
:104C000042535300524D53004E4F530052535300E2
:104C1000554E4B0063616E000000402058EC43008D
:104C200020E2430028E2430034E2430040E2430034
:104C3000E02D402048E24300C032002080B5FFF75D
:104C40002CFF022809D0FFF728FF012813D1F8F71D
:104C50009EFE40F6B93188420DDB6D2001F071F9FE
:104C60006E2001F06EF96F2001F06BF9002002F068
:104C7000F0FF012000E0002002BD000010B5AD4CA7
:104C8000208801F0E1FDAC4AAC4B01F0EBFD03F0F4
:104C90001BFC00EE100AAA4890F85100002809D029
:104CA000A078002806D1DFEDA20AB4EE600AF1EE8A
:104CB00010FA01DB002000E0012010BD01000020FF
:104CC000704701000020704770B5282400259D4ED4
:104CD0002A0021003000F8F7ABFD70BD99498868C3
:104CE000401C8860087E401C0876887E401C8876C0
:104CF000887F401C88774878002801D101204870BF
:104D00000869401C08610869C92806D300200861A9
:104D1000C878002801D10120C8704869401C48614A
:104D2000486940F2F512904206D3002048610879A4
:104D3000002801D101200871086AB0F57A7F02D2FB
:104D4000086A401C0862486AB0F5FA6F02D2486AE5
:104D5000401C486270477B498878002801D10120B7
:104D600088707047F8B504000D002E0000273078D9
:104D700000280AD0012809D0022808D003286AD0C8
:104D800005286CD006287AD07AE079E078E0FFF741
:104D90009BFF6D4804F0A6FB6C4804F027FF6C48AD
:104DA000F8F742FEFFF7B0F901280DD1FFF7A4F99B
:104DB00000210020FAF777F80220F9F7E7FCF9F76D
:104DC000B1FC0220F8F7D6FEFFF747FA01280FD111
:104DD00000210020FAF767F80220F9F7D7FCF9F76D
:104DE000A1FC0520F9F7B8FCFFF72FFAFFF75AFAF4
:104DF000FFF7A3F9012812D1FFF797F9002100204E
:104E0000FAF751F80120F9F7C1FCF9F78BFC514A88
:104E100051490820F9F776F90120F8F7ABFEFFF7C2
:104E2000A5F907003800C0B2002813D0FFF796F9A3
:104E300000210020FAF737F80120F9F7A7FCF9F76D
:104E400071FC464A44490820F9F75CF93800C0B2C1
:104E5000F8F7CCFE14E000203A49087010E03079F1
:104E6000002803D001203749087007E03C4A3A493E
:104E70000820F9F747F900203249087000E0FFE701
:104E8000F1BD03000800C0B2022801D0112000E0EB
:104E90000020704710B52B4C6078012813D10020FA
:104EA0006070207801280ED1607E00280BD1E07E52
:104EB000002808D1607F002805D1F8F7C1FD04F073
:104EC00017FEFFF740FC2078012828D1A0780128A0
:104ED00001D10020A070E078012801D10020E0700D
:104EE0002079012801D100202071607E012802D1A3
:104EF000207E15280BDAE07E012802D1A07E15283D
:104F000005DA607F01280AD1A07F152807DB002081
:104F100060760020E07600206077FEF715FE10BD79
:104F2000002008490978002901D1012108007047B3
:104F300001000040C0320020CDCCCCCCCCCCAC3F6A
:104F4000880400200C00402014EE4300D00A4400E6
:104F500098FC4300ACE24300A4E24300CCE24300EF
:104F6000E4E2430038B504000D002900200000F001
:104F700037FC32BD70B504000D0016002A00310068
:104F8000200000F0B1FC70BD70B504000D001600EB
:104F90002A003100200000F059FD70BD38B5040032
:104FA0000D002B009BB22200DFF844170820F9F710
:104FB000F7F931BD70B403004FF6FF7000258D4244
:104FC0000ED20600B6B2360AB6B25A5D564034006A
:104FD000DFF8202752F8242092EA00206D1CEEE72B
:104FE00080B270BC704710F5AE73186800FB0211F8
:104FF00011F5006108007047F0B4040000258D42EF
:1050000017D2665D0027082F11DA5FF0010C1CFA39
:1050100007FC3000C0B210EA0C0F06D015601F600C
:105020001268186810EBC20004E07F1CEBE76D1CEF
:10503000E5E70020F0BC704710B504004A2020705E
:10504000462060704520A0704520E070DFF8A8265B
:10505000DFF89C160820F9F755F814F5A8710868D0
:105060004FF40051FFF77EFF14F5A871086808227D
:105070002100FFF77FFF14F5AA71086808222100BC
:10508000FFF778FF14F5A870016800234FF4D86289
:10509000200000F0B4F814F5AC70016814F5A273A8
:1050A00014F5A472C908491C14F10800FFF7A4FF05
:1050B00014F5A071086014F5A070026814F5A870CA
:1050C00001682000FFF78FFF14F5A671086000202B
:1050D00010BD2DE9F64F83B0050000260027002003
:1050E0000190002000905FF0000915F5AC70016898
:1050F0006B4601AAC908491C15F10800FFF77CFF9F
:105100000400DFF8EC852300DFF8F0254146082095
:10511000F8F7F8FF002C01D0641E00E00024A1463F
:10512000B9F1010F3BDB15F5A87001684A4628006C
:10513000FFF759FF07004FF4807215F14001380066
:10514000FFF722FFFE2115F14200FFF733FF0600B3
:105150003000B5F8401080B288421DD115F5AE710F
:1051600008680499884204D215F5AE70D0F800A002
:1051700001E0DDF810A015F142000290DDF80CB05E
:10518000524602995846F8F753FDDFF87425414618
:105190000820F8F7B7FF02E0B9F10109C0E70020E5
:1051A00005B0BDE8F08F76B582B004000D001E009A
:1051B0003000C0B2002809D014F5A4710868082294
:1051C00003A940190830FFF7D5FE15E06846DFF85F
:1051D0003415D1E90023C0E9002314F5A47108684F
:1051E00014F5A2710B680822694613EBC00315EB96
:1051F000C3000830FFF7BEFE002004B070BD2DE9EB
:10520000FE4F04000D0016001F003800C0B2002839
:1052100005D0402221002800FFF7B6FE3DE008221D
:1052200021002800FFF7B0FE08210022E846404692
:10523000F8F7FEFA5FF00008B0452ED2C1465FEAEB
:10524000D909CA465FEADA0A19F0070B082269464B
:1052500018EB05000830FFF797FE9DF80000FE28C8
:105260000CD104EB0A00007A012111FA0BFB30EAA1
:105270000B0B04EB0A0080F808B00BE004EB0A000B
:10528000007A012111FA0BFB5BEA000B04EB0A0028
:1052900080F808B018F10808CEE70020BDE8FE8FBE
:1052A0002DE9FF4104000D00160015F5005714F517
:1052B000A870076014F5AE70066014F5AA7005605A
:1052C00014F5AC70D721016014F5A87001680023B3
:1052D0004FF4D8622000FFF792FF0A212000FFF769
:1052E0005DFEDFF8248404224146200000F004FC27
:1052F00000285AD014F5AA70016800234FF4D86230
:105300002000FFF77CFF04224146200000F0F4FB60
:10531000002803D02000FFF78FFE46E014F5A871A7
:1053200008684FF40051FFF71DFE14F5AC700168DA
:1053300014F5A27314F5A472C908491C14F10800ED
:10534000FFF75AFE14F5A0710860DFF8C00307F6F6
:105350000801016014F5A07211680068D0F50050D2
:10536000B1EB102F0CD214F5A070026814F5AA70DE
:1053700001682000FFF737FE14F5A67108600BE006
:1053800014F5A070026814F5A87001682000FFF7FA
:105390002AFE14F5A671086014F5A67108684FF48A
:1053A000807214F14001FFF7EFFD14F5AC70016855
:1053B00014F5A27314F5A472C908491C14F108006D
:1053C000FFF71AFE14F5A071086014F5A0700268CA
:1053D00014F5A87001682000FFF705FE14F5A6710A
:1053E000086014F5A271086814F5A472116814F528
:1053F000A0731A6814F5A67CDCF8003002900191C5
:105400000092C34ABA490820F8F77CFE002004B095
:10541000BDE8F0813EB50400FE2114F14200FFF723
:10542000C9FDA4F8400014F5A0710868D72821D35D
:10543000B84AAF490820F8F765FE14F5AA71086864
:105440004FF40051FFF78EFD14F5AA700168002299
:105450002000FFF7C8FD05004FF4807214F14001F1
:105460002800FFF787FD14F5B070012101602000CE
:10547000FFF7E2FD14F5A6710868C0040ED114F51B
:10548000A671086814F5A8721168884206D014F550
:10549000A67108684FF40051FFF764FD14F5A6717A
:1054A0000868B0F50050B0F5005F20D214F5B07177
:1054B000086800281BD114F5A671086814F5A671B8
:1054C0000B68B0F5005001904FF400500090924AE4
:1054D00087490820F8F716FE14F5A67108684FF4FE
:1054E000807214F14001B0F50050FFF743FD14F550
:1054F000A67108684FF4807214F14001FFF73AFD7D
:1055000014F5A471086814F5A472116814F5A27357
:105510001A682144097A012313FA02F231EA0202DD
:105520002044027214F5A471086814F5A872116879
:1055300000232044027A2000FFF735FE14F5A47101
:10554000086814F5AA72116800232044027A20002A
:10555000FFF729FE14F5AC70016814F5A27314F579
:10556000A472C908491C14F10800FFF745FD14F5A1
:10557000A071086014F5A070026814F5A8700168A5
:105580002000FFF730FD14F5A671086014F5B07027
:105590000021016000203EBD2DE9F84304000D000C
:1055A000160014F5AE710868801EB04204D214F5DE
:1055B000AE700768BF1E00E03700A84614F142092C
:1055C0003A0041464846F8F733FB2000FFF722FF38
:1055D0000020BDE8F2832DE9FE4F04000D00160007
:1055E00000275FF0000814F5AC70016814F5A27391
:1055F00014F5A472C908491C14F10800FFF7FCFC5B
:1056000014F5A071086014F5A070026814F5A87074
:1056100001682000FFF7E7FC14F5A671086014F597
:10562000A0710868002804D014F5A0700268521E0A
:1056300000E0002214F5A87001682000FFF7D3FCF9
:1056400081464FF4807214F140014846FFF79CFCFC
:1056500014F5A271086814F5A472116814F5A0730A
:105660001A68DFF88CA00290019100924B462B4AF9
:1056700051460820F8F746FDFE2114F14200FFF7DD
:1056800099FC83465846B4F8401080B2884213D142
:10569000009614F14207A846009A39004046F8F7F0
:1056A000C7FA1F4A51460820F8F72CFD0A2114F1C9
:1056B0004200FFF773FC17E01A4A51460820F8F73A
:1056C00021FD320029002000FFF703FD00280BD147
:1056D0004FF400511448FFF745FC4FF400511348B4
:1056E000FFF740FCFCF787FA0020BDE8FE8F0000C2
:1056F00004FD430040FE43000CFD430020FD430039
:1057000038FD43004CFD430054FD4300341F40204E
:105710005CFD4300A4FD4300B4FD4300E0FD4300F5
:1057200028FE430030FE430000404C0000604C0067
:10573000F8B50024DFF84803016811F1010F02D029
:105740000168491C0160DFF83C633078012801D111
:10575000012016E0CC4F01234FF6FF72D82138000C
:10576000F8F715FB0500280043F6E53180B28842C2
:1057700001D0002005E038000AF009FA012030705D
:105780000120F2BD80B5FFF7D3FF02BDBC48016820
:10579000491E01600068002802D10020B949087044
:1057A0007047B848007870477047704738B5B74DB4
:1057B0002878012801D100200400B54809F08CFEAA
:1057C0000100080045F6A52280B2904203D10120D5
:1057D0002870002002E0002028700120C0B232BDF5
:1057E0002DE9FE4F04000D0045F6A52A564620007F
:1057F0000AF094FC070005F5F85818F1FF085FEA75
:1058000058385FF00009A1480078002801D1FFF75F
:10581000CDFFFFF78DFFFFF7C4FF002806D19D4A9B
:105820009D490820F8F76EFC04205AE05FF0000B59
:10583000C3450FD21BEB07000AF018F84EF6B8016B
:10584000884204D100211BEB07000AF06AF81BF123
:10585000010BEDE772B65FF00009C14523D20021CC
:1058600019EB07000AF098F906000AF0F5F90600AE
:1058700030004EF2427180B28842F6D0300051467C
:1058800080B288420CD0300080B2019019EB070042
:1058900000902300814A80490820F8F733FC02E099
:1058A00019F10109D9E762B65FF0000BC3450FD2C9
:1058B0001BEB070009F0DAFF4EF6B801884204D16D
:1058C00000211BEB070009F053FF1BF1010BEDE773
:1058D000FFF75CFF300080B2504501D0012000E0AE
:1058E0000020BDE8FE8F00002DE9F74F88B045F697
:1058F000A527ADF80C7008980AF010FC0400099D6B
:1059000005F5F855FF356D0B099EF61DF60809984B
:1059100010F0070004905FF000085C480078002851
:1059200001D1FFF743FFFFF703FFFFF73AFF00281E
:1059300006D15B4A58490820F8F7E4FB042082E0CE
:105940005FF00009A9450FD219EB040009F08EFFA2
:105950004EF6B801884204D1002119EB040009F089
:10596000E0FF19F10109EDE772B65FF00008B045FC
:105970004BD2701E80451BD10498002818D05FF0D0
:1059800008094FF0FF0A0DF1140B524649465846DC
:10599000F7F74EFF049801900A9800EBC8000090BA
:1059A0000DF1140B019A00995846F8F741F90BE0F4
:1059B0005FF008090A9800EBC80A0DF1140B4A467B
:1059C00051465846F8F734F9002305AA08210898EB
:1059D00010EBC8000AF03CFAADF80C00BDF80C0062
:1059E000B8420FD0BDF80C000290089810EBC80028
:1059F000019009980090089B2A4A27490820F8F747
:105A000081FB02E018F10108B1E762B65FF000091E
:105A1000A9450FD219EB040009F028FF4EF6B80192
:105A2000884204D1002119EB040009F0A1FE19F10C
:105A30000109EDE7FFF7AAFEBDF80C00B84201D05E
:105A4000012000E000200BB0BDE8F08F70B504002D
:105A50000D0016000D480078002801D1FFF7A6FEC2
:105A600032002900200009F0E6FD45F6A52180B2AC
:105A7000884201D1002000E00120C0B270BD0000CA
:105A8000A01F40205A274020E831002059274020FD
:105A9000280C44005C084400540844008C0844006E
:105AA000D4084400040944002DE9F04704000D0027
:105AB00016000027A2465FEA5A3A5FEA4A39FFF722
:105AC00037FEF8F75CFD4FF400514846FFF788FEBB
:105AD0008046F8F754FD4046C0B2002805D12A00A0
:105AE00031004846FFF700FF8046FFF74FFE404673
:105AF000C0B2BDE8F08700000300002013F0030FE0
:105B000009D0521E22BF13F8010B11F801CBB0EBE4
:105B10000C00F3D0704711F0030F14D1121F22BFF5
:105B200053F8040B51F804CB6045F7D0121D0AD28C
:105B300000BA9CFA8CFCB0EB0C0038BF6FF0000090
:105B400088BF01207047521E22BF13F8010B11F8C5
:105B500001CBB0EB0C00F6D0521C08BF10467047CA
:105B600080B5002023490880002007F0B6F801BD69
:105B700020480088002801D0012000E00020704764
:105B8000F8B51D49002007F0ECF804002000C0B271
:105B9000002807D10625194E194F2A003100380078
:105BA000F8F746F8F1BD80B500221649B42017F089
:105BB0009FFB0121B42017F05BFB002006F0B6FF2D
:105BC0000E49002007F016F8002007F009F9FFF74A
:105BD000C7FF01BD80B507F036F801BD0100080020
:105BE000C0B2032801DB002003E00548C9B230F849
:105BF0001100704748274020481F4020381F402090
:105C0000401F402055DE430080B5FFF7B1FF00285C
:105C100003D0FFF7B5FFFFF7A3FF01BDF0B52349A0
:105C2000234AD1F8807053681078224D224E6FF0CD
:105C3000004418BB082006FB03532746B3FBF7F7C5
:105C4000401E04FB1733F6D10F46102006FB03530A
:105C5000A446B3FBFCFC04FB1C333B60A64657F890
:105C6000043B06FB0353B3FBFEFE04FB1E33401E46
:105C700047F8043BEAD1CF6F0120107006FB0353B5
:105C8000254607F01F07B3FBF5F551F8270004FB85
:105C9000153341F82730C1F88000536020F04040B0
:105CA000F0BD034900220A7048607047C0264020BA
:105CB0004C3440205FF36E3C0D6619002DE9FE4325
:105CC00005000E0017005FF000083400DFF83C917B
:105CD000D9F83C003018C9F83C00D9F8342031001C
:105CE0003800F7F7F9FFC9F8340015F58030C9F826
:105CF0003800002C1DD0B4F580708046B8F1000F3C
:105D000010D43A004FF48071D9F8380004F004FC44
:105D1000D9F8380010F58070C9F8380017F5807789
:105D20004446E6E73A002100D9F8380004F0F4FBD5
:105D3000DFE7D9F83C000190009615F58033344A2E
:105D400031A10820F8F7DEF90020BDE8FE8338B560
:105D500004000D002D485FF0FF3141630021816395
:105D60000021C16301216F2015F0F1FA3220F7F70D
:105D700011FE0121882015F0EAFA3220F7F70AFE19
:105D80000121012015F0E3FA6420F7F703FE04F087
:105D9000A9F83220F7F7FEFD04F05CFB0A20F7F7C4
:105DA000F9FD04F07CFB0A20F7F7F4FD04F098FB02
:105DB0004FF47A70F7F7EEFD164A13A10820F8F7B2
:105DC000A1F9002032BD012070472DE9F8430400FD
:105DD000002500275FF000080C4EF16B5FF4803067
:105DE00004F0EBFB814616F13400F7F78FFF060055
:105DF00021000420F8F70AFC01008E4201D10020A6
:105E000000E00120BDE8F28373797300CC430020E9
:105E100014EA430050EA430070B504000D00012667
:105E2000A079012818D0032821D005280ED00628F3
:105E300013D0072818D008281AD00A280ED00C280A
:105E400013D00E2812D00F2813D013E02900608839
:105E500002F040F806000FE00EE00DE02900608837
:105E600003F080FA060007E006E005E004E003E046
:105E700002E001E0012006003000C0B270BD38B57C
:105E800004000D00A079012802D0022801D006E00C
:105E900005E02900C9B26088F7F7F1FDFFE731BDE1
:105EA00038B504000D00A07B012804D00BD30328D3
:105EB00008D001D307E006E02900C9B2A089F7F7AE
:105EC000FEFD00E0FFE731BDF8B504000D0016004F
:105ED0000127A079022806D1320029006088F7F74F
:105EE000C3FD0700FFE73800C0B2F2BD2DE9F04165
:105EF00004000D0016001F005FF00108A07B0228BF
:105F000007D13B0032002900A089F7F7E2FD804667
:105F1000FFE74046C0B2BDE8F081F8B504000D00CF
:105F200016000127A079022806D1320029006088D6
:105F3000F7F78EFD0700FFE73800C0B2F2BD0000A2
:105F40007047010009B200290AD4012210F01F0194
:105F50008A40DFF8901703001BB25B0941F8232049
:105F6000704710B50424200000B2C52809DA2000CB
:105F7000C0B217F031F9200000B2FFF7E2FF641C55
:105F8000F1E710BD10B5DFF8604717F0C3F82070D7
:105F90002378DFF85827A9A11020F8F7B3F810BD2F
:105FA000DFF844070078704738B5DFF84407046825
:105FB000A2A5DFF8402729000820F8F7A3F860071A
:105FC00005D5DFF8342729000820F8F79BF8A0074B
:105FD00005D5DFF8282729000820F8F793F8E0070F
:105FE00005D5DFF81C2729000820F8F78BF831BD0C
:105FF0002DE9F84F9AB016A8DFF808171022F7F726
:1060000027FE00208DF84B0000208DF84A0001206B
:106010008DF8450000208DF844000DF14500F8F79B
:10602000C7FB11A8F8F79FFBF9F7ABF98DF849000A
:10603000F9F7BCF98DF84800FEF72FFDC0B2FEF766
:1060400002FD159004F016FB8DF8470000F087F96B
:10605000149000F080F98DF8460000F030F904004B
:1060600000F02DF9050000F02AF9060000F027F9EC
:10607000070000F024F9804600F021F9814600F085
:106080001EF9824600F01BF9834600F018F91390C0
:10609000FFF786FF03009DF8490010909DF8480027
:1060A0000F909DF844000E909DF845000D901598B6
:1060B0000C909DF847000B9014980A909DF84600AC
:1060C0000990A40914F0010408942D0A15F00105A3
:1060D0000795760916F001060696FF0917F00107E5
:1060E00005975FEAD80818F00108CDF810805FEA3C
:1060F000990919F00109CDF80C905FEA1A1A1AF003
:10610000010ACDF808A05FEA5B0B1BF0010BCDF88C
:1061100004B0139810F001000090DBB2DFF8E8251E
:1061200046A11020F7F7EEFF1BB0BDE8F08FDFF8B7
:10613000C0050021816000210175002181610021DD
:10614000017700214177002101620021C160002117
:106150000161704780B562B604F0AEFA04F000FB4E
:10616000FDF7C2FFFEF779F8002805D1FDF7CCFF57
:10617000002801D1FDF7FDFFF7F75CFEDFF88C2565
:106180002EA10820F7F7BEFFFBF748FDFFF7D8FE6A
:10619000FFF7CDFFFEF7A3F9DFF8541591F82500BE
:1061A000002802D1FFF7EEFE05E091F82500032854
:1061B00001D1FFF7F9FE002002BD80B5FFF7B7FF60
:1061C000F7F72EFC04F0CDFAFEF794F9002001F069
:1061D00071FCF7F73EFEF8F7CAF901BD01000800AF
:1061E00001280FD0022810D0082811D0102812D072
:1061F000202813D0402814D0802815D0B0F5807FF7
:1062000015D017E0DFF8080516E0DFF8080513E001
:10621000DFF8040510E0DFF804050DE0DFF8000505
:106220000AE0DFF8000507E0DFF8FC0404E0DFF82F
:10623000FC0401E0DFF8F804704700007379730094
:1062400070B5050001262E407540DFF8A444A06813
:1062500028421DD1DFF8DC14087800280BD1202D4E
:1062600002D10220087006E0022D02D10120087040
:1062700001E0032008702800FFF7B0FF0300DFF8FB
:10628000B82486A10820F7F73DFFA0682843A06046
:1062900070BD38B50400DFF85854A8682040A0420B
:1062A0000CD12000FFF79AFF0300DFF890247BA1B8
:1062B0000820F7F727FFA868A043A86031BDDFF8E2
:1062C0003004806870477FB50026FFF7F8FF0400B0
:1062D000DFF81C54A869844214D0FFF7F0FF0028AF
:1062E00001D1002000E001202875AC6105208DF867
:1062F0000000287D8DF80400A869029069460020FE
:1063000004F0A1FA7FBD3EB5DFF8E453FEF7D2F901
:106310002862FEF737F90400E868642803D2782081
:106320002862032004002000297FC0B2884211D0D7
:10633000287F68772C7706208DF80000687F8DF81D
:106340000400287F8DF80500286A02906946002025
:1063500004F079FA37BDDFF89803007F7047DFF863
:106360009003006A704701000800C0B2002808D0FE
:1063700002280CD008D304280FD00BD305280FD047
:1063800011E0DFF8BC0310E0DFF8B8030DE0DFF840
:10639000B8030AE0DFF8B40307E0DFF8B40304E071
:1063A000DFF8B00301E0DFF8AC0370477CB5040010
:1063B000CF4D95F824002100C9B2884212D02000A8
:1063C000C0B2FFF7D0FF060095F82400FFF7CBFF1F
:1063D00003000096DFF88023C1A10820F7F792FEA2
:1063E00085F8244073BDC24890F82400704710B56A
:1063F0004FF6FF70BE4CE18C814202D0E18C491C0B
:10640000E184E168814202D2E068401CE060FFF76D
:1064100056FF800603D4FFF752FFC00507D5206959
:1064200010F1010F08D02069401C206104E02069B0
:10643000002801D000202061606B401C606310BD0B
:1064400080B5FFF7D0FF042803D0FCF7DFFD00285C
:1064500007D1F8F794F8FFF7D7FBFFF734FFFFF702
:1064600052FF01BD10B40200D2B2002A12D10A00BC
:106470001378012B06D0022B09D0032B08D0062B52
:1064800007D007E000239A4C84F8253002E001E0B1
:1064900000E0FFE710BC7047000000007379730054
:1064A00003000800C0B2002801D0112000E0112034
:1064B00070472DE9F04F99B0FFF795FF8DF83E003A
:1064C000FFF791FF002806D0012808D0032836D016
:1064D00004281DD0EEE00120FFF768FFEDE0FFF794
:1064E00039FE11901198002802D00320FFF75EFFBB
:1064F00002208DF8580016A9002004F0A4F9974A4C
:1065000077A10820F7F7FEFD0420FFF74FFFD4E046
:106510007748C18CB1F57A7F03DB0021C184FFF796
:1065200067FDFCF773FD002802D12020FFF788FEED
:106530004020FFF785FE04F02EF91590BDE0FCF732
:1065400065FD002840F0A280FFF705FF8DF84200AE
:10655000FEF7B6F84C2806D3FEF7B2F8B92802D2F7
:10656000FDF7F2FAA9E0F7F712FA7D4C2168401A1C
:1065700040F2E9318842C0F2888001208DF83D0068
:1065800000208DF83C00F7F702FA2060F7F7F7FFDC
:1065900053A4744A21000820F7F7B4FD0DF13D0023
:1065A000F8F706F90FA8F8F7DEF8FEF776FAC0B2AA
:1065B000FEF749FA149004F05DF88DF84100FEF7FB
:1065C0007CF8139000F0D6F88DF84000FFF7C7FE76
:1065D0001290FFF7C0FE8DF83F00FFF770FE050038
:1065E000FFF76DFE0600FFF76AFE0700FFF767FE84
:1065F0008046FFF764FE8146FFF761FE8246FFF7A3
:106600005EFE8346FFF75BFE03009DF83C000E90A4
:106610009DF83D000D9014980C909DF841000B9052
:1066200013980A909DF840000990129808909DF8E0
:106630003F000790AD0915F001050695360A16F0E2
:10664000010605967F0917F0010704975FEAD8183D
:1066500018F00108CDF80C805FEAD90919F001099A
:10666000CDF808905FEA1A1A1AF0010ACDF804A0D2
:106670005FEA5B0B1BF0010BCDF800B013F00103D8
:10668000394A21001020F7F73DFD16E0F7F777FFB4
:10669000364A13A10820F7F735FD00216E2014F0CB
:1066A00056FE092014F070FE1920F7F773F916F062
:1066B000F1F802E00020FFF779FE9DF83E40FFF779
:1066C00092FE844206D00A489DF83E1080F82510BC
:1066D0000021C184F7F72FFC19B0BDE8F08F00004E
:1066E0007379730080E200E06034402090E543005D
:1066F00058004020ACE54300E0E54300FCE54300E2
:1067000018E64300F0E9430068E6430024E743004D
:106710006CE743007CE743008CE743009CE74300C1
:10672000ACE74300BCE74300CCE74300DCE74300B1
:10673000F0E743005027402004E8430018E84300F6
:1067400030E8430040E8430050E8430068E8430075
:1067500078E8430088E8430094E84300BCE843003D
:1067600090004020E8E8430004E94300B0E943001A
:1067700000207047002070477047704770B50400D4
:106780000D002E00307800280AD0012809D00228F8
:1067900008D0032815D0052814D0062813D013E0FC
:1067A00012E011E023480178012909D0017802297B
:1067B00006D001210170204A1DA10820F7F7A2FC94
:1067C00002E001E000E0FFE770BD10B40300080044
:1067D000C0B2032801D0112019E01800C0B201286E
:1067E00014D114002078002803D0022807D003D346
:1067F00008E01248606007E01148606004E011485A
:10680000606001E0112002E0002000E0112010BCD7
:106810007047704707480178022901D104210170AF
:106820000078052801D1012000E000207047000019
:1068300054500000CC43002000EA4300B043002045
:10684000BC430020C843002050B1B0FA80F188401A
:10685000C91CC1F58461090501EBD02140057047D1
:106860000146704730B540F2FF7C1CEA11541DBF51
:106870001CEA1355644565453FE0641981EA030C41
:106880006FF35F530CF0004C43F48013C90241F0E6
:10689000004141EA505EC5021100A5FB020200283A
:1068A0004FF00000EEFB01204FF00001E3FB05215B
:1068B00018BF42F00102401800214941E3FB0E01DC
:1068C000A4F580640D0302D292184041494154F16D
:1068D000010470DD450872F1004250F1000051EBF7
:1068E0000451A1F5801102D441EA0C0130BD40F2FF
:1068F000FF7E4CEA0E51002030BD0CEA1355644572
:1069000018BF654581EA030C0CF0004C41D050EAF9
:10691000410E1CBF52EA430E02E06146002030BD2A
:1069200024422C441BD15FEA050EF6D0090302BFB6
:1069300001460020AEF1140EB1FA81F5AEEB05046C
:1069400001FA05FE0C35C5F1200100FA05F5C84035
:106950004EEA000E6FF35F5343F480139CE733F06D
:106960000043B3FA83F504BFB2FA82FE75440B3DCF
:10697000641BB5F1200E2FBF02FA0EF3AB40C5F138
:10698000200E22FA0EFE38BF43EA0E03AA40641C12
:106990007CE750EA410E14BF52EA430E6FF000014B
:1069A0004FF4001515EB430F8EBF194615EB410F41
:1069B0009DE7B4D830BDD4F10104B4F120050FDA5D
:1069C000C4F12005520828BF42F0010210FA05FE6A
:1069D00001FA05F57244E2BFE0402843E1400FE0D0
:1069E000352C9ADCC5F1200452EA400220FA05F267
:1069F00018BF42F0010231FA05F0A1400A4300211C
:106A000072F1004250F1000051EB0C0130BD00006A
:106A1000400D40F21E4C40EAC120BCEB115C40F03E
:106A2000004003D48CF30701C84070476FEAE1705F
:106A30007047000010B504002000C0B2002801D14A
:106A4000012000E00020C0B203F0CEFF0121DFF8FA
:106A5000EC252300DBB214204343D15410BD10B504
:106A600004002000C0B2002801D1012000E0002075
:106A7000C0B203F0B9FFDFF8C8054078002801D0A4
:106A8000022000E0012010BD38B5040001252000DF
:106A9000C0B2002801D1012000E00020C0B203F004
:106AA000A3FF1420DFF894152200D2B242438A5C7F
:106AB000012A07D100222300DBB200FB03F00A54B5
:106AC000022000E00120C0B232BD10B50400200059
:106AD000C0B2002801D1012000E00020C0B203F0C4
:106AE00083FF1420DFF854152200D2B242430A4437
:106AF000002353702200D2B242430A440023D360E1
:106B00002200D2B242430A44002393602200D2B250
:106B100042430A44002313742200D2B242430A447F
:106B2000002393702200D2B242430A440123D3705F
:106B30002200D2B200FB02F00844002101710020C3
:106B4000DFF8FC14487010BD10B504002000C0B27E
:106B5000002801D1012000E00020C0B203F044FF72
:106B60001420DFF8D8142200D2B242430A44230092
:106B7000DBB243430B445B785B1C53702200D2B200
:106B800042430A442300DBB243430B44DB685B1CF3
:106B9000D3602200D2B242430A442300DBB200FB9E
:106BA00003F008448068401C906010BD10B50400DC
:106BB0002000C0B2002801D1012000E00020C0B2B6
:106BC00003F012FF1420DFF874142200D2B2424303
:106BD0000A44002393602200D2B242430A440023B5
:106BE00013742200D2B242430A440223D37022001B
:106BF000D2B242430A441279FF2A0AD02200D2B20A
:106C000042430A442300DBB243430B441B795B1C21
:106C100013712200D2B242430A440023D3600022FF
:106C20002300DBB24343CA542200D2B200FB02F07D
:106C300008440079DFF80814087010BD38B5040066
:106C400000252000C0B2002801D1012000E0002072
:106C5000C0B203F0C9FE1420DFF8E0132200D2B264
:106C600042430A44002393602200D2B242430A44C2
:106C7000002313742200D2B242430A44002353710A
:106C80002200D2B242430A440123D3702200D2B27E
:106C900042430A44002393702200D2B200FB02F068
:106CA0000844002101710020DFF8941348700A2085
:106CB000FDF7F6FE2300DBB2DFF888231DA10820D4
:106CC000F7F720FA31BD7FB504000D00082100223E
:106CD00002AE3000F6F7ACFDDFF86C03D0E900231C
:106CE000CDE9002302A800902000C0B2002801D105
:106CF000012000E00020C0B203F076FE1420CF494E
:106D00002200D2B242430A44002393602200D2B24E
:106D100000FB02F00844012101746946280080B29A
:106D20000AF03CFC2300DBB2C84A02A10820F7F7B6
:106D3000E9F97FBD63616E002DE9FF410400012583
:106D40002000C0B2002801D1012000E00020C0B224
:106D500003F04AFE2000C0B2FFF796FE060014279B
:106D6000DFF8D8822000C0B2784340448078002801
:106D700007D0022800F0C0804ED3032800F00D8118
:106D80002DE13000C0B2022845D12000C0B2FFF78B
:106D90000DFF0120FDF79DFE0120A94948708020CC
:106DA000FFF74EFA0220FFF774FA0820FFF771FA96
:106DB0001020FFF76EFA2000C0B278434044012152
:106DC000817000212000C0B200F094FEA049200094
:106DD000C0B200F006FE2000C0B278434044007903
:106DE0009C492200D2B2895C884205D32000C0B2FF
:106DF0007843404401214171C32001902000C0B27A
:106E000078434044007900902300DBB2924A8AA183
:106E10000820F7F777F9E6E0904D2000C0B27843FC
:106E20004044C0682100C9B2695C884263D3894884
:106E30002100C9B2405C2100C9B2794341440979BB
:106E400088420FD386482100C9B230F811102000C3
:106E5000C0B2FFF738FF2000C0B2784340440021A1
:106E6000817048E02000C0B2FFF7A0FE0220FDF7CD
:106E700030FE0220724948708020FFF7E1F90220BD
:106E8000FFF707FA0820FFF704FA1020FFF701FACE
:106E900000212000C0B200F02DFE6D492000C0B2DC
:106EA00000F09FFD2000C0B2784340442100C9B2E9
:106EB000695CC1602000C0B2784340440321817006
:106EC0002000C0B27843404401214171E320029088
:106ED0002000C0B278434044407901902000C0B205
:106EE00078434044007900902300DBB25D4A52A110
:106EF0000820F7F707F976E03000C0B202284BD13E
:106F00002000C0B2FFF752FE0220FDF7E2FD022092
:106F10004B4948708020FFF793F90220FFF7B9F939
:106F20000820FFF7B6F91020FFF7B3F92000C0B230
:106F3000784340440321817000212000C0B200F05A
:106F4000D9FD43492000C0B200F04BFD2000C0B283
:106F50007843404400793F492200D2B2895C88429C
:106F600005D32000C0B27843404401214171FA208A
:106F700002902000C0B27843404440790190200044
:106F8000C0B278434044007900902300DBB2354A18
:106F900029A10820F7F7B6F825E02000C0B2784311
:106FA0004044C06830492200D2B251F822108842D1
:106FB00014D32000C0B2784340440021C160284867
:106FC0002100C9B230F811102000C0B2FFF77BFEDB
:106FD0002000C0B2784340440221817003E02000C9
:106FE000C0B2FFF772FD3000C0B2012822D12000EC
:106FF000C0B278434044007C01281BD12000C0B2BD
:1070000007FB00F708EB0700806818492200D2B29E
:1070100051F8221088420DD32300DBB2144A06A196
:107020000820F7F76FF82000C0B2FFF707FE8020B6
:10703000FFF72FF9BDE8FF8163616E0098054020DE
:107040004427402068EC430068ED43008CEC43008B
:1070500058EC4300ED0A4400B8EC4300EC0A44004D
:10706000E80A4400F0EC430060ED430064ED4300A7
:1070700034ED4300FEB507000C0000250026601C1F
:10708000009094F8410001903800C0B2002816D159
:1070900020780E2802D00F2805D009E0694600208C
:1070A00002F04CFA0BE06946012002F047FA06E0D4
:1070B00094F84120611C207880B200F001F8F7BDFF
:1070C0002DE9F84F05000E0017005FF0000A2800B8
:1070D00080B2102803D23800C0B2412800D384E027
:1070E0005FF06008DFF8FC97280080B208FB00F032
:1070F0004844290089B208FB01F14944896C491CC4
:107100008164280080B208FB00F0484490F85100E8
:10711000002810D1280080B208FB00F0484401216B
:1071200080F85110280080B208FB00F009EB000441
:10713000F6F72DFCE065280080B208FB00F048441B
:1071400090F85200012808D1280080B208FB00F016
:1071500009EB0004F6F71BFCE065280080B208FB91
:1071600000F0484480F844703A00D2B23100280060
:1071700080B208FB00F04844001DFEF7BDFC04008F
:10718000002C32D0BA465FFA8AFA0096280080B204
:1071900008FB00F0484410F1040B52460099584691
:1071A000F6F746FD3800C0B2402815D23800C0B20C
:1071B000D0F1400000905FF0000A280080B208FB88
:1071C00000F048443900C9B2084410F1040B52469B
:1071D00000995846F6F72CFB280080B208FB00F80F
:1071E00009EB0800012180F85010BDE8F18F2DE96E
:1071F000F84300242000C0B20A2824D240250026EB
:107200005427DFF8E4862000C0B27843404410F1F0
:107210000109320029004846F6F70AFB2000C0B2F7
:10722000784308EB0009F6F7B2FBC9F848002000E4
:10723000C0B207FB00F708EB07002100C9B2A0F8B5
:107240004E10641CD6E7BDE8F1832DE9F843002019
:107250000024200080B210282ED24025002660276E
:10726000DFF88086200080B27843404410F10409A2
:10727000320029004846F6F7DBFA200080B2784356
:107280004044002180F85210200080B278434044EE
:10729000002180F85110200080B278434044002142
:1072A00080F85010200080B207FB00F74744F6F743
:1072B0006EFBF865641CCCE7BDE8F1832DE9F8436B
:1072C00000200024200080B2102880F089806025F2
:1072D000DFF81066200080B26843304490F8520016
:1072E00000281DD1200080B26843304490F851003E
:1072F000012815D1F6F74BFB210089B269433144CF
:107300008A6D210089B269433144C96D401A8242B5
:1073100006D2200080B268433044012180F8521028
:10732000200080B26843304490F85200012831D1E7
:10733000F6F72DFB210089B2694331444A6D2100E3
:1073400089B269433144C96D401A824222D2402732
:107350005FF00008200080B26843304410F1040957
:10736000424639004846F6F763FA200080B2684387
:107370003044002180F85110200080B2684330442E
:10738000002180F85210200080B26843304401216F
:1073900080F85010200080B26843304490F85000CC
:1073A00001281BD1200080B268433044002180F8BE
:1073B0005010FDF7F8FA012810D1200080B2684380
:1073C000304490F84420200080B205FB00F506EB25
:1073D0000500011D200080B200F004F8641C71E774
:1073E000BDE8F18370B504000D001600200080B2E6
:1073F000002818D001281ED0022824D003282AD023
:10740000042830D0052836D006283CD0072842D0A2
:10741000082848D00A284ED00B2854D00C285AD01F
:107420000D2860D067E03200D2B22900DFF8BC043A
:1074300003F0DFFA5FE03200D2B22900DFF8B004D7
:1074400003F02EFB57E03200D2B22900DFF8A4048B
:1074500003F0A8FB4FE03200D2B22900DFF8980415
:1074600003F0DAFA47E03200D2B22900DFF88C04E8
:1074700003F037FC3FE03200D2B22900DFF880048D
:1074800003F023FC37E03200D2B22900DFF87404A5
:1074900003F050FC2FE03200D2B22900DFF868047C
:1074A00003F02BFC27E03200D2B22900DFF85C04A5
:1074B00003F020FF1FE03200D2B22900DFF85004B1
:1074C00003F050FF17E03200D2B22900DFF8440485
:1074D00003F058FB0FE03200D2B22900DFF8380485
:1074E00003F0D5FA07E03200D2B22900DFF82C040D
:1074F00003F0E6FAFFE770BDF0B589B0040020782C
:107500000A2805D22078002802D020780A2800D145
:1075100023E1601C00902078012810D0C0F0188171
:10752000032818D011D3052838D01AD307286FD0D4
:1075300051D3092800F0EC80C0F0E58008E16946ED
:10754000DFF8DC0303F0E0FE03E16946DFF8D40373
:1075500003F0F6FDFDE06946DFF8CC0303F0B0FC74
:10756000F7E0DFF8C803D0E90023CDE9072307AA35
:107570000321012003F087F9C0B2002808D10C25AF
:10758000089EDFF8AC732A0031003800F6F750FB94
:107590006946DFF89C0303F01EFBDAE0DFF8940392
:1075A000D0E90023CDE9052305AA0321012003F03A
:1075B0006AF9C0B2002808D10C25069EDFF878735E
:1075C0002A0031003800F6F733FB6946DFF868031C
:1075D00003F0F3FBBDE0DFF86403D0E90023CDE95D
:1075E000032303AA0321012003F04DF9C0B20028B0
:1075F00008D10C25049EDFF848732A0031003800BA
:10760000F6F716FB6946DFF8380303F074FAA0E0DA
:107610000025DFF80C63F6F7BAF9306303F02AF8B7
:10762000B086DFF820034178007850EA0120F08628
:10763000DFF814034178007850EA01203087FBF727
:10764000E5FC002801D1012000E0002086F83A0086
:10765000DFF898020179012902D00079022801D1CE
:10766000012000E0002086F83B00FEF728FE4008DD
:1076700010F0010086F83C00002086F83D00FEF77F
:107680001EFEC00810F0010086F83E00012086F8BA
:107690003F00FDF70FF8A6F84000FEF75CFE86F805
:1076A000420086F84850DFF8A402017886F84910B5
:1076B000407886F84A000020706400210800C0B2BB
:1076C00010281AD26022874B0800C0B250431844D9
:1076D00090F8520000280ED10800C0B202FB00F260
:1076E00003EB020090F85300002804D1706C0122D3
:1076F0008A4010437064491CE0E7694616F1300087
:1077000003F016FC25E06946914803F0C3FB20E036
:10771000834D8D484178007850EA0120A5F8A400F7
:1077200002F0A8FFA5F8A0008A484178007850EA46
:107730000120A5F89E0083484178007850EA012096
:10774000A5F8A200694615F19E0003F071FD00E066
:1077500003E09DF8080084F8410009B0F0BD2DE970
:10776000F0410024002500260A2E80F0B880082E63
:1077700040F0B380002004005427DFF86C8107FB41
:1077800006F0404490F84200002800F0A68007FB75
:1077900006F0404490F8430001280ED107FB06F0A4
:1077A000404490F85100002807D1002007FB06F75D
:1077B00008EB070181F850008FE007FB06F040441A
:1077C000B0F84E00002813D007FB06F04044B0F894
:1077D0004E00401E07FB06F14144A1F84E0007FB96
:1077E00006F04044B0F84E00002876D10120040095
:1077F000F6F7CDF807FB06F14144896C401A050005
:1078000007FB06F0404490F84300002803D002280C
:107810001ED009D33CE007FB06F04044406CA84270
:1078200001DA0120040033E007FB06F04044406C1D
:10783000A8420CDA07FB06F0404490F85100401EC5
:1078400007FB06F1414481F85100012004001FE0CC
:1078500007FB06F0404490F8500001280FD107FBC9
:1078600006F04044B0F84C00A84208DA002007FBBC
:1078700006F1414481F850000120040007E007FBB5
:1078800006F04044406CA84201DA01200400FFE702
:107890002000C0B2002820D0F6F779F807FB06F1E7
:1078A00041448864FDF76CF801280BD107FB06F012
:1078B0004044FFF721FE07FB06F708EB0701002015
:1078C00000F092FA24490878002806D101200870B7
:1078D000224A23490820F6F715FC761C44E7BDE848
:1078E000F081000088040020880A0020C0320020B7
:1078F000C4320020C8320020D0320020E8320020FC
:10790000E9320020EA320020F8320020FC32002068
:10791000FD320020FE320020003300200233002020
:10792000084300200A4300201A4300208CE2430051
:107930001C43002094E24300284300209CE24300C3
:1079400034430020FABF4B00F8BF4B0044274020CF
:107950005C430020FABF44004E27402074E24300FD
:107960006CE2430010B504002000C0B2002801D131
:10797000012000E00020C0B203F036F82000C0B2C1
:1079800000282DD1002008F0FDFE2000C0B200F03C
:1079900066FB0022DFF8E41A6D2014F015FE0022C9
:1079A000DFF8DC1A6E2014F00FFE0022DFF8D41A84
:1079B0006F2014F009FE04216D2015F077FC0521DD
:1079C0006E2015F073FC06216F2015F06FFC6D2002
:1079D00014F005FE6E2014F002FE6F2014F0FFFD7F
:1079E00010BD2DE9F04704000D002000C0B20028B2
:1079F00001D1012000E00020C0B202F0F5FF3426E2
:107A0000DFF8847A2000C0B27043385C00284FD180
:107A10002300DBB2DFF8742ACBA10820F6F772FB53
:107A20005FF034085FF000092000C0B2704307EB3C
:107A3000000A4A4641465046F5F7FAFE2000C0B219
:107A400070433844296881612000C0B270433844D3
:107A5000A98881832000C0B270433844A96841627C
:107A60002000C0B270433844A98901852000C0B20B
:107A700070433844002180F82E1001202100C9B243
:107A8000714378542000C0B27043384400214185CE
:107A90002000C0B206FB00F607EB0600002181853E
:107AA0002000C0B2FFF75EFF2000C0B200F0AAF8CD
:107AB000BDE8F08738B50400DFF8CC192200D2B257
:107AC0003420424301EB02052000C0B2002801D15E
:107AD000012000E00020C0B202F086FF28780028D4
:107AE00007D02300DBB2DFF8A82997A10820F6F71A
:107AF00009FB31BD38B504000D002000C0B20028DC
:107B000001D1012000E00020C0B202F06DFFDFF8DB
:107B100078192200D2B2342042438D5431BD10B5C1
:107B200004002000C0B2002801D1012000E00020A4
:107B3000C0B202F059FFDFF85019E4B234204443D8
:107B4000085D10BD0100481E89B20029FAD17047B6
:107B500038B504000D002000C0B2002801D101207A
:107B600000E00020C0B202F03FFF2000C0B20028B9
:107B700047D12800C0B2012804D042D3032827D01F
:107B800015D33EE04FF47A70FFF7DCFF012120208F
:107B900013F0DDFB01214E2013F0D9FB2300DBB2F3
:107BA000DFF8F02868A10820F6F7ACFA29E00021F8
:107BB000202013F0CCFB00214E2013F0C8FB230043
:107BC000DBB2DFF8D42860A10820F6F79BFA18E0B2
:107BD00000214E2013F0BBFB0121202013F0B7FB46
:107BE0004FF47A70FFF7AEFF0021202013F0AFFBB7
:107BF0002300DBB2DFF8A42853A10820F6F782FAAD
:107C0000FFE731BD38B50400DFF87C182200D2B29E
:107C10003420424301EB02052000C0B2002801D10C
:107C2000012000E00020C0B202F0DEFE287801282A
:107C300001D0012028702300DBB2DFF8642842A1C4
:107C40000820F6F75FFA05212000C0B200F072FAB2
:107C500031BD38B50400DFF830182200D2B234202C
:107C6000424301EB02052000C0B2002801D10120EF
:107C700000E00020C0B202F0B7FE2878012815D13C
:107C80002000C0B200F062F82878022801D002205B
:107C900028702300DBB2DFF80C2852A10820F6F789
:107CA00031FA00212000C0B200F044FA31BD38B5ED
:107CB0000400DFF8D4172200D2B23420424301EB93
:107CC00002052000C0B2002801D1012000E0002000
:107CD000C0B202F089FE287801280DD12000C0B280
:107CE00000F034F808F07AFD2300DBB2DFF8B827A3
:107CF0003CA10820F6F706FA31BD38B50400DFF8DC
:107D000088172200D2B23420424301EB0205200042
:107D1000C0B2002801D1012000E00020C0B202F072
:107D200063FEE98B491C0800AA8B80B2904201D304
:107D30000020010008002A8C80B2904201D101206D
:107D400000E00020C0B232BD63616E0070B5040077
:107D5000DFF834172200D2B23420424301EB02058F
:107D60002000C0B2002801D1012000E00020C0B2F4
:107D700002F03AFE0026300080B20E2805DA30000C
:107D800080B208F056FE761CF5E7002068850020DA
:107D9000A88570BD38B50400DFF8EC162200D2B219
:107DA0003420424301EB02052000C0B2002801D17B
:107DB000012000E00020C0B202F016FE95F82E006F
:107DC00001280DD1286B002803D0286B401E2863A2
:107DD00006E0002085F82E002000C0B2FFF7B6FFB5
:107DE00031BD000063616E002DE9F04104000D001B
:107DF000DFF894162200D2B23420424301EB02068F
:107E0000778D2000C0B2002801D1012000E00020C1
:107E1000C0B202F0E9FD3078002801D1012057E01E
:107E2000DFF888162000C0B201EB400080780028FF
:107E300006D02000C0B201EB40008078012801D1BB
:107E4000012045E02000C0B201EB4000407801284D
:107E500001D001203CE02000C0B201EB400080785E
:107E6000042806D02000C0B201EB4000807805282D
:107E700006D10021287880B200F0E7FA002027E040
:107E80002000C0B2FEF7EBFD012801D001201FE069
:107E90007F1C308D874201D300200700B08D8742C0
:107EA00001D1072014E0716A728D4220424301EB38
:107EB0000208404629004222F5F7BAFE708D401CA8
:107EC0007085708D318D884201D30020708500202F
:107ED000BDE8F0812DE9F84191B004000D0028685B
:107EE000002802D06868412801D3012012E0200058
:107EF0008DF8000068688DF841006E682F680DF1FC
:107F00000108320039004046F5F792FE694600202C
:107F1000FFF76AFF12B0BDE8F0812DE9F84191B09A
:107F20000400DFF864152200D2B23420424301EB92
:107F300002052000C0B2002801D1012000E000208D
:107F4000C0B202F051FDE88B298C88421AD042263B
:107F5000A9692A8C4220424301EB0207E84632001D
:107F600039004046F5F764FE69462000C0B2FFF7CD
:107F700081F8288C401C2884288CA98B884201D346
:107F80000020288412B0BDE8F081FEB50500DFF8BE
:107F9000F8142A00D2B23420424301EB0206280032
:107FA000C0B2002801D1012000E00020C0B202F0E0
:107FB0001BFD96F82E00012850D0708DB18D88429F
:107FC0004CD0716AB28D4220424301EB020701207E
:107FD00086F82E004A203063781C009097F8410004
:107FE000019038780A2826D1787805281CD1B878ED
:107FF000712819D1F878012816D13879FF2813D1C2
:108000007879042810D1B87900280DD1FCF725F92A
:10801000012803D10120DFF898144877022001F0ED
:1080200097FB002004000CE06946387880B209F024
:10803000B5FA040005E06946387880B209F0AEFA76
:1080400004002000C0B2002808D1B08D401CB085CB
:10805000B08D318D884201D30020B085F7BD38B591
:1080600004002000C0B2002801D1012000E000205F
:10807000C0B202F0B9FCDFF8345402202100C9B2CA
:1080800005EB4101487000202100C9B205EB410118
:108090008870002009F07EFA0120287031BD70B58B
:1080A00004000D002000C0B2002801D1012000E032
:1080B0000020C0B202F098FC00262800C0B20128BF
:1080C00002D0032813D025E001212000C0B208F01F
:1080D000C8FB01212000C0B2FFF73AFD2300DBB24C
:1080E000DFF8D0238AA10820F6F70CF814E003216A
:1080F0002000C0B208F0B5FB03212000C0B2FFF79A
:1081000027FD2300DBB2DFF8B02381A10820F5F7BB
:10811000F9FF01E0012006003000C0B2002806D1BE
:10812000DFF888032100C9B200EB41004570300040
:10813000C0B270BD2DE9F84305000C002800C0B2A4
:10814000002801D1012000E00020C0B202F04CFC68
:108150000026DFF858732800C0B207EB400090F803
:108160000280C1462000C0B2002809D0022822D0D7
:108170000CD3042860D033D3062847D003D374E04F
:108180000020814673E00320814670E04046C0B283
:10819000032802D1022081460CE04046C0B20128EB
:1081A00002D10020814605E04046C0B2052801D139
:1081B000042081465BE04046C0B2022802D1032081
:1081C00081460CE04046C0B2002802D10120814621
:1081D00005E04046C0B2042801D10520814646E0B2
:1081E0004046C0B2032803D04046C0B2052802D1A1
:1081F0000120814609E04046C0B2022803D0404633
:10820000C0B2042801D10020814630E04046C0B20F
:10821000002803D04046C0B2022802D10420814683
:1082200009E04046C0B2032803D04046C0B201284E
:1082300001D1052081461AE04046C0B2002802D193
:108240000220814610E04046C0B2012803D04046DB
:10825000C0B2052802D10320814605E04046C0B2E5
:10826000042801D10220814601E001200600484691
:10827000C0B2002803D04846C0B2042805D103216B
:108280002800C0B2FFF70BFF04E001212800C0B2B4
:10829000FFF705FF2800C0B207EB400080F802900E
:1082A0003000C0B2BDE8F28338B504000D002000F4
:1082B000C0B2002801D1012000E00020C0B202F0CD
:1082C00093FB31BD38B504002000C0B2002801D1B5
:1082D000012000E00020C0B202F086FB6A492200C3
:1082E000D2B23420424301EB0205287801280ED196
:1082F0002300DBB2714A06A10820F5F703FF200036
:10830000C0B2FFF7D4FC2000C0B2FEF793FB31BD32
:1083100063616E002DE9F84F04000D005A4E0027EE
:10832000B169F28B4220424301EB020888F8004019
:10833000D5F80490D5F800A018F1010B4A46514633
:108340005846F5F775FC686888F841000020FFF78B
:10835000D4FC002808D1F08B401CF083F08BB18B4B
:10836000884201D30020F083BDE8F18F2DE9F14F61
:1083700094B00C0015001E00434803905FF0000904
:1083800000275FF00008002C01D500205AE04C487F
:108390002040B0F5806F08D12800C0B2082804D171
:1083A00009200700012080462AE000208146484637
:1083B000C0B2102824D243484946C9B250F83110FF
:1083C000A1421AD14946C9B20F0014F4E061B1F5D7
:1083D000E06F06D12800C0B208280DDB01208046DE
:1083E0000AE04946C9B200EBC10000792900C9B2D0
:1083F000884201D10120804602E019F10109D6E747
:108400004046C0B2002801D100201BE02800C0B2C5
:10841000412801D3002015E0AA465FFA8AFA0096A7
:108420000DF1100B524600995846F5F701FC04A8CF
:1084300001902800C0B2029001A9380080B2FFF775
:1084400069FF012015B0BDE8F08F0F4A002382F8C4
:108450002E3070470C4A002382F82E30704770B5DA
:1084600004000D00084E002086F82E00200080B287
:108470000A2802D1022001F06BF970BD2BDF430006
:1084800035DF430045DF4300501F402040064400D5
:10849000540644006C06440098064400C806440094
:1084A000F80644000807440020074400841F4020C9
:1084B0000C00402038074400640744008C07440047
:1084C00000F7FFFF0804002001F000428B1AA3F11F
:1084D0006051B1F5801F0ADBB1F17F6F1FD242EA14
:1084E000C102C10071F1004142EB507070470B15A1
:1084F000C3F10903212B10D2890241EA9051800275
:108500000128494141F0004121FA03F0C3F1200361
:10851000994071F1004150417047100070476FF071
:10852000000013EB103F5CBF000E42EAC0507047E2
:10853000DFF8941B096809680968B0FBF1F070471F
:1085400010B40200002000231478002C05D0012C68
:1085500007D10C682478230003E00C6864782300BA
:10856000FFE713F0F004E4B2002C06D0102C07D083
:10857000202C08D0302C09D01BE00124200018E06A
:108580000224200015E00324200012E013F00F0461
:10859000002C03D0022C07D003D308E004242000D1
:1085A00007E00424200004E00424200001E0042467
:1085B0002000C0B210BC7047F0B4040000230026B5
:1085C0002078002803D0012803D1002503E00125ED
:1085D00001E0002033E00020087010682E00F6B2A1
:1085E0003044407816682F00FFB2F65D16F00F0693
:1085F000360256FA80F0002821D113682E00F6B218
:1086000033449B7816682F00FFB23E44F678360458
:1086100056EA036613682F00FFB23B441B7956EA03
:10862000032613682F00FFB23B445B791E433000E2
:10863000B0F5805F01D20023180001230B70F0BC5D
:108640007047012101740021C17200214180002185
:10865000018000214161002181610021C16100216F
:10866000A0F86610002180F864104FF6FF71A0F8A2
:1086700068107047012101740021C17200214180FE
:108680000021018000214161002181610021C1613F
:10869000022180F864104FF6FF71A0F8681070474F
:1086A0002DE9F04704000D0016001F00DDF82080C2
:1086B0000020C8F80000287C032807D015F11C0210
:1086C0006969A08802F071FE81460BE0DFF8441C66
:1086D000002048600020086015F11C02A08802F00C
:1086E0004DFE81464846C0B200281FD1DFF824ACB9
:1086F000CAF80060E869B84209D3CAF8047015F1F5
:108700001C025146A08802F039FE814601E0022099
:1087100081464846C0B2002808D1DAF80400C8F8FB
:108720000000A969DAF804004118A9614846C0B2FE
:10873000BDE8F087F0B403000020002440252E009F
:10874000F6B2B2420CD20024944206D20E5D03EB84
:10875000040787F82060641CF6E71A6601242000ED
:10876000C0B2F0BC704770B504000D001600A07CCC
:1087700001284AD140207168092901D2082138E036
:108780007168092904D371680C2901D20C2130E0E9
:1087900071680C2904D37168102901D2102128E0D6
:1087A0007168102904D37168142901D2142120E0C2
:1087B0007168142904D37168182901D2182118E0AE
:1087C0007168182904D37168202901D2202110E092
:1087D0007168202904D37168302901D2302108E062
:1087E0007168302904D37168412901D2402100E029
:1087F000716870680A00D2B2904204DA5522336878
:108800001A54401CF6E7C9B271602089E860012063
:10881000E87231006088FFF75DFB70BDF8B50400B9
:108820000D00160040207168092901D2082738E0A0
:108830007168092904D371680C2901D20C2730E032
:1088400071680C2904D37168102901D2102728E01F
:108850007168102904D37168142901D2142720E00B
:108860007168142904D37168182901D2182718E0F7
:108870007168182904D37168202901D2202710E0DB
:108880007168202904D37168302901D2302708E0AB
:108890007168302904D37168412901D2402700E072
:1088A0007768A07C01280CD170683900C9B2884271
:1088B00004DA552132681154401CF6E73800C0B282
:1088C00070602089E8600120E87231002088FFF79D
:1088D00001FBF2BD2DE9F04792B005000E00170034
:1088E00000245FF001085FF0000902A80090A87959
:1088F000002805D1307A02A92200D2B28854641C23
:108900003800C0B2002805D0022837D035D303285C
:108910005FD072E002A930202200D2B28854641CD9
:10892000A879002806D1F069727CB0FBF2F0401CF7
:10893000814605E0F069727CB0FBF2F0401C814694
:10894000E8794A4680B292B2904201D2E8798146F3
:10895000E879B0722000C0B201F80090641CE88A87
:108960002200D2B28854641CA6F800902000C0B245
:1089700001900020A6F866003FE03EE002A9312009
:108980002200D2B28854641CA879002806D1F0696C
:10899000727CB0FBF2F0401C814605E0F069727C0D
:1089A000B0FBF2F0401C814686F80A902000C0B26D
:1089B00001F80090641CE88A2200D2B28854641C3A
:1089C0002000C0B20190B6F86600401CA6F8660010
:1089D00013E002A832212200D2B28154641C492142
:1089E0002200D2B28154641CE98A2200D2B281549E
:1089F000641C2000C0B20190FFE76A4631002800E5
:108A0000FFF7B1FE82465046C0B200280CD00121CB
:108A1000A88802F0BFFC012030744FF6FF70A6F862
:108A20006800002086F8640012B0BDE8F0872DE9E8
:108A3000F84F86B004000D0016005FF0000A002019
:108A40008DF804000027002004905FF0000800204B
:108A50000390002002905FF00109A07900280DD159
:108A6000002031685246D2B2895C1AF1010A0A002C
:108A7000D2B2E3691B689A4240F01381287C032834
:108A800040F00F817068697C884213D0697C6A6904
:108A9000A869121A91420DD20121A08802F07AFC35
:108AA000012028744FF6FF70A5F86800002085F8B3
:108AB0006400F6E030685146C9B2405C10F00F0027
:108AC0008DF804001AF1010A9DF80400022801D172
:108AD000012081469DF80400A97811F00F01884219
:108AE0000DD00521A08802F055FC012028744FF616
:108AF000FF70A5F86800002085F86400D1E0716877
:108B00005046C0B2091A03916969A869091A0F0091
:108B10000398874201D2B84601E00398804602A834
:108B20000090434630685146C9B200EB010229006B
:108B30002000FFF7B5FD81464846C0B201280DD19F
:108B40000121A08802F026FC012028744FF6FF7056
:108B5000A5F86800002085F86400A2E04846C0B28D
:108B600002286DD10020A179012905D1082F01D358
:108B7000012006E0002004E0072F01D3012000E0DF
:108B80000020002802D05FF0010B01E05FF0000B35
:108B90002888012846D15846C0B2002842D000207B
:108BA0008DF800000298B8EB00000590A07901282C
:108BB00016D1059A306802990844411C2800FFF735
:108BC000B9FD012818D0012028744FF6FF70A5F8D0
:108BD0006800002085F8640001208DF800000BE09B
:108BE000012028744FF6FF70A5F86800002085F872
:108BF000640001208DF800009DF80000002850D18D
:108C00006888401C68806089401C68600520287462
:108C1000012085F864004A46D2B229002000FFF7FF
:108C200059FE3EE00121A08802F0B4FB0120287427
:108C30004FF6FF70A5F86800002085F8640030E06A
:108C40004846C0B200282CD16969A869091A049164
:108C50000498002818D06888401C6880288800285C
:108C600002D02888401E28802888002808D1A87AA9
:108C7000002805D0002229002000FFF72BFE10E07D
:108C8000A089401C68600CE0012028744FF6FF703A
:108C9000A5F86800002085F864000021A08802F093
:108CA00079FB07B0BDE8F08F2DE9FE4304000D000D
:108CB0005FF0000900212E6E3000C0B22844203041
:108CC000009040273A00D2B23000C0B2121A6B694D
:108CD000A8691B1A9A4206D23900C9B23000C0B244
:108CE000091A019103E06969A869091A019115F14E
:108CF0001C0300226946608802F063FB8046296EEF
:108D0000019841182966A96901984118A96140464E
:108D1000C0B2002816D115F120000090019850FA39
:108D200086F001902089401C6860092028746A46FA
:108D300029002000FFF772FD0100C9B2002901D00F
:108D4000012188464046C0B2BDE8FE8370B50400EC
:108D50000D006888401C688001202866A0790028E2
:108D600002D1286E40002866A87810F00F0020304D
:108D7000296E2944C8772888002802D02888401EF8
:108D80002880A869696988420DD30021608802F0B3
:108D900027FB012028744FF6FF70A5F86800022019
:108DA00085F864004FE02888002808D1A87A0028B8
:108DB00005D06089401C68600820287443E0687A08
:108DC000002820D129002000FFF76EFF06003000A8
:108DD000C0B2002837D03000C0B2022805D1A08927
:108DE000401C6860072028742DE00121608802F093
:108DF000F7FA012028744FF6FF70A5F868000220EA
:108E000085F864001FE0687A802805DA687AFFF741
:108E10008FFB401C686014E0687AF1280CDB687AEC
:108E2000FA2809DA687AF0380A2190FBF1F0FFF7A6
:108E30007FFB401C686004E07F20FFF779FB401C4B
:108E400068600620287470BDF8B504000D00160097
:108E50000027A079002809D100203168C95D7F1C56
:108E60000A00D2B263691B689A4248D1287C08285C
:108E700045D13800471C3168085C10F00F0000280D
:108E800003D0022820D019D32CE03068C05D7F1CAD
:108E9000A872C0B228803800471C3168085C0028DE
:108EA00002D10120687203E03068C05D68727F1CE7
:108EB000A089401C68600720287420E06089401C5D
:108EC0006860082028741AE00A21608802F088FA95
:108ED000012028744FF6FF70A5F86800022085F87D
:108EE00064000CE00621608802F07AFA0120287400
:108EF0004FF6FF70A5F86800022085F86400F1BD08
:108F00002DE9FC4705000E00170098465FF00009A8
:108F1000307C012816D0307C052813D0307C042802
:108F200010D0DFF8BC0C00684168B6F86820282033
:108F3000424301EB0200B0F808A00121504680B284
:108F400002F028FAA87900280DD1002039680978A4
:108F50000A00D2B2EB691B689A4204D00800C0B282
:108F6000FF2840F0AD803000FFF76BFBA8790128A7
:108F70001BD13868007800280AD13868407804008E
:108F8000386810F1020A3F2C01D2002C10D197E072
:108F90003868007810F00F000400386810F1010AFA
:108FA000082C01D2002C03D18AE0386810F1020AA3
:108FB000786808280ED00C280FD0102813D0142859
:108FC00017D018281BD020281FD0302823D04028A5
:108FD00027D02CE0082C73D22AE00B2C01D2082CCD
:108FE00000D26DE024E00F2C01D20B2C00D267E000
:108FF0001EE0132C01D20F2C00D261E018E0172CD8
:1090000001D2132C00D25BE012E01F2C01D2172CEE
:1090100000D255E00CE02F2C01D21F2C00D24FE0E3
:1090200006E03F2C01D22F2C00D249E000E047E0BF
:10903000746102203074012086F864006889401C45
:109040007060A6F8688001A80090230052463100A5
:109050002800FFF725FB81464846C0B200280DD105
:109060000021A88802F096F9012030744FF6FF70B5
:10907000A6F86800002086F8640021E04846C0B2E7
:10908000022814D1A879012803D13868401C8246EF
:1090900002E03868801C8246220051463000FFF70B
:1090A00049FB04203074012086F8640008E00120A8
:1090B00030744FF6FF70A6F86800002086F8640050
:1090C000BDE8F387000000007C0940202DE9FF4740
:1090D00004000D0016001F005FF0000A5FF000089A
:1090E00000208DF804007068412880F01081A0797C
:1090F000002809D13068007880464046C0B2E16956
:109100000968884240F00381287C012816D0287C19
:10911000052813D0287C042810D0DFF8C40A006882
:109120004168B5F868202820424301EB0200B0F8FE
:1091300008900121484680B202F02CF92800FFF780
:1091400080FA320001A9A01DFFF736FA8146B9F175
:10915000080FC0F0DC80A07901280DD19DF8040033
:10916000002804D17068801E484513D3CFE0706892
:10917000801F48450ED3CAE09DF80400002804D1A2
:109180007068C01E484505D3C1E07068C01F4845DF
:1091900080F0BD8070686874C5F81490A5F8687098
:1091A0000120688002202874012085F8640060890D
:1091B0006860A07901281BD19DF8040000280BD11C
:1091C00002A8009073689B1E3068821C2900200052
:1091D000FFF766FA824629E002A8009073689B1F99
:1091E0003068821D29002000FFF75AFA82461DE0F0
:1091F000A069006828729DF8040000280BD102A81D
:1092000000907368DB1E3068C21C29002000FFF745
:1092100047FA82460AE002A800907368DB1F3068B4
:10922000C21D29002000FFF73BFA82465046C0B21B
:1092300000280ED1A089401C6860032028740120FA
:1092400085F864005246D2B229002000FFF742FBA5
:109250005DE05046C0B2022838D1A079012813D170
:109260009DF80400002807D17268921E3068811CA6
:109270002800FFF75FFA1AE07268921F3068811DBC
:109280002800FFF757FA12E09DF80400002807D1E4
:109290007268D21E3068C11C2800FFF74BFA06E046
:1092A0007268D21F3068C11D2800FFF743FA608939
:1092B000401C686005202874012085F8640052462F
:1092C000D2B229002000FFF705FB20E05046C0B2D3
:1092D00003280FD15246D2B229002000FFF7FAFA34
:1092E000012028744FF6FF70A5F86800002085F86B
:1092F00064000CE05046C0B2012808D10120287457
:109300004FF6FF70A5F86800002085F86400BDE8FE
:10931000FF8700008009402030B4030000209A79C4
:10932000002A0ED13E221400E4B24D69AC4202D3B1
:109330000124200013E0DC7C012C10D10224200049
:109340000DE03F221400E4B24D69AC4202D3012487
:10935000200004E0DC7C012C01D102242000C0B2FA
:1093600030BC70472DE9F84305000E0000275FF080
:1093700000085FF000090620DFF864180A689268A8
:109380002B009BB243431A4452884FF6FF739A4214
:1093900000F0A4800A6892682B009BB200FB03F0E7
:1093A00010444088040008684168220092B22820D6
:1093B000424301EB0200001D0700DFF82818BA7BCA
:1093C0004FF4A270424301EB0200001D804698F862
:1093D0001000012840F080800020C8F860000020C4
:1093E000C8F818000020A8F802007068C8F8140037
:1093F000B889401CC8F80400032088F86400A8F865
:10940000684041463800FFF787FF0100B87900281F
:1094100009D1D8F86000421CC8F86020BA69126807
:10942000404480F820200800C0B2012802D0022861
:109430002AD04BE0D8F81400C0B200280ED098F81B
:10944000140008280ADAD8F86000421CC8F8602026
:10945000D8F81420404480F8202012E0D8F86000AA
:10946000421CC8F860200022404480F82020D8F830
:109470006000421CC8F86020D8F81420404480F8EE
:1094800020200020814623E0D8F86000421CC8F864
:109490006020D8F81420120A12F00F0252F01002C5
:1094A000404480F82020D8F86000421CC8F86020B2
:1094B000D8F81420404480F820200120A8F80000AB
:1094C000012088F80A000020814601E00120814641
:1094D000072088F8100001E0012081464846C0B20C
:1094E000BDE8F283F8B50400DFF8F4060460002557
:1094F0002800C0B203281CDA4FF4A276DFF8E47625
:109500002800C0B270433844001DFFF7B3F82800AC
:10951000C0B2704338447030FFF793F82800C0B2EF
:1095200006FB00F607EB0600DC30FFF78AF86D1C3F
:10953000DEE70120DFF8AC164870F1BD2DE9FE4FE3
:1095400006000F00002002904FF6FF742500DFF8A0
:109550009086300080B2D8F8001009688968884287
:1095600080F0F480DFF87C9699F80100012840F043
:10957000ED8078680828C0F0E9805FF0060AD8F826
:1095800000008068310089B20AFB01F108440190B3
:1095900039000198FEF7D4FF8DF800009DF8000017
:1095A000042834D1D8F800008068310089B20AFB61
:1095B00001F10844B0F802B0D8F80000806831002A
:1095C00089B20AFB01F108448088A0421ED0D8F875
:1095D00000008068310089B20AFB01F108448088EC
:1095E000ADF80200D8F800004168BDF8022028203C
:1095F000424301EB0200051DA97B4FF4A2704143D9
:1096000009EB010010F1040900243EE09EE0D8F8C7
:1096100000008068310089B20AFB01F108444088EB
:10962000A04231D0D8F800008068310089B20AFB2E
:1096300001F10844B0F802B0D8F8000041685A4679
:1096400092B22820424301EB0200041DE07C002876
:109650000CD1A17B4FF4A270414309EB010010F142
:10966000DC090020DFF8801508700BE0A17B4FF4C7
:10967000A270414309EB010010F170090120DFF8ED
:1096800068150870002500E060E09DF800000028E3
:109690005BD002281DD003D3042844D031D355E039
:1096A000002C15D03868007802280AD13868407834
:1096B0003E2806D138688078802802D1F5F732F844
:1096C00044E05B469BB23A0049462000FFF718FC95
:1096D0003CE0300080B2012838D0D8F80000806823
:1096E000310089B20AFB01FA504440888346002CBD
:1096F00006D05B469BB23A0049462000FFF7E6FCE5
:1097000024E0D8F800008068310089B20AFB01FA31
:10971000504440888346002C04D03A00494620003B
:10972000FFF785F912E0D8F800008068310089B2AF
:109730000AFB01FA504440888346002D04D03A00C9
:1097400049462800FFF780FB00E0FFE7BDE8F78F00
:109750002DE9F0410400002600270620DFF88014E0
:109760000A68926823009BB243431A4452884FF61A
:10977000FF739A4241D00A68926823009BB200FBB3
:1097800003F01044408805002822086840682B0038
:109790009BB25343C05C00281BD108684068290075
:1097A00089B202FB01F21044001D0700DFF83414F7
:1097B000BA7B4FF4A270424301EB020010F104089F
:1097C00098F81000092818D141463800FFF7BEFA72
:1097D00013E008684068290089B202FB01F21044D6
:1097E000001D0600DFF8FC13B27B4FF4A270424369
:1097F00001EB0200002180F87B10BDE8F0817CB510
:1098000004000D006868002802D06868401E686087
:1098100001A800902B6E15F1200229002000FEF710
:109820003FFF06003000C0B200280DD10021A08803
:1098300001F0B0FD012028744FF6FF70A5F8680014
:10984000002085F8640013E03000C0B2022802D185
:109850006868002803D03000C0B2012808D1012078
:1098600028744FF6FF70A5F86800002085F86400A2
:1098700073BD70B504000D00287C062806D06FD398
:10988000082843D010D3092857D069E06868002819
:1098900002D06868401E68606868002860D10720B0
:1098A0002874A089401C686029002000FFF7FCF99B
:1098B00006003000C0B2002827D03000C0B2022815
:1098C00016D16868002802D06868401E6860686821
:1098D00000281AD1012028744FF6FF70A5F86800FF
:1098E000022085F864000121608801F079FD0CE018
:1098F000012028744FF6FF70A5F86800022085F853
:1099000064000121608801F06BFD29E0686800288F
:1099100002D06868401E6860686800280CD1012089
:1099200028744FF6FF70A5F86800022085F86400DF
:109930000321608801F054FD12E06868002802D01D
:109940006868401E68606868002808D10120287493
:109950004FF6FF70A5F86800022085F86400FFE765
:1099600070BD2DE9FC4104000D00287C032806D0C1
:10997000C0F0B080052819D0C0F0A780AAE06868C0
:10998000002802D06868401E6860686800280CD112
:109990000421A08801F0FEFC012028744FF6FF701E
:1099A000A5F86800002085F8640093E06868002846
:1099B00002D06868401E68605FF0000801A800904F
:1099C0002B6E15F1200229002000FEF769FE06002B
:1099D0006F69A8693F1A3000C0B200281AD1002F61
:1099E0000AD03200D2B229002000FEF773FFA0890E
:1099F00068600320287467E0012028744FF6FF7028
:109A0000A5F86800002085F864000021A08801F016
:109A1000C1FC59E03000C0B202283ED1686800287D
:109A200021D1B5F86600217D89B2884207D2022291
:109A300029002000FEF74EFF6089686044E00120A5
:109A400028744FF6FF70A5F86800002085F86400C0
:109A50000020A5F86600A869002835D00121A0885B
:109A600001F098FC30E0B5F86600217D89B28842AB
:109A70002AD3012028744FF6FF70A5F86800002053
:109A800085F864000020A5F86600A86900281BD0AE
:109A90000121A08801F07EFC16E03000C0B2012850
:109AA00012D1012028744FF6FF70A5F8680000203D
:109AB00085F864000020A5F86600A869002803D096
:109AC0000121A08801F066FC04E029002000FFF7D6
:109AD00096FEFFE7BDE8F38138B504000D00287C51
:109AE000042804D129002000FFF789FEFFE731BDDB
:109AF0002DE9FE4F0024002500260027DFF8E48032
:109B000098F80100012869D15FF00009B9F1030F4D
:109B100064D24FF4A27A0AFB09F04044B0F86C001A
:109B2000ADF804000AFB09F04044B0F8D800ADF8E5
:109B300002000AFB09F04044B0F84401ADF800000F
:109B40004FF6FF7BBDF80400584513D02448006849
:109B50004168BDF804202820424301EB0200001DAB
:109B600006000AFB09F04044001D040021003000FB
:109B7000FFF77FFEBDF80200584513D01848006873
:109B80004168BDF802202820424301EB0200001D7D
:109B900007000AFB09F04044703005002900380036
:109BA000FFF7DFFEBDF80000584514D00C480068F0
:109BB0004168BDF800202820424301EB0200001D4F
:109BC00007000AFB09FA08EB0A00DC30050029004F
:109BD0003800FFF781FF19F1010997E7BDE8F78F1A
:109BE0007C094020AC054020522740202DE9F04759
:109BF00004001A4D287800282DD1002C2BD0184EA7
:109C0000346030688068002823D03068C06800283D
:109C10001FD000271349C88987421AD23068C0680C
:109C200050F827000068002811D03068C06850F84C
:109C30002700D0F800803068806850F82790886846
:109C400050F827A0424649465046F3F7F1FF7F1CE3
:109C5000E0E701202870BDE8F08700005D27402084
:109C600044264020440A440070B504000D00002042
:109C70000026AE4208D204EB06004278A15D5C20CB
:109C800001F0B9FBB61CF4E770BD70B504000D001F
:109C900000200026AE4208D204EB06004278A15D07
:109CA0005D2001F0A8FBB61CF4E770BD70B50400A0
:109CB0000D0000200026AE4208D204EB06004278D8
:109CC000A15D5F2001F097FBB61CF4E770BD80B585
:109CD0001221DFF82C03FFF7E9FF0C21DFF8240342
:109CE000FFF7E4FF0C21DFF82003FFF7DFFF0C2173
:109CF000DFF81803FFF7DAFF3221DFF81403FFF76C
:109D0000D5FF3E21DFF80C03FFF7AEFF1021DFF88F
:109D10000803FFF7BAFF0A21DFF80003FFF7B5FFDA
:109D20000621DFF8FC02FFF7B0FF2021DFF8F40284
:109D3000FFF7ABFF0C21DFF8F002FFF7A6FF0A21C7
:109D4000DFF8E802FFF7A1FF1021DFF8E402FFF7D8
:109D5000ADFF0221DFF8DC02FFF7A8FF0221DFF8E8
:109D6000D802FFF781FF0421DFF8E802FFF78DFF3B
:109D700001BD80B51221DFF8C402FFF797FF0C2167
:109D8000DFF8BC02FFF792FF0C21DFF8B802FFF703
:109D90008DFF0C21DFF8B002FFF788FF3221DFF8DA
:109DA000AC02FFF783FF3E21DFF8A402FFF75CFF60
:109DB0001021DFF8A402FFF768FF0A21DFF89C02F8
:109DC000FFF763FF0621DFF89802FFF75EFF20210F
:109DD000DFF89002FFF759FF0C21DFF88C02FFF744
:109DE00054FF0A21DFF88402FFF74FFF1021DFF84C
:109DF0008002FFF75BFF0221DFF87802FFF756FFD2
:109E00000221DFF87402FFF72FFF0421DFF86C0254
:109E1000FFF73BFF01BD80B51221DFF86402FFF7B9
:109E200045FF0C21DFF85C02FFF740FF0C21DFF853
:109E30005802FFF73BFF0C21DFF85002FFF736FF17
:109E40003221DFF84C02FFF731FF3E21DFF84402F8
:109E5000FFF70AFF1021DFF84002FFF716FF0A2183
:109E6000DFF83802FFF711FF0621DFF83402FFF7B1
:109E70000CFF2021DFF82C02FFF707FF0C21DFF891
:109E80002802FFF702FF0A21DFF82002FFF7FDFE9C
:109E90001021DFF81C02FFF709FF0221DFF814028E
:109EA000FFF704FF0221DFF81002FFF7DDFE0421B7
:109EB000DFF80802FFF7E9FE01BD80B50522E021C9
:109EC0005C2001F098FA0022E2215C2001F093FA74
:109ED0000022E3215C2001F08EFA0020DFF8E0117F
:109EE000087001BD10B500242000C0B2062805DAB4
:109EF0002000C0B200F008F8641CF5E79022702141
:109F00005D2001F078FA10BD38B504002000C0B221
:109F1000002809D0022831D009D3042836D030D304
:109F2000062835D033D334E0FFF7C7FF31E0DFF840
:109F30009451A879352810D101210E2011F007FA8B
:109F400001210F2011F003FAE8799B2802D1FFF7D5
:109F500062FF12E0FFF70DFF0FE000210E2011F06D
:109F6000F6F900210F2011F0F2F9E8799B2802D1CF
:109F7000FFF7ADFE01E0FFF7FCFE0AE000F028FA73
:109F800007E00021002000F006F802E001E000E018
:109F9000FFE731BD000038B504000D002200D2B249
:109FA00004215E2001F027FA05215E2001F04CFA21
:109FB0000200200080B2000A10F00F0012F0F00240
:109FC0000243D2B205215E2001F015FA2A00D2B276
:109FD00006215E2001F00FFA07215E2001F034FA1D
:109FE000290089B2090A11F00F0110F0F0000843AE
:109FF0000200D2B207215E2001F0FDF931BD000060
:10A00000EC2D4020002E40200C2E4020182E402009
:10A01000242E4020582E4020982E4020A82E40204C
:10A02000B42E4020BC2E4020DC2E4020E82E4020C4
:10A03000F42E40205434402056344020082F402035
:10A040001C2F4020282F4020342F4020402F40201C
:10A05000742F4020042F4020B42F4020C42F4020D4
:10A06000D02F4020D82F4020F82F4020043040200F
:10A0700010304020583440205A34402020304020B6
:10A0800024304020383040204430402050304020A0
:10A090005C30402090304020D0304020E0304020E4
:10A0A000EC304020F430402014314020203140205A
:10A0B0002C3140205C3440205E3440203C31402034
:10A0C00051274020CC43002010B5040040229721A6
:10A0D0005C2001F090F989215C2001F0B5F90200C3
:10A0E00052F08002D2B289215C2001F084F98921EA
:10A0F0005C2001F0A9F910F08000002010BDF8B537
:10A1000004000D0016002200D2B280215C2001F074
:10A1100072F9002287215C2001F06DF93200D2B281
:10A1200088215C2001F067F9402289215C2001F040
:10A1300062F94FF4FA70FFF7C7FF012801D101203F
:10A1400012E0002738003100C0B2C9B288420AD2FA
:10A15000B7F17F01C9B25C2001F076F93900C9B2CC
:10A1600068547F1CEEE70020F2BDF8B504000D0036
:10A1700016002200D2B280215C2001F03CF90027B9
:10A1800038003100C0B2C9B288420AD23800C0B229
:10A190002A5CB7F17F01C9B25C2001F02CF97F1C69
:10A1A000EEE7602287215C2001F025F9002288215A
:10A1B0005C2001F020F9F20052F04002D2B2892175
:10A1C0005C2001F018F94FF4FA70FFF77DFFF2BD43
:10A1D00010B50400042221009F20FFF790FF10BD5E
:10A1E00038B504000D002A00D2B221000520FFF787
:10A1F00086FF32BD38B504000D002A00D2B221001E
:10A200000120FFF7B2FF32BD1CB501A8FFF7E0FF48
:10A21000002801D00120A2E09DF80400012854D0BC
:10A220001C2800F080809D2806D0C22804D0C828B1
:10A230001DD0EF281BD07AE001216846FFF7D0FF40
:10A24000002801D001208AE09DF8000040060DD4CE
:10A250009DF8000050F040008DF800000121684694
:10A26000FFF7C8FF002801D0012078E061E0382224
:10A2700092215C2001F0BFF8FF2293215C2001F0C5
:10A28000BAF801220DF101013520FFF738FF00284F
:10A2900001D0012063E0012269460520FFF72FFF6E
:10A2A000002801D001205AE06846417889070BD484
:10A2B000417851F00201417002216846FFF79AFF90
:10A2C000002801D001204AE033E0382292215C20AE
:10A2D00001F091F8F52293215C2001F08CF8012225
:10A2E0000DF101013520FFF70AFF002801D0012000
:10A2F00035E06C466078800714D401226946052059
:10A30000FFF7FDFE002801D0012028E0607850F022
:10A310000200607002216846FFF76CFF002801D040
:10A3200001201CE005E000208DF8000001E0012084
:10A3300015E0BDF8060042F21801884204D046F24A
:10A340001701884205D007E09DF8000000F056F89C
:10A3500005E000F06CF802E000F070F8002016BD97
:10A3600070B5040000252000C0B2012801D1982258
:10A3700000E01822D2B29F215F2001F03CF84DF29C
:10A38000C2169F215F2001F05FF8C00608D54CF689
:10A39000CE71300080B2091A0029F2D4012000E009
:10A3A000002070BD38B5040000252800C0B2052883
:10A3B0000ADA2800C0B2225CB5F16801C9B25F2098
:10A3C00001F019F86D1CF0E70020FFF7C9FF32BD5E
:10A3D00080B50122F7215C2001F00DF8E8228A21E6
:10A3E0005C2001F008F8FFF70FFF002804D1DFF828
:10A3F0005800FFF7D7FF00E0012002BD10B50400B0
:10A4000000F01CF8002010BD38B50400012528001C
:10A41000C0B204280ADA2800C0B2225CB5F1740187
:10A42000C9B25C2000F0E7FF6D1CF0E731BD80B5DC
:10A43000DFF81800FFF7E8FF002002BD80B5DFF865
:10A440001000FFF7E1FF01BD4031402048314020BE
:10A450004C31402080B5002203215E2000F0CBFF6C
:10A460000022AA215C2000F0C6FF18229F215F2055
:10A4700000F0C1FF402297215C2000F0BCFF802249
:10A4800097215C2000F0B7FF40229F215C2000F064
:10A49000B2FFE02286215C2000F0ADFF01BD80B557
:10A4A000052280215C2000F0A6FF002287215C208D
:10A4B00000F0A1FF012288215C2000F09CFFC02257
:10A4C00089215C2000F097FF89215C2000F0BCFF0F
:10A4D0000006F9D481215C2000F0B6FFC0B202BDB5
:10A4E00080B5C72280215C2000F085FF6022872193
:10A4F0005C2000F080FF002288215C2000F07BFFC0
:10A50000C02289215C2000F076FF89215C2000F0C8
:10A510009BFF0006F9D401BDF8B504000D0016003C
:10A52000022280215C2000F066FF2200120CD2B2D1
:10A5300081215C2000F05FFF2200120AD2B282214A
:10A540005C2000F058FF2200D2B283215C2000F092
:10A5500052FFE02287215C2000F04DFF002288217D
:10A560005C2000F048FF2A00120CD2B298215C2037
:10A5700000F041FF2A00120AD2B299215C2000F0BB
:10A580003AFF2A00D2B29A215C2000F034FF002763
:10A59000AF4206D2F25D9B215C2000F02CFF7F1CB5
:10A5A000F6E7DC2289215C2000F025FF89215C2070
:10A5B00000F04AFF0006F9D4F1BDF8B504000D0023
:10A5C0000B2280215C2000F016FF2200120CD2B278
:10A5D00081215C2000F00FFF2200120AD2B28221FA
:10A5E0005C2000F008FF2200D2B283215C2000F042
:10A5F00002FF802287215C2000F0FDFE16228821C8
:10A600005C2000F0F8FE2A00120CD2B298215C20E7
:10A6100000F0F1FE2A00120AD2B299215C2000F06B
:10A62000EAFE2A00D2B29A215C2000F0E4FED82291
:10A6300089215C2000F0DFFE89215C2000F004FF0E
:10A640000006F9D4032297215C2000F0D4FE842177
:10A650005C2000F0F9FE060085215C2000F0F4FE8D
:10A6600056EA0027002297215C2000F0C4FE380043
:10A6700080B2F2BD38B500250020FBF7AFFA01002B
:10A6800000221000C0B20C2810DA0A481300DBB216
:10A6900030F82330994207D31300DBB200EB83007C
:10A6A0004088814200D21400521CEAE72000C0B268
:10A6B00032BD00BF9833402080B5002012F034F83E
:10A6C000002012F07DF812F0D4F80028FBD112F02F
:10A6D000BAF80B2012F000F92049884200D0FEE7BA
:10A6E000002004F0FFFB002012F08DF800200CF099
:10A6F000E7F8002012F0A4FD002012F021FEF3F78D
:10A7000021FF01216E2010F022FE00200AF038FD0A
:10A7100000216F2010F01BFE0021882010F017FE92
:10A720000021802010F013FE00218A2010F00FFE7F
:10A7300000210D2010F00BFE0021012010F007FE7B
:10A740000021202010F003FE00214E2010F0FFFD1C
:10A75000F3F762F9FBF72AF801BD00BF00B4C404A7
:10A760007047704710B4002094490A68052A00D346
:10A77000401C00220B689A4209D2914B1C2404FB16
:10A7800002F41B5D934200D0401C521CF2E70028EB
:10A79000FDD110BC704738B50124002587480068FA
:10A7A000854212D21C21864A01FB05F010448069C3
:10A7B000002806D001FB05F102EB0100806980470B
:10A7C0000400002C01D06D1CE8E7200032BD38B534
:10A7D000F3F7F0F80400002C16D0F3F7F3F8002597
:10A7E0007648006885420FD21C21754A01FB05F0AE
:10A7F00010444068002805D001FB05F102EB010080
:10A80000406880476D1CEBE731BD38B5F3F7E4F8DD
:10A810000400002C16D0F3F7E9F80025674800681B
:10A8200085420FD21C21664A01FB05F01044806866
:10A83000002805D001FB05F102EB0100806880478C
:10A840006D1CEBE731BDF8B504000D005B4E200038
:10A85000C0B23168884215D200273068874211D2D1
:10A860001C22574B02FB07F01844C068002807D091
:10A8700029002000C0B202FB07F21A44D2689047B8
:10A880007F1CEAE7F1BDF8B504000D0016004B4847
:10A890002100C9B20268914204D22900C9B20068FD
:10A8A000814201D3712017E01C23454F2800C0B21C
:10A8B00058433844006900280DD032002900C9B23D
:10A8C0002000C0B2AC465FFA8CFC03FB0CF33B44A7
:10A8D0001B69984700E07120F2BD7FB5F024002588
:10A8E000384E2A0021003000F2F7A2FFFFF73AFFAE
:10A8F00001208DF8000069460020FFF7A4FFFFF754
:10A9000066FFFFF782FF00242C4800688442F6D2DD
:10A910001C212B4A01FB04F010444069002805D09B
:10A9200001FB04F102EB010040698047641CEBE786
:10A93000FEB50027704624490968814206D02349A4
:10A940000968814202D0EFF3088401E0EFF3098443
:10A9500014F130051E4E2B681E4A31000820F3F713
:10A96000D1FB1D490868002801D0086808601B4811
:10A97000006801904FF402400290684605F00AFC1E
:10A9800007003800C0B2022813D128682860019B54
:10A99000134A31000820F3F7B5FB4FF4005101983A
:10A9A000FAF71EFF019B0F4A31000820F3F7AAFBBC
:10A9B00002E0F3F7C0FAFCE7F7BD00008CE54300C6
:10A9C0001CE5430000E400E050004020540040201B
:10A9D00098E44300A0E443002CED00E038ED00E0F3
:10A9E000DCE44300FCE443000100C9B20029FBD0D1
:10A9F000704778B40300002400258879CE79F6B238
:10AA0000F608F6B256EA40161E80C879C0F38000F8
:10AA10009870962072BC7047F0B484460B000024F6
:10AA20000025187810F003008CF800001878C0F3A7
:10AA300081008CF801001878C0B200098CF802007F
:10AA400058780021010200209E7800273700002658
:10AA500030433943DE7836060027304339431E79C8
:10AA600036040027304339435E7936020027064317
:10AA70000F439879002130433943CCE90201D8795A
:10AA800010F03F008CF810009E20F0BC704730B4EE
:10AA9000030000240025C8791870C22030BC70471C
:10AAA00030B40300002400254878C0F3411018702A
:10AAB0004878C0B2C009587040F2092030BC7047D5
:10AAC00078B403000024002508784E78F6B23609E1
:10AAD000F6B256EA00161E804E78360216F47066FC
:10AAE000887806435E804879C0B24009187140F208
:10AAF000393072BC70472DE9F04107000E00072481
:10AB000000255FF000084046C0B2082814D220009B
:10AB100029004246F6F7A4FDC00705D5002031689C
:10AB20004246D2B2885404E0002031684246D2B294
:10AB3000885418F10108E6E7306801783878C0F3E6
:10AB400080100143787851EA400130680170306824
:10AB50004178387851EA8001B878C0F34110014358
:10AB60003068417030688078B97850EAC100316847
:10AB7000887040F27F30706008213172002171725C
:10AB8000BDE8F08130B40300002400254878C0B24D
:10AB9000000918708878C0B20009587040F29730E8
:10ABA00030BC704778B40300002400258878CE7844
:10ABB000360256EA0046087906431E60887940004E
:10ABC00010F00200CE79F6B250EAD610187140F2B9
:10ABD0009D3072BC70472DE9F04107000E00FF2444
:10ABE00000255FF000084046C0B2082814D22000BB
:10ABF00029004246F6F734FDC00705D5002031682C
:10AC00004246D2B2885404E0002031684246D2B2B3
:10AC1000885418F10108E6E730680078398889B26D
:10AC2000090A084331680870306841783888014360
:10AC30003068417030688078798889B2090A0843A1
:10AC4000316888703068C178788801433068C17095
:10AC500030680079397911F0070108437979C90022
:10AC600011F038010843B97950EA81103168087150
:10AC700030684079F97911F007010843397AC90041
:10AC800011F038010843797A50EA8110316848712F
:10AC900030688179B87AC0F380000143F87A51EACC
:10ACA0004001306881713068C079B97A50EA81100A
:10ACB0003168C8714FF46E707060082030720020E7
:10ACC00070724FF46E70BDE8F08130B40300002460
:10ACD0000025C87FC0F3C100187040F2EF3030BCCF
:10ACE000704730B4030000240025087FC0B240093B
:10ACF000187040F2FF3030BC704778B40300002475
:10AD000000250878C00010F018004E78F6B250EA1E
:10AD1000561018700878C0B280085870487810F043
:10AD20001F0098708878C0B28008D87040F26F50C9
:10AD300072BC704778B403000024002508784E7870
:10AD400056EA00261E80887810F0070098708878F0
:10AD5000C0F3C200D8708878C0B280091871C87872
:10AD600010F007005871C878C0F3C2009871C87815
:10AD7000C0B28009D8710879800010F004004E79C3
:10AD8000F6B250EA961018720879C0B240085872AC
:10AD90004879400010F07E008E79F6B250EAD61065
:10ADA0009872887910F07F00D872C879C0B24008D4
:10ADB000187340F2AE5072BC70472DE9F0410700A5
:10ADC0000E00FF2400255FF000084046C0B20828AE
:10ADD00014D2200029004246F6F742FCC00705D5F0
:10ADE000002031684246D2B2885404E00020316825
:10ADF0004246D2B2885418F10108E6E7306801787B
:10AE0000387801433068017030684078798889B2B9
:10AE1000090A0843316848703068817878880143AE
:10AE2000306881703068C078B98889B2090A0843EF
:10AE30003168C87030680179B888014330680171A1
:10AE400030684179B879C0F3C0000143F87951EA1C
:10AE500040013068417130688079B97950EA411019
:10AE6000397A11F003010843797A890011F01C0145
:10AE70000843316888713068C179B87A0143306815
:10AE8000C17140F2FA507060082131720021717274
:10AE9000BDE8F0812DE9F04104000D0040262700B7
:10AEA000D5F80080320039004046F2F7C1FE40F28A
:10AEB000096068604021297200216972BDE8F08153
:10AEC0002DE9F04107000E00032400255FF0000883
:10AED0004046C0B2082814D2200029004246F6F7A6
:10AEE000BFFBC00705D5002031684246D2B2885466
:10AEF00004E0002031684246D2B2885418F10108BB
:10AF0000E6E730680078398889B2090A0843316871
:10AF1000087030684178388801433068417040F2E9
:10AF2000166070600821317200217172BDE8F081F5
:10AF30002DE9F04107000E00012400255FF0000814
:10AF40004046C0B2402814D2200029004246F6F7FD
:10AF500087FBC00705D5002031684246D2B288542D
:10AF600004E0002031684246D2B2885418F101084A
:10AF7000E6E7306800783968090E084331680870E0
:10AF8000306840783968090C084331684870306887
:10AF900080783968090A0843316888703068C17858
:10AFA000386801433068C17030680079B98889B267
:10AFB000090A08433168087130684179B88801434B
:10AFC0003068417130688079F98889B2090A08438C
:10AFD000316888713068C179F88801433068C1717F
:10AFE0003068007A398989B2090A084331680872E1
:10AFF0003068417A38890143306841723068807A1C
:10B00000B97A11F001010843F97A490011F00201FF
:10B010000843397B890011F004010843797BC9009A
:10B0200011F008010843B97B090111F01001084330
:10B03000F97B490111F020010843316888723068BA
:10B04000C07A398A89B2090A08433168C8723068FF
:10B05000017B388A0143306801733068417BB87CDA
:10B060000143306841733068807B7969090E084379
:10B07000316888733068C07B7969090C084331688E
:10B08000C8733068007C7969090A0843316808741C
:10B090003068417C78690143306841743068817C54
:10B0A000387E0143306881743068C17C787E01430A
:10B0B0003068C1743068017DB87E01433068017525
:10B0C0003068407DB98B89B2090A084331684875F8
:10B0D0003068817DB88B0143306881753068C07DF0
:10B0E000F98B89B2090A08433168C8753068017E56
:10B0F000F88B0143306801763068407E396A090E6A
:10B100000843316848763068807E396A090C084304
:10B11000316888763068C07E396A090A0843316828
:10B12000C8763068017F386A01433068017740F2A1
:10B13000176070604021317200217172BDE8F081AA
:10B140002DE9F04107000E00FF2400255FF0000804
:10B150004046C0B2082814D2200029004246F6F723
:10B160007FFAC00705D5002031684246D2B2885424
:10B1700004E0002031684246D2B2885418F1010838
:10B18000E6E730680078398889B289080843316871
:10B19000087030684078398850EA8110B97811F029
:10B1A000010108433168487030688078B98889B2F5
:10B1B00089080843316888703068C078B98850EAD7
:10B1C0008110B97911F0010108433168C870306805
:10B1D0000079398989B28908084331680871306873
:10B1E0004079398950EA8110B97A11F00101084398
:10B1F0003168487130688079B98989B28908084313
:10B20000316888713068C079B98950EA8110B97B9A
:10B2100011F0010108433168C8714FF4C5607060D6
:10B2200008203072002070724FF4C560BDE8F081D4
:10B230002DE9F04107000E00FF2400255FF0000813
:10B240004046C0B2082814D2200029004246F6F732
:10B2500007FAC00705D5002031684246D2B28854AB
:10B2600004E0002031684246D2B2885418F1010847
:10B27000E6E730680078398889B2090A08433168FE
:10B280000870306841783888014330684170306810
:10B290008078798889B2090A0843316888703068F3
:10B2A000C178788801433068C17030680079B98806
:10B2B00089B2090A08433168087130684179B88851
:10B2C00001433068417130688079F98889B2090A90
:10B2D0000843316888713068C179F8880143306863
:10B2E000C17140F22B6070600821317200217172CF
:10B2F000BDE8F08130B40300002400250020187060
:10B3000040F2F16030BC70472DE9F04107000E00BB
:10B31000012400255FF000084046C0B2402814D246
:10B32000200029004246F6F79BF9C00705D500200A
:10B3300031684246D2B2885404E000203168424667
:10B34000D2B2885418F10108E6E730680078316815
:10B35000087040F2F2607060402131720021717219
:10B36000BDE8F08130B40300002400250878C0B2A5
:10B370000009187040F2F66030BC704770B50400E8
:10B380000D001600042332002900200080B2F8F7D7
:10B39000E1F870BD38B504000D0005222900C9B2DE
:10B3A000200080B2F8F724FA31BD70B504000D001A
:10B3B0001600062332002900200080B2F8F725FA93
:10B3C00070BDF8B504000D0016001F0007200090A6
:10B3D0003B0032002900200080B2F8F78BFAF2BD62
:10B3E00038B504000D0008222900C9B2200080B23F
:10B3F000F8F79CFB31BD2DE9F84185B004000D0044
:10B400001600002701A81021F2F70EFA04210022ED
:10B41000E8464046F2F70CFA8DF800508DF80160CE
:10B420002000C0B2ADF804000220ADF80A000020F0
:10B430008DF80C006846049001A9002009F054FF23
:10B44000C0B206B0BDE8F0812DE9F84185B0040036
:10B450000D0000264FF6FF7701A81021F2F7E4F95E
:10B4600004210022E8464046F2F7E2F98DF8005048
:10B470002000C0B2ADF804000120ADF80A000020A1
:10B480008DF80C0001208DF809006846049001A990
:10B49000002009F029FF3F208DF800002000C0B2F5
:10B4A000ADF804000120ADF80A0001208DF80C0071
:10B4B0006846049001A9002009F016FF049800785E
:10B4C000C0B206B0BDE8F081010000200870002085
:10B4D000704710B504002000F6F7F2FB002010BD05
:10B4E00010B50400F9F775F9002803D13120207058
:10B4F000012002E000202070002010BDF8B50400FB
:10B500000D00160000272000F6F7CCFB0100080014
:10B51000C0B2012802D10020307001E072203070EA
:10B520000020F2BD0100002008700020704710B517
:10B5300004000F222100C7A0F3F77EF8002010BD01
:10B540000100312008700020704710B504000F2260
:10B550002100DFF80405F3F76FF8002010BD0100AB
:10B56000002008700020704710B5040000202070F3
:10B57000FFF780F86070002010BD010031200870D6
:10B58000002070470100DFF8D40442780A70007888
:10B59000487000207047010031200870002070477B
:10B5A00010B504002000F6F7A5FB002010BD10B573
:10B5B0000400F9F70EF9002803D131202070012092
:10B5C00002E000202070002010BDF8B504000D003E
:10B5D000160000272000F6F77FFB01000800C0B22C
:10B5E000012802D10020307001E07220307000206C
:10B5F000F2BD0100312008700020704710B5040032
:10B600002000F6F791FB002010BD0100002008701B
:10B6100000207047F8B504000D0016000027200038
:10B62000F6F774FB01000800C0B2012802D1002027
:10B63000307001E0722030700020F2BD0100312036
:10B6400008700020704710B504002000F6F786FB54
:10B65000002010BD10B50400F9F7BBF8002803D195
:10B6600031202070012002E000202070002010BD59
:10B67000F8B504000D00160000276078002808D0F7
:10B6800060780D2805DAA078002802D0A07820285C
:10B6900003DB3120307000200DE02000F6F750FB76
:10B6A00001000800C0B2012802D10020307001E082
:10B6B000722030700020F2BD01003120087000209F
:10B6C000704710B504002000F6F762FB002010BDA3
:10B6D00001000020087000207047F8B504000D003C
:10B6E000160000276078002808D060780D2805DA59
:10B6F000A078002802D0A078202803DB3120307009
:10B7000000200DE02000F6F735FB01000800C0B274
:10B71000012802D10020307001E07220307000203A
:10B72000F2BD010000200870002070470100CC48E5
:10B7300042780A70007848700020704701000020AD
:10B7400008700020704710B504002000F6F77AFA60
:10B75000002010BD01000020087000207047F8B5DF
:10B7600004000D00160000272000F6F75DFA010026
:10B770000800C0B2012802D10020307001E0722020
:10B7800030700020F2BD01000020087000207047DA
:10B7900010B50400F6F770FA0100080080B2000A44
:10B7A00020706170002010BD010000200870002092
:10B7B000704710B50400F6F771FA0100080080B276
:10B7C000000A20706170002010BD01000020087088
:10B7D000002070470100A34842780A700078487042
:10B7E0000020704701000020087000207047010011
:10B7F0009D48007808700020704701000020087004
:10B8000000207047010003200870984802784A70B1
:10B8100042788A708278CA70C2780A7102794A7155
:10B82000407988710020C871914802780A72427884
:10B830004A7282788A72C278CA72007908730020CC
:10B840004873002088730020C8730020087400200B
:10B850007047000038444A000100002008700020B2
:10B86000704701000C20087000204870002088708C
:10B87000002070470100002008700020704710B5BC
:10B8800004002000F6F79EFA002010BD0100002001
:10B89000087000207047F8B504000D00160000275E
:10B8A0002000F6F781FA01000800C0B2012802D199
:10B8B0000020307001E0722030700020F2BD0100E5
:10B8C000002008700020704710B504002000F6F733
:10B8D00093FA002010BD010000200870002070477E
:10B8E0002DE9F04104000D001600002794F80280B5
:10B8F0005FFA88F85FEA98184046C0B2002807D07F
:10B900004046C0B2032803D03120307000200DE043
:10B910002000F6F763FA01000800C0B2012802D146
:10B920000020307001E0722030700020BDE8F0810E
:10B930000100002008700020704738B504004D4D0C
:10B940002300022228880021F2F73BFEA878A0708D
:10B95000002032BD0100002008700020704710B5A3
:10B960000400F8F7A7FE01001E390800000A207045
:10B970006170002010BD0100002008700020704799
:10B980000100002008703B4A0B78107903430B70CC
:10B990000878527950EA8200087000207047010050
:10B9A000002008700020704710B504002300032217
:10B9B000304880680021F2F704FE002010BD01002D
:10B9C000002008700020704738B50400294D23007E
:10B9D0000622D5E90601F2F7F4FD0020A071A17955
:10B9E000687C0143A171A079297C50EA8100A07193
:10B9F000A079A97C50EA0110A071002032BD01009D
:10BA0000002008700020704701001A4890F840009C
:10BA10000870002070470100002008700020704767
:10BA20001CB5040001208DF800006846F2F7C0FE46
:10BA30009DF800002070002016BD01000020087055
:10BA40000020704710B50400102221000A48F2F7C8
:10BA5000F3FD002010BD0000C4E34300FABF4B001B
:10BA6000FABF4400F8BF4B00FA7F410014054020A4
:10BA700094044020C0320020CCE3430001B49DF880
:10BA80000000002801D100BEFDE701B070470000B2
:10BA900070B504000D0001266A492800C0B2085C98
:10BAA000012806D0042300220021FF2001F0BEF966
:10BAB0002EE0002C06D0062300220021FF2001F0FA
:10BAC000B5F925E0604A2800C0B252F820000028ED
:10BAD00008D028002B00DBB252F823301B78C0B20C
:10BAE000984206D00F2300220021FF2001F09EF98A
:10BAF0000EE02800C0B252F82000544A2B00DBB2FE
:10BB000042F823000020060002202A00D2B2885406
:10BB10003000C0B270BD2DE9F04105000C001600E8
:10BB20001F005FF0010847483100C9B2405C02289D
:10BB300007D001233A00D2B20021FF2001F076F9AC
:10BB40002EE02800C0B2022807D302233A00D2B266
:10BB50000021FF2001F06AF922E0002C07D1032325
:10BB60003A00D2B20021FF2001F060F918E0300065
:10BB700036493200D2B251F8221089682A00D2B276
:10BB800001EBC2014978C0B2884207D00F233A00C6
:10BB9000D2B20021FF2001F049F901E000208046E7
:10BBA0004046C0B2BDE8F0812DE9F04105000C002F
:10BBB00016001F005FF0010822483100C9B2405C46
:10BBC000022807D001233A00D2B20021FF2001F061
:10BBD0002DF932E02800C0B2022807D302233A0030
:10BBE000D2B20021FF2001F021F926E0002C0BD178
:10BBF0003800C0B2052807D103233A00D2B2002191
:10BC0000FF2001F013F918E0300010493200D2B2E1
:10BC100051F8221089682A00D2B201EBC20149789A
:10BC2000C0B2884207D00F233A00D2B20021FF20D1
:10BC300001F0FCF801E0002080464046C0B2BDE8BB
:10BC4000F08100000040402044104400404040206B
:10BC500001B49DF80000002801D100BEFDE701B04D
:10BC60007047000001B49DF80000002801D100BE1B
:10BC7000FDE701B07047000001B49DF80000002806
:10BC800001D100BEFDE701B07047000001B49DF88E
:10BC90000000002801D100BEFDE701B070470000A0
:10BCA00001B49DF80000002801D100BEFDE701B0FD
:10BCB0007047000001B49DF80000002801D100BECB
:10BCC000FDE701B07047000001B49DF800000028B6
:10BCD00001D100BEFDE701B0704780B50B2010F028
:10BCE000FBFD234908602348002101607FF07F416C
:10BCF000214A11600021214A11600521016001BD26
:10BD00001E48006820F07F40704710B401001B48B7
:10BD1000026822F07F4200230868904205D216484C
:10BD20000468A41A0868001901E00868801A0A600B
:10BD300010BC7047F8B5060000270D480068A0FB4E
:10BD400006010F4A002300F01DF804000D0000203A
:10BD500001218D4204D801D3844201D2012000E0A8
:10BD60000020C0B2FFF7B0FF2000F2BD00000000CD
:10BD70004022402010E000E014E000E018E000E085
:10BD800040420F00BBBBE1B1B2F5803F80F07E8046
:10BD9000022A1ED98C46B1FBF2F102FB11C31B042F
:10BDA00043EA1043B3FBF2FC02FB1C3380B240EACF
:10BDB0000343B3FBF2F002FB103240EA0C400023D5
:10BDC0007047022A05D98446B0FBF2F002FB10C28C
:10BDD00070474AB105D100F0010249085FEA30001E
:10BDE000704700220023704700F0E4B80B00020007
:10BDF000002100207047904271EB030CF6D3B3F59D
:10BE0000803F2FD2F0B5B3FA83F7B1FA81F4A7F1EE
:10BE10000F0E3D1B5340CEF1200602FA0EF2F34105
:10BE20005340B5F10F0746D80F3C2C444140C4F1B4
:10BE30002006A040F1414140B1FBF3F603FB16118F
:10BE4000A2FB0645001BA94102D2761E801859416B
:10BE500080EA010221FA0EF362FA0EF200215A4042
:10BE60003046F0BD30B4B1FBF3FC03FB1C11A2FB68
:10BE70000C45001BA94103D2ACF1010C80185941BB
:10BE800030BC02460B46604600217047B2F1807F0D
:10BE900065D3F0B5B2FA82F7B1FA81F4C7F10F06B3
:10BEA0003D1B22FA06F307F1110EF24120355A40EC
:10BEB000B5F10F07B8D94140C4F12006A040F141C7
:10BEC0004140B1FBF3FC03FB1C11A2FB0C45001B22
:10BED000A94103D2BCF1010C801859410F2F12D394
:10BEE0000F3FC90341EA5041B1FBF3F603FB1611C2
:10BEF000A2FB0645D4EBC030A94102D2761E8018C1
:10BF0000594146EACC3C07B34140C7F12006B8404E
:10BF1000F1414140B1FBF3F603FB1611A2FB0645CC
:10BF2000001BA94102D2761E8018594180EA010205
:10BF300021FA0EF3C7F1200462FA0EF20CFA07F0B0
:10BF40005A402CFA04F13043F0BD80EA010221FA94
:10BF50000EF3002162FA0EF260465A40F0BD8C46A4
:10BF6000B1FBF2F102FB11C31B0243EA1063B3FB06
:10BF7000F2FC02FB1C331B024CEA002043EA106374
:10BF8000B3FBF2FC02FB1C331B024CEA002043EA29
:10BF90001063B3FBF2FC02FB1C331B024CEA0020D3
:10BFA00043EA1063B3FBF2FC02FB1C324CEA0020B4
:10BFB000002370477047000001B49DF8000000287E
:10BFC00001D100BEFDE701B07047000001B49DF84B
:10BFD0000000002801D100BEFDE701B0704700005D
:10BFE00001B49DF80000002801D100BEFDE701B0BA
:10BFF000704700004EF68851CEF20001086840F408
:10C0000070000860BFF34F8FBFF36F8F4FF0017068
:10C01000E1EE100A704710B5044610460A46014684
:10C020002046F1F705FC204610BD000038B504009D
:10C030000D002B00DBB22200D2B200217B2000F0E9
:10C04000F5FE31BD38B504000D002B00DBB2220037
:10C05000D2B200217B2000F0FCFE31BD70B504009F
:10C060000D00160001202070012060703100C9B25F
:10C070002800C0B2FFF7DAFF70BD70B506000C00F3
:10C080000125DFF89C0A2100C9B2405C00280CD1D0
:10C090003000C0B2002802D10020050011E00A21C2
:10C0A0003000C0B2FFF7C2FF0BE03000C0B2002882
:10C0B00005D10D213000C0B2FFF7B8FF01E000202C
:10C0C00005002800C0B270BD38B504000025002C62
:10C0D00005D00120050014210020FFF7A7FF28004C
:10C0E000C0B232BD70B505000C000026002C06D190
:10C0F0000120060014212800C0B2FFF797FF30008E
:10C10000C0B270BD70B504000D0016002800C0B2AA
:10C1100002280FD1DFF80C0A310089B20901084466
:10C120008068002805D119222900C9B22000FFF734
:10C1300095FFFFE770BD2DE9F04104000D001600EA
:10C140001F00DFF8E4093900C9B250F82110C968AE
:10C15000320092B231F812802900C9B2891E012939
:10C1600014D83900C9B250F821004168424692B251
:10C170003020424301EB0200C079002805D017228D
:10C180002900C9B22000FFF769FFFFE7BDE8F08191
:10C190002DE9F84304000D0016001F000020DFF811
:10C1A00088193A00D2B251F82220D26833009BB2EB
:10C1B00032F8138030223B00DBB251F823305B6849
:10C1C000C4461FFA8CFC02FB0CFC634493F80290FB
:10C1D0002B00DBB2022B1BD13800C0B251F820007B
:10C1E0004068414689B202FB01F2104440790028C0
:10C1F0000DD1DFF8FC094946C9B230F831000328F7
:10C2000005D320222900C9B22000FFF727FFFFE74E
:10C21000BDE8F183F8B504000D0016001F000020F2
:10C220008DF8000000208DF80100E80706D53200E7
:10C2300092B22100C9B26846FFF764FFA8070CD587
:10C240009DF80000002808D13B00DBB2320092B21A
:10C250002100C9B26846FFF76EFF68070CD59DF84C
:10C260000000002808D13B00DBB2320092B221006E
:10C27000C9B26846FFF78CFF9DF80100F2BD30B4EB
:10C280000300DBB2002B10D10B00DBB2012B06D177
:10C290000023DFF88C481500EDB2635505E002235A
:10C2A000DFF87C481500EDB2635530BC7047F8B537
:10C2B00004000D000026DFF838092100C9B230F86B
:10C2C0003170380080B2002806D00B212800C0B29F
:10C2D000FFF7B8FE012006003000C0B2F2BD2DE924
:10C2E000F04104000D0016000127DFF83808210096
:10C2F00089B2090110F801802800C0B2002808D1D5
:10C300004046C0B2002804D00B210220FFF79AFE5D
:10C3100012E02800C0B201280CD14046C0B200286B
:10C3200008D04046C0B2032804D00B210220FFF7FA
:10C3300089FE01E0002007003800C0B2BDE8F081AE
:10C340002DE9F84304000D005FF000085FF00009DC
:10C35000DFF8D40749462A00D2B250F822201289C9
:10C3600089B2914223D22900C9B250F82100416814
:10C370004A4692B230204243885A0700DFF8A407A9
:10C38000390089B20901405C06003000C0B20028C3
:10C390000AD03000C0B2032806D00B212000C0B262
:10C3A000FFF750FE0120804619F10109D0E7404611
:10C3B000C0B2BDE8F283F8B50400002501260020D4
:10C3C00000273800C0B2022819D2DFF85C0721002C
:10C3D000C9B250F8210000683900C9B2084490F889
:10C3E0004000012809D101213800C0B2FFF75FFFEA
:10C3F00005002800C0B2012801D07F1CE1E7280019
:10C40000C0B2002808D12100C9B20120FFF798FF6F
:10C41000002801D1002006003000C0B2F2BD38B5BE
:10C4200004000125DFF8FC06210089B20901405C07
:10C43000002804D00B210C20FFF704FE01E00020AF
:10C4400005002800C0B232BD2DE9F04104000D0006
:10C4500000260027DFF8D0162800C0B251F82000CF
:10C46000C068220092B230F8128030222800C0B298
:10C4700051F82000406843469BB25343184400796A
:10C48000002824D02800C0B251F82000406843465C
:10C490009BB253431844007901281AD12800C0B236
:10C4A00051F82000406843469BB253431844C0787B
:10C4B00001280ED12800C0B251F820004068414642
:10C4C00089B202FB01F21044007B002801D1012057
:10C4D00007002A00D2B23900C9B2200080B2FFF7AB
:10C4E000FEFEC0B2BDE8F081F8B504000D001600F4
:10C4F00000272000C0B203281BD0042802D00B283C
:10C5000027D036E0DFF81C16280080B20001085C56
:10C5100000280DD1280080B200010844407800288E
:10C5200006D10C212000C0B2FFF78CFD01200700CE
:10C530001FE0DFF8F005290089B20901405C0028FE
:10C5400006D10C212000C0B2FFF77CFD01200700BE
:10C550000FE0DFF8D005290089B20901405C00280E
:10C5600006D10C212000C0B2FFF76CFD01200700AE
:10C57000FFE73800C0B2F2BD2DE9F04704000D001E
:10C58000160001275FF001085FF00009DFF898A5A9
:10C590003000C0B25AF82000002805D10A2120003E
:10C5A000C0B2FFF743FD3CE03100C9B23000C0B279
:10C5B0005AF8200000F0E0F880464046C0B200285B
:10C5C0002AD1280080B2002805D015212000C0B251
:10C5D000FFF72CFD25E03000C0B25AF82000C068FB
:10C5E000290089B230F81100814629003000C0B21C
:10C5F0005AF8200042684B469BB230204343D05A41
:10C6000089B2814205D00E212000C0B2FFF70EFD95
:10C6100007E00020070004E00E212000C0B2FFF771
:10C6200005FD3800C0B2BDE8F0872DE9F0410400F7
:10C630000D001600DFF8F0043100C9B250F82110E7
:10C64000C9682A0092B231F812705FF00008210028
:10C65000C9B2C91F012915D83100C9B250F821004B
:10C6600041683A0092B23020424301EB02008068F8
:10C67000002806D10120804618212000C0B2FFF713
:10C68000D5FCFFE74046C0B2BDE8F08130B40021E0
:10C6900000220023DFF890141C000500EDB251F8D1
:10C6A00025502D89A4B2AC4231D20400E4B251F835
:10C6B00024104C681D00ADB230214D43615B0A006F
:10C6C000DFF85C1700241500ADB22D014C55002495
:10C6D0001500ADB22D010D446C7000241500ADB2F3
:10C6E0002D010D44AC8000241500ADB22D010D4488
:10C6F000AC6000241500ADB22D010D442C73002454
:10C700001500ADB22D0129448C705B1CC2E730BC12
:10C71000704730B40023002100221300DBB2022B4B
:10C7200028D2DFF804340400E4B253F824301B6844
:10C730001400E4B2234493F84030012B18D1DFF801
:10C74000B03400241500EDB223F835400024210058
:10C750000C00A4B2032C0BD21400E4B203EBC4040B
:10C760000D00ADB204EB450400256580491CEFE7E0
:10C77000521CD2E730BC704770B402000023012085
:10C780000C00157CE4B2AC4213D1002423001C0041
:10C79000157EE4B2AC420CD20C0055691E00F6B214
:10C7A000AD5DE4B2AC4202D10024200001E05B1C8C
:10C7B000EDE7C0B270BC70472DE9F04704000D00F2
:10C7C00016005FF0000A0027DFF85803012122005D
:10C7D00092B2120181540021220092B2120110443F
:10C7E000818000F08DFBDFF808842800C0B238F8A3
:10C7F0003090484680B2002811D02800C0B208EB23
:10C80000C000494689B200EB410044802800C0B214
:10C8100038F83000401C2900C9B228F8310000F077
:10C8200089FB00F06DFB2800C0B238F830A028006A
:10C83000C0B208EBC0004088210089B2884203D012
:10C84000504680B200281CD12800C0B238F8300011
:10C8500000280DD12800C0B208EBC0004480280099
:10C86000C0B238F83000401C2900C9B228F83100A5
:10C8700000F060FB3100C9B22800C0B201F0AFF88F
:10C8800001E000F057FBBDE8F087F8B504000D00AB
:10C890001600A5483100C9B250F82110C96822001D
:10C8A00092B231F812703100C9B250F821004168DB
:10C8B0003A0092B23020424301EB0200807E012810
:10C8C00008D13200D2B22900C9B2200080B200F0F3
:10C8D00008F805E03100C9B2200080B200F0B5F8D8
:10C8E000F1BDF8B504000D0016008F483100C9B243
:10C8F00050F82110C968220092B231F81270DFF8A6
:10C900002015012223009BB21B010B445A702A0000
:10C91000D2B2012A2DD130223300DBB250F82330BD
:10C920005B68BC461FFA8CFC02FB0CFC63441B7961
:10C93000012B05D10120220092B2120188542BE074
:10C940003300DBB250F8230040683B009BB202FB8F
:10C9500003F21044C07900281ED10020220092B2B8
:10C96000120188543100C9B2200080B200F015F8DD
:10C9700012E03200D2B250F8220042683B009BB273
:10C980003020434302EB03000079002804D101204A
:10C99000220092B212018854F1BD2DE9F047060041
:10C9A0000F0061483900C9B250F82110C96832003F
:10C9B00092B231F812803900C9B250F821004168B2
:10C9C000424692B23020424301EB020090F80290BE
:10C9D000DFF81CA24846C0B23AF83000002832D036
:10C9E0004846C0B23AF8300005000020040020009C
:10C9F000290080B289B2884215D230004946C9B2B6
:10CA00000AEBC101220092B201EB4201498880B2D7
:10CA1000884206D1210089B24846C0B200F0B0FC7D
:10CA200001E0641CE3E7200080B200280BD14846F7
:10CA3000C0B23AF83000002805D03900C9B24846E3
:10CA4000C0B200F0CCFFBDE8F087F0B4364B0A006E
:10CA5000D2B253F82220D2680400A4B232F81440B3
:10CA6000DFF8BC53020092B21201AA5C022A05D17F
:10CA7000012203009BB21B01EA544EE0020092B275
:10CA80001201AA5C032A48D130260A00D2B253F818
:10CA9000222052682700BFB277433A44D279002A55
:10CAA0003BD10A00D2B253F8222052682700BFB20D
:10CAB00077433A441279002A24D00A00D2B253F8BC
:10CAC000222052682700BFB277433A441279012AE4
:10CAD0001ED10A00D2B253F8222052682700BFB2FA
:10CAE00077433A44D278012A12D10A00D2B253F8DD
:10CAF0002220526823009BB206FB03F63244127BCD
:10CB0000002A05D1002203009BB21B01EA5404E075
:10CB1000012203009BB21B01EA54F0BC70470000E5
:10CB2000D02D402064274020602740202DE9FC477D
:10CB3000040001F0DFF88DF800009DF800709DF80A
:10CB400000100020FFF799FA80464046C0B2002846
:10CB500041D12000FFF7B8FA80464046C0B2002815
:10CB600039D1DFF8C0923900C9B29DF8000059F8F8
:10CB70002000FFF701FE05002800C0B2002824D1E4
:10CB80009DF8000059F82090DFF89CA29DF8000065
:10CB90004AF820909DF80000FFF7BBFD9DF80000CB
:10CBA000FFF774FD3900C9B29DF800005AF8200063
:10CBB000006800F083FE06003000C0B201280AD1F0
:10CBC0002B210020FFF73EFA05E0012080460E21D0
:10CBD0000020FFF72BFA4046C0B2002806D19DF88E
:10CBE000002000214046C0B2FFF749FBBDE8F387B3
:10CBF000742740207CB504000D00012601F07AF86E
:10CC00008DF800009DF80020210089B20C20FFF76C
:10CC1000B3FC002814D129000C20FFF763FA002888
:10CC20000ED1200080B2FFF7FAFB002808D1DFF810
:10CC3000F001210089B20901084485600020060046
:10CC40003000C0B276BD2DE9FC4101F053F88DF8FB
:10CC500000009DF800609DF800100120FFF70DFA1C
:10CC600007003800C0B200282ED1DFF8BC813100A7
:10CC7000C9B29DF8000058F82000FFF77DFD0500BF
:10CC80002800C0B200281BD19DF80000FFF793FBDD
:10CC900007003800C0B2002816D19DF8000000F04F
:10CCA0003DFE04002000C0B2012803D12B21012049
:10CCB000FFF7C8F900209DF8001048F8210003E0B4
:10CCC0000E210120FFF7B2F99DF800200121380064
:10CCD000C0B2FFF7D4FABDE8F381F8B5040000252F
:10CCE000002601F007F88DF800009DF800202100D3
:10CCF00089B20220FFF740FC002831D14A4F9DF84D
:10CD0000000057F82000C068210089B230F81100F7
:10CD100005009DF80010200080B2FFF795FB002869
:10CD20001ED19DF80030220092B207210220FFF7A9
:10CD300071FA002814D19DF8000057F820004168CE
:10CD40002A0092B23020424301EB020080780600B4
:10CD50009DF800203100C9B2200080B2FFF72CFD01
:10CD6000F1BD7CB504000D00012601208DF8000006
:10CD700000F0C0FF8DF801009DF80120210089B26C
:10CD80000420FFF7F9FB002827D129000420FFF732
:10CD9000A9F9002821D19DF80120210089B20420A1
:10CDA000FFF7A2FB002818D19DF801306A46290040
:10CDB000200080B200F0F0FE06003000C0B2002873
:10CDC00003D09DF80000002807D19DF801209DF8B0
:10CDD0000010200080B2FFF758FD3000C0B276BDD1
:10CDE0001CB5040000F086FF8DF800009DF80020BF
:10CDF000210089B20720FFF7BFFB00280FD19DF863
:10CE00000020210089B20720FFF70FFC002806D17F
:10CE100001200349220092B212011144887013BD0F
:10CE200064274020D40B440060274020F8B504005C
:10CE30000D0016001F0000F062FF01000E4820F8F0
:10CE400011400E4845540E4846540E4847540020A1
:10CE5000F2BDF8B504000D0016001F0000F04FFFF2
:10CE60000100094820F81140084845540848465434
:10CE7000084847540020F2BD604040204840402010
:10CE80004C404020504040206840402054404020CA
:10CE9000584040205C404020EFF310807047000075
:10CEA00070B500F02CFF0500DFF8F46256F825009D
:10CEB000002809D1FFF7F0FF0400E00700D472B6A4
:10CEC000DFF8E40240F8254056F82500401C46F8FB
:10CED000250070BD80B500F012FFDFF8C41251F8D4
:10CEE0002020521E41F82020DFF8BC2252F82020DA
:10CEF000D20704D451F82010002900D162B601BD38
:10CF000070B500F0FCFE0500DFF8986256F82500C9
:10CF1000002809D1FFF7C0FF0400E00700D472B673
:10CF2000DFF8880240F8254056F82500401C46F8F6
:10CF3000250070BD80B500F0E2FEDFF8681251F800
:10CF40002020521E41F82020DFF8602252F82020D5
:10CF5000D20704D451F82010002900D162B601BDD7
:10CF600070B500F0CCFE0500DFF8786256F82500B9
:10CF7000002809D1FFF790FF0400E00700D472B643
:10CF8000DFF8240340F8254056F82500401C46F8F9
:10CF9000250070BD80B500F0B2FEDFF8481251F8F0
:10CFA0002020521E41F82020DFF8FC2252F82020D9
:10CFB000D20704D451F82010002900D162B601BD77
:10CFC00070B500F09CFE0500DFF86C6356F8250094
:10CFD000002809D1FFF760FF0400E00700D472B613
:10CFE000DFF8600340F8254056F82500401C46F85D
:10CFF000250070BD80B500F082FEDFF83C1351F8CB
:10D000002020521E41F82020DFF8382352F820203B
:10D01000D20704D451F82010002900D162B601BD16
:10D0200070B500F06CFE0500DFF8106356F82500BF
:10D03000002809D1FFF730FF0400E00700D472B6E2
:10D04000DFF8040340F8254056F82500401C46F858
:10D05000250070BD80B500F052FEDFF8E01251F8F7
:10D060002020521E41F82020DFF8DC2252F8202038
:10D07000D20704D451F82010002900D162B601BDB6
:10D0800070B500F03CFE0500DFF8B46256F82500EC
:10D09000002809D1FFF700FF0400E00700D472B6B2
:10D0A000DFF8B00240F8254056F82500401C46F84D
:10D0B000250070BD80B500F022FEDFF8841251F823
:10D0C0002020521E41F82020DFF8882252F820202C
:10D0D000D20704D451F82010002900D162B601BD56
:10D0E00070B500F00CFE0500DFF8606256F8250010
:10D0F000002809D1FFF7D0FE0400E00700D472B683
:10D10000DFF8540240F8254056F82500401C46F848
:10D11000250070BD80B500F0F2FDDFF8301251F847
:10D120002020521E41F82020DFF82C2252F8202027
:10D13000D20704D451F82010002900D162B601BDF5
:10D1400070B500F0DCFD0500DFF8046256F825003C
:10D15000002809D1FFF7A0FE0400E00700D472B652
:10D16000DFF8F80140F8254056F82500401C46F845
:10D17000250070BD80B500F0C2FDDFF8D41151F874
:10D180002020521E41F82020DFF8D02152F8202024
:10D19000D20704D451F82010002900D162B601BD95
:10D1A000E840402008414020D8404020F84040203E
:10D1B00070B500F0A4FD0500DFF8A46156F8250065
:10D1C000002809D1FFF768FE0400E00700D472B61A
:10D1D000DFF8940140F8254056F82500401C46F839
:10D1E000250070BD2841402080B500F088FDDFF8A3
:10D1F000701151F82020521E41F82020DFF86821DC
:10D2000052F82020D20704D451F82010002900D170
:10D2100062B601BD70B500F072FD0500DFF8446133
:10D2200056F82500002809D1FFF736FE0400E00774
:10D2300000D472B6DFF8380140F8254056F82500D2
:10D24000401C46F8250070BD80B500F058FDDFF8A1
:10D25000141151F82020521E41F82020DFF810212F
:10D2600052F82020D20704D451F82010002900D110
:10D2700062B601BD70B500F042FD0500DFF8EC605C
:10D2800056F82500002809D1FFF706FE0400E00744
:10D2900000D472B6DFF8E00040F8254056F82500CB
:10D2A000401C46F8250070BD1841402080B500F0B4
:10D2B00026FDDFF8B81051F82020521E41F820203A
:10D2C000DFF8B42052F82020D20704D451F82010FF
:10D2D000002900D162B601BD70B500F010FD050057
:10D2E000DFF8906056F82500002809D1FFF7D4FD3B
:10D2F0000400E00700D472B6DFF8800040F8254053
:10D3000056F82500401C46F8250070BD80B500F099
:10D31000F6FCDFF8601051F82020521E41F8202062
:10D32000DFF8582052F82020D20704D451F82010FA
:10D33000002900D162B601BD48414020684140202B
:10D34000884140203841402058414020A841402099
:10D35000C84140207841402098414020B8414020B9
:10D36000E841402008424020D84140202842402047
:10D37000F841402048424020184240203842402096
:10D380002DE9F04104000D0000265FF00008FFF7D2
:10D3900087FDDFF854092100C9B230F83170390037
:10D3A00089B2022905DA00212200D2B220F8321017
:10D3B00024E0691C0E0031003A0089B292B2914219
:10D3C00013D22100C9B200EBC101320092B2230096
:10D3D000DBB200EBC303B4461FFA8CFC03EB4C0337
:10D3E0005B8821F81230761CE5E72100C9B230F8DD
:10D3F0003110491E2200D2B220F83210FFF76AFD28
:10D40000BDE8F081F0B4DFF8E4481D00EDB254F857
:10D410002550ED680E00B6B235F816501E00F6B273
:10D4200054F8264066682F00BFB23024674306EBED
:10D43000070400263700FFB2032F07D20027B446A7
:10D440005FFA8CFC42F82C70761CF3E700273E0054
:10D45000F6B2032E0BD23E00F6B204EB8606366A15
:10D46000BC465FFA8CFC42F82C607F1CEFE7F0BCF6
:10D4700070472DE9FE4F04000D0016001F00DFF875
:10D480006C083900C9B250F82110C9682A0092B25C
:10D4900031F8128030213A00D2B250F8222052687E
:10D4A00043469BB24B431A4492F802903A00D2B2E0
:10D4B00050F8222012684B46DBB21A4492F808A0BA
:10D4C0003A00D2B250F822004068424692B201FBC4
:10D4D00002F100EB010BBBF81600ADF800000020D4
:10D4E000ADF8080000208DF8040000208DF805003C
:10D4F00000208DF8060001AB3200D2B2BDF800105A
:10D500005046C0B201F0CCFA200001A90622F0F783
:10D510008FFBBDE8F78F2DE9FA4F87B004001500A7
:10D52000129EDFF8C8172800C0B251F82000C0686A
:10D53000220092B230F81200ADF808002800C0B204
:10D5400051F820004268BDF808303020434302EB18
:10D55000030898F802008DF800002800C0B251F8C6
:10D56000200000689DF800201044007A8DF801002A
:10D570002800C0B251F8200000689DF8001050F853
:10D5800021905FF0000A5FF0010B98F814008DF80D
:10D5900006002B00DBB29DF81C20210089B203A8F5
:10D5A000FFF767FF9DF80D0001286ED100200700EE
:10D5B00038009DF80610C0B2884268D2D8F8100032
:10D5C0003900C9B230F81100ADF80400D9F83C10A8
:10D5D000BDF8042003204243885C9DF80C1088426B
:10D5E0001BD005AB9DF81C20D9F83C10BDF804C039
:10D5F000032000FB0CFC11F80C109DF8010001F059
:10D600004FFA9DF81500002802D1012082463EE025
:10D61000BDF81800ADF8020003E0BDF81000ADF849
:10D62000020098F81D00012822D12B00DBB2BDF8C2
:10D6300004209DF80010BDF8020000F0BCFA307024
:10D64000307800280CD10120DFF8A416220092B215
:10D65000120111440873012082460020834607E02E
:10D660000020DFF88C16220092B2120111440873D8
:10D670005846C0B2002806D0BDF8020008993A000A
:10D68000D2B221F812007F1C92E701208246504658
:10D69000C0B209B0BDE8F08F2DE9F24F82B00400AE
:10D6A00015001E0000208DF80600002700200090C5
:10D6B000DFF838163000C0B251F82000C0682200F0
:10D6C00092B230F812803000C0B251F820004268A7
:10D6D00043469BB23020434302EB030999F8020012
:10D6E0008DF805003000C0B251F8200000689DF8A8
:10D6F0000510084490F808A05046C0B201F072F935
:10D70000834699F805008DF804009DF80400002870
:10D7100002D15FEACB7006D49DF80400012804D141
:10D720005FEA4B7001D5012007003800C0B2002825
:10D730000AD00095029B3200D2B29DF8041020005E
:10D7400080B2FFF7E8FE00E00120C0B2BDE8FE8F26
:10D750002DE9F04104000D001600DFF890053100BE
:10D76000C9B250F8210000682100C9B20844077A04
:10D77000E86A0078012806D1E86A42780121380079
:10D78000C0B201F0A9FAE86A10F102084146380077
:10D79000C0B201F083FABDE8F0812DE9FF41050038
:10D7A0000E00170098460A9C3200D2B2414628006B
:10D7B000C0B2FFF7CDFF3300DBB26A46390089B251
:10D7C0002800C0B2FFF71EFE002269462000C0B24A
:10D7D00001F0B3F898F804102000C0B201F052FB39
:10D7E00001212000C0B201F00AF998F81A000028BF
:10D7F00004D101212000C0B201F01EFA0021200056
:10D80000C0B201F0CBF8BDE8FF812DE9F34F81B044
:10D8100004001500DFF8D4642800C0B256F82000D8
:10D82000C068BDF8081030F811702800C0B256F872
:10D83000200000682100C9B2084490F808805FF019
:10D8400030092800C0B256F820004068390089B27B
:10D8500009FB01F1084490F814A05FF0000B584652
:10D860005146C0B2C9B2884226D22800C0B256F88A
:10D8700020004068390089B209FB01F108440069C1
:10D880005946C9B230F81100ADF800002800C0B206
:10D8900056F8200000682100C9B250F82100C16B81
:10D8A000BDF8002003204243895C4046C0B201F02D
:10D8B000D3F81BF1010BD2E7BDE8F78F2DE9F0415A
:10D8C00004000D000020002600275FF000084046FD
:10D8D000C0B202281ED24046C0B2204490F8400098
:10D8E000012814D14046C0B22044007A06004046C8
:10D8F000C0B254F820103000C0B200F0ACFE0028D6
:10D9000001D0012007003800C0B2002802D118F170
:10D910000108DCE73800C0B2BDE8F0812DE9F8432A
:10D9200004000020002500265FF0000900275FF0BA
:10D9300000084046C0B2022826D2DFF8B00321001A
:10D94000C9B250F8211009684246D2B2114491F888
:10D950004010012915D12100C9B250F821000068FA
:10D960004146C9B20844007A05002800C0B200F060
:10D9700048FF002801D0012007003800C0B200286D
:10D9800002D118F10108D4E70021DFF860030A0092
:10D990002300DBB250F823301B8992B29A421AD28C
:10D9A0002200D2B250F8220042680B009BB2302015
:10D9B0004343D05A0600DFF83803002233009BB2FD
:10D9C0001B0103449A60002233009BB21B011844E0
:10D9D0008270491CD9E73800C0B2BDE8F2832DE956
:10D9E000F84304000D0000275FF00008DFF8FC1288
:10D9F0002800C0B251F8200000682200D2B21044C2
:10DA000090F80890DFF8E0222000C0B232F8300031
:10DA1000002833D02000C0B202EBC00040880700CD
:10DA20002800C0B251F82000C0683A0092B230F825
:10DA3000120080462800C0B251F8200041684246DA
:10DA400092B23020424301EB02000600DFF8A00250
:10DA5000390089B209010844007B012802D13079DC
:10DA600000280BD04846C0B2009033003A0092B272
:10DA70002900C9B22000C0B2FFF78FFEBDE8F183D4
:10DA80002DE9F74F04001D00002698482900C9B26F
:10DA900050F82110C968220092B231F81210ADF886
:10DAA00002102900C9B250F821004168BDF80220D7
:10DAB0003020424301EB0207B8788DF801005FF097
:10DAC00000085FF000095FF0000A5FF0000BB87E0D
:10DAD00001281FD1787900280ED1F87900280BD1C0
:10DAE000200081499DF8012001EBC201498880B2E4
:10DAF000884201D0012006003000C0B2002847D182
:10DB00002B00DBB2029A0199200080B2FFF7C4FD1E
:10DB100006003DE0387D8DF800007549200080B298
:10DB20000001085C012802D10120060030E020003D
:10DB300080B2000108448088401E8346200080B2E5
:10DB4000000108448088002802D1F889401E8346DD
:10DB5000200080B2000108448068594689B200EB79
:10DB600041008146F88982460020804640469DF863
:10DB70000010C0B288420BD2B9F8000001994246A9
:10DB8000D2B221F8120009EB4A0918F10108EDE7B9
:10DB90003000C0B2BDE8FE8FF8B504000D001600DD
:10DBA0001F003B00DBB232002900200080B2FFF7EB
:10DBB00067FFC0B2F2BD2DE9F04F04004B481D00D5
:10DBC000EDB250F8250000680D00EDB200EB8500C5
:10DBD000C5681600B6B20C20464305EB0600851D4D
:10DBE000002095F80180AE886F885FF0010C4FF639
:10DBF000FF7EA146F2461FFA8AFA5AFA0CFA1AEA8E
:10DC00000909C2465FFA8AFABAF1000F0CD0BAF1DC
:10DC1000020F21D00CD3BAF1040F3DD030D3BAF1AA
:10DC2000060F51D044D35BE05FF0010A504657E045
:10DC3000B246CB461FFA8AFA1FFA8BFBDA450AD2A4
:10DC4000BA46CB461FFA8AFA1FFA8BFBDA4502D393
:10DC50005FF0010A504643E0BA46CB461FFA8AFA03
:10DC60001FFA8BFBDA4507D3B246CB461FFA8AFA76
:10DC70001FFA8BFBDA4502D35FF0010A50462FE012
:10DC8000BA46CB461FFA8AFA1FFA8BFBDA4502D353
:10DC90005FF0010A504623E0B246CB461FFA8AFAEB
:10DCA0001FFA8BFBDA4502D25FF0010A504617E0FB
:10DCB000BA46CB461FFA8AFA1FFA8BFBDA4502D224
:10DCC0005FF0010A50460BE0B246CB461FFA8AFAD3
:10DCD0001FFA8BFBDA4502D35FF0010A5046FFE7DB
:10DCE000C0B2BDE8F08F00007427402060274020BC
:10DCF000642740200020C0B27047FEE77047BC4850
:10DD0000006810F003007047000000002DE9F04F9C
:10DD100085B000200190FFF7F2FF8DF80000002091
:10DD20008DF8010000219DF80000002803D0022892
:10DD300005D003D304E00120019003E002E001E0FC
:10DD4000002001900022F02A08D2AA4B33F812409A
:10DD50000198044323F81240521CF4E7A6480368D4
:10DD600053F470030360BFF34F8FBFF36F8FA34B68
:10DD700000201860A24CA3482060A3485860A34824
:10DD80006060A3489860A34DA560A34DDD60A34DDE
:10DD9000E5605FF0D8551D61A14D2561A14D5D6124
:10DDA000A14D6561A14D9D61A14DA24E56EA45066A
:10DDB000A661A14DDD61A14DA14E55EA4606E66181
:10DDC000A04E1E62A04E55EA460525625FF08045D2
:10DDD0005D629E4D65629E4D9D620025A5625FF06D
:10DDE000CE45DD629B4DE5625FF0D0451D639A4DE7
:10DDF00025635FF060455D63984D656310F58000B5
:10DE000098630020A063BFF34F8FBFF36F8F944DD3
:10DE10002868800302D42868C0037BD500275FF000
:10DE2000000E5FF0000B8F4E00203060BFF34F8F6D
:10DE3000DFF83492D9F8000002900298C0F34E3017
:10DE4000029FC7F3C907BB46884F43F6E07C1CEA34
:10DE5000401E5EEA8B7EC7F800E0BFF34F8FDE46C0
:10DE6000BEF1010BBEF1000FEED18646BEF10100FE
:10DE7000BEF1000FE4D1D6F800E05EF0010EC6F866
:10DE800000E0DFF8ECE15FF00008CEF80080BFF3BF
:10DE90004F8F5FF0000ACDF810A05FF0000ACDF8B8
:10DEA0000CA05FF000085FF0000AC6F800A0BFF306
:10DEB0004F8FD9F80090C9F34E3AC9F3C900804694
:10DEC0001CEA4A1050EA88703860BFF34F8F404612
:10DED000B0F101080028F3D15046B0F1010A002842
:10DEE000EBD1306850F0010030600020CEF8000027
:10DEF000BFF34F8F286830F400302860BFF34F8F96
:10DF0000BFF36F8F286830F480302860BFF34F8FE5
:10DF1000BFF36F8F00263000C0B20F2818D2300038
:10DF2000C0B254F82000C00710D50800C0B2514F4D
:10DF300038603000C0B253F820004F4F38603000D6
:10DF4000C0B254F820004D4F3860491C761CE2E7FF
:10DF50004B48036853F003030360BFF34F8FBFF3D5
:10DF60006F8F00205FF0000C002300243D4F3C60C9
:10DF7000BFF34F8F3C4C2468C4F34E37C4F3C90041
:10DF8000030043F6E07010EA471050EA8370DFF8B0
:10DF9000F4C0CCF80000BFF34F8F1800431E0028D8
:10DFA000EFD13800471E0028E8D1BFF34F8F286813
:10DFB00050F480302860BFF34F8FBFF36F8FBFF3F3
:10DFC0004F8FBFF36F8F0020DFF8A4C0CCF80000A4
:10DFD000BFF34F8FBFF36F8F286850F40030286075
:10DFE000BFF34F8FBFF36F8F05B0BDE8F08F000018
:10DFF000040026408008264088ED00E048264020A6
:10E00000842640203F000410000000001F00080389
:10E0100000C0410027000B070000001023000B1672
:10E0200019000B160000002021000803000040200A
:10E030000D00000001000B030040402001000C1304
:10E040000D000000007C4020090000002DC00413DA
:10E05000000060401300041335000B032700041375
:10E0600014ED00E084ED00E080ED00E074EF00E0EE
:10E0700050EF00E098ED00E09CED00E0A0ED00E046
:10E0800094ED00E060EF00E00021DFF8942A52F800
:10E09000202013685B085B00136070470021DFF8E5
:10E0A000802A52F82020136853F001031360704750
:10E0B000D0F89C2332F4C0220B00DBB2002B01D03D
:10E0C000032300E000235B0413F4C0231A43C0F8C9
:10E0D0009C237047F0B40024DFF8445A55F82050D0
:10E0E0001600B6B2DFF83C7A17EA06471E00B6B251
:10E0F0007604760C3E430F00FFB205EB87073E66C1
:10E10000F0BC704710B4DFF8182A52F82020002322
:10E110000C00E4B202EB8404C4F8B03210BC7047C7
:10E1200030B40100DFF8F80950F82120D2F8A0330C
:10E130001C00640F14F00304DFF8EC092500EDB2B5
:10E14000405DC0B230BC704770B504000D00DFF810
:10E15000DC6906EBC400C078002804D12000FFF77A
:10E16000DFFF020000E00F2206EBC4004078012828
:10E1700007D14FF6FF71D2F11000814011EA05007E
:10E180000CE04FF6FF71D2F10F0081404904490CB9
:10E1900011EA050080B2D2F10F03184180B270BDC0
:10E1A00070B40100002400200025DFF8742952F823
:10E1B000212053681E00F60F50EA46101E00360E4E
:10E1C00016F0010650EA86101E00F60D16F0010644
:10E1D00050EA06201E00360D16F0010650EAC61061
:10E1E000DFF84C6916F82160760705D51C00240C71
:10E1F00014F0010450EA44201C00640914F00104E6
:10E2000050EA842070BC704770B4020000200025E2
:10E210000026DFF80C1951F822301C69210049084A
:10E2200011F0010150EA410014F0010108432100FE
:10E23000C90811F0010150EAC1002100890811F05C
:10E24000010150EA8100DFF8E81811F822104907AF
:10E2500005D52100090911F0010150EA011070BC37
:10E260007047C0B2400010F0060070472DE9F84337
:10E2700005000E0017003C0034F0005430784007D1
:10E2800010F00050044334F00604F078FFF7E9FF83
:10E29000804658EA040838F0200800222021B07C8B
:10E2A00000F0D3F9814659EA080929F00049002213
:10E2B0005FF00041F07C00F0C8F9010051EA09016B
:10E2C00031F08041307D800710F080400143DFF85D
:10E2D000600810F8250040070FD531F44031B079BF
:10E2E000012802D0022803D007E051F4003104E0F5
:10E2F00051F4803151F40031FFE7F079012802D068
:10E30000022805D009E031F4800151F4800104E0D5
:10E3100031F4C00151F4C001FFE731F08061307A7F
:10E32000022802D15FF0806000E000200143307AD3
:10E33000002816D031F000610C0000225FF000616F
:10E34000707A00F082F9804658EA040838F00078C4
:10E3500000225FF00071B07A00F077F9010051EA15
:10E36000080131F400610C0000224FF40061707E5E
:10E3700000F06BF9204330F4C060B17E490211F423
:10E38000C0610843BDE8F2832DE9F24F8EB004006E
:10E3900015000C2200210BA8FDF73DFE0C220021E8
:10E3A00008A8FDF738FE0C22002105A8FDF733FE72
:10E3B0000C22002102A8FDF72EFE5FF000085FF09E
:10E3C000000948462900C0B2C9B2884234D20E9929
:10E3D0004A46D2B20320424301EB020007003878DC
:10E3E00040090600387810F01F0001905FF0010A24
:10E3F0000DF1140B5BF826000090002201991AFA27
:10E4000001F1B87800F021F9009908434BF8260093
:10E410000DF1080B5BF826000090002201981AFA13
:10E4200000FA5146787800F010F9009908434BF84B
:10E43000260019F10109C4E700200100DFF8942843
:10E44000125DC9B2914230D2DFF8D41651F82410CF
:10E4500088460BA90200D2B251F822100200D2B2B3
:10E4600008EB8202516208A90200D2B251F82210D0
:10E470000200D2B208EB8202C2F8E01205A9020043
:10E48000D2B251F822100200D2B208EB82025164DB
:10E4900002A90200D2B251F822100200D2B208EB57
:10E4A0008202C2F88410401CC7E70FB0BDE8F08FAD
:10E4B0002DE9F041040000210022DFF8640650F845
:10E4C0002450042600200100DFF86C28125DC9B238
:10E4D000914210D200210200D2B205EB8202C2F8B2
:10E4E000E0125FF0FF310200D2B205EB8202C2F807
:10E4F000F012401CE7E75FF0000840463100C0B270
:10E50000C9B288420AD200234FF6FF724146C9B20F
:10E510002000FFF7DFFD18F10108EEE700273800C3
:10E52000C0B2032818D2DFF80C080C2101FB04F15B
:10E5300008443900C9B2890850F82100FF21FA00C7
:10E5400012F018029140084204D03900C9B22000EC
:10E55000FFF7D8FD7F1CE2E7BDE8F08110B50400AD
:10E560002000002800D0A04710BD2DE9F04704008E
:10E570005FF0000E00220023002500265FF0000C53
:10E58000DFF89C0550F8247017F1100817F13009D6
:10E59000D7F820A0DFF8941511F83400002810D027
:10E5A000D8F8000010F001001AF00102104212D059
:10E5B0000120C8F8000001EBC4004068FFF7CEFF5F
:10E5C00009E0D8F800000500C8F80050D9F80000AC
:10E5D0000600C9F80060BDE8F08730B40023DFF81A
:10E5E000402552F8204000221300DFF8E8562D5C49
:10E5F000DBB2AB420BD21300DBB251F82330150073
:10E60000EDB204EB8505C5F8A430521CECE730BC34
:10E61000704730B40023DFF8082552F8204000226C
:10E620001300DFF8B0562D5CDBB2AB420BD2130007
:10E63000DBB251F823301500EDB204EB8505C5F8C7
:10E64000B430521CECE730BC7047C0B2012800D097
:10E650001100080070472DE9F04F85B004000D004F
:10E6600000208DF808000020019000200390002079
:10E6700000905FF000095FF0000A5FF0000BDFF828
:10E68000A00450F82460370016F1C800039016F17A
:10E690004000009016F1C400049016F18000019033
:10E6A00000220121200000F049FB386830F40030DE
:10E6B0003860200000F07FFA80464046C0B2002853
:10E6C00040F09A803A6829002000FFF7CFFD3860BB
:10E6D000DFF85894287D09EBC4014870200000F051
:10E6E00029FA80464046C0B2002840F08580A879CB
:10E6F000022803D1386850F48030386069793000DE
:10E70000FFF7D6FC15F10B01200000F0C7FA287EB8
:10E7100003990860DFF8180410F82400C00702D538
:10E72000E88A0499086015F120012000FFF755FFE1
:10E7300015F12C012000FFF76CFF6978200000F034
:10E7400012F9009800688008800000990860A87F8E
:10E7500000280AD000980068E97F490011F0020102
:10E76000084350F0010000990860E86B002809D0C8
:10E7700095F83800002805D095F83820E96B20007E
:10E78000FFF702FE01980068400840000199086008
:10E79000A87B002801D0012000E000200199096831
:10E7A00010F00100084301990860EA7B0021200075
:10E7B00000F021FB2A7C0121200000F01CFB6A7C78
:10E7C0000221200000F017FB286C09EBC40148600F
:10E7D000A87809EBC401C870287909EBC4018870D6
:10E7E000E87EA98BDFF8E42612EA01421043C6F85E
:10E7F000A803012009F834004046C0B205B0BDE8C6
:10E80000F08F2DE9F84191B00400002500208DF82B
:10E81000000000208DF8030001208DF80400002086
:10E820008DF8050000208DF8060000208DF8070007
:10E8300000208DF8080000208DF8090000208DF8D8
:10E840000A000026DFF8F074385D864209D21620EF
:10E8500069463144C872002069463144C873761C49
:10E86000F0E700208DF80E0000208DF81200002047
:10E870008DF8130000208DF814000020ADF816006C
:10E8800000208DF8180000208DF8190000208DF868
:10E890001A0000208DF81B000020ADF81C0000209D
:10E8A0008DF81E0000208DF81F0000208DF8380024
:10E8B00000200F900020109069462000FFF7CBFE4B
:10E8C00080464046C0B2002832D1954850F8240016
:10E8D000050000200600385D864213D2002005EBBB
:10E8E000860148625FF0FF3005EB86014861002039
:10E8F00005EB86014864002005EB8601C1F8840021
:10E90000761CE8E72000FFF7D3FD002068631F2195
:10E91000200000F074F80121200000F024F800200D
:10E92000DFF85C1501F83400200000F044F980465F
:10E930004046C0B212B0BDE8F08170B504000D00D1
:10E9400016003000C0B2002802D0012805D009E02E
:10E9500029002000FFF741FE04E029002000FFF716
:10E9600058FEFFE770BD2DE9F04704000F000025B9
:10E9700000266B4850F8249019F5687AFEF77AFC67
:10E98000DAF8008028F060483800C0B258EA4078D1
:10E99000CAF80080FEF78AFCBDE8F0872DE9F8434D
:10E9A00004000D005FF000095FF00008DFF82005AB
:10E9B00050F824603700FEF7D3FA2800C0B20028D0
:10E9C00002D0012805D009E0386850F08070386026
:10E9D00004E0386850F480103860FFE7FEF7DAFA98
:10E9E000BDE8F18370B5040000252000FFF7D8FBD7
:10E9F00006002E432000FFF707FC304370BDF0B443
:10EA0000002500230024464A52F8206016F1100722
:10EA10000A00520812F0010255EA420511F0010203
:10EA200015430A00D20812F0010255EAC2050A0095
:10EA3000920812F0010255EA8205DFF8982412F8D4
:10EA40002020520705D50A00120912F0010255EAEA
:10EA500002153D60F0BC70472DE9F04704000D0041
:10EA6000002600202F007F0915F01F08DFF8601432
:10EA700051F8249009EB8501D1F800A15FEA0A3131
:10EA80000AD551462000FFF75FFB0600012010FA6F
:10EA900008F009EB87014861300080B2BDE8F087DB
:10EAA0002DE9F84F04000D0016001F000020002182
:10EAB000A8465FEA581815F01F0200920022BA809B
:10EAC0003D7000227A700022BA70DFF8042452F8F8
:10EAD000249009EB8502D2F800A109EB880212F11B
:10EAE000140B3200D2B2120412F440321AF4403342
:10EAF0009A420ED15046C00C10F00100787050467A
:10EB0000800C10F00100B87051462000FFF71CFB8C
:10EB1000B880012100988140CBF80010BDE8F18F4A
:10EB20009C3444000000FF7F74DF430084274020B2
:10EB3000BC3444002DE9FE4F0400002500260027C8
:10EB40005FF00008012142F2107000F000FA8146E7
:10EB5000012000F0D1F900905FF0000ADFF87003A7
:10EB600050F8240002900298001D01900198D0F8FE
:10EB700000B01BF0070BFEF723FA2000FFF784FA22
:10EB8000FEF738FABB450ED0CA450CD20198006892
:10EB900010F0070083460121684600F0C1F910EB30
:10EBA0000A008246EEE7CA4501D30220050028008C
:10EBB000C0B2BDE8FE8F2DE9FE4F040000250026FF
:10EBC00001275FF00008012142F2107000F0BFF948
:10EBD0008146012000F090F900905FF0000ADFF814
:10EBE000F00250F8240002900298001D0190019854
:10EBF000D0F800B01BF0070BFEF712FA2000FFF769
:10EC00004DFAFEF727FABB450ED0CA450CD2019843
:10EC1000006810F0070083460121684600F080F983
:10EC200010EB0A008246EEE7CA4501D30220060037
:10EC30003000C0B2BDE8FE8F2DE9F04104000D00A8
:10EC400000265FF0000815F0010050EA0808DFF820
:10EC5000800250F82470FEF7ABFA386A58EA0000D8
:10EC60003862FEF7C1FABDE8F0812DE9F0410400F9
:10EC70000D0000265FF0000815F0010050EA0808BA
:10EC8000DFF84C0250F82470FEF7C4FA386A30EA14
:10EC900008003862FEF7D8FABDE8F08130B40022EF
:10ECA000DFF82C3253F8203000242200224D2D5C56
:10ECB000D2B2AA420AD22200D2B28A5C2500EDB2B8
:10ECC00003EB8505C5F89420641CEEE730BC704763
:10ECD00000000000B44844002DE9F04704000D0096
:10ECE000160000275FF00008DFF8E40150F82490D8
:10ECF000CA46FEF7C5F9DAF8000030F46060CAF8D9
:10ED000000002800C0B2002801D0012000E000204F
:10ED1000DAF80010C00210F4006008433100C9B2F4
:10ED2000490211F4C0610843CAF80000FEF7C2F9B5
:10ED3000BDE8F087A4344400B44844002DE9F04F06
:10ED400085B004000D0016005FF0000A002000905E
:10ED50005FF0000B012142F2107000F0F8F807009C
:10ED6000012000F0C9F803905FF000085FF000098F
:10ED7000DFF85C0150F8240002900298009002989D
:10ED8000001D0490FEF7ACF93000C0B2002805D198
:10ED90000098006830F08070009908600098006862
:10EDA00050F0800000990860FEF7B4F92800C0B266
:10EDB00000281BD00498006810F080700190019822
:10EDC000B0F1807F0ED1B8450CD20498006810F0E5
:10EDD00080700190012103A800F0A2F810EB080058
:10EDE0008046ECE7B84501D3022081464846C0B2D0
:10EDF00005B0BDE8F08F2DE9F84304000D001600C2
:10EE000000210020DFF8C82052F8248018F1800982
:10EE1000DFF8C02012F8242092072ED5FEF75CFA06
:10EE2000D9F8000007002800C0B2002803D002284B
:10EE300015D00AD31DE037F0020738003700FFB2C3
:10EE40007F0017F00207074313E037F00807380088
:10EE50003700FFB2FF0017F00807074309E037F05B
:10EE6000200738003700FFB27F0117F02007074363
:10EE7000FFE7C9F80070FEF749FABDE8F18300002A
:10EE8000842740202DE9F84304000D005FF00009BD
:10EE90005FF000080E4850F824603700FEF750F984
:10EEA0002800C0B2002802D0012805D009E0386847
:10EEB00030F00050386004E0386850F0005038609E
:10EEC000FFE7FEF757F9BDE8F18300000000FF03FC
:10EED0009C344400BC3444000020704701000120F1
:10EEE0007047704710B50400002C02D00020FCF7DA
:10EEF000E1FEFCF7F2FE10BD38B50400002520004D
:10EF0000C0B2002802D0012804D007E0FFF7E4FFD8
:10EF1000050003E0FCF7F4FE0500FFE7280032BD22
:10EF200070B504000D0000262800C0B2002802D0F1
:10EF3000012805D009E02000FFF7D0FF060004E01B
:10EF40002000FCF7E2FE0600FFE7300070BD70B560
:10EF500004000D0000262800C0B2002802D00128BD
:10EF600005D009E02000FFF7BCFF060004E0200008
:10EF7000FCF7E0FE0600FFE7300070BD2DE9F54F1D
:10EF800087B00C001D00DFF820252800C0B252F821
:10EF90002000C068210089B230F81100ADF80800E7
:10EFA00000200026002100272B00DBB252F823307E
:10EFB0001B689DF81CC063441B7A8DF806302B003B
:10EFC000DBB252F823301B689DF81CC053F82C307C
:10EFD00005932B00DBB252F823205368BDF808C01C
:10EFE000302202FB0CFC03EB0C0898F807208DF88C
:10EFF000052098F814208DF80720D8F810200692E4
:10F00000DFF8A894220092B212014A4492682300C9
:10F010009BB21B014B449B8802EB430A5FF0000B41
:10F0200058469DF80710C0B2884268D206985946E3
:10F03000C9B230F8110006009DF80500002810D173
:10F0400003AB98F805200598C16BB4461FFA8CFCF9
:10F05000032000FB0CFC11F80C109DF80600FFF7D4
:10F060001FFD9DF80D00012840D198F81D000128D2
:10F070002AD12B00DBB2320092B29DF81C10BDF8F1
:10F080001000FEF798FD8DF804009DF8040001289B
:10F090000BD1BDF8100000905B46DBB2BDF820201C
:10F0A0005146404600F006FA22E00120210089B2D4
:10F0B0000901494448700120210089B209014944ED
:10F0C00008730120070013E0BDF8100000905B46B4
:10F0D000DBB2BDF820205146404600F0EBF900209D
:10F0E000210089B209014944087301E001200700A9
:10F0F0003800C0B2012802D01BF1010B90E73800A4
:10F10000C0B209B0BDE8F08FF0B4030000240D8850
:10F11000C87900280CD0DFF894032E00B6B236016F
:10F120000644B688761C2F00BFB23F013844868063
:10F13000DE482E00B6B236013044808880B2F0BC82
:10F14000704770B40300D84A0800C0B252F82000DB
:10F15000C0681C00A4B230F814400020D34D1E003B
:10F16000B6B236013544AD78012D0FD10D00EDB2A8
:10F1700052F8252055682600B6B23022564305EBDA
:10F1800006029268002A01D001221000C0B270BCB1
:10F19000704738B504000D0000212000C0B2FEF712
:10F1A000EFF8C3482100C9B230F83100002805D07B
:10F1B0002900C9B22000C0B2FEF711FC31BD2DE913
:10F1C000FE4F82B005000E000E9CB7492000C0B271
:10F1D00051F82000C068320092B230F81200ADF849
:10F1E00002002000C0B251F8200000682A00D2B20C
:10F1F0001044077A2000C0B251F820004268BDF8E0
:10F2000002303020434302EB03080020ADF8000039
:10F210002000C0B251F82000006801905FF00009A2
:10F220005FF0000A002241460198FFF76DFFADF83C
:10F230000000DFF878B20120310089B20901594499
:10F240004870300080B200011BF80000012805D191
:10F250000220310089B209010BF80100BDF800005D
:10F26000BDF80C10884244D30320310089B2090153
:10F270000BF8010098F80C00002834D198F803002E
:10F28000012830D101208246002201213800C0B27D
:10F29000FFF754FD00282CD12200D2B2310089B2F0
:10F2A0002800C0B2FEF7B1FA01213800C0B2FFF762
:10F2B000DCFC01213800C0B2FFF7A1FB2100C9B27C
:10F2C0002800C0B2FFF765FF2100C9B2300080B24C
:10F2D000FFF737FF81464846C0B2012809D1D8F868
:10F2E0000800804705E00020310089B20901594437
:10F2F00088805046C0B200282BD12100C9B230000E
:10F3000080B2FFF71EFF814698F80400002814D150
:10F310000320310089B209010BF801009DF81000AB
:10F3200000280AD101213800C0B2FFF79EFC21005D
:10F33000C9B22800C0B2FFF72CFF01213800C0B2CB
:10F34000FFF75DFB4846C0B2012802D1D8F808009B
:10F35000804705B0BDE8F08F2DE9F24F82B0040080
:10F3600015000020ADF802000020ADF804000020D8
:10F370008DF800004C4F2800C0B257F820000068FC
:10F380002100C9B20844067A49482100C9B200EBFD
:10F39000C1004088ADF804002800C0B257F8200032
:10F3A000C068BDF8041030F811805FF0300B280001
:10F3B000C0B257F820004068414689B20BFB01F10A
:10F3C0000844B0F80E902B00DBB24A4692B2BDF86A
:10F3D00004102000C0B2FFF7D1FD82465046C0B2F3
:10F3E000012816D12800C0B257F8200040684146D5
:10F3F00089B20BFB01FB58440079002804D101219C
:10F400003000C0B2FFF731FC01213000C0B2FFF77D
:10F41000F6FA5046C0B200280BD12448BDF80410BB
:10F42000090101448988491CBDF8042012011044D7
:10F4300081805046C0B200280CD12800C0B2009094
:10F440009DF808304A4692B2BDF804102000C0B2C0
:10F45000FFF7B5FEBDE8F78F7CB50500FEF74AFC67
:10F460008DF8000010489DF8001050F82100006849
:10F470002900C9B2084490F842603000C0B2FF28A9
:10F4800010D00B483100C9B230F831000400200020
:10F4900080B2002806D09DF8002000213000C0B2C4
:10F4A000FFF75AFF73BD000060274020642740200B
:10F4B0007427402070B4039C1E00F6B21500ADB254
:10F4C0006E4321F8164070BC704710B50024200030
:10F4D000C0B2FFF7C1FF10BD38B5040042F2E475B9
:10F4E000002C01D0012000E00020C0B2FCF7C6FAD9
:10F4F00000F007F800F0C4FADFF844190C6080B29D
:10F5000032BDDFF840090168096951F00101006866
:10F51000016170472DE9F04705000E0042F2E477E3
:10F52000B846DFF8240901684968DFF820490C4033
:10F53000002C08D001684968214000684160DFF86C
:10F54000EC09078019E0DFF8E499B9F80000B84247
:10F5500013D045F6A52A280000F0D0F8504502D077
:10F56000A9F8007009E03000C0B2012804D043F2CD
:10F57000CC30A9F8000000E0D046404680B2BDE89B
:10F58000F08738B504000D002B0022000421012073
:10F5900000F008FF31BD00687047008870470078B0
:10F5A00070472DE9F84304000D001600A84658EAFC
:10F5B000040919F0030F08D1042E06D304272000F4
:10F5C000FFF7E9FFC8F8000010E05FEAC97008D44F
:10F5D000022E06D302272000FFF7DFFFA8F8000065
:10F5E00004E001272000FFF7DAFF28703800BDE8AB
:10F5F000F283020042F6B450002904D0002A02D05F
:10F6000045F6A523180080B2704770B5040045F692
:10F61000A526350000F08CFADFF8700904602000A0
:10F6200000F0E6FD010089B2B14202D0DFF8FC181B
:10F63000088080B270BD2DE9FE4F07000D00160056
:10F64000B846B1462C00002D01D0012000E000207A
:10F65000C0B2FCF713FA002E01D0012000E0002018
:10F66000C0B2FCF70BFA2900380000F06FFEC0B200
:10F67000FCF704FADFF8B4A831002800FFF7B9FF5F
:10F68000AAF8000045F6A52BBAF80000584531D17C
:10F690004EF24270AAF8000021004046FFF771FFC9
:10F6A0004046FFF7B2FFADF80000BDF80000584536
:10F6B0000FD100F0E0FD220049464046FFF771FF00
:10F6C000019000F0E2FD01214046FFF723FFADF875
:10F6D0000000BDF80000584508D1019810EB08085B
:10F6E000019881440198241A002CD9D1002C01D111
:10F6F000AAF800B0BAF80000BDE8FE8F2DE9F84383
:10F70000050042F2E4784646DFF83C773868D0F8E6
:10F710000490B9F1000F1ED5B5F1805F1BD3DFF85F
:10F72000F409854217D200F01CF800280AD015F021
:10F730000300281A0068040014F1010F04D045F6F4
:10F74000A52801E045F6A5283868406810F000407B
:10F750003968486001E045F6A528404680B2BDE81A
:10F76000F283DFF8B4090068006910F00100704707
:10F7700070B504000D00882C01D2012000E00020AB
:10F78000C0B2FCF77BF9200000F070F806003000F2
:10F7900042F2E47180B2884218D030004EF6B801CF
:10F7A00080B2884203D145F6A52006000EE029006C
:10F7B000C9B2200000F00FFC0600300045F6A5217C
:10F7C00080B2884202D1200000F003F8300080B2FD
:10F7D00070BD70B408280CD2DFF868562968D1F8DB
:10F7E0004863DFF88C1909680E432968C1F848633B
:10F7F0003AE087280CD1DFF84C562968D1F85863D5
:10F80000DFF86C1909680E432968C1F858632BE0CA
:10F81000B0F108010A00110089090B0012F03F0144
:10F820000C00202C10D2DFF81C56296801EB830154
:10F83000D1F85C63DFF8381909680E43296801EBD9
:10F840008301C1F85C630FE0DFF8F855296801EB2C
:10F850008301D1F84063DFF8181909680E4329685D
:10F8600001EB8301C1F8406370BC704738B50500F7
:10F87000882D01D2012000E00020C0B2FCF7FEF884
:10F88000882D02D342F2E4700AE0280000F00AF862
:10F890000400002C02D14FF6222001E04EF6B80001
:10F8A00080B232BD2DE9F0410400DFF8C8882000A5
:10F8B00000F06EFBC8F80000DFF8B4180122D8F899
:10F8C000000082400A60082C05D2DFF84C0800686E
:10F8D000D0F8480321E0872C05D1DFF83C08006808
:10F8E000D0F8580319E0B4F1080005002800800999
:10F8F000060015F03F000700202F07D2DFF8180898
:10F90000006800EB8600D0F85C0306E0DFF808082A
:10F91000006800EB8600D0F8400309680840BDE8A5
:10F92000F08170B504000D00882C01D2012000E0A8
:10F930000020C0B2FCF7A2F82000FFF797FF0600F6
:10F94000300042F2E47180B2884218D030004FF6A5
:10F95000222180B2884203D145F6A52006000EE0A0
:10F960002900C9B2200000F036FB0600300045F641
:10F97000A52180B2884202D1200000F003F83000B7
:10F9800080B270BD70B408280CD2DFF8B854296872
:10F99000D1F84863DFF8D81709688E432968C1F8A1
:10F9A00048633AE087280CD1DFF898542968D1F8E9
:10F9B0005863DFF8BC1709688E432968C1F858639B
:10F9C0002BE0B0F108010A00110089090B0012F0C8
:10F9D0003F010C00202C10D2DFF86854296801EB9D
:10F9E0008301D1F85C63DFF8881709688E432968C2
:10F9F00001EB8301C1F85C630FE0DFF8485429682C
:10FA000001EB8301D1F84063DFF8641709688E4386
:10FA1000296801EB8301C1F8406370BC7047DFF8CF
:10FA2000F8160968C1F800037047F8B505000E0024
:10FA300045F6A5272800FFF7F2FFDFF80C04006861
:10FA40000068000C04000121DFF82C07FFF768FABA
:10FA5000DFF828170A68801808600868DFF82017A0
:10FA60000968884203D342F6D430070005E020003D
:10FA70003100C0B2C9B28842DCD1380080B2F2BDD8
:10FA800038B542F2E47400F014F80500DFF8B8036A
:10FA90000168096831F480510268116001680968E1
:10FAA00031F400410068016000F042F8280080B2A3
:10FAB00032BD2DE9F04145F6A524DFF8C0560020FF
:10FAC0002860DFF8BC66012142F21070FFF73FFAB0
:10FAD0003060DFF8A4760120FFF70EFA3860DFF817
:10FAE0006883D8F80000006840084000D8F800108B
:10FAF0000860D8F80000406800040DD401213800E7
:10FB0000FFF70EFA29684018286028683168884293
:10FB1000EFD342F6D4300400D8F80000006830F487
:10FB20009870D8F800100860200080B2BDE8F0811D
:10FB3000C54908684268DFF850060240086842601C
:10FB4000704710B50400892C02D342F6B4501CE073
:10FB5000BD480168096811F4887F02D042F2E47060
:10FB600013E00068D0F89400002802D542F2E47057
:10FB70000BE02000FFF77AFE4FF62221884202D0E8
:10FB800042F2E47001E045F6A52080B210BD411CB0
:10FB9000DFF8F025116070472DE9F84304000D00EF
:10FBA000DFF8E0753868002802D142F2E47051E0D5
:10FBB000882C01D2012000E00020C0B2FBF75EFFDC
:10FBC0000020DFF8B8150860DFF8C00500780028CD
:10FBD00002D142F2107001E042F210700121FFF7F1
:10FBE000B6F9DFF89C1508600120FFF785F9DFF80A
:10FBF000881508602000FFF7A4FF804645F6A52978
:10FC00004046494680B2884216D1FFF791FF200056
:10FC100000F01BFA0600DFF8780506602900C9B27B
:10FC20003000FFF702FF8046404642F6D43180B2F2
:10FC3000884201D100F0DAF8404680B2484507D149
:10FC400000F019FB7FF07F4100203A689047804622
:10FC5000404680B2BDE8F28310B500F069F90400B7
:10FC600020004EF2427180B2884213D0764801687B
:10FC7000096849084900026811600168096831F0A3
:10FC80001001006801604FF40051DFF804050068BE
:10FC9000FFF777FC200080B210BD2DE9F04106008F
:10FCA0000C0015002100300000F050FBC0B2FBF743
:10FCB000E5FE300000F032FA070016F07F0816F07B
:10FCC000070F0AD114F0070F07D118EB04008128A1
:10FCD00003D2002C01D0002D02D142F6B4501CE01A
:10FCE00059480168096811F4887F02D042F2E47033
:10FCF00013E00068D0F89400002802D542F2E470C6
:10FD00000BE03800FFF7B2FD4FF62221884202D007
:10FD100042F2E47001E045F6A52080B2BDE8F08132
:10FD2000F8B503000D000C001E00100011F00307D1
:10FD3000002F15D1444FD5F800C0D7F800E00EEBE6
:10FD4000860ECEF800C1D5F804C03F6807EB8607E1
:10FD5000C7F804C10835B61C08380028EAD144E0C9
:10FD600027780097009F94F801C057EA0C27009766
:10FD7000009F94F802C057EA0C470097009F94F840
:10FD800003C057EA0C6700972F4FDDF800C0D7F883
:10FD900000E00EEB860ECEF800C194F804E0CDF83A
:10FDA00000E0DDF800E094F805C05EEA0C2ECDF826
:10FDB00000E0DDF800E094F806C05EEA0C4ECDF8F5
:10FDC00000E0DDF800E094F807C05EEA0C6ECDF8C4
:10FDD00000E0DDF800C03F6807EB8607C7F804C104
:10FDE0000834B61C08380028BAD1F1BD7CB5164CD1
:10FDF00000202168C1F800012068006850F480707C
:10FE0000216808600025012142F21070FFF79FF879
:10FE100006000120FFF770F8009020680068C00518
:10FE200007D401216846FFF77BF840190500B54269
:10FE3000F3D32068006830F480702168086073BDD7
:10FE4000BC274020C8344400C434440000001033B0
:10FE50002DE9F84F04000D0016001F00DFF8249371
:10FE6000D9F80000002802D142F2E4705CE014F0FE
:10FE70007F00DFF8741308601120DFF8701308703A
:10FE80000020DFF8F8120860DFF80003007800288F
:10FE900002D142F2107001E042F210700121FFF72E
:10FEA00056F8DFF8DC1208600120FFF725F8DFF8CC
:10FEB000C8120860320029002000FFF7EEFE8346DA
:10FEC00045F6A52A5846514680B288420FD1FFF721
:10FED0002FFE3900C9B22000FFF7A7FD8346584620
:10FEE00042F6D43180B2884201D1FFF77FFF5846F5
:10FEF00080B2504516D1DFF8A8030460DFF8E803AC
:10FF00000560C4F3840080462A0031004046FFF7B4
:10FF100007FF00F0B0F97FF07F410120D9F8002001
:10FF200090478346584680B2BDE8F28F1C3540208A
:10FF300038B5DFF8B80301684968090415D44EF2F2
:10FF400042750121DFF83002FEF7EAFFDFF82C12DC
:10FF50000A68801808600868DFF894130968884206
:10FF600010D342F6D43005000CE00068406810F46D
:10FF700050300400B4F5804F02D145F6A52501E0CC
:10FF800042F2E475280080B232BD0000B427402060
:10FF900010B40100082902D27648016017E08729D1
:10FFA00004D1B1F18700734C206010E0B1F108007A
:10FFB000020012F03F000300202B04D21800C008FA
:10FFC0006C4C206003E0B3F120006A4C206069486B
:10FFD000006810BC70472DE9FC4104000D0045F697
:10FFE000A5260027002000905FF000080020019067
:10FFF000872C09D05F480168026892087FF00300EF
:020000040043B7
:1000000000FB0211C9008846882C04D26A4601A967
:10001000200000F02FF8019855490968084210D0D7
:10002000009800280DD00098006830FA08F007000A
:1000300038002900C0B2C9B2884202D042F2E4704E
:100040000600300080B2BDE8F6810100082903D225
:10005000480310F180500CE0872903D2480310F5C3
:100060007C1006E0872902D15FF0D85001E05FF0F4
:10007000FF307047F0B53F4BD3F800C05FEA9C0CEF
:100080005FEA8C0C08280AD2234B1B68D3F888330C
:100090000B60DFF8603213EB0C03136038E0872845
:1000A00008D11D4B1B68D3F898330B60DFF848323A
:1000B00013602DE0B0F108031C0023009B091D0014
:1000C00014F03F031E00202E11D2134B1B6803EBCC
:1000D0008503D3F89C330B602B011F001CEB070E2C
:1000E000DFF8183213EB0E0EC2F800E010E00A4BF6
:1000F0001B6803EB8503D3F880330B606B011F0093
:100100001CEB070EDFF8F83113EB0E0EC2F800E01F
:10011000F0BD000000000410C834440010B5040015
:10012000200000F0FDF8C0B2FBF7A8FCB4F1D85FE6
:1001300005D3DFF8D001844201D2882016E0B4F163
:10014000805F07D3DFF8C001844203D214F170400E
:10015000400B0BE0B4F5800F07D3B4F5A00F04D229
:10016000B4F58000400B083000E0892010BD00008D
:10017000B0274020AC2740209C27402094274020D7
:100180009827402094054020000013F31E3540209E
:10019000A82740202DE9F041040000255D4E378856
:1001A0005D48D0F80080002C01D0012000E0002044
:1001B000C0B2FBF763FC38004EF2427180B2884255
:1001C0000DD1A06810F40240B0F5024F07D160686D
:1001D000404504D142F2E47030800220050028003E
:1001E000C0B2BDE8F0810000B8274020D12D4020EA
:1001F0002DE9F843040045F6A5252000FFF70FFC84
:100200003A4E00203168C1F800013068006850F4AF
:100210008070316808603D4F00203860DFF8D08082
:10022000012142F21070FEF792FEC8F80000DFF8DC
:10023000E0900120FEF760FEC9F800003068006819
:10024000C0050ED401214846FEF76AFE3968401801
:1002500038603868D8F800108842EFD342F6D430BE
:1002600005003068006830F480703168086028004C
:1002700080B2BDE8F28380B528490868006800288C
:1002800002D008680068804701BD80B5234908682E
:100290004068002802D008684068804701BD00001F
:1002A000A0274020B0F5800F04D3B0F5A00F01D2F5
:1002B000012000E00020C0B27047B0F1805F04D39D
:1002C0001149884201D2012000E00020C0B27047ED
:1002D000B0F1D85F04D30B49884201D2012000E07D
:1002E0000020C0B270470000A4274020C43444005E
:1002F000982740200084264080842640848426401D
:10030000C08326400020001B0000011094274020DD
:100310009C2740201C354020B4274020BC2740208B
:1003200010B504002000FFF7BDFF002809D1200010
:10033000FFF7C3FF002804D12000FFF7C9FF002802
:1003400001D0012000E00020C0B210BD70B5040053
:100350000D002E19761E2000FFF7A4FF002806D0FE
:100360003000FFF79FFF002801D0012018E0200097
:10037000FFF7A3FF002806D03000FFF79EFF0028FC
:1003800001D001200CE02000FFF7A2FF002806D0DA
:100390003000FFF79DFF002801D0012000E0002081
:1003A000C0B270BD2DE9F04104000D0016001F0021
:1003B0005FF0000800F020F82000C0B2012811D141
:1003C0002800C0B2032804D13900300000F048F8FA
:1003D00007E02800C0B2042803D13900300000F043
:1003E0005DF8FFE700F022F84046C0B2BDE8F081BA
:1003F000EFF310807047000070B5FDF780FC05003A
:10040000DFF8546056F82500002809D1FFF7F0FF07
:100410000400E00700D472B6DFF8400040F8254041
:1004200056F82500401C46F8250070BD80B5FDF744
:1004300066FCDFF8241051F82020521E41F82020DD
:10044000DFF8182052F82020D20704D451F82010E9
:10045000002900D162B601BDA84440209844402044
:1004600030B41D4A136853F0010313601B4A12682D
:1004700012F00702521C12010300CC18A34207D24B
:10048000174D2B60BFF34F8FBFF36F8FD318F5E776
:10049000BFF34F8FBFF36F8F30BC704730B40E4A3D
:1004A00013685B085B0013600C4A126812F00702C5
:1004B000521C12010300CC18A34207D2094D2B6035
:1004C000BFF34F8FBFF36F8FD318F5E7BFF34F8F95
:1004D000BFF36F8F30BC704784ED00E080ED00E02B
:1004E00058EF00E05CEF00E070B50400002500204C
:1004F00000263000C0B200281CD1DFF87C0650F87E
:10050000240040693100C9B250F8210000280FD002
:10051000DFF868063100C9B2405C002808D0062325
:10052000002200215020FCF781FC0120050001E0A1
:10053000761CDEE72800C0B270BDF8B504000025C7
:100540000020002600273800C0B2002839D1DFF88B
:10055000281651F8240040693A00D2B250F822001F
:1005600000282CD051F8240040693900C9B250F855
:1005700021000600307A012821D1308CDFF80016E6
:100580003A00D2B221F812000020DFF8F8153A0044
:10059000D2B28854300000F092FD002806D102202B
:1005A000DFF8D8153A00D2B2885408E009230022B7
:1005B00000215020FCF73AFC0120050001E07F1CDF
:1005C000C1E72800C0B2002818D00020070038007A
:1005D000C0B2002816D1DFF8A00550F82400406909
:1005E0003900C9B250F82100002805D00020DFF8FA
:1005F0008C153A00D2B288547F1CE8E70120DFF85E
:1006000088150855F1BDF8B504000F001500002647
:10061000DFF87405005D002807D105232A00D2B257
:1006200000215020FCF702FC0DE03800C0B2002889
:1006300007D004232A00D2B200215020FCF7F6FB99
:1006400001E0012006003000C0B2F2BD70B5040028
:100650000E000025DFF83005005D002806D10523D7
:10066000062200215020FCF7E1FB15E0300080B2AB
:100670000E2808DA3000DFF8001551F824108988B8
:1006800080B2884206D20223062200215020FCF7C5
:10069000CDFB01E0012005002800C0B270BD2DE9AE
:1006A000F84304000D001600002100275FF0000849
:1006B000DFF8CC04627830F81290626A4B469BB245
:1006C0001820434302EB0300807801280CD1287ADC
:1006D000B179884205D3B07909280AD3306840003F
:1006E00007D40120804604E0B079092801D3012015
:1006F00080464046C0B2002806D0032306220021CF
:100700005020FCF793FB0EE0B068002809D168790F
:10071000002806D10123062200215020FCF786FB89
:1007200001E0012007003800C0B2BDE8F28370B5D7
:1007300004000020002500263000C0B2002820D18F
:10074000DFF8341451F8240040693200D2B250F876
:100750002200002813D051F8240040693100C9B2AA
:1007600050F821000500287A012808D10020DFF880
:100770000C143200D2B28854280000F052FD761CCE
:10078000DAE770BD70B50400002000250026DFF810
:10079000F813895D012906D106230022002150208B
:1007A000FCF744FB19E0002C06D0092300220021AD
:1007B0005020FCF73BFB10E0DFF8D003DFF8B81364
:1007C00041F826003000FFF78FFE05002800C0B278
:1007D000002802D13000FFF7B0FE70BDF8B500244C
:1007E000002500200026DFF8A073B95D012906D09E
:1007F0000623102200215020FCF718FB30E00020D7
:1008000004002000C0B200281CD1DFF86C0350F8AF
:10081000260040692100C9B250F8210000280FD0FD
:10082000DFF858032100C9B2405C012808D1062333
:10083000102200215020FCF7F9FA0120050001E008
:10084000641CDEE72800C0B2002809D10020B8559A
:100850003000FFF76CFF0020DFF81C1341F8260082
:10086000F1BD2DE9F84304000D0001265FF00009F9
:1008700000275FF0000803222100C9B24046FFF7BD
:10088000C2FE01287CD1DFF8F00250F82800406950
:100890002100C9B250F8210007002800C0B2012889
:1008A00004D067D303284BD020D363E0DFF8CC9289
:1008B0002000C0B219F80000022810D1380000F062
:1008C000CEFC002811D101202100C9B209F8010095
:1008D00001213878F7F7E8FC0020060005E0062340
:1008E000032200215020FCF7A1FA49E0DFF88C92A6
:1008F0002000C0B219F80000401E03D0401E01289D
:1009000011D91CE0380000F0F6FC00280AD10220C2
:100910002100C9B209F8010002213878F7F7C4FCB8
:10092000002006000BE002202100C9B209F80100F6
:1009300002213878F7F7B8FC00200600FFE71FE037
:10094000DFF838022100C9B2415C891E01290AD8AA
:1009500003212200D2B2815403213878F7F7A4FC96
:100960000020060005E00623032200215020FCF7AA
:100970005DFA05E00623032200215020FCF756FA19
:100980003000C0B2BDE8F2832DE9F84F06000C003C
:1009900001275FF00008002000905FF000090025AB
:1009A0005FF0000A5FF0000BADF80060310089B223
:1009B0005846FFF74BFE012837D1002C06D1012302
:1009C000062200215020FCF731FA2EE06A4850F848
:1009D0002B10C968BDF80020895C884650F82B10A0
:1009E00049694246D2B251F822100D00002D1CD0A8
:1009F00050F82B000169BDF800201820424301EB9C
:100A000002008246220051462800FFF748FE0128D6
:100A10000BD15A484146C9B2405C012805D1220099
:100A20005146280000F0ADFC07003800C0B2BDE818
:100A3000F28F2DE9F8430500002100260022002452
:100A400000275FF00008A9464F4810F8080000286A
:100A500006D10523192200215020FCF7E7F931E0E7
:100A6000280080B20E2807DA4348290050F82820D1
:100A7000928889B2914206D2022319220021502085
:100A8000FCF7D4F91EE050F82810C9684A4692B223
:100A9000895C0E0050F8281049693200D2B251F832
:100AA00022100C00002C0DD050F8280001694A4695
:100AB00092B21820424301EB0200070039002000E7
:100AC00000F033FDBDE8F1832DE9F84305000E0089
:100AD00017005FF00008002200245FF0000926499B
:100AE00051F82900002819D051F8290080682A00FF
:100AF000D2B2805C804651F8290040694246D2B2A9
:100B000050F822000400002C08D03B00DBB2320079
:100B1000D2B251F82910200000F018FDBDE8F18391
:100B2000F8B505000026002100240027124A52F8DB
:100B3000270000281DD052F8270080682900C9B27C
:100B4000405C060052F8270040693100C9B250F8F5
:100B500021000400002C0CD0200000F0CCFB002869
:100B600007D1022005493200D2B288542078F7F725
:100B7000A9FBF1BD00000000C0274020D32D40207C
:100B8000C82D4020D22D4020D42D4020C00E44003E
:100B90002DE9F04104000D0016001F00DDF818805B
:100BA000706820603068800203D5206850F00040F3
:100BB000206098F8100000280BD1306810F07060A9
:100BC000B0F1C06F05D10123082200215020FCF7AD
:100BD00040F998F81000012806D03068002803D5A5
:100BE000206850F08040206096F8480098F808107F
:100BF000884203D398F80800686002E096F848003D
:100C0000686016F108036A68D2B22168B8F800007B
:100C1000C0B2F7F7ABFB01280BD1B8F80000A080F9
:100C20003878A07116F1080028602900200000F033
:100C300034FDBDE8F0812DE9F047ADF5806D05008C
:100C40000E0000200027002400215FF00008B27A87
:100C50009208921D212A06D296F80A905FEA990915
:100C600019F1060901E05FF020095FF0000A504623
:100C70004946C0B2C9B2884280F0B3805046B17ACA
:100C8000C0B2884280F0AD80287C00281CD1B07AA8
:100C900007005FF0404100208046F078002809D02E
:100CA0000C00F0685146C9B200EBC100406854EA3C
:100CB00040048DE00C00F0685146C9B200EBC10061
:100CC000406854EAC04483E0287C01282ED1B07AE1
:100CD000400007005FF0C02101208046F078002826
:100CE00012D0F0685246D2B2120110444068C00BD4
:100CF00051EA00410C00F0685146C9B209010844AC
:100D0000C06854EAD03463E0F0685246D2B21201AF
:100D10001044406851EAC0410C00F0685146C9B225
:100D200009010844C06854EAC00451E0B07A800068
:100D30000700002102208046F078002824D0F068C7
:100D40005246D2B2520110444068400D51EA00614F
:100D5000F0685246D2B252011044C068400D51EAC8
:100D60000041F0685246D2B2520110444069400D31
:100D700051EA00210C00F0685146C9B2490108440B
:100D8000C06954EA505423E0F0685246D2B252018E
:100D900010444068C00851EA0061F0685246D2B27F
:100DA00052011044C068C00851EA0041F068524640
:100DB000D2B2520110444069C00851EA00210C002F
:100DC000F0685146C9B249010844C06954EAD004E8
:100DD00022005146C9B2A87802F079F81AF1010A46
:100DE00045E7E968A87802F0D7F83800C0B20028D3
:100DF00033D00020824650463900C0B2C9B2884282
:100E000025D2F0685146C9B250F8310069465246C1
:100E1000D2B201EBC2014860F078002807D001206F
:100E200069465246D2B201EBC201487006E000208A
:100E300069465246D2B201EBC201487000206946B1
:100E40005246D2B201F832001AF1010AD3E76A46DB
:100E50004146C9B2A87801F025FE0DF5806DBDE8C8
:100E6000F08778B585B00400DFF82C06617830F89B
:100E700011501826606A290089B27143084400891C
:100E80000390606A290089B2714308440079009098
:100E9000606A290089B27143084440790190606A10
:100EA000290089B27143084480790290606A290060
:100EB00089B271430844807A0490606A290089B23B
:100EC0007143425C6946A07802F076F9606A2900B5
:100ED00089B271430844807801283BD1606A2900B7
:100EE00089B271430844008A0390606A290089B27C
:100EF00071430844007B0090606A290089B2714305
:100F00000844407B0190606A290089B2714308441B
:100F1000807B0290606A290089B271430844807C1A
:100F20000490606A290089B2714308444278694696
:100F3000A07802F0B2F9606A290089B271430844CE
:100F4000827D606A290089B271430844417DA0789E
:100F500002F01AFA606A290089B206FB01F63044F1
:100F6000017DA07802F076FA06B070BDF8B50400F5
:100F70000D0016000020DFF824156278D20111441C
:100F80003200D2B231F8127039004FF6FF7289B2D6
:100F900091421BD01821380080B248432844007980
:100FA000002813D1380080B201FB00F105EB0100ED
:100FB000007C03280AD1DFF8E8046178C9010844FD
:100FC0003100C9B230F8110000F045FBF1BD2DE948
:100FD000F04385B004000D001600002000275FF0EC
:100FE0000008DFF8B8146278D20111443200D2B29E
:100FF00031F8129049464FF6FF7289B291425BD0A8
:101000001821484680B2484328440079002853D12B
:10101000484680B201FB00F105EB01000700387C77
:10102000002817D1DFF87C04617850F821107A7C11
:101030000C2042438858804600972300424601A96D
:1010400003A8FFF7A5FD3B790022797CA07801F089
:10105000B9FC31E0387C01282ED13000C0B207281D
:101060000BD10123082200215020FBF7F2FEA069DA
:10107000002821D0A06980471EE03000C0B20628B9
:1010800005D16069002817D06069804714E0DFF857
:101090001404617850F821107A7C0C20424388585F
:1010A000804600972300424601A903A8FFF770FD80
:1010B0000021A07801F0C3FC05B0BDE8F0832DE964
:1010C000F04704005FF0010A5FF0000800250026E9
:1010D0005FF00009208CDFF8C013627821F812005D
:1010E000A06A0268DFF8BC03617850F82110A0788C
:1010F00001F03EFB07000120DFF8AC136278885452
:101100003800C0B2002827D1A07802F033FA5FF08F
:10111000180A606A218C0AFB01F1084480780028D3
:101120000ED0606A218C0AFB01F10844827D606A5E
:10113000218C0AFB01F10844417DA07802F024F9DA
:10114000606A218C0AFB01FA5044017DA07802F00C
:1011500081F9200000F0AAF95FF0000A5046C0B201
:1011600040280DDADFF834036178C901084451469C
:10117000C9B24FF6FF7220F811201AF1010AEDE70B
:101180005FF00009484694F82C10C0B2884242D261
:10119000206B4946C9B250F821000600307C002877
:1011A00018D0012820D0032832D1002005002800C3
:1011B000B179C0B288420CD2DFF8E0026178C9018F
:1011C0000844717C51FA85F1328820F811206D1C99
:1011D000EDE71DE0DFF8C4026178C9010844717CC5
:1011E000328820F8112013E0DFF8B0026178C901DD
:1011F0000144727C338821F812306178C9010144BE
:1012000032888A816178C90108443188C181FFE749
:1012100019F10109B6E7A07801F055FFC0B2BDE8A9
:10122000F08710B50400A07801F005FF10BD38B5B7
:10123000040000259C486178405C01280AD1607A4E
:10124000002804D101220421A07802F0C9F9A07875
:1012500002F054F9A07801F018FFC0B232BDF8B521
:10126000040000250026A06A02688E48617850F8C4
:101270002110A07801F07CFA07003800C0B20028E5
:1012800036D1A07802F076F92000FFF7EAFD2000C1
:1012900000F00CF900200500280094F82C10C0B2D2
:1012A00088421DD2206B2900C9B250F821000600E7
:1012B0003079002812D1307C002803D0022808D0D1
:1012C00007D30BE033790022717CA07801F07AFB20
:1012D00004E00021A07801F0B2FBFFE76D1CDBE722
:1012E0002000FFF7A4FF002801D1002700E001271C
:1012F0003800C0B2F2BDF8B5050000260027A87876
:1013000001F0DAFD002839D167486978405C01288E
:101310000AD1A87802F02EF9687A002804D10022B8
:101320000421A87802F05CF900200600300095F84E
:101330002C10C0B288421DD2286B3100C9B250F8BF
:1013400021000400207C03280ED100200700617CCE
:101350007918C9B2A87802F0CBF97F1C3800A179BE
:10136000C0B28842F3D303E0617CA87802F0C0F9F0
:10137000761CDBE7A87801F0A6FE00E00120C0B2F1
:10138000F2BD2DE9F84185B004000D0016000127DB
:101390005FF0000800208DF804000020029000207B
:1013A0008DF80D0000208DF80C0000208DF80E0047
:1013B00000208DF80F0000208DF81000287C0328F5
:1013C00054D13068C00F8DF80400B079297A884272
:1013D00002D3287A029001E0B0790290687A8DF801
:1013E0000D003068800F10F001008DF80C00616A6C
:1013F0002948627830F812201820424301EB02009D
:1014000040788DF80E0000208DF80F0028798DF8B7
:101410001000697C18EB0101C9B2A07801F095FBBE
:1014200007003800C0B2002815D11D486178C901F5
:101430000844697C51FA88F1B28820F81120B0681C
:101440000090336801AA697C18EB0101C9B2A07849
:1014500001F005FA070018F101084046A979C0B269
:10146000884203D23800C0B20228D2D03800C0B2BD
:10147000002805D03800C0B2022801D001200700A2
:101480003800C0B2022801D10227FFE73800C0B2FD
:1014900006B0BDE8F0810000CA2D40206C2B402032
:1014A000EC2A4020CC344400D52D4020F8B584B03F
:1014B000050000270121A87801F02AFE002630004F
:1014C00095F82C10C0B288422DD2286B3100C9B2D9
:1014D00050F821000400207C00281BD100208DF84A
:1014E000080000200190E078002803D001208DF84A
:1014F000000002E000208DF80000E06803686A4602
:10150000617CA87801F0FAF9E0684268617CA8780B
:1015100001F0DDFC207C012803D121002800FFF729
:101520008AFB761CCBE705B0F0BD70B504000D005A
:101530000026697C7118C9B2A07802F0D9F8761C2F
:101540003000A979C0B28842F3D370BDF8B5040069
:101550000D0016001F003800C0B200280AD0012874
:101560000FD0032814D13200D2B229692000FFF72E
:10157000FDFC0DE03200D2B229692000FFF727FD03
:1015800006E03200D2B229692000FFF720FDFFE714
:10159000F1BDFEE76549664A116070472DE9FF47D6
:1015A00004000D00012600275FF000085FF000092D
:1015B0005FF0000A5E490868002847D020000A68EA
:1015C000527880B292B2904240D20868C16822003C
:1015D00092B21420424301EB0200804698F80C00BE
:1015E0008146544840684946C9B200EBC100824672
:1015F000B8F80A000700D8F80400009098F808002E
:10160000002804D0012807D003280AD00EE0009853
:1016100050F00040009009E0009850F040400090E9
:1016200004E0009850F080400090FFE768688DF873
:10163000060028680290ADF804406946380080B280
:10164000DAF8042052681268904706003000C0B2F1
:1016500004B0BDE8F08770B504000026344908687E
:10166000002819D020000A68527880B292B29042C5
:1016700012D20868C168220092B21420424301EBE2
:10168000020006003069002806D0308805000021DD
:10169000280080B23269904770BD2DE9FC410500F9
:1016A0000E00002700245FF0000821490868002888
:1016B0003AD02048AA7903789A4235D2AA8843685A
:1016C00095F806C003EBCC035B685B889A422BD28B
:1016D0004068AA7900EBC20040680078804608683C
:1016E00040684146C9B250F821000068A98850F806
:1016F00021000400002C17D0A068002814D02088F6
:101700000700A078012806D1A0887168884202D21B
:10171000A088019001E070680190306800906946EF
:10172000380080B2A2689047BDE8F38110104400F1
:10173000EC2B4020EC0E44008164704710B4D0F8CC
:10174000003C33F41F430C00E4B2002C08D053F4E7
:1017500000431C001300DBB21B0213F4F8532343B5
:10176000C0F8003C10BC704710B4D0F8FC4BDFF858
:10177000183A1C400B00DBB2002B08D054F0004498
:1017800023001400E4B2240414F4FE041C43C0F843
:10179000FC4B10BC70470068C00F90F00100C0B255
:1017A0007047416B51F0005141630021C0F8E01ACD
:1017B0000021C0F8E01AD0F8E01A51F48071C0F8A6
:1017C000E01A416B31F000514163704710B4036877
:1017D0000C00E4B2002C01D0012400E0002464F3EA
:1017E000CB230360D0F8003C1400E4B2002C01D0FD
:1017F000012400E0002423F0004353EAC473C0F83E
:10180000003CD0F8003C33F41F43C0F8003C10BC4F
:10181000704781687047012311F01F02934020290F
:1018200001D2036302E0402900D2C362704730B4A2
:101830000300002020290AD21C6B012511F01F0291
:1018400095402C4011F01F02D44020000BE04029AD
:1018500009D2DC6A012511F01F0295402C4011F0DD
:101860001F02D4402000C0B230BC704738B505001C
:101870000C00002C01D0012000E00020C0B2FAF7DB
:10188000E7F9D5F8041CDFF8FC090140C5F8041C91
:10189000D5F8040C2168890211F4F8410843217A33
:1018A00011F0070108436168490111F0E0010843A4
:1018B000E168DFF8DC2A12EA0152104321690904C9
:1018C00011F4E0210843C5F8040C31BD38B505001A
:1018D0000C00002C01D0012000E00020C0B2FAF77B
:1018E000B7F969684FF6F870014069606868217857
:1018F00011F007010843A168090411F4E02108432D
:101900006168C90411F460110843E16850EA01609C
:101910002169890511F440010843686031BD38B57B
:1019200005000C00002C01D0012000E00020C0B216
:10193000FAF78EF9286D10F000402865286D2168AF
:10194000890211F47C410843217A11F01F010843F8
:101950006168490111F478710843E168DFF8342ABD
:1019600012EA415210432169090411F4F8110843A5
:10197000286531BD38B505000C00002C01D00120D0
:1019800000E00020C0B2FAF763F9D5F8F41BDFF8E5
:10199000D00A0140C5F8F41BD5F8F41B6268206832
:1019A0008218521C02F0FF021143A068000310F4D9
:1019B000FE2001432069800510F0FE500143C5F868
:1019C000F41BD5F8F00B800A8002C5F8F00BD5F8AF
:1019D000F00BE1688905890D0843C5F8F00B31BDAE
:1019E00038B505000C00002C01D0012000E00020DB
:1019F000C0B2FAF72DF9D5F8F81BDFF8A80A0140B4
:101A0000C5F8F81BD5F8F81B62682068821812F038
:101A10001F021143A068000310F4704001432069C5
:101A2000800510F070700143C5F8F81BD5F8F00B75
:101A30006FF31940C5F8F00BD5F8F00BE168DFF84B
:101A4000682A12EA01421043C5F8F00B31BD006D5F
:101A5000C00FC0B27047406B400B10F001007047E0
:101A6000426B0B00DBB2002B01D0012300E000230E
:101A700063F34D3242637047026D0B00DBB2002B03
:101A800001D0012300E0002322F0004252EAC37299
:101A90000265704702680B00DBB2002B01D0002307
:101AA00000E0012363F35142026070470068C00AFE
:101AB00010F0010070474068C00810F00100704746
:101AC000C0B24000C01D704730B402000020202981
:101AD0000AD2946A2300146B1C4011F01F05EC40DD
:101AE00014F0010420000BE0402909D2546A2300BD
:101AF000D46A1C4011F01F05EC4014F001042000D2
:101B0000C0B230BC704700EB8103C3F88028704737
:101B10000068000E10F001007047426B61F3D7427D
:101B2000426370470A00D2B2002A04D1026832F43C
:101B30008032026003E0026852F480320260704733
:101B4000D0F80C0CC00FC0B270470A00D2B2012A04
:101B500004D15FF07042C0F8102C02E00022C0F8FF
:101B6000102C7047D0F8140C012311F01F02934081
:101B7000184011F01F01C840C0B2704701228A40CE
:101B8000C0F8142C7047D0F8100C012311F01F027C
:101B90009340184011F01F01C840C0B2704710B503
:101BA0000400200002F04AFF012809D15FF07840CC
:101BB000C4F8140C0020C4F8100C0020C4F80C0C5D
:101BC0000020C4F8040CDFF8C80AC4F8000C5FF069
:101BD0000D10C4F8FC0A0020C4F8EC0A0020C4F878
:101BE000E80A0020C4F8E40A606B50F0005060631B
:101BF000D4F8E00A20F00040C4F8E00ADFF8940AC4
:101C0000C4F8E00AD4F8E00A50F00040C4F8E00A52
:101C1000606B30F000506063200001F0FFFE21286F
:101C200004D35FF0FF30E062002060625FF0FF30BD
:101C300020630020A062002020655FF480106063B4
:101C4000DFF8240B20620020E0610020A06000206B
:101C500060600020C4F8F00B0020C4F8F40B0020F2
:101C6000C4F8F80B0020C4F8FC0BDFF8000B206070
:101C700010BD70B504000D0000266879002804D05E
:101C80002979200002F041F806003000C0B2002897
:101C900009D1287D002806D02B69EA68A9682000B0
:101CA00002F0E4FE06003000C0B270BDF8B50400DA
:101CB0000D000027687D022803D000212000FFF7D7
:101CC000E9FE29002000FFF7D4FF06003000C0B273
:101CD000002806D0200001F0B4FE200001F03FFFF4
:101CE00013E015F11C01200002F03DF829682000E6
:101CF00002F08AFB06003000C0B2002805D02000A8
:101D000001F09FFE200001F02AFF3000C0B2F2BDBA
:101D1000F8B504000D00160000272800FFF73BFD72
:101D200000280BD0280001F08CFE07003800C0B25C
:101D3000002803D1280001F012FF07003800C0B2CC
:101D4000002828D1286820F000402860280001F0F1
:101D500077FF07003800C0B2002806D0280001F045
:101D600070FE280001F0FBFE15E02800FFF719FDCA
:101D700096F82020B17F2800FFF728FDB1692800E0
:101D800002F0C5FE2000C0B202F015FF31002800AD
:101D9000FFF78CFF07003800C0B2F2BD38B5040071
:101DA0000D00A97F2000FFF767FEE87F002811D013
:101DB000606B50F40050606315F124012000FFF7C0
:101DC000D9FDA87F00281CD015F138012000FFF7AD
:101DD00007FE16E0606B30F400506063A87F0028B7
:101DE0000AD015F124012000FFF799FD15F1380103
:101DF0002000FFF73BFD04E015F124012000FFF770
:101E000065FD31BD70B50400DFF8EC0A2100C9B2F0
:101E100050F82150DFF8A40B2100C9B250F821601E
:101E20002000C0B2032801D2012000E00020C0B28F
:101E3000F9F70EFF280002F001FEC0B2F9F708FF23
:101E400096F80503002806D1012086F80503002135
:101E50002800FFF77AFE0020C6F80003002086F86D
:101E6000040370BD2DE9F04105000C00DFF8880A7D
:101E70002900C9B250F82160DFF8400B2900C9B22F
:101E800050F821705FF000082800C0B2032801D28A
:101E9000012000E00020C0B2F9F7DAFE97F8040351
:101EA000012802D1022080461AE0012087F80403AD
:101EB000C7F8004397F81C0300280AD1002087F8D0
:101EC000050397F82403012803D101213000FFF70F
:101ED0003CFE97F81C03012802D1012087F8050376
:101EE0004046C0B2BDE8F0812DE9F04704000D0086
:101EF00016001F005FF00008DFF8FC092100C9B2DE
:101F000050F82190DFF8B40A2100C9B250F821A09E
:101F10002000C0B2032801D2012000E00020C0B29E
:101F2000F9F796FEDAF820339AF81D232900C9B292
:101F3000484602F05BFD012802D1042080461CE0E7
:101F40000C212800C0B2484350440079002802D038
:101F50000220804611E02800C0B2484350440122CC
:101F600002712800C0B248434AF800602800C0B29D
:101F700001FB00F10AEB010047714046C0B2BDE829
:101F8000F0872DE9F84F86B005000E001400109F71
:101F90005FF00008DFF8240A2900C9B250F8219048
:101FA000DFF81C0A2900C9B250F8210001905FF047
:101FB000000A2800C0B2032801D2012000E000205E
:101FC000C0B2F9F745FE002C01D0012000E000204E
:101FD000C0B2F9F73DFE3100C9B2019801F01BFF14
:101FE0006168C0B2C9B2884201D3012000E000207C
:101FF000C0B2F9F72DFED9F8203399F81D2331002E
:10200000C9B2019802F0F2FC012802D104208046F6
:1020100052E05FF00C0B3000C0B20BFB00F0484404
:102020000079002802D00220804645E03100C9B284
:102030000198FFF7F0FB3000C0B20BFB00F0484402
:10204000022101713000C0B20BFB00F048440021B6
:1020500081603000C0B20BFB00F04844217B41712D
:102060003000C0B20BFB00FB09EB0B00E17A817181
:102070006068049020788DF80C00207A8DF81400A8
:10208000607A8DF81500A07A8DF81600E07A0028A5
:1020900002D01C20029001E00C2002903100C9B255
:1020A000019801F06BFC8246002000903B00069AEC
:1020B00002A9504602F0C9F84046C0B207B0BDE8D8
:1020C000F08F2DE9FC4704000D005FF000095FF080
:1020D000000A00262000C0B2032801D2012000E03F
:1020E0000020C0B2F9F7B4FDDFF80C082100C9B236
:1020F00050F82170DFF8A8092100C9B250F82180FA
:1021000098F81D03002802D10120060037E098F856
:102110000400012802D10220060030E0012088F8E6
:10212000040098F81C03012802D1012088F805005A
:10213000C8F8005098F81C03002820D1002088F827
:10214000050098F824030090012306222100C9B25B
:10215000380001F097FE98F824030090012307222D
:102160002100C9B2380001F08DFE98F824030090D8
:10217000012305222100C9B2380001F083FE30009E
:10218000C0B2BDE8F6870000FFFF807F2DE9F84769
:1021900095B004000D00DFF860072100C9B250F8C7
:1021A0002160DFF8FC082100C9B250F821705FF00F
:1021B000000A5FF00C0808FB05F03858002803D12E
:1021C00001A808FB05F178502900300001F051FE0C
:1021D00008FB05F03A582900300001F0ABFF290058
:1021E0003000FFF718FB3000FFF713FB002008FB5F
:1021F00005F13944087108FB05F0384490F8059062
:10220000D7F80C03002807D03B002A00002120004B
:10221000C0B2D7F80CC3E04708FB05F0384400799A
:10222000002816D108FB05F038444079002810D169
:10223000012008FB05F807EB0801487197F8240313
:10224000009000232A002100C9B2300001F01AFEDC
:1022500014E04846C0B2002810D108FB05F807EB8F
:1022600008004079012809D197F824030090002341
:102270002A002100C9B2300001F004FE16B0BDE80A
:10228000F0870000188308C02DE9F84195B00400DC
:102290000D00DFF82C072100C9B250F82160DFF8EB
:1022A0001C072100C9B250F82170002001900020C5
:1022B00014905FF00C0808FB05F038448079002882
:1022C0001AD02900300001F0D4FD01AA2900300005
:1022D00001F030FF3000FFF79CFA149808FB05F17D
:1022E000394488600198C0F30360042813D12900A1
:1022F0003000FFF790FA0EE02900300001F00EFFE9
:1023000008FB05F1394488603000FFF782FA2900A4
:102310003000FFF780FA002008FB05F1394408710E
:10232000D7F80C03002807D03B002A000421200026
:10233000C0B2D7F80CC3E04708FB05F03844007979
:10234000002810D1012008FB05F807EB08014871AF
:1023500097F82403009000232A002100C9B230001E
:1023600001F090FD10E008FB05F807EB080040794C
:10237000012809D197F82403009000232A002100A6
:10238000C9B2300001F07EFD16B0BDE8F08100005A
:102390000000F03F0000E07FF8B594B004000D00AD
:1023A000DFF854052100C9B250F82160DFF80C06AF
:1023B0002100C9B250F821703868002801D1684660
:1023C0003860052D04D048D3072D35D023D344E001
:1023D000387901281ED13968300002F01FFA29002F
:1023E0003000FFF718FA00203871D7F80C030028E6
:1023F00007D03B00002201212000C0B2D7F80CC357
:10240000E0473879002805D1012078712000C0B25A
:1024100000F0D7FB21E029003000FFF7FCF9D7F8E6
:102420000C03002807D03B00002202212000C0B28C
:10243000D7F80CC3E04710E029003000FFF7EBF9B4
:10244000D7F80C03002807D03B000022032120000E
:10245000C0B2D7F80CC3E047FFE715B0F0BD0000ED
:10246000000F38E070B50400DFF88C042100C9B219
:1024700050F8215000201F261C2E12D331002800B6
:10248000FFF770FB00280AD031002800FFF77BFB24
:10249000002804D031002000C0B200F007F8761EFA
:1024A000EAE770BDE00F3FFC0000FF03F8B594B011
:1024B00004000D00DFF840042100C9B250F821608B
:1024C000DFF8F8042100C9B250F821701C2D06D0A5
:1024D0006CD31E2D48D036D31F2D56D066E097F80A
:1024E000040301282ED1D7F80003002802D1684642
:1024F000C7F80003D7F80013300002F0E9F929000B
:102500003000FFF73BFB1D213000FFF737FB1E219A
:102510003000FFF733FB002087F80403D7F80C03E3
:10252000002807D03B00FF2205212000C0B2D7F8C9
:102530000CC3E04797F80403002803D12000C0B281
:10254000FFF760FC32E029003000FFF717FBD7F8F7
:102550000C03002807D03B00FF2206212000C0B258
:10256000D7F80CC3E04721E029003000FFF706FB55
:10257000D7F80C03002807D03B00FF2207212000DA
:10258000C0B2D7F80CC3E04710E029003000FFF7D5
:10259000F5FAD7F80C03002807D03B00FF220821EA
:1025A0002000C0B2D7F80CC3E047FFE715B0F0BD7C
:1025B0002DE9F84F84B004000D00DFF80404210079
:1025C000C9B250F821000290DFF8D4042100C9B24A
:1025D00050F82100039000260020019000270020E1
:1025E00000905FF000085FF000092900C9B202986E
:1025F00001F0C4F98246DAF8000030F0706050F063
:10260000106000900098CAF800000121DFF88C07E4
:10261000FCF79DFC83460120FCF76EFC019029002D
:10262000C9B20298FFF703F9002809D1012101A8D6
:10263000FCF776FCC01907005F45F0D303200600C5
:102640003000C0B2032810D0DAF8000000900098E3
:10265000C0F30360082801D1052006000098C0F3EC
:102660000360092801D1002006002900C9B20298A0
:10267000FFF7D1F80021039A2B00DBB20C20434373
:1026800002EB030001713000C0B205B0BDE8F08F6D
:102690000041008080000C002DE9F84F04000D007F
:1026A000C7482100C9B250F82160DFF8F4032100C7
:1026B000C9B250F821705FF000085FF000095FF0C8
:1026C000000A5FF0000B00212A00D2B20C20424326
:1026D00007EB0200017197F81D0301282BD1706BE5
:1026E000000E10F00F0080464046C0B2FFF7E8F938
:1026F00081462800C0B2814510D22900C9B23000FD
:1027000001F03CF98346DBF8000030F07060CBF854
:10271000000050F080608246CBF800A02800C0B2D4
:10272000002819D197F8243305222100C9B23000BE
:1027300001F02DFC10E02900C9B2300001F01EF9B3
:102740008346DBF8000030F07060CBF8000050F0FA
:1027500080608246CBF800A02900C9B23000FFF7A4
:102760005AF8BDE8F18F000006B003000F0090D8C2
:102770002DE9F04706000F0014005FF000089048B4
:102780003100C9B250F821903000C0B2032801D204
:10279000012000E00020C0B2F9F75AFA002C01D065
:1027A000012000E00020C0B2F9F752FA22004946A9
:1027B0003000C0B2FFF7ACFA82465046C0B20028E3
:1027C00049D121004846FFF7E9FA617D484601F00A
:1027D0009AFE00200500402D15D20C20012100FB9F
:1027E00005F23A445171002100FB05F2B950002175
:1027F00000FB05F23A441171002100FB05F038445A
:1028000081606D1CE7E7012087F80503002087F849
:10281000040394F84C0087F81C03206DC7F80C03E0
:102820000020C7F81003606DC7F814030020C7F834
:102830001803607987F81D03207D87F81E03206840
:10284000C7F82003012087F82403DFF85402310081
:10285000C9B240F821705046C0B2BDE8F0872DE9FA
:10286000FC4705000E0014001F005FF001085448EB
:102870002900C9B250F82190DFF824022900C9B21A
:1028800050F821A02800C0B2032801D2012000E0A6
:102890000020C0B2F9F7DCF9002C01D0012000E0E3
:1028A0000020C0B2F9F7D4F94846FFF704F9002830
:1028B0001DD10A9800903B0022003100C9B22800C7
:1028C000C0B2FFF75EFB80464046C0B200280ED182
:1028D000207B00280BD19AF82403009001233200BA
:1028E000D2B22900C9B2484601F0CCFA804640462F
:1028F000C0B2BDE8F6870000804844002DE9FF47DC
:1029000005000E0014001F005FF000082C4829008D
:10291000C9B250F82190DFF888012900C9B250F8F7
:1029200021A02800C0B2032801D2012000E000202D
:10293000C0B2F9F78DF9002C01D0012000E0002091
:10294000C0B2F9F785F9DAF820339AF81D2331007F
:10295000C9B2484602F04AF8012802D10420804654
:1029600027E03100C9B24846FEF755FF6068029083
:1029700020788DF80400207A8DF80C000F2000904C
:102980003B006A463100C9B2484601F064FB0020B2
:1029900000903B006A463100C9B2484601F05BFB3B
:1029A000042000903B006A463100C9B2484601F05D
:1029B00052FB4046C0B204B0BDE8F087782C4020FE
:1029C000804844002DE9FC4704000D0016001F005C
:1029D000DFF8C0052100C9B250F82180304821003D
:1029E000C9B250F821902000C0B2032801D20120C2
:1029F00000E00020C0B2F9F72BF93B00DBB2320057
:102A00002900C9B22000C0B2FFF76EFA82465046D4
:102A1000C0B200280FD13800C0B200280BD199F8FD
:102A20002403009001232A00D2B22100C9B24046FB
:102A300001F028FA82465046C0B2BDE8F687F8B5E4
:102A400006000C0000253000C0B2032801D201208E
:102A500000E00020C0B2F9F7FBF8DFF838053100DC
:102A6000C9B250F82170380001F0E8FF012810D1F8
:102A70003800FFF765F8012805D121003000C0B209
:102A8000FFF7F0F90AE021003000C0B2FFF719FBB0
:102A900004E021003000C0B2FFF713FBC0B2F2BD6A
:102AA000782C40202DE9F84F04000D00160020007E
:102AB000C0B2032801D2012000E00020C0B2F9F723
:102AC000C7F800275FF00008DFF8C8042100C9B28A
:102AD00050F821904846FEF75EFE002802D15FF0D4
:102AE000010A01E05FF0000A5046C0B2002803D09E
:102AF000484600F0DCFF07004846FFF709F8834628
:102B00005846C0B2002805D13800C0B2002801D113
:102B1000012007003800C0B2002805D1320029008A
:102B2000C9B2484601F016FD5046C0B2002808D090
:102B3000484601F014F880464046C0B2002800D054
:102B400047463800C0B2BDE8F28FF8B504000D006A
:102B5000DFF8B8052100C9B250F821600127200034
:102B6000C0B2032801D2012000E00020C0B2F9F772
:102B70006FF82800C0B2402803DB2800C0B2FF284D
:102B800001D1012000E00020C0B2F9F761F828006F
:102B9000C0B240280CDA2900C9B20C20414306EB30
:102BA00001000079002801D1002008E0022006E0A1
:102BB00096F80403002801D1002000E00220C0B2F2
:102BC000F2BD7CB50400DFF8CC032100C9B250F897
:102BD0002150DFF838052100C9B250F821602000EB
:102BE000C0B2032801D2012000E00020C0B2F9F7F2
:102BF0002FF896F81C0300281DD196F824030090A6
:102C0000002305222100C9B2280001F03BF996F803
:102C100024030090002306222100C9B2280001F0FD
:102C200031F996F824030090002307222100C9B24D
:102C3000280001F027F9002030600020307173BDBA
:102C40002DE9FE4F05000E0017005FF0000800247C
:102C5000DFF840032900C9B250F82190DFF8AC0436
:102C60002900C9B250F821000090BA462800C0B22D
:102C7000032801D2012000E00020C0B2F8F7E8FFED
:102C8000402F01D2012000E00020C0B2F8F7E0FFA1
:102C90000098002862D051464846FEF715FF040010
:102CA000002C09D1564507D2BAF1010A51464846CF
:102CB000FEF70AFF0400F3E7002C3CD0D046009852
:102CC00090F81D0301280AD1BAF1080F07D2514626
:102CD0002800C0B2FFF760FB002080460CE000989F
:102CE0000C2101FB08F108440079012804D1514668
:102CF0002800C0B2FFF74AFA5FF00C0B00980BFBFC
:102D000008F108440079022804D151462800C0B2D5
:102D1000FFF7BAFA51464846FEF7D6FE00280AD019
:102D200000980BFB08FB58440079002803D151465A
:102D30004846FEF770FD9DF8080001282CD1484652
:102D4000FEF7FEFE012827D1009890F81C0300280A
:102D500022D12800C0B2FFF785FB1DE0B2465745DF
:102D600006D351464846FEF756FD1AF1010AF6E72A
:102D70009DF8080001280FD11C214846FEF7FEFEF1
:102D80001D214846FEF7FAFE1E214846FEF7F6FED4
:102D90001F214846FEF7F2FEBDE8F78F40420F00C4
:102DA000F8B50500DFF8EC012900C9B250F8216040
:102DB000DFF858032900C9B250F821400027280045
:102DC000C0B2032801D2012000E00020C0B2F8F711
:102DD0003FFF002C6CD0306A0700B80712D570682E
:102DE00040040FD502203062D4F81403002809D023
:102DF00023003A0009212800C0B2D4F814C3E047E8
:102E0000306A0700F80213D5706B002810D55FF404
:102E100080103062D4F81403002809D023003A004F
:102E20000A212800C0B2D4F814C3E047306A070072
:102E3000B80313D57068000510D55FF40030306218
:102E4000D4F81403002809D023003A000D212800EB
:102E5000C0B2D4F814C3E047306A0700F80313D5B2
:102E60007068400510D55FF480303062D4F81403E8
:102E7000002809D023003A000C212800C0B2D4F861
:102E800014C3E047306A0700780714D5706800045F
:102E900011D504203062D4F8140300280BD023008D
:102EA0003A000B212800C0B2D4F814C3E04702E076
:102EB000DFF89C053062F1BD38B5040035482100CB
:102EC000C9B250F82150280000F0BBFD32BD2DE9F9
:102ED000F84F04000D00160000275FF000082D4891
:102EE0002100C9B250F821905FF0000A2000C0B262
:102EF000032801D2012000E00020C0B2F8F7A8FEAC
:102F0000D9F8000010F07F002900C9B2884203D32D
:102F10002800C0B2402802D30420070036E048460B
:102F2000FEF739FC002802D15FF0010B01E05FF0F1
:102F3000000B5846C0B2002803D0484600F0B7FD49
:102F400007004846FEF7E4FD82465046C0B200281E
:102F500005D13800C0B2002801D101200700380097
:102F6000C0B2002805D132002900C9B24846FEF798
:102F7000CAFD5846C0B2002808D0484600F0EFFD10
:102F800080464046C0B2002800D047463800C0B254
:102F9000BDE8F28F804844002DE9F04705000C00A1
:102FA0002800C0B2032801D2012000E00020C0B2F6
:102FB000F8F74EFE00260027DFF830072900C9B2D7
:102FC00050F821804046FEF7E6FB002802D15FF072
:102FD000010901E05FF000094846C0B2002803D0B3
:102FE000404600F064FD06004046FEF791FD824633
:102FF0005046C0B2002805D13000C0B2002801D12F
:10300000012006003000C0B2002803D12100404654
:10301000FEF792FB4846C0B2002808D0404600F0B8
:103020009EFD07003800C0B2002800D03E003000EE
:10303000C0B2BDE8F08770B50400DFF8B00621002B
:10304000C9B250F821502000C0B2032801D201209B
:1030500000E00020C0B2F8F7FBFD280000F0F1FC12
:1030600006003000C0B200280CD12800FEF797FD02
:10307000280000F074FD0020DFF808132200D2B20F
:1030800041F822003000C0B270BD38B50400200005
:10309000C0B2032801D2012000E00020C0B2F8F73E
:1030A000D7FDDFF818072100C9B250F8215001F010
:1030B00097FE286820F00040286001F0ABFE280051
:1030C00000F01FFD32BD70B504002000C0B203281F
:1030D00001D2012000E00020C0B2F8F7B9FDDFF80E
:1030E000DC062100C9B250F82160300000F0A9FCD4
:1030F00005002800C0B2002803D1300000F02FFDE9
:1031000005002800C0B270BD00000000782C4020EF
:103110002DE9F04705000C002800C0B2032801D2B9
:10312000012000E00020C0B2F8F792FD0026002741
:10313000DFF888062900C9B250F821804046FEF722
:103140002AFB002802D15FF0010901E05FF00009CD
:103150004846C0B2002803D0404600F0A8FC060054
:103160004046FEF7D5FC82465046C0B2002805D145
:103170003000C0B2002801D1012006003000C0B2EA
:10318000002808D101F05CFE2100C9B24046FEF7DC
:10319000C9FC01F06FFE4846C0B2002808D0404686
:1031A00000F0DDFC07003800C0B2002800D03E006F
:1031B0003000C0B2BDE8F0872DE9F84F05000C00E3
:1031C00016002800C0B2032801D2012000E0002030
:1031D000C0B2F8F73DFD002C01D0012000E0002036
:1031E000C0B2F8F735FD00275FF00008DFF8CC0526
:1031F0002900C9B250F82190D9F800A05FEADA7A24
:103200005046C0B2002803D0484600F050FC0700EA
:10321000D9F800B05FEA1B6B1BF0010B5846C0B237
:10322000002805D13800C0B2002801D101200700D4
:103230003800C0B200281FD101F08EFE3100C9B2A3
:103240004846FEF70DFC3000C0B2012804D1210031
:103250004846FEF78FFB0DE04846FEF7F8FB0128D5
:1032600004D121004846FEF75AFB03E021004846FE
:10327000FEF72CFB01F088FE5046C0B2002808D0B3
:10328000484600F06CFC80464046C0B2002800D0A2
:1032900047463800C0B2BDE8F28F2DE9F74F050070
:1032A0000C002800C0B2032801D2012000E0002059
:1032B000C0B2F8F7CDFC002C01D0012000E00020C6
:1032C000C0B2F8F7C5FC00260027DFF8F00429009B
:1032D000C9B250F821804046FEF7E8FB8146D8F895
:1032E00000A05FEADA7A5046C0B2002803D0404618
:1032F00000F0DDFB0600D8F800B05FEA1B6B1BF0A6
:10330000010B4846C0B2002807D05846C0B200287A
:1033100005D13000C0B2002801D1012006003000E4
:10332000C0B200281CD14046FEF795FB8DF8000086
:1033300001F03EFE9DF808204946C9B24046FEF71E
:1033400045FA9DF80000012804D121004046FEF70F
:1033500047FB03E021004046FEF788FA01F040FEFB
:103360005046C0B2002808D0404600F0F8FB0700E5
:103370003800C0B2002800D03E003000C0B2BDE826
:10338000FE8F0000782C40202DE9F84F04000D003E
:1033900016002000C0B2032801D2012000E0002066
:1033A000C0B2F8F755FC00275FF00008DFF80C0406
:1033B0002100C9B250F821904846FEF7ECF90028E8
:1033C00002D15FF0010A01E05FF0000A5046C0B28E
:1033D000002803D0484600F06AFB07004846FEF785
:1033E00097FB83465846C0B2002805D13800C0B2CA
:1033F000002801D1012007003800C0B2002816D1F2
:1034000001F002FED9F83400800407D53200D2B2B0
:103410002900C9B24846FEF7A7F906E03200D2B249
:103420002900C9B24846FEF789F901F005FE504669
:10343000C0B2002808D0484600F091FB80464046C4
:10344000C0B2002800D047463800C0B2BDE8F28FB5
:1034500006003B002DE9F04705000C002800C0B233
:10346000032801D2012000E00020C0B2F8F7F0FBF1
:1034700000260027DFF844032900C9B250F8218054
:103480004046FEF788F9002802D15FF0010901E00B
:103490005FF000094846C0B2002803D0404600F063
:1034A00006FB06004046FEF733FB82465046C0B29C
:1034B000002805D13000C0B2002801D1012006004B
:1034C0003000C0B2002808D101F0CAFD2100C9B205
:1034D0004046FEF722FB01F0DBFD4846C0B2002863
:1034E00008D0404600F03BFB07003800C0B200287F
:1034F00000D03E003000C0B2BDE8F087F8B504004F
:103500007A482100C9B250F821500126DFF8B002F4
:103510002100C9B250F821702000C0B2032801D2A6
:10352000012000E00020C0B2F8F792FB2800FEF76F
:1035300032F901281BD12100C9B2280000F075FD25
:1035400097F8050300280DD1280001F077FA01282B
:1035500008D12800FEF7F4FA012803D10121280040
:10356000FEF7F3FA012087F824030020060030005C
:10357000C0B2F2BDF8B504005C482100C9B250F8F1
:1035800021500126DFF838022100C9B250F821701D
:103590002000C0B2032801D2012000E00020C0B208
:1035A000F8F756FB2800FEF7F6F8012815D1280099
:1035B00000F02FFD280001F041FA012808D1280071
:1035C000FEF7BEFA012803D100212800FEF7BDFA5C
:1035D000002087F82403002006003000C0B2F2BDAE
:1035E0002DE9F04706000C0015003000C0B203289A
:1035F00001D2012000E00020C0B2F8F729FB00272B
:103600005FF00008DFF8B4013100C9B250F8219032
:103610004846FEF7C0F8002802D15FF0010A01E039
:103620005FF0000A5046C0B2002803D0484600F0C0
:103630003EFA07003800C0B2002845D12000C0B2D1
:1036400000281ED002280CD02BD3042801D010D380
:1036500037E02A00D2B24FF40041484600F0ADFAFC
:1036600032E02A00D2B24FF48041484600F0A5FA79
:103670002AE02A00D2B244F20101484600F09DFA45
:1036800022E04846FEF744FA012802D00120070054
:1036900006E02A00D2B24FF48061484600F08DFA6D
:1036A00012E04846FEF734FA012802D00120070054
:1036B00006E02A00D2B24FF40061484600F07DFADD
:1036C00002E00020F8F7C4FA5046C0B2002808D043
:1036D000484600F044FA80464046C0B2002800D078
:1036E00047463800C0B2BDE8F0870000804844007B
:1036F0002DE9F84304000D002000C0B2032801D2D8
:10370000012000E00020C0B2F8F7A2FA2800C0B201
:10371000402803DB2800C0B2FF2801D1012000E0CF
:103720000020C0B2F8F794FA23482100C9B250F83B
:10373000216023482100C9B250F821705FF00008D1
:103740002800C0B2402833DA5FF00C092800C0B26C
:1037500009FB00F038440079002802D1052080469A
:1037600026E097F824332A00D2B22100C9B23000F3
:1037700000F00DFC2800C0B209FB00F038440079CD
:10378000022806D12900C9B22000C0B2FEF710FFFE
:1037900080462800C0B209FB00F907EB0900007958
:1037A000012805D12900C9B22000C0B2FEF774FF7C
:1037B0004046C0B2BDE8F2838048440080484400DF
:1037C000782C402002680B00DBB2002B01D00023D4
:1037D00000E0012363F35142026070470068C00AB1
:1037E00010F001007047426B0B00DBB2002B01D0E0
:1037F000012300E0002363F30C3242637047426B05
:103800000B00DBB2002B01D0012300E0002363F3A7
:10381000104242637047426B0B00DBB2002B01D0B9
:10382000012300E0002363F38E3242637047426B52
:103830000B00DBB2002B01D0012300E0002363F377
:1038400051424263704742680B00DBB2002B01D04B
:10385000002300E0012363F3861242607047426B4D
:103860000B00DBB2002B01D0002300E0012363F347
:10387000CB224263704742680B00DBB2002B01D0C1
:10388000012300E0002363F3C71242607047010088
:10389000FF200A00D2B2412A05D2DFF85C2B0B00D0
:1038A000DBB2D25C1000C0B27047F8B50400200053
:1038B00000F0B4F80500AD00200000F0AFF8010002
:1038C00014F180060020A84204D2002246F82020ED
:1038D000401CF8E714F5086200238B4204D2002054
:1038E00042F823005B1CF8E7606B50F08050606387
:1038F00014F180073E00002020610020A064002019
:1039000060610020A0610020002804D1002246F858
:103910002020401CF8E7626B32F080526263F1BDF8
:10392000010008200A00D2B2092A01D2080023E0CF
:103930000A00D2B2092A0AD01ED30B2A0DD009D30D
:103940000D2A10D00CD30F2A13D00FD314E00C2261
:10395000100011E0102210000EE0142210000BE005
:103960001822100008E02022100005E0302210008C
:1039700002E040221000FFE7C0B270472DE9F24F8D
:1039800084B0040008208DF8000000254FF4007674
:103990005FF00009DDF810A000200027002103914E
:1039A0005FF0000814F180010191002102915FF0A5
:1039B000000B5846C0B202281CDA5946C9B2200092
:1039C00000F005FA80469DF8000010EB08000500A5
:1039D0002800C0B2B6FBF0F0070050463900C0B274
:1039E000C9B2884206D319F18009BAEB070A1BF164
:1039F000010BDEE75046C0B23900C9B2B0FBF1F2AC
:103A000001FB12002900C9B28908484310FA89F164
:103A1000019800EB810005B0BDE8F08F01000020A7
:103A20000022032A0CD2DFF8D43953F8223099420D
:103A300004D1DFF8CC3953F822301800521CF0E7DB
:103A40007047F8B504000020009000250121DFF840
:103A5000B409FBF77CFA0600002701F0D1F82068D2
:103A600050F080402060206850F080502060206836
:103A7000C00F002803D0206820F00040206001F033
:103A8000D9F80120FBF738FA00902068C0F30060F5
:103A9000002809D101216846FBF742FA40190500C8
:103AA000B542F2D3032007003800C0B2F2BDF8B52A
:103AB00004000020009000250121DFF85C0DFBF7D9
:103AC00046FA0600002701F0CBF8206820F00040FD
:103AD000206001F0DFF80120FBF70EFA009020686B
:103AE000C0F30060002809D101216846FBF718FAED
:103AF00040190500B542F2D3032007003800C0B2D8
:103B0000F2BDF8B504000020009000250121DFF887
:103B1000080DFBF71CFA0600002701F0D1F8206819
:103B200030F080502060206830F08040206001F04C
:103B3000E1F80120FBF7E0F900902068C0F3006095
:103B4000002809D001216846FBF7EAF94019050071
:103B5000B542F2D3032007003800C0B2F2BDF8B579
:103B600004000020009000250121DFF8AC0CFBF7D9
:103B7000EEF9060000272068C00F00281AD101F0D6
:103B8000CFF8206850F00040206001F0E3F80120F9
:103B9000FBF7B2F900902068C0F30050002809D16B
:103BA00001216846FBF7BCF940190500B542F2D384
:103BB000032007003800C0B2F2BDF8B504000F00C2
:103BC00015003E00B6B201F0DBF82800C0B20028B4
:103BD0001CD0380044F2010180B2884204D1606BED
:103BE00050F00040606328E0380080B2B0F5806F8C
:103BF00004D0380080B2B0F5006F03D1206850F4D3
:103C00000010206060683043606016E0380044F2C5
:103C1000010180B2884204D1606B20F000406063F3
:103C20000BE06068B04360606068060016F4406FA7
:103C300003D1206830F40010206001F0BBF8F1BD22
:103C40002DE9FC4104000020009000250121DFF84F
:103C5000B407FBF77CF906000027206850F00070DD
:103C600020600120FBF748F900902068C0F3406015
:103C7000002809D001216846FBF752F940190500D8
:103C8000B542F2D3032007003800C0B2002838D173
:103C9000206850F4805020602000FFF706FE5FF09F
:103CA000FF38C4F81080C4F81480C4F818800020CD
:103CB000A062C4F830802000FFF7B0FE212803D3B3
:103CC00000206062C4F82C80DFF81C0D2062002008
:103CD00060605FF480106063002020650020C4F8FD
:103CE000F00B0020C4F8F40B0020C4F8F80B0020FF
:103CF000C4F8FC0B0020C4F8040CDFF8680DC4F80D
:103D0000000C3800C0B2BDE8F68170B504000D00AB
:103D10002000FFF783FE020000202168C1F3C021CC
:103D2000002901D0012108000100C9B2002918D1E1
:103D3000216851F000512160616B65F31B61616383
:103D40005FF0FF31A16400210E00110089B28E42A4
:103D500007D27FF0604104EB8603C3F88018761C1D
:103D6000F3E7C0B270BD70B504000D002000FFF78E
:103D700035FD002802D12878002801D1012000E07B
:103D80000020C0B2F7F76EFF2000FFF727FD0028E4
:103D900002D16878002801D1012000E00020C0B2E3
:103DA000F7F760FF2000FFF719FD00280ED0D4F8C8
:103DB000000C30F44030297850EA014030F4C01053
:103DC000697850EAC1400600C4F8006C70BD10B4B8
:103DD000020000230800C0B2002802D0012808D049
:103DE0000FE00820D2F8004C240C14F00304A0408B
:103DF0000EE00820D2F8004CE40C14F00304A040BC
:103E000006E00820D2F8004C240C14F00304A04073
:103E1000C0B210BC70472DE9F84F04000D00082611
:103E20004FF400775FF008085FF0000B00205FF0B0
:103E300000095FF0000A5046C0B2022815DA514668
:103E4000C9B22000FFF7C3FF804616EB0800814689
:103E50004846C0B2B7FBF0F010EB0B0B5846C0B2AF
:103E6000854202D31AF1010AE5E74046C0B2BDE837
:103E7000F28F38B504000D0029002000FFF77EFD09
:103E8000016831BD2DE9F04705000E001700984686
:103E9000089C5FF000095FF0010A17F01F001AFA92
:103EA00000FA202F32D24046C0B2002819D001F0CB
:103EB00003F9DFF8B40B3100C9B250F831105AEAF7
:103EC00001013200D2B240F832102100C9B20129FA
:103ED00004D13100C9B250F83100A86201F004F9F0
:103EE00014E001F0E9F8DFF8800B3100C9B250F8B6
:103EF000311031EA0A013200D2B240F832103100FA
:103F0000C9B250F83100A86201F0EEF8202F3AD380
:103F1000402F38D24046C0B200281CD001F0CCF867
:103F2000DFF8440B3100C9B200EBC10149685AEA1D
:103F300001013200D2B200EBC20251602100C9B2CD
:103F4000012905D13100C9B200EBC10040686862A7
:103F500001F0CAF817E001F0AFF8DFF80C0B310000
:103F6000C9B200EBC101496831EA0A013200D2B29C
:103F700000EBC20251603100C9B200EBC1004068E1
:103F8000686201F0B1F84846C0B2BDE8F0872DE99B
:103F9000F04104000D0016001F005FF0010816F04C
:103FA0001F0018FA00F8202E15D200F079FFDFF874
:103FB000B80AA16A31EA08012A00D2B240F83210E8
:103FC0003900C9B2012904D12900C9B250F8310021
:103FD000A06200F07FFF202E19D3402E17D200F0F0
:103FE0005FFFDFF8840A616A31EA08012A00D2B271
:103FF00000EBC20251603900C9B2012905D1290084
:10400000C9B200EBC1004068606200F063FFBDE828
:10401000F08110B504002000FFF700FD0021A1622F
:10402000212801D30021616210BD38B504000D00C4
:104030002000FFF7F3FCDFF8301A2A00D2B251F863
:104040003220A262212805D32A00D2B201EBC2019C
:104050004968616231BD2DE9F84305000E00140086
:104060001F0031002800FFF789FC804618F1040981
:10407000002C01D0012000E00020C0B2F7F7F2FDD3
:104080000020C8F800000020C9F8000020790128AD
:1040900018D1D8F8000050F40010C8F80000D8F883
:1040A000000030F48000C8F80000D9F8000010F0DB
:1040B0006040C9F80000D9F8001027F060400143C3
:1040C000C9F800102079002814D1D8F8000030F485
:1040D000C000C8F80000D9F800006FF39C40C9F890
:1040E0000000D9F80000DFF8F81A11EA8741084308
:1040F000C9F8000020680F280ED0D8F8000030F072
:104100007060C8F80000D8F800002168090611F0B6
:1041100070610843C8F80000BDE8F18370B5040081
:104120000D00002629002000FFF728FC0100086888
:1041300080B270BD2DE9F84F84B006000F00140066
:1041400039003000FFF71AFC804618F10400009097
:1041500018F10800039018F1080002905FF00009C0
:10416000D8F800A05FEA1A4A1AF00F0A5046C0B207
:10417000FFF7D6FB8346002C01D0012000E0002091
:10418000C0B2F7F76FFD14F108000190390030005C
:10419000FFF741FE5946C9B2884204D239003000C7
:1041A000FFF739FE834684F848B0D8F80000206055
:1041B0002068800203D500980068606003E00098E2
:1041C0000068800C6060206880B2E064002001001C
:1041D000C9B25A46D2B29208920091421AD20299BA
:1041E0000200D2B232F0030289580D002900090AF8
:1041F00011F47F4151EA15612A0212F47F02114342
:1042000051EA0561019A0300DBB233F00303D15098
:10421000001DDCE701005A46C9B2D2B2914211D268
:1042200003990200D2B292089200D21C0300DBB2C2
:1042300013F00303D21A895C0200D2B22244117235
:10424000401CE7E705B0BDE8F08F2DE9F54F85B0DC
:104250000C001D005FF0000A059801900198061DF2
:104260000198083002900198083003902F00002C2C
:1042700001D0012000E00020C0B2F7F7F3FC5FF0AE
:1042800000600199086000203060A068C0B2FFF7AC
:10429000FEFA8046002D53D05FF0000BA068800826
:1042A0008000834522D25846800857F8201058468F
:1042B000800857F82000000A10F47F4050EA11608F
:1042C0005946890857F82110090211F47F01084363
:1042D0005946890857F8211050EA016003995A4657
:1042E000920841F822001BF1040BD7E7A068834530
:1042F0000DD202995FEA9B029200D21C1BF00300D0
:10430000121A15F80B0088541BF1010BEEE740461A
:10431000C0B2FFF705FB8DF80000D4F808909DF8B7
:10432000000081450CD202995FEA99029200D21CEA
:1043300019F00300121A607B885419F10109EEE7A5
:10434000207901280BD1306810F06040306030686F
:10435000069921F06041084330605AF4C00A207980
:1043600000280DD130686FF39C40306030680699AA
:10437000DFF86C2812EA8142104330603AF4C00A38
:104380003AF4702A4046C0B2000410F4702050EA9B
:104390000A0A20680F282CD020681C2802D15AF461
:1043A000801A05E09DF84000012801D15AF4801AD6
:1043B0003AF0706A207B00280AD02068000610F0CE
:1043C000706050EA0A0A5AF0004A3AF4801A08E08B
:1043D0005046D4F800A05FEA0A6A1AF0706A5AEAF6
:1043E000000AA07B002801D05AF0804A0198C0F84A
:1043F00000A007B0BDE8F08FA4FC4300E8FC430038
:10440000F4FC430040420F002DE9F84F86B0050050
:104410000C0015F180000590002003905FF000086B
:10442000002004905FF0000908208DF80000611E54
:104430002800FFF7F0FC8246002002900020019047
:104440005FF0000B002C01D0012000E00020C0B282
:10445000F7F708FC611E2800FFF790FA0390039815
:1044600050FA8AF09DF8001050FA81F0029028006E
:10447000FFF7D4FA000105990844019001980299C8
:10448000884204D32800FFF7C9FAA04201D20420D1
:1044900083465846C0B2002830D1601E296860F3B8
:1044A000060129602868C0F34070002826D100204A
:1044B0000600A64222D231002800FFF75FFA8046AC
:1044C00018F10400049018F1080081460020C8F893
:1044D000000000200499086031002800FFF79BFCD1
:1044E0008246002007005046C0B2874204D2002016
:1044F00009F807007F1CF6E7761CDAE75846C0B2D9
:1045000007B0BDE8F08F38B504000D002800C0B238
:10451000002803D002280FD009D31AE0606830F0D9
:1045200008006060606830F48050606011E060688E
:1045300050F0080060600CE0606850F480506060EB
:10454000606830F00800606001212000FFF73AF950
:10455000FFE731BD2DE9F34F81B0050014005FF096
:1045600000085FF00009002715F1E006002C03D1D8
:104570009DF80800032801D1012000E00020C0B20E
:10458000F7F770FB686BC0F3036000909DF80800BC
:10459000002807D0022800F0A7803AD3032800F0B3
:1045A0002F8136E100F0ACFC286830F440702860C0
:1045B00000F0BEFC002083460098401CBBEBC00FFF
:1045C00026D20020070014F83B00002802D05FF03C
:1045D0000040070004EBCB00407800280BD057F0D8
:1045E000804704EBCB004068400020F04040C019F9
:1045F00046F82B0009E004EBCB004068DFF8E41537
:1046000011EAC041C91946F82B101BF1010BD3E781
:10461000FFE000F075FC0120296860F309212960A2
:1046200000F086FC00208246002083460098401C53
:10463000BBEBC00F57D2002080460020814614F803
:104640003A00002802D05FF00040804604EBCA0028
:10465000007A002802D04FF40040814604EBCA00E3
:10466000407800280DD058F0804804EBCA0040681C
:10467000DFF8741511EA400111EB080146F82B1020
:104680000AE004EBCA004068DFF8581511EAC0419F
:1046900011EB080146F82B1004EBCA00407A002801
:1046A0000ED059F4804956F82B0004EBCA01C968B2
:1046B000C1F3CD3111EB0901084346F82B000DE0A1
:1046C00056F82B0004EBCA01C96843F6F87212EAE7
:1046D000C10212EB0902104346F82B001AF1020A3C
:1046E0001BF1010BA2E794E000F00AFC022029680C
:1046F00060F30921296000F01BFC002082460020A5
:1047000083460098401CBBEBC00F78D204EBCA0074
:104710004078002808D004EBCA004068400D18EB30
:10472000006046F82B0007E004EBCA004068C008B0
:1047300018EB006046F82B0004EBCA00407A002812
:104740000DD056F82B0004EBCA01C968490911F4D1
:104750007F0111EB0801084346F82B000CE056F8E6
:104760002B0004EBCA01C968490311F47F0111EB66
:104770000801084346F82B0004EBCA00407C0028DF
:104780000DD056F82B0004EBCA014969490B11F40E
:104790007F4111EB0801084346F82B000CE056F866
:1047A0002B0004EBCA014969490111F47F4111EB67
:1047B0000801084346F82B0004EBCA00407E00289D
:1047C0000CD056F82B0004EBCA01C969C1F347515C
:1047D00011EB0801084346F82B000BE056F82B00BC
:1047E00004EBCA01C969C1F3C70111EB0801084311
:1047F00046F82B001AF1040A1BF1010B81E708E0CF
:1048000000F07EFB286850F44070286000F090FBB8
:10481000FFE7BDE8F78F000040420F002DE9F84F99
:1048200005000C0015F18007381D009017F10808ED
:104830005FF00009D7F800A05FEA1A4A1AF00F0AE1
:104840005046C0B2FFF76CF88346002C01D001201F
:1048500000E00020C0B2F7F705FA14F1080059464D
:10486000C9B2092901D308218B4684F848B03968B8
:1048700021602168890203D500990968616003E01D
:1048800000990968890C6160E96C84F84910216815
:1048900089B2E16400215A46D2B2914216D20A008E
:1048A000920858F8222016003200120A12F47F42B1
:1048B00052EA1662330213F47F031A4352EA066285
:1048C0000B009B0840F82320091DE4E7BDE8F18FA9
:1048D0002DE9FE4F05000C0015F5005000900098E2
:1048E000001D029000980830019000275FF000083A
:1048F0005FF000090098D0F800A05FEA1A4A1AF0A9
:104900000F0A5046C0B2FFF70BF88346002C01D0C7
:10491000012000E00020C0B2F7F7A4F914F108006C
:1049200084F848B00099096821602168890203D59C
:1049300002990968616003E002990968890C616065
:104940002168C90201D500218B461BF0030F01D05D
:10495000012100E000215A46D2B211EB9201019AE6
:104960000B00DBB252F8232012F07F0223689B0277
:1049700006D4D5F80C3C1B0C13F07F03D31800E0D1
:104980001300DFF868729C465FFA8CFC17F80C7015
:1049900084F849702768BFB2E7640027DC465FFAF5
:1049A0008CFC67451DD2DDF804C0BE465FEA9E0E52
:1049B0005CF82EC06646B4465FEA1C2C1CF47F4CA3
:1049C0005CEA166C5FEA062E1EF47F0E5EEA0C0CA3
:1049D0005CEA066CBE465FEA9E0E40F82EC03F1DA4
:1049E000DCE7BDE8F78F000006003B00F0B40400F0
:1049F0000020002500260F009C46FFB25FFA8CFCC9
:104A0000674502D30127380015E01700FFB2012FD8
:104A10000FD1676BC7F303673D006F1CFF00BF0832
:104A20007F1D3E000F00FFB2BE4204D301273800B5
:104A300001E000273800C0B2F0BC7047020000233C
:104A40000020002100290AD1DFF8A43153F82130D9
:104A50009A4202D10123180001E0491CF2E7C0B2DA
:104A60007047000000410080842C40202DE9F8436D
:104A700004000D0016001F005FF000085FF0000941
:104A80002000FFF7DBFF00283BD016EB5500401E4F
:104A9000814656EA0500002801D101208046E8073A
:104AA00001D5012080462068800001D50120804684
:104AB0004046C0B2002826D1D4F80C0C50F000407B
:104AC000C4F80C0CD4F8140C50F00060C4F8140CAA
:104AD000D4F8140C20F07040C4F8140CD4F80C0C6A
:104AE00069F30D20C4F80C0CD4F80C0C66F31640D6
:104AF000C4F80C0CD4F80C0C67F30400C4F80C0CCC
:104B000001E0012080464046C0B2BDE8F28338B5DE
:104B100004000D00A80604D501212000FEF763FE65
:104B200003E000212000FEF75EFE680604D50121A7
:104B30002000FEF764FE03E000212000FEF75FFE88
:104B4000280704D501212000FEF765FE03E00021BF
:104B50002000FEF760FEA80707D52068000504D4F2
:104B600001212000FEF787FE03E000212000FEF770
:104B700082FE680704D501212000FEF764FE03E0F1
:104B800000212000FEF75FFEE80704D50121200088
:104B9000FEF74DFE03E000212000FEF748FEE80688
:104BA00004D501212000FEF75AFE03E00021200079
:104BB000FEF755FE31BD10B4002100221100C9B22C
:104BC00002290BD20B490300DBB201EBC301130036
:104BD000DBB2002441F82340521CEFE710BC7047C1
:104BE0000000FC1F0000F83F0000FF3F9C2C40200D
:104BF00000FD4300842C4020EFF31080704700003C
:104C000070B5F9F77CF80500DFF8046556F8250063
:104C1000002809D1FFF7F0FF0400E00700D472B6C6
:104C2000DFF8F00440F8254056F82500401C46F80F
:104C3000250070BD80B5F9F762F8DFF8D41451F89B
:104C40002020521E41F82020DFF8C82452F82020EE
:104C5000D20704D451F82010002900D162B601BD5A
:104C600070B5F9F74CF80500DFF8AC6456F825008C
:104C7000002809D1FFF7C0FF0400E00700D472B696
:104C8000DFF8980440F8254056F82500401C46F807
:104C9000250070BD80B5F9F732F8DFF87C1451F8C3
:104CA0002020521E41F82020DFF8702452F82020E6
:104CB000D20704D451F82010002900D162B601BDFA
:104CC00070B5F9F71CF80500DFF8546456F82500B4
:104CD000002809D1FFF790FF0400E00700D472B666
:104CE000DFF8400440F8254056F82500401C46F8FF
:104CF000250070BD80B5F9F702F8DFF8241451F8EB
:104D00002020521E41F82020DFF8182452F82020DD
:104D1000D20704D451F82010002900D162B601BD99
:104D200070B5F8F7ECFF0500DFF8FC6356F82500D6
:104D3000002809D1FFF760FF0400E00700D472B635
:104D4000DFF8E80340F8254056F82500401C46F8F7
:104D5000250070BD80B5F8F7D2FFDFF8CC1351F80D
:104D60002020521E41F82020DFF8C02352F82020D6
:104D7000D20704D451F82010002900D162B601BD39
:104D800070B5F8F7BCFF0500DFF8A46356F82500FE
:104D9000002809D1FFF730FF0400E00700D472B605
:104DA000DFF8900340F8254056F82500401C46F8EF
:104DB000250070BD80B5F8F7A2FFDFF8741351F835
:104DC0002020521E41F82020DFF8682352F82020CE
:104DD000D20704D451F82010002900D162B601BDD9
:104DE00070B5F8F78CFF0500DFF84C6356F8250026
:104DF000002809D1FFF700FF0400E00700D472B6D5
:104E0000DFF8380340F8254056F82500401C46F8E6
:104E1000250070BD80B5F8F772FFDFF81C1351F85C
:104E20002020521E41F82020DFF8102352F82020C5
:104E3000D20704D451F82010002900D162B601BD78
:104E400070B5F8F75CFF0500DFF8F46256F825004E
:104E5000002809D1FFF7D0FE0400E00700D472B6A5
:104E6000DFF8E00240F8254056F82500401C46F8DF
:104E7000250070BD80B5F8F742FFDFF8C41251F885
:104E80002020521E41F82020DFF8B82252F82020BE
:104E9000D20704D451F82010002900D162B601BD18
:104EA00070B5F8F72CFF0500DFF89C6256F8250076
:104EB000002809D1FFF7A0FE0400E00700D472B675
:104EC000DFF8880240F8254056F82500401C46F8D7
:104ED000250070BD80B5F8F712FFDFF86C1251F8AD
:104EE0002020521E41F82020DFF8602252F82020B6
:104EF000D20704D451F82010002900D162B601BDB8
:104F000070B5F8F7FCFE0500914E56F82500002814
:104F100008D1FFF771FE0400E00700D472B68D4897
:104F200040F8254056F82500401C46F8250070BD85
:104F300080B5F8F7E4FE864951F82020521E41F86A
:104F40002020844A52F82020D20704D451F820109F
:104F5000002900D162B601BD70B5F8F7D0FE05009A
:104F60007D4E56F82500002808D1FFF745FE0400C5
:104F7000E00700D472B6794840F8254056F825007D
:104F8000401C46F8250070BD80B5F8F7B8FE7249A0
:104F900051F82020521E41F82020704A52F820205B
:104FA000D20704D451F82010002900D162B601BD07
:104FB00070B5F8F7A4FE0500694E56F825000028E4
:104FC00008D1FFF719FE0400E00700D472B6654867
:104FD00040F8254056F82500401C46F8250070BDD5
:104FE00080B5F8F78CFE5E4951F82020521E41F83A
:104FF00020205C4A52F82020D20704D451F8201017
:10500000002900D162B601BD70B5F8F778FE050041
:10501000554E56F82500002808D1FFF7EDFD040095
:10502000E00700D472B6514840F8254056F82500F4
:10503000401C46F8250070BD80B5F8F760FE4A496F
:1050400051F82020521E41F82020484A52F82020D2
:10505000D20704D451F82010002900D162B601BD56
:1050600070B5F8F74CFE0500414E56F825000028B3
:1050700008D1FFF7C1FD0400E00700D472B63D4837
:1050800040F8254056F82500401C46F8250070BD24
:1050900080B5F8F734FE364951F82020521E41F809
:1050A0002020344A52F82020D20704D451F820108E
:1050B000002900D162B601BD70B5F8F720FE0500E9
:1050C0002D4E56F82500002808D1FFF795FD040065
:1050D000E00700D472B6294840F8254056F825006C
:1050E000401C46F8250070BD80B5F8F708FE22493F
:1050F00051F82020521E41F82020204A52F820204A
:10510000D20704D451F82010002900D162B601BDA5
:105110006842402058424020884240207842402047
:10512000A842402098424020C8424020B842402037
:10513000E8424020D842402008434020F842402026
:105140002843402018434020484340203843402013
:105150006843402058434020884340207843402003
:10516000A843402098434020C8434020B8434020F3
:10517000E8434020D843402008444020F8434020E2
:10518000F8B5040000273900C9B22000F6F780FC0A
:1051900006003000C0B2002849D1002005002800D8
:1051A000C0B2022843D2DFF81C0239003A00D2B262
:1051B00050F8222092682B00DBB202EBC302527837
:1051C000C9B2914231D10021DFF8FC212B00DBB2C2
:1051D000D154DFF8F8113A00D2B250F82220926888
:1051E0002B00DBB212F833208D54DFF8E4113A00C3
:1051F000D2B250F8222092682B00DBB212F8332092
:105200008F543900C9B250F8211089682A00D2B2EF
:1052100001EBC2013A00D2B250F8220080682A00A5
:10522000D2B210F8320000F0FFF86D1CB7E7F1BD04
:105230002DE9F84F05000E0017005FF001085FF040
:10524000000905234A46D2B239002800C0B2F6F759
:10525000ABFC82465046C0B2002841D1DFF864B1B1
:105260004846C0B25BF8200080682900C9B200EB54
:10527000C100807800282DD04846C0B25BF82000DD
:1052800080682900C9B200EBC1014846C0B25BF892
:10529000200080682A00D2B210F8320000F056F9DF
:1052A00004002000C0B201281AD02000C0B2022899
:1052B00016D03A003100C9B24846C0B25BF82000AF
:1052C00080682B00DBB210F8330000F006F90020F4
:1052D000804605E0022305220021FF20F7F7A6FD06
:1052E0004046C0B2BDE8F28F2DE9F04705000E0040
:1052F00001275FF0000802234246D2B231002800A5
:10530000C0B2F6F708FC81464846C0B2002855D125
:10531000DFF8B0A04046C0B25AF8200080682900EB
:10532000C9B200EBC1008078012841D04046C0B22C
:105330005AF8200080682900C9B200EBC10140463C
:10534000C0B25AF8200080682A00D2B210F83200A9
:1053500000F0FCF804002000C0B201282ED020008C
:10536000C0B202282AD0307A002805D1012016497F
:105370002A00D2B2885404E0022013492A00D2B293
:1053800088544046C0B25AF8200080682900C9B24B
:1053900000EBC10231004046C0B25AF820008068DC
:1053A0002B00DBB210F8330000F05CF8070005E0DA
:1053B000022302220021FF20F7F738FD3800C0B297
:1053C000BDE8F08740404020F02B4020643440206E
:1053D0006C34402070B504000D002E002000C0B2D7
:1053E000052802D0062806D00BE0012053493200E0
:1053F000D2B2885405E0022050493200D2B288541B
:10540000FFE73100C9B22000C0B200F0B9F870BDAA
:1054100070B504000D002E00F6B23100C9B22000B4
:10542000C0B200F0ADF870BD38B504000D00A8782A
:1054300001280BD0686801682000C0B200F0A8FE07
:105440003F492000C0B201F095F90AE06868416860
:105450002000C0B201F0D6F83A492000C0B201F0F5
:10546000A5F931BD7CB504000D001600AA78298885
:105470002000C0B200F004FFE9782000C0B201F0C3
:10548000B1F9287A002810D16879002801D10123C8
:1054900000E0002341F288300090DBB2EA88E9683E
:1054A0002000C0B200F01CFF0FE06879002801D195
:1054B000012300E0002341F288300090DBB2EA884B
:1054C000E9682000C0B200F0BDFF0100C9B20029A8
:1054D00001D001210800C0B276BD70B504000D00F6
:1054E00016002A00D2B231002000C0B201F0EEF85E
:1054F00070BD10B402000800002802D002280CD0B1
:1055000017E00E48104B1400E4B21B57C05C002893
:1055100001D1002000E003200CE008480A4B1400F1
:10552000E4B21B57C05C012801D1012000E0022039
:1055300000E00420C0B210BC70470000F02B4020F7
:1055400011544300D55343006434402070B5040027
:105550000D00A878012806D000212000C0B200F07C
:10556000E3FF060005E000212000C0B201F0DEF8F4
:10557000060031002000C0B2FFF7BBFF70BDFEE7A0
:1055800038B504000D002000C0B2052808D0062858
:105590000DD1074A08212800C0B2FFF749FE06E0F6
:1055A000044A08212800C0B2FFF742FEFFE731BDE0
:1055B000A81F4020C833402001004868C0F30320E2
:1055C000012212FA00F080B270470100486810F022
:1055D0000F00012212FA00F080B27047016931F425
:1055E000007151F4007101617047016931F48071FB
:1055F00051F48071016170470269520852000B003A
:10560000DBB2012B01D1012300E0002313F00103E1
:105610001A43026170474169C1F34001012901D178
:10562000012000E00020C0B27047416911F0010183
:10563000012901D1012000E00020C0B2704741697A
:10564000C1F30031012901D1012000E00020C0B2E6
:1056500070474169C1F3C021012901D1012000E057
:105660000020C0B270474169C1F38021012901D1F6
:10567000012000E00020C0B270474FF4805141612A
:1056800070474FF40061416170474FF480614161A0
:10569000704710B483691400E4B2012C01D10B43AC
:1056A00000E08B43836110BC7047426A32F0E062D5
:1056B0000B00DBB21B0613F0E0631A434262704733
:1056C000826A32F070620B0613F070631A438262D2
:1056D0007047826A32F470220B0413F470231A4369
:1056E00082627047D0F8282132F070620B0613F006
:1056F00070631A43C0F828217047D0F8282132F48B
:1057000070220B0413F470231A43C0F82821704749
:10571000C26A6FF31322DFF8503913EA01231A43E8
:10572000C2627047426A32F480620B00DBB2012B26
:1057300001D1012300E000239B0213F480631A438C
:1057400042627047836A1B0B1B030A05120D134349
:1057500083627047426A32F400720B00DBB25B0274
:1057600013F400731A4342627047426AD208D200AF
:105770000B00DBB213F007031A4342627047826CDE
:1057800032F47C520B00DBB21B0213F47C531A433D
:1057900082647047826C32F07C520B00DBB21B06D5
:1057A00013F07C531A4382647047826C32F47C128B
:1057B0000B00DBB21B0413F47C131A4382647047A2
:1057C000826C920992010B00DBB213F03F031A4383
:1057D00082647047026D32F07C520B00DBB21B0614
:1057E00013F07C531A4302657047026D32F47C1249
:1057F0000B00DBB21B0413F47C131A4302657047E1
:10580000026D32F47C520B00DBB21B0213F47C53AA
:105810001A4302657047026D920992010B00DBB2D8
:1058200013F03F031A4302657047826D32F4403231
:105830000B009BB21B0413F440331A43826570477C
:105840000100886DC0F3014080B27047826D9208FC
:1058500092000B009BB213F003031A43826570475A
:105860000100C86DC0F3024080B270470100C86DEE
:1058700010F0070080B270470B00DBB21B0253FA36
:1058800082F3036670470100086F00F0FF00C0B2AA
:105890007047D0F81021520852000B00DBB2012BE8
:1058A00001D1012300E0002313F001031A43C0F8E3
:1058B0001021704710B4D0F818311400E4B2012C54
:1058C00001D10B4300E08B43C0F8183110BC704786
:1058D000D0F8242132F4E0220B00DBB21B0413F4D5
:1058E000E0231A43C0F824217047D0F8242132F471
:1058F00000520B00DBB2012B01D1012300E0002399
:105900005B0313F400531A43C0F824217047D0F806
:10591000242132F480520B00DBB21B0313F48053BA
:105920001A43C0F824217047D0F8242132F008022D
:105930000B00DBB2012B01D1012300E00023DB00CF
:1059400013F008031A43C0F824217047D0F824212B
:1059500032F004020B00DBB2012B01D1012300E085
:1059600000239B0013F004031A43C0F8242170475E
:10597000D0F8242132F002020B00DBB2012B01D15E
:10598000012300E000235B0013F002031A43C0F878
:1059900024217047D0F82421520852000B00DBB2BA
:1059A000012B01D1012300E0002313F001031A436E
:1059B000C0F82421704710B4D0F840216FF34A0298
:1059C0000B009BB240F2FE7414EA43042243C0F879
:1059D000402110BC7047D0F85421520852000B00EF
:1059E000DBB213F001031A43C0F85421704710B51D
:1059F0000400002C01D0012000E00020C0B2F6F726
:105A000045F9A07AE17A884201D1012000E0002026
:105A1000C0B210BD10B50400002C01D0012000E080
:105A20000020C0B2F6F732F90020E0720020A07228
:105A300010BD2DE9F84304000D0016001F00002DD5
:105A400001D0012000E00020C0B2F6F71FF9002CC1
:105A500001D0012000E00020C0B2F6F717F92000C5
:105A6000FFF704FF80462000FFF7AFFD8146404668
:105A7000494680B289B2884207D23A00D2B2310098
:105A8000C9B22000FFF7F8FE10E0A87A052801D27D
:105A9000012000E00020C0B2F6F7F8F8A87A2E54F2
:105AA000A87A28444771A87A401CA872BDE8F183FF
:105AB000F8B504000D00002D01D0012000E0002009
:105AC000C0B2F6F7E3F8002C01D0012000E000207E
:105AD000C0B2F6F7DBF82000FFF7C8FE0600200092
:105AE000FFF773FD07002800FFF781FF002815D19D
:105AF0003000390080B289B288420FD2E87A284457
:105B00004279E87A295C2000FFF7B6FEE87A401C6B
:105B1000E8722000FFF7AAFE0600E4E72800FFF77E
:105B200066FF002802D02800FFF774FFF1BD2DE9C1
:105B3000F84304000D001600002D01D0012000E004
:105B40000020C0B2F6F7A2F8002C01D0012000E03E
:105B50000020C0B2F6F79AF8A87E03280CD195F879
:105B60002000002808D1EB7F052229002000FFF744
:105B700060FF012085F8200095F82000012801D160
:105B8000062700E0042795F8220000282BD0A88BD8
:105B900080B2C00910F00600B0F110094B46DBB22C
:105BA0003A00D2B229002000FFF743FFB5F81C806D
:105BB0004346DBB2002229002000FFF73AFF300005
:105BC000C0B2012822D1A88B80B2C00910F0060013
:105BD0000F3880464346DBB23A00D2B2290020009B
:105BE000FFF727FF12E03000C0B2012801D10120E9
:105BF00000E00020A98B490051FA80F84346DBB24F
:105C00003A00D2B229002000FFF713FFBDE8F1836C
:105C10002DE9F04104000D00002D01D0012000E02D
:105C20000020C0B2F6F732F8002C01D0012000E0CD
:105C30000020C0B2F6F72AF82000FFF717FE060092
:105C40002000FFF7C2FC07002800FFF7D0FE002865
:105C500021D0E86800281ED03000390080B289B217
:105C6000884218D22869027800212000FFF704FE3C
:105C70002869401C2861E868401EE8605FF0000861
:105C80004046C0B2FF28E4D02000FFF7EFFD060039
:105C900018F10108F4E7BDE8F081F8B504000D0043
:105CA00016001F00002D01D0012000E00020C0B22E
:105CB000F5F7ECFF002C01D0012000E00020C0B27D
:105CC000F5F7E4FF002243F603412000FFF7E1FC73
:105CD0003800C0B2012805D12000FFF786FC200063
:105CE000FFF77CFC3000C0B2012807D1002202215E
:105CF0002000FFF7C1FD002085F82000002028616A
:105D00000020E8600120A877F1BDF8B506000D007D
:105D1000DFF824073100C9B250F82170DFF81C0702
:105D20003100C9B250F82140002C01D0012000E020
:105D30000020C0B2F5F7AAFF00213800FFF7B5FC3C
:105D400000213800FFF706FDA576F1BD10B504006F
:105D500000212000FFF7DBFD00212000FFF73BFEC4
:105D600000212000FFF7E0FD01212000FFF7EEFDFC
:105D700001212000FFF7FCFD01212000FFF70AFEB2
:105D800010BD2DE9F04105000E000027DFF8A80640
:105D90002900C9B250F82180DFF8A4062900C9B251
:105DA00050F82140002C01D0012000E00020C0B2BA
:105DB000F5F76CFF4046FFF7C9FF3000C0B203287B
:105DC00001D1012007003900C9B24046FFF78DFD1F
:105DD0002673BDE8F08138B504000D002000FFF700
:105DE0004CFCA87E032802D1002085F82000012069
:105DF00068760123002229002000FFF74EFFE86AA1
:105E0000002804D095F830100B20EA6A904731BD85
:105E100038B504000D00002085F8200003206876C6
:105E20000123002229002000FFF737FFE86A00283D
:105E300004D095F830100B20EA6A90472000FFF755
:105E400024FC31BD38B504000D002000FFF719FC1B
:105E50000123002229002000FFF71FFF062068769B
:105E6000E86A002804D095F830100B20EA6A9047C1
:105E700031BD38B504000D002000FFF7E0FB00281D
:105E800003D029002000FFF7A6FF2000FFF7E1FB69
:105E9000002803D029002000FFF7D4FF2000FFF7DF
:105EA000E2FB002803D029002000FFF7B1FF31BD3D
:105EB000F8B5050000262800C0B2022801D2012052
:105EC00000E00020C0B2F5F7E1FEDFF86C05290024
:105ED000C9B250F82170DFF864052900C9B250F842
:105EE0002140002C01D0012000E00020C0B2F5F7D5
:105EF000CDFE3800FFF799FB00280BD02000FFF7FC
:105F000076FD002804D121003800FFF7D1FD01E023
:105F1000012006003000C0B200281BD020690028F4
:105F200018D0E068002811D1002394F82120210026
:105F30003800FFF7B2FE00206076E06A002809D042
:105F400094F830100B20E26A904703E021003800FB
:105F5000FFF75EFE21003800FFF78BFFF1BD38B57B
:105F600004000D002000FFF77BFC002811D0E8683A
:105F700000280ED02000FFF786FC296908702869E8
:105F8000401C2861E868401EE8606869401C686140
:105F9000E8E731BD70B505002800C0B2022801D283
:105FA000012000E00020C0B2F5F770FEDFF88804A1
:105FB0002900C9B250F82160DFF880042900C9B275
:105FC00050F82140002C01D0012000E00020C0B298
:105FD000F5F75CFE3000FFF71EFB00283FD02100E4
:105FE0003000FFF7BCFFE068002811D1002394F8CF
:105FF000212021003000FFF750FE00206076E06A8B
:1060000000282CD094F830100B20E26A904726E04C
:106010003000FFF715FC80B2E168884206D3E068E3
:10602000411E89B23000FFF700FC18E06069001DD6
:10603000000614D1E068001F40F20111884206D327
:10604000FF23012221003000FFF7F3FC07E0E068A6
:10605000431FDBB2012221003000FFF7EAFC2100E0
:106060003000FFF706FF70BD00FF0F0038B50400D9
:106070000D0029782000FFF778FBE968C9B22000FD
:10608000FFF793FB2969C9B22000FFF783FB69681A
:10609000C9B22000FFF773FBA968C9B22000FFF75F
:1060A0008FFB31BD38B504000D00E969C9B220008D
:1060B000FFF790FB296AC9B22000FFF796FB6969D8
:1060C000C9B22000FFF79CFBA969C9B22000FFF705
:1060D000A2FB31BD2DE9F84307000C001500022694
:1060E0003800C0B2022801D2012000E00020C0B276
:1060F000F5F7CCFDDFF844033900C9B250F8218030
:10610000DFF834033900C9B250F8219098F81E0026
:10611000002817D000214846FFF76EFA29004846AC
:10612000FFF7A4FF29004846FFF7BCFF2100C9B2D2
:106130003800C0B2FFF7E9FD01214846FFF75CFADD
:10614000002006003000C0B2BDE8F28338B504007C
:106150000D002800FFF75EFC200000F091FB31BD30
:1061600038B504000D0029692000FFF7A9FA696914
:106170002000FFF7AEFAE9682000FFF7E3FA0121FB
:106180002000FFF7CFFAA9682000FFF7C1FA31BD60
:10619000F8B505000C00002C01D0012000E0002023
:1061A000C0B2F5F773FD2800C0B2022801D2012069
:1061B00000E00020C0B2F5F769FDDFF8806228003A
:1061C000C0B256F82000002801D1012000E00020D4
:1061D000C0B2F5F75BFDDFF860022900C9B250F8E4
:1061E0002170DFF8481694F829203820424301EB4B
:1061F00002002900C9B246F821002800C0B256F8B2
:10620000206000203076002030610020F060002007
:1062100070760120B0772088B083A07886F82200BD
:10622000607E86F82300E0697062206AB062606A6E
:10623000F06294F8280086F83000207E50F00800C4
:10624000F077002086F82000606870633100380025
:10625000FFF77CFF21003800FFF782FF726BE178C7
:106260002800C0B2FFF736FFA27821882800C0B20C
:1062700000F006F801213800FFF7BEF90020F2BD5A
:10628000F8B507000D0016003800C0B2022801D290
:10629000012000E00020C0B2F5F7F8FC67483900A3
:1062A000C9B250F82140002C01D0012000E00020AC
:1062B000C0B2F5F7EBFCA58384F82260F1BD38B5D8
:1062C00004000D00002229002000FFF730FC290007
:1062D0002000FFF79DFC00212000FFF7B7FA31BD39
:1062E0002DE9FE4F07000C001500DDF8308000207E
:1062F00000905FF0000900214046F8F728FE824632
:106300005FF0020B3800C0B2022801D2012000E089
:106310000020C0B2F5F7BAFC002C01D0012000E04B
:106320000020C0B2F5F7B2FC002D01D0012000E042
:106330000020C0B2F5F7AAFC3F483900C9B250F8B6
:10634000210001903D483900C9B250F82160002E6B
:1063500001D0012000E00020C0B2F5F797FCB07F2B
:1063600000282DD0F5603461002030769DF80800BB
:1063700086F821000020B077022070763100019865
:10638000FFF79DFF0020F8F7B7FD00903800C0B27E
:10639000FFF78EFD00216846F8F7C2FD10EB0900FB
:1063A000814600213800C0B200F0BEF8022801D1B9
:1063B000D145EBD3D14501D309207076707E834659
:1063C0005846C0B2BDE8FE8F2DE9F04105000C0033
:1063D00019482900C9B250F8216018482900C9B2EB
:1063E00050F82180012241463000FFF7A0FB40F227
:1063F0000110844206D3FF23012241463000FFF7FB
:1064000018FB07E014F1FF03DBB201224146300024
:10641000FFF70FFB3000FFF7CFF80700380080B21E
:10642000844202D22000C0B20700791E89B2300037
:10643000FFF7FBF9BDE8F0818C484400942D402023
:106440009C2D40202DE9FE4F07000C001500DDF8C3
:106450003080002000905FF0000900214046F8F7EE
:1064600076FD82465FF0020B3800C0B2022801D2EE
:10647000012000E00020C0B2F5F708FC002C01D09C
:10648000012000E00020C0B2F5F700FC002D01D093
:10649000012000E00020C0B2F5F7F8FBDFF894031C
:1064A0003900C9B250F82160002E01D0012000E06F
:1064B0000020C0B2F5F7EAFBB07F002830D0F560CD
:1064C0003461012030769DF8080086F82100002014
:1064D000B0770220707629003800C0B2FFF774FF51
:1064E0000020F8F709FD0090002070613800C0B26C
:1064F000FFF750FD00216846F8F712FD10EB090088
:10650000814600213800C0B200F00EF8022801D107
:10651000D145EBD3D14501D309207076707E8346F7
:106520005846C0B2BDE8FE8F70B506000C003000C2
:10653000C0B2022801D2012000E00020C0B2F5F76D
:10654000A5FBDFF8F0023100C9B250F82150002D50
:1065500001D0012000E00020C0B2F5F797FB002C2D
:1065600005D095F82300012801D1E8682060687EF5
:1065700070BD70B50400DFF8B8022100C9B250F850
:106580002150DFF8B4022100C9B250F82160707CBC
:10659000002805D1012240F604712800FFF78AF98E
:1065A000707C012805D1012240F606712800FFF712
:1065B00081F901212800FFF76CF970BD70B5040066
:1065C0000D001600290089B22000FFF7F4F9300011
:1065D000C0B2002804D001212000FFF779F903E0C0
:1065E00000212000FFF774F970BD70B504000D00A4
:1065F000160029002000FFF775F831002000FFF792
:106600007CF870BDF8B505000C00002C01D001200D
:1066100000E00020C0B2F5F739FB2800C0B2022824
:1066200001D2012000E00020C0B2F5F72FFBDFF817
:1066300008622800C0B256F82000002801D10120CD
:1066400000E00020C0B2F5F721FBDFF8E4012900EB
:10665000C9B250F821702800C0B256F8206000205E
:106660003070A069F061207F86F820000020B060C3
:1066700000207060002086F8210060797074206925
:1066800070616069B06100207070A0787073002044
:10669000B073E078F073380000F0F2F8A278218847
:1066A0003800FFF78BFF21792800C0B2FFF769FBA4
:1066B000E268A1683800FFF798FFF07B002803D05C
:1066C0002800C0B2FFF755FF0020F2BDF8B5070063
:1066D0000C0015003800C0B2022801D2012000E0F1
:1066E0000020C0B2F5F7D2FA002C01D0012000E062
:1066F0000020C0B2F5F7CAFA002D01D0012000E059
:106700000020C0B2F5F7C2FADFF82C013900C9B297
:1067100050F82160002E01D0012000E00020C0B21E
:10672000F5F7B4FAB46075600020F2BD70B50600EC
:106730000C003000C0B2022801D2012000E000208D
:10674000C0B2F5F7A3FADFF8F0003100C9B250F893
:106750002150002D01D0012000E00020C0B2F5F74B
:1067600095FA002C04D0687C012801D1686820606B
:10677000287870BD70B505000E002800C0B2022850
:1067800001D2012000E00020C0B2F5F77FFA2948CD
:106790002900C9B250F82140002C01D0012000E0AE
:1067A0000020C0B2F5F772FAE66270BD70B5050060
:1067B0000E002800C0B2022801D2012000E0002013
:1067C000C0B2F5F763FA1C482900C9B250F821405D
:1067D000002C01D0012000E00020C0B2F5F756FAED
:1067E000E66170BD70B505000E002800C0B2022839
:1067F00001D2012000E00020C0B2F5F747FA0D48B1
:106800002900C9B250F82140002C01D0012000E03D
:106810000020C0B2F5F73AFA3000C0B2012802D128
:106820000320A07601E00020A07670BD242D40203A
:106830008C484400942D40209C2D4020026932F069
:1068400002020B00DBB2012B01D1012300E0002387
:106850005B0013F002031A4302617047D0F8102165
:1068600032F002020B00DBB2012B01D1012300E068
:1068700000235B0013F002031A43C0F81021704795
:1068800010B5040001212000FFF7D8FF01212000EE
:10689000FFF7E4FF002020610020C4F8100110BDC4
:1068A00038B504000025002C07D0012005000B237B
:1068B00000220021FF20F6F7B9FA2800C0B232BD4D
:1068C00038B504002000FFF7EBFF05002800C0B238
:1068D00000280CD106490868002802D10548086044
:1068E00005E0002300220021FF20F6F79FFA31BDCA
:1068F00044404020481044002DE9F04704000D00BA
:1069000016001F00DDF820805FF00109002128003B
:10691000C0B200F009FC82465046C0B2012806D140
:10692000062304220021FF20F6F780FA13E04346F5
:106930003A0031002800C0B200F080FB8146484692
:10694000C0B2062807D1082304220021FF20F6F751
:1069500080FA012081464846C0B2BDE8F0872DE9A3
:10696000F84304000D0016001F005FF0010800212D
:106970002800C0B200F0F9FB81464846C0B20128A9
:1069800006D1062307220021FF20F6F74FFA06E082
:106990003A0031002800C0B200F082FB8046404639
:1069A000C0B2BDE8F2832DE9F84304000D001600E3
:1069B0001F005FF0010800212800C0B200F0B4FB06
:1069C00081464846C0B2012806D10623052200218F
:1069D000FF20F6F72BFA06E03A0031002800C0B29B
:1069E00000F080FB80464046C0B2BDE8F2832DE94E
:1069F000F04105000E0017009846069C2000C0B22A
:106A0000002806D1424639003000C0B200F0E4FA56
:106A100005E0424639003000C0B200F0F6FABDE8A9
:106A2000F0812DE9F84305000C000027DFF8AC8465
:106A30003800C0B208EB40002900C9B2405C002811
:106A400006D0042300220021FF20F6F7EFF95BE0D7
:106A5000002C06D0092300220021FF20F6F7E6F9DA
:106A600052E0DFF87C94DFF87C043900C9B250F8BA
:106A700021003900C9B249F8210000200600300089
:106A8000C0B2022840D23800C0B259F8200031000C
:106A9000C9B250F82100002834D028003900C9B20A
:106AA00059F821103200D2B251F822100978C0B240
:106AB000884227D13800C0B259F820003100C9B24D
:106AC00050F8210081682800C0B200F00FFADFF80A
:106AD00018043900C9B200EBC1002900C9B23A005C
:106AE000D2B259F822203300DBB252F82320526888
:106AF00040F821203800C0B208EB40002900C9B29C
:106B000001224254761CBAE7BDE8F1832DE9F8432F
:106B10000600002700205FF00008DFF8C093414620
:106B2000C9B209EB41013200D2B2895C012906D019
:106B3000012301220021FF20F6F778F947E0002029
:106B400007003800C0B2022841D2DFF89413404653
:106B5000C0B251F820003A00D2B250F8220000280A
:106B600033D030004246D2B251F822103A00D2B2AD
:106B700051F822100978C0B2884226D10021300095
:106B8000C0B200F0F2FA040000213000C0B200F000
:106B9000CBFA05002000C0B2012803D02800C0B203
:106BA000012806D1102301220021FF20F6F751F918
:106BB0000DE03000C0B200F0B6F94046C0B209EBBB
:106BC00040003100C9B2002242547F1CB9E7BDE841
:106BD000F183F8B504000D0001260027DFF8FC0260
:106BE0003900C9B200EB41002100C9B2405C002865
:106BF00006D1012308220021FF20F6F717F919E03A
:106C00002000C0B2022806D3022308220021FF2060
:106C1000F6F70CF90EE02800C0B2002805D12000DC
:106C2000C0B200F0A1F9060004E02000C0B200F0FC
:106C3000B7F906003000C0B2F2BD2DE9FC410600F4
:106C40000C0015001F005FF00008A4484146C9B2BF
:106C500000EB41003100C9B2405C002806D101239D
:106C60000B220021FF20F6F7E1F827E03000C0B248
:106C7000022806D302230B220021FF20F6F7D6F8C4
:106C80001CE0002C06D103230B220021FF20F6F785
:106C9000CDF813E0002D06D107230B220021FF20A1
:106CA000F6F7C4F80AE03800C0B200902B002200CA
:106CB0003100C9B24046C0B2FFF799FEBDE8F3818A
:106CC0002DE9F84306000C0015001F005FF00108D5
:106CD0005FF0000981484946C9B200EB410031002C
:106CE000C9B2405C002806D1012304220021FF2004
:106CF000F6F79CF826E03000C0B2022806D3022343
:106D000004220021FF20F6F791F81BE0002C06D1A9
:106D1000032304220021FF20F6F788F812E0002D5B
:106D200006D1072304220021FF20F6F77FF809E0AF
:106D300000972B0022003100C9B24846C0B2FFF7CD
:106D4000DBFD80464046C0B2BDE8F2832DE9F0414C
:106D500006000C00150001275FF000085F4841465F
:106D6000C9B200EB41003100C9B2405C002806D135
:106D7000012307220021FF20F6F758F825E0300014
:106D8000C0B2022806D3022307220021FF20F6F713
:106D90004DF81AE0002C06D1032307220021FF2022
:106DA000F6F744F811E0002D06D107230722002151
:106DB000FF20F6F73BF808E02B0022003100C9B2B3
:106DC0004046C0B2FFF7CBFD07003800C0B2BDE8B7
:106DD000F0812DE9F04106000C00150001275FF05D
:106DE00000083E484146C9B200EB41003100C9B23B
:106DF000405C002806D1012305220021FF20F6F780
:106E000015F825E03000C0B2022806D3022305227F
:106E10000021FF20F6F70AF81AE0002C06D1032320
:106E200005220021FF20F6F701F811E0002D06D120
:106E3000072305220021FF20F5F7F8FF08E02B00CB
:106E400022003100C9B24046C0B2FFF7ACFD0700D6
:106E50003800C0B2BDE8F0812DE9F04105000C001A
:106E6000160004275FF000081C484146C9B200EB39
:106E700041002900C9B2405C002806D10123092243
:106E80000021FF20F5F7D2FF24E02800C0B202283D
:106E900006D3022309220021FF20F5F7C7FF19E0DE
:106EA000002C06D1032309220021FF20F5F7BEFFA5
:106EB00010E03000C0B2002806D121002800C0B286
:106EC00000F032F9070005E021002800C0B200F010
:106ED0004CF907003800C0B2BDE8F081CC2D40204D
:106EE000002C40207C104400F82B402070B504009A
:106EF0000D002E68DFF884032100C9B240F821504C
:106F00002100C9B250F82100007900280AD1DFF829
:106F100070033100C9B24454E86801683000C0B25F
:106F200000F00FFB70BD70B50400DFF85053200077
:106F3000C0B255F8200006682000C0B255F8200005
:106F4000007900280AD15FF0FF30DFF834133200F7
:106F5000D2B288543000C0B200F08DFB0020210076
:106F6000C9B245F8210070BD70B504000125DFF8F5
:106F70000C032100C9B250F821100E682100C9B2DB
:106F800050F821000079002807D13000C0B200F08D
:106F900034FD002801D1002005002800C0B270BDDA
:106FA00070B504000125DFF8D4022100C9B250F801
:106FB00021100E682100C9B250F821000079002884
:106FC00007D13000C0B200F021FE002801D100201E
:106FD00005002800C0B270BDF8B506000C00150011
:106FE000DFF898023100C9B250F821100F68310063
:106FF000C9B250F821000079002805D12A002100EB
:107000003800C0B200F05AFEF1BDF8B506000C0021
:107010001500DFF868023100C9B250F821100F687E
:107020003100C9B250F821000079002805D12A00AA
:1070300021003800C0B200F068FEF1BD2DE9F84330
:1070400004000D0016001F005FF00108DFF82C029D
:107050002100C9B250F82110D1F800902100C9B226
:1070600050F821000079002816D13B003200290099
:107070004846C0B200F06FFB0100C9B2002902D13E
:107080000021884608E00100C9B2032902D1062187
:10709000884601E0012188464046C0B2BDE8F2833F
:1070A0002DE9F04104000D0016000127734821006E
:1070B000C9B250F82110D1F800802100C9B250F8AF
:1070C00021000079002809D1320029004046C0B2D1
:1070D00000F0E6FC002801D1002007003800C0B213
:1070E000BDE8F0812DE9F04104000D0016000127F4
:1070F00062482100C9B250F82110D1F80080210067
:10710000C9B250F821000079002809D132002900C5
:107110004046C0B200F0BBFB002801D100200700B0
:107120003800C0B2BDE8F0812DE9F04104000D0047
:10713000062652482100C9B250F821100F682100DC
:10714000C9B250F82100007900280AD1290038007E
:10715000C0B200F008FC80464046C0B200F026F8FD
:1071600006003000C0B2BDE8F0812DE9F041040016
:107170000D00062641482100C9B250F821100F68C1
:107180002100C9B250F82100007900280AD1290055
:107190003800C0B200F0F0FC80464046C0B200F0BB
:1071A00005F806003000C0B2BDE8F0810100002003
:1071B0000A00D2B2002A10D0022A11D0032A15D018
:1071C000052A19D0062A0ED0072A12D0082A19D06B
:1071D000092A14D0102A18D01AE00022100017E053
:1071E0000122100014E00222100011E0062210001B
:1071F0000EE0032210000BE00422100008E007223A
:10720000100005E00522100002E008221000FFE750
:10721000C0B2704701000800C0B2002803D00228A5
:1072200005D002D305E0002004E0012002E00220A6
:1072300000E00320C0B270472DE9F04106000C00C9
:1072400015000F483100C9B2475C2000C0B2FFF7FB
:10725000E1FF8046094A3800C0B252F82000806839
:10726000002809D04146C9B23800C0B23B00DBB2A9
:1072700052F8232092689047BDE8F081C02D40204D
:1072800010354020DFF82C1A0161DFF82C1A41611B
:1072900000218161704782690B00DBB2002B01D0B5
:1072A000012300E0002332F4002252EAC34282614B
:1072B000704782690B00DBB2002B01D0012300E094
:1072C000002332F4802252EA8342826170470269CD
:1072D00061F30C0202617047026961F31C62026192
:1072E0007047016951F400310161704710B40B001F
:1072F000DBB21400E4B2002C00D05B1C032B04D1E1
:10730000046954F0005404611CE00C00E4B2002C49
:107310000DD11400E4B2002C04D0846934F401646B
:1073200084610BE0846954F40064846106E05B1EB0
:10733000846934F0100454EA03148461046934F05D
:107340000054046110BC7047826932F002020B00E5
:10735000DBB25B085B001A4382610A00D2B2836928
:1073600062F3000383617047026932F400520B003C
:10737000DBB252EA43320261704730B483691400D1
:10738000E4B2002C01D0012400E0002401258D404E
:10739000AB438C402343836130BC70470200002321
:1073A0009069C84010F00100C0B2704710F11C0293
:1073B0001170704730B410F11C030A0092B2120A27
:1073C00012F00102846934F080441500EDB254EAF1
:1073D00085748461197030BC704770B410F11C055D
:1073E0000A0092B2120A12F001020B009BB25B0A71
:1073F00013F00103846934F080441600F6B254EAB5
:1074000086741E00F6B266F3DF748461297070BC66
:107410007047C069C0B2704702009069C00F000297
:10742000D169C9B2084380B2704702009069400D2B
:1074300010F400709169C90F50EA0120D169C9B2F6
:10744000084380B27047020000235069C84010F022
:107450000100C0B270470A00D2B2102A1DD024D356
:10746000122A0AD011D3132A1FD14369DFF8E82862
:10747000134053F40023436117E04369DFF8D82831
:10748000134053F4802343610FE04369DFF8C828B9
:10749000134053F40033436107E04369DFF8B82831
:1074A000134053F480334361FFE770475FF4702269
:1074B0004369DFF8A4180B40134343617047F8B5E4
:1074C00004000D0016001F003800C0B2F7F714FDCD
:1074D00020603900C9B23000F7F739FD2860F1BDEE
:1074E0002DE9F04104000D0016001F005FF00008B8
:1074F0003900C9B22000F7F713FD01002868081809
:1075000028602868B04201D3012080464046C0B2BE
:10751000BDE8F081816A51F4004181627047816A5F
:1075200051F4804181627047082181627047C06ACE
:10753000000E10F01F007047C16A31F0F851C162AF
:1075400070472DE9F84305000C002800C0B204285C
:1075500001D2012000E00020C0B2F4F7A1FB002C12
:1075600001D0012000E00020C0B2F4F799FBDFF861
:10757000EC672800C0B256F82000002801D1012095
:1075800000E00020C0B2F4F78BFB207A212801D262
:10759000012000E00020C0B2F4F782FB6068B0F583
:1075A000005F04D26068002801D0012000E00020C4
:1075B000C0B2F4F775FBDFF898082900C9B250F89B
:1075C0002170A0692900C9B246F821002800C0B284
:1075D00056F82060DFF810092900C9B240F82140B0
:1075E000B046E07A032802D1607A002801D1012058
:1075F00000E00020C0B2F4F753FB5FF00009B9F1DE
:10760000180F05D2002008F8090019F10109F6E762
:107610003800FFF737FE207A082802D23800FFF73B
:1076200060FE217A491E3800FFF756FE6168380077
:10763000FFF74DFE607A002805D00122E17A38007C
:10764000FFF754FE04E00022E17A3800FFF74EFE17
:10765000617A3800FFF778FEA17A3800FFF784FEE0
:107660003800FFF761FF0020B0750020F07520683A
:107670003060BDE8F183FEB504002000C0B20428EC
:1076800001D2012000E00020C0B2F4F709FB002085
:107690000090DFF8BC072100C9B250F82150DFF894
:1076A000BC762000C0B257F820602000C0B257F866
:1076B0002000002801D0012000E00020C0B2F4F733
:1076C000EFFA012342F2107201A902A8FFF7F7FEB8
:1076D000307D002802D1707D002807D00123019A57
:1076E000694602A8FFF7FCFE0028F1D00123019AA9
:1076F000694602A8FFF7F4FE002801D0012028E027
:10770000002217212800FFF738FE0022162128004A
:10771000FFF733FE002215212800FFF72EFE00227E
:107720001B212800FFF729FE002218212800FFF75F
:1077300024FE00221A212800FFF71FFE0022192133
:107740002800FFF71AFE00202100C9B247F82100E7
:107750000020C0B2FEBD2DE9FE4F07000C00150051
:1077600098463800C0B2042801D2012000E0002071
:10777000C0B2F4F795FA002C01D0012000E00020FF
:10778000C0B2F4F78DFA002D01D0012000E00020F6
:10779000C0B2F4F785FA002000905FF000095FF0B6
:1077A000000ADFF8AC063900C9B250F821B0DFF8A2
:1077B000AC053900C9B250F82160002E01D001207B
:1077C00000E00020C0B2F4F76BFA00F035FE307D27
:1077D000002805D000F048FE0220824601208146A4
:1077E0004846C0B200284ED10120307500F03CFE62
:1077F0007460F5600220B075002217215846FFF72B
:10780000BCFD002216215846FFF7B7FD012158465E
:10781000FFF741FD0123424601A902A8FFF74FFEF1
:10782000F06800281AD00123019A694602A8FFF7E0
:1078300057FE002812D13800C0B200F032FD1721E7
:107840005846FFF700FE0028EAD10123019A694655
:1078500002A8FFF745FE0028E2D1F0E700215846D4
:10786000FFF719FD0123019A694602A8FFF738FEC8
:10787000002802D00320B07501E00020B075002080
:107880003075B07D82465046C0B2BDE8FE8F2DE90E
:10789000F04780460C0015004046C0B2042801D2D3
:1078A000012000E00020C0B2F4F7FAF9002C01D06A
:1078B000012000E00020C0B2F4F7F2F9002D01D061
:1078C000012000E00020C0B2F4F7EAF95FF00009FF
:1078D000DFF814064146C9B250F82160DFF87C0495
:1078E0004146C9B250F821705FF0000A002F01D064
:1078F000012000E00020C0B2F4F7D2F900F0C8FD8A
:10790000387D002805D000F0DBFD022081460120F3
:1079100082465046C0B2002821D10120387500F0BF
:10792000CFFD002E01D0012000E00020C0B2F4F70E
:10793000B7F9307B012802D0307B002801D101202B
:1079400000E00020C0B2F4F7ABF9307B012806D18B
:107950002A0021004046C0B200F0A1FB8146484603
:10796000C0B2BDE8F0872DE9F04107000C003800F7
:10797000C0B2042801D2012000E00020C0B2F4F718
:107980008FF9DFF8D8033900C9B250F82150DFF879
:10799000E0073900C9B250F82160002D01D0012064
:1079A00000E00020C0B2F4F77BF9002E01D00120E6
:1079B00000E00020C0B2F4F773F9002C13D0307B44
:1079C000012810D100F0E8FD95F81680287D0028E8
:1079D00004D0E868206000F0F7FD0AE00020206095
:1079E00000F0F2FD05E000F0D7FD95F8168000F0FC
:1079F000EBFD4046C0B2BDE8F0812DE9F84306003A
:107A00003000C0B2042801D2012000E00020C0B242
:107A1000F4F746F9DFF838043100C9B250F82170A4
:107A20005FF000085FF00009DFF830033100C9B2F1
:107A300050F82140DFF838073100C9B250F8215022
:107A4000002C01D0012000E00020C0B2F4F728F99A
:107A5000002D01D0012000E00020C0B2F4F720F991
:107A6000207D002803D10020814601208046404629
:107A7000C0B200280BD10620A075287B012803D1B5
:107A80003000C0B200F02EFB3800FFF743FDA07DB0
:107A9000032801D1012081464846C0B2BDE8F283E7
:107AA0002DE9F04780460C0015004046C0B204287E
:107AB00001D2012000E00020C0B2F4F7F1F8002C60
:107AC00001D0012000E00020C0B2F4F7E9F8002D59
:107AD00001D0012000E00020C0B2F4F7E1F85FF02F
:107AE0000009DFF804044146C9B250F82160DFF80C
:107AF0006C024146C9B250F821705FF0000A002FB5
:107B000001D0012000E00020C0B2F4F7C9F800F075
:107B1000EBFC787D002805D000F0FEFC02208146B9
:107B2000012082465046C0B2002821D1012078753C
:107B300000F0F2FC002E01D0012000E00020C0B2D5
:107B4000F4F7AEF8307B012802D0307B002801D159
:107B5000012000E00020C0B2F4F7A2F8307B012839
:107B600006D12A0021004046C0B200F003FB814646
:107B70004846C0B2BDE8F0872DE9F04107000C008F
:107B80003800C0B2042801D2012000E00020C0B2B9
:107B9000F4F786F8DFF8C4013900C9B250F8215073
:107BA000DFF8CC053900C9B250F82160002D01D0B2
:107BB000012000E00020C0B2F4F772F8002E01D0DE
:107BC000012000E00020C0B2F4F76AF8002C13D0C6
:107BD000307B012810D100F0B3FC95F81780687D48
:107BE000002804D02869206000F0C2FC0AE00020D0
:107BF000206000F0BDFC05E000F0A2FC95F81780C5
:107C000000F0B6FC4046C0B2BDE8F0812DE9F84373
:107C100006003000C0B2042801D2012000E000209C
:107C2000C0B2F4F73DF8DFF828023100C9B250F8CD
:107C300021704A483100C9B250F82140DFF83005C0
:107C40003100C9B250F82150002C01D0012000E0D1
:107C50000020C0B2F4F724F8002D01D0012000E08C
:107C60000020C0B2F4F71CF85FF000095FF00008D4
:107C7000607D002801D1012081464846C0B200281D
:107C80000ED10620E075287B012803D13000C0B258
:107C900000F0AFFA3800FFF709FC3800FFF73FFCAF
:107CA000E07D032801D1012080464046C0B2BDE8F6
:107CB000F28300000400000F00C01FC070B5060072
:107CC0000C0015003000C0B2042801D2012000E0F1
:107CD0000020C0B2F3F7E4FF002C01D0012000E047
:107CE0000020C0B2F3F7DCFF002D01D0012000E03E
:107CF0000020C0B2F3F7D4FFDFF828073100C9B283
:107D000050F821004460C56070BD70B506000C00DD
:107D100015003000C0B2042801D2012000E000208C
:107D2000C0B2F3F7BDFF002C01D0012000E000201D
:107D3000C0B2F3F7B5FF002D01D0012000E0002014
:107D4000C0B2F3F7ADFFDFF8DC063100C9B250F87E
:107D500021008460056170BDFF3FE03FB0404020DE
:107D6000F8B505002800C0B2042801D2012000E0C7
:107D70000020C0B2F3F794FF35482900C9B250F88B
:107D80002160DFF8A0062900C9B250F82140002781
:107D9000002C06D13000FFF73CFB3000FFF786FBDC
:107DA00055E02800C0B200F0F6F813213000FFF7CC
:107DB0004AFB00280FD01B213000FFF7EFFA002804
:107DC00003D02800C0B200F045F813213000FFF7BF
:107DD00042FB0120070015213000FFF734FB00288B
:107DE0000BD015213000FFF7D9FA002803D0280066
:107DF000C0B200F02FF80120070017213000FFF774
:107E000022FB00280FD03800C0B200280BD1172168
:107E10003000FFF7C3FA002805D02800C0B200F0F8
:107E200065F80120070016213000FFF70CFB002841
:107E30000DD03800C0B2002809D116213000FFF75C
:107E4000ADFA002803D02800C0B200F083F8F1BDDD
:107E5000944844002DE9F0470400DFF8CC052100E8
:107E6000C9B250F821505FF0000ADFF8B8052100D0
:107E7000C9B250F821601C482100C9B250F82170E5
:107E80002800FFF754FB80465FF000094846414652
:107E9000C0B2C9B2884212D22000C0B200F067FA64
:107EA0003069002808D13869002805D07A69002196
:107EB0002000C0B23B69984719F10109E6E72800A4
:107EC000FFF73AFB306900280CD12000C0B200F067
:107ED00090F93869002805D07A6902212000C0B2E3
:107EE0003B699847BDE8F087A0404020F8B5040002
:107EF000DFF834052100C9B250F82150DFF824051D
:107F00002100C9B250F8216099482100C9B250F847
:107F10002170F06800281CD02000C0B200F0C1F928
:107F2000F068002808D13869002805D07A69012155
:107F30002000C0B23B699847F068002809D10022B0
:107F400017212800FFF719FA012216212800FFF750
:107F500014FAF1BD70B50400DFF8C8042100C9B2FD
:107F600050F8215082482100C9B250F82160E868D9
:107F700000280FD1307B012803D12000C0B200F0CF
:107F8000B1F83069002805D0726902212000C0B222
:107F90003369984770BD2DE9F84306000024002599
:107FA000DFF884043100C9B250F82170DFF874049E
:107FB0003100C9B250F821806D483100C9B250F883
:107FC000219011213800FFF73EFA002811D0192125
:107FD0003800FFF7E3F9002802D10120050008E08E
:107FE00001200400072088F8170011213800FFF74E
:107FF00032FA10213800FFF726FA002815D02800A1
:10800000C0B2002811D118213800FFF7C7F90028A5
:1080100002D10120050008E001200400082088F8B2
:10802000170010213800FFF716FA12213800FFF769
:108030000AFA002815D02800C0B2002811D11A2150
:108040003800FFF7ABF9002802D10120050008E055
:1080500001200400092088F8170012213800FFF7DA
:10806000FAF92800C0B2002817D12000C0B20028B9
:1080700013D099F80C00012803D13000C0B200F0F1
:10808000B8F8D9F81000002807D0D9F81420032137
:108090003000C0B2D9F810309847BDE8F1832DE91F
:1080A000F04106000C001500DFF87C033100C9B276
:1080B00050F82170DB483100C9B250F82180C8F86F
:1080C0000440C8F80C50022088F81600012138003E
:1080D000FFF7E1F8012217213800FFF74EF90020E1
:1080E000BDE8F0817FB5040000200090CE4821005B
:1080F000C9B250F82150CB482100C9B250F82160D4
:10810000B07D022804D0002217212800FFF735F99E
:10811000002216212800FFF730F9012342F21072E5
:1081200001A902A8FFF7CBF916212800FFF78BF968
:10813000002807D10123019A694602A8FFF7D0F968
:108140000028F1D00123019A694602A8FFF7C8F977
:10815000002801D00320B07500212800FFF79BF80C
:10816000B07D022801D10020B075002030757FBDA0
:10817000A04040202DE9F04106000C001500AA485F
:108180003100C9B250F82170A6483100C9B250F888
:108190002180012088F81500C8F80840C8F8105060
:1081A000022088F817003800FFF780F93800FFF741
:1081B000B6F901213800FFF77CF801221B213800B5
:1081C000FFF7DBF8012218213800FFF7D6F801226B
:1081D0001A213800FFF7D1F8012219213800FFF7E2
:1081E000CCF8012215213800FFF7C7F80020BDE8C0
:1081F000F0817FB50400002000908B482100C9B2B7
:1082000050F8215087482100C9B250F8216000225F
:108210001B212800FFF7B1F8002218212800FFF7E2
:10822000ACF800221A212800FFF7A7F80022192134
:108230002800FFF7A2F8002215212800FFF79DF87B
:10824000F07D06281ED1012342F2107201A902A876
:10825000FFF735F915212800FFF7F5F8002807D1B9
:108260000123019A694602A8FFF73AF90028F1D0E4
:108270000123019A694602A8FFF732F9002801D0CC
:108280000320F07500212800FFF713F82800FFF7FE
:10829000C0F800207075F07D022801D10020F07533
:1082A0007FBD2DE9F84306005F483100C9B250F8A0
:1082B00021705C483100C9B250F821805B48310020
:1082C000C9B250F8219099F80B00002803D099F812
:1082D0000B00012813D1D8F8040000780500D8F865
:1082E0000400401CC8F80400D8F80C00401EC8F870
:1082F0000C002900C9B23800FFF758F835E0D8F86B
:10830000040000780400D8F80C0001280AD1D8F83D
:108310000400401CC8F80400D8F80C00401EC8F83F
:108320000C0013E0D8F80400401CC8F80400D8F88A
:108330000400007854EA0024D8F80400401CC8F86F
:108340000400D8F80C00801EC8F80C0099F80B0047
:10835000022805D1210089B23800FFF72BF804E08C
:10836000210089B23800FFF738F8BDE8F1832DE924
:10837000F04104002C482100C9B250F8216029487E
:108380002100C9B250F8217028482100C9B250F824
:10839000218098F80B00002803D098F80B000128E2
:1083A00015D13000FFF735F8B968087098F80B0060
:1083B000002805D1B868007810F07F00B96808700F
:1083C000B868401CB8603869401E386128E098F8E9
:1083D0000B00022804D13000FFF71EF8050003E06F
:1083E0003000FFF722F805003869012808D1B86885
:1083F0000570B868401CB8603869401E38610FE0ED
:10840000B8680570B868401CB860280080B2000ADF
:10841000B9680870B868401CB8603869801E386157
:10842000BDE8F081B040402094484400A040402086
:10843000EFF310807047000070B5F5F760FC0500A1
:108440006B4E56F82500002808D1FFF7F1FF040015
:10845000E00700D472B6674840F8254056F825007A
:10846000401C46F8250070BD80B5F5F748FC604912
:1084700051F82020521E41F820205E4A52F8202058
:10848000D20704D451F82010002900D162B601BDF2
:1084900070B5F5F734FC0500574E56F82500002856
:1084A00008D1FFF7C5FF0400E00700D472B65348B7
:1084B00040F8254056F82500401C46F8250070BDC0
:1084C00080B5F5F71CFC4C4951F82020521E41F8AC
:1084D00020204A4A52F82020D20704D451F8201014
:1084E000002900D162B601BD70B5F5F708FC0500A2
:1084F000434E56F82500002808D1FFF799FF0400E5
:10850000E00700D472B63F4840F8254056F82500F1
:10851000401C46F8250070BD80B5F5F7F0FB3849E2
:1085200051F82020521E41F82020364A52F82020CF
:10853000D20704D451F82010002900D162B601BD41
:1085400070B5F5F7DCFB05002F4E56F82500002826
:1085500008D1FFF76DFF0400E00700D472B62B4886
:1085600040F8254056F82500401C46F8250070BD0F
:1085700080B5F5F7C4FB244951F82020521E41F87C
:108580002020224A52F82020D20704D451F820108B
:10859000002900D162B601BD70B5F5F7B0FB05004A
:1085A0001B4E56F82500002808D1FFF741FF0400B4
:1085B000E00700D472B6174840F8254056F8250069
:1085C000401C46F8250070BD80B5F5F798FB1049B2
:1085D00051F82020521E41F820200E4A52F8202047
:1085E000D20704D451F82010002900D162B601BD91
:1085F00008454020F84440202845402018454020A8
:108600004845402038454020684540205845402096
:108610008845402078454020704738B50400022145
:10862000DFF8C007006800F045FD00252800E17B69
:10863000C0B288420ED2206B2900C9B200EBC10043
:108640004168206B2A00D2B210F8320001F02FFAF4
:108650006D1CEBE700F011F801200100E27CC9B2CB
:10866000914209D2DFF88017226C0300DBB212F8C6
:1086700033208854401CF0E731BD10B5DFF86C178B
:108680000878002842D101200870DFF864470021F3
:108690000020626890474E20A16888470020DFF8DC
:1086A0005417096888470020DFF84C170968884785
:1086B0000020DFF8481709688847DFF844470020A2
:1086C000616888474E20A1688847DFF83847002056
:1086D0002168884700214E20626890470020DFF81B
:1086E000281709688847DFF8244700206168884711
:1086F0004E20A16888470020DFF814174968884792
:1087000000210020DFF80C271268904710BDF8B553
:108710000600F47A002C1AD0DFF8FC16DFF8FC26ED
:10872000306A00EB440010F8023C0920434302EB9E
:1087300003004078085C0700306A00EB4400801EAC
:10874000DFF8CC1651F837108847641EE2E7B57B96
:10875000002D1ED00C21DFF8C826DFF8C036F06AE5
:1087600001FB05F4204410F80C4C0920444303EBB2
:1087700004004078105C0700F06A01FB05F2104429
:108780000C38DFF87C2601FB07F1515888476D1E35
:10879000DEE7B47A002C1CD0DFF88816DFF87C26E0
:1087A000F0696301184410F8203C0920434302EBB0
:1087B00003004078085C0700F06961010844203834
:1087C000DFF84816142202FB07F289588847641E16
:1087D000E0E7757A002D1ED01421DFF84C26DFF873
:1087E0003C36B06901FB05F4204410F8144C092014
:1087F000444303EB04004078105C0700B06901FBC0
:1088000005F210441438DFF8F42501FB07F1515844
:1088100088476D1EDEE7F1BD2DE9F0410400DFF869
:10882000C4753C600121200000F044FC3868002839
:108830001CD000200600A07C864217D2DFF8FC1571
:10884000DFF8D825E06B3301C35C0920434302EB1A
:1088500003004078085C0500E06B31010844DFF854
:1088600090152A0189588847761CE4E72000FFF715
:108870004EFF0027207A874219D2DFF8B015DFF8C3
:108880009C25606910F837300920434302EB030050
:108890004078085C0500606900EBC700DFF86815E8
:1088A0000C2202FB05F2895888477F1CE2E700266C
:1088B000607A86421CD21421DFF86C25DFF85C3523
:1088C000A06901FB06F7C75D0920474303EB0700DA
:1088D0004078105C0500A06901FB06F21044DFF847
:1088E0001C2501FB05F1114449688847761CDFE728
:1088F0002000FFF792FE0027607C87421BD21422E3
:10890000DFF82C15DFF81435A06B02FB07F6865D47
:108910000920464303EB06004078085C0500390057
:10892000A06B02FB07F21044DFF8E82452F8252080
:1089300090477F1CE0E70026607B86421BD2DFF871
:108940000015DFF8D824A06A032303FB06F3C35CF9
:108950000920434302EB03004078085C0500A06A4D
:10896000032101FB06F10844DFF88C1451F835109F
:108970008847761CE0E70027207B87421AD20C212B
:10898000DFF8B024DFF89434606A01FB07F6865DF7
:108990000920464303EB06004078105C0500606A3E
:1089A00001FB07F10844DFF84C1451F82510884703
:1089B0007F1CE1E70026607B86421CD2DFF8801432
:1089C000DFF85824A06A032303FB06F3C35C0920E5
:1089D000434302EB03004078085C0500A06A0321D2
:1089E00001FB06F10844DFF8101401EBC5014968EA
:1089F0008847761CDFE70027A07A87421AD2DFF883
:108A00002414DFF81824E0697B01C35C0920434388
:108A100002EB03004078085C0500E0697901084436
:108A2000DFF8E813142202FB05F211444968884775
:108A30007F1CE1E70026A07C864219D2DFF8FC13F8
:108A4000DFF8D823E06B3301C35C0920434302EB1A
:108A500003004078085C05003100E06B32011044EF
:108A6000DFF88C232B011A4452689047761CE2E70A
:108A70000027607A87421CD21421DFF8AC23DFF88C
:108A80009C33A06901FB07F6865D0920464303EB92
:108A900006004078105C0500A06901FB07F2104455
:108AA000DFF8582301FB05F11144896888477F1CD2
:108AB000DFE70026A07A86421AD2DFF86813DFF8D3
:108AC0005C23E0697301C35C0920434302EB0300AC
:108AD0004078085C0500E06971010844DFF82C1358
:108AE000142202FB05F21144C9688847761CE1E7AD
:108AF0000027A07B87421CD20C21DFF82423DFF85B
:108B00001C33E06A01FB07F6865D0920464303EB50
:108B100006004078105C0500E06A01FB07F2104493
:108B2000DFF8DC2201FB05F11144496888477F1C0E
:108B3000DFE7DFF80483002088F80000002088F8D1
:108B40000100012088F80200002088F803000026B8
:108B5000E07A864225D2DFF8EC02216A01EB460179
:108B60004978405C032817D0DFF8AC12DFF8AC225C
:108B7000206A10F816300920434302EB03004078C6
:108B8000085C0500206A00EB4600DFF8841201EB68
:108B9000C5014968884702E0012088F80000761C7A
:108BA000D6E798F80000002837D10027207C8742BC
:108BB00015D2DFF89412994A606B10F8273009201B
:108BC000434302EB03004078085C0500606B00EB58
:108BD00087008C4951F8351088477F1CE6E700264E
:108BE000A07C864215D295498C4AE06B3301C35C68
:108BF0000920434302EB03004078085C0500E06B6A
:108C0000310108447A492A011144C9688847761C11
:108C1000E6E70421200000F04DFABDE8F0812DE9DF
:108C2000F84302275FF00008DFF80C9299F8020081
:108C3000804526D285497B4A784B11F808C0092027
:108C400000FB0CFC03EB0C004078105C060011F8F4
:108C500008006E49142202FB06F211448968884715
:108C600004002000C0B2012802D10120070008E062
:108C70002000C0B2022801D10020070018F101082D
:108C8000D2E73800C0B2002826D10020804699F8EB
:108C90000300804520D26E49614A604B11F808C03C
:108CA000092000FB0CFC03EB0C004078105C060074
:108CB00011F8080052490C2202FB06F2114489689F
:108CC000884705002800C0B2012802D10120070012
:108CD00002E018F10108DAE73800C0B2BDE8F2831B
:108CE000F8B5404D2868002867D0002006002868A5
:108CF000C07A864220D253482968096A01EB4601AE
:108D00004978405C032815D14349444A2868006AE1
:108D100010F816300920434302EB03004078085C4A
:108D200004002868006A00EB4600394901EBC401E1
:108D300049688847761CDAE73F48007800283CD02D
:108D400000272868007C874216D23F49334A2868AA
:108D5000406B10F827300920434302EB03004078B2
:108D6000085C04002868406B00EB8700254951F837
:108D7000341088477F1CE4E700262868807C864200
:108D800017D22E49254A2868C06B3301C35C0920DD
:108D9000434302EB03004078085C04002868C06B82
:108DA00031010844124922011144C9688847761CE0
:108DB000E3E70421286800F07DF9F1BD10B5040057
:108DC0002000C0B200F06AFE10BD38B504000D00EE
:108DD0002900C9B22000C0B21E4A1268904731BDB6
:108DE00000000000082C40200C2C4020D62D4020F4
:108DF000FC4444008042440090424400A0424400AD
:108E0000C8424400BC444400CC4444001C454400D7
:108E10007C454400744544002435440048354400F2
:108E20000C35440018354400E8344400F434440060
:108E300030354400D0344400042C40203C354400FC
:108E4000DC3444007439440000354400B648440022
:108E5000B748440018324020F8B504000D00160051
:108E60001F000020F6F748F820600020286000214D
:108E70003800F6F76CF83060F1BDF8B504000D006D
:108E80001600002700212000F6F74AF8296840184C
:108E900028602868B04201D3012007003800C0B222
:108EA000F2BDFEE73EB50024764D2868C0012CD403
:108EB0007548016851F0807101607448016851F093
:108EC000010101607248016851F00101016000F088
:108ED000B4F842F210736A4601A902A8FFF7BCFF7A
:108EE000009A01A902A8FFF7C8FF04002868C00182
:108EF00003D42000C0B20028F2D02000C0B2012864
:108F000003D106210120FFF760FF37BD3EB50024E5
:108F1000FFF7C8FF5B4D286880022CD45A480168CF
:108F200051F4001101605948016851F001010160DC
:108F30005748016851F00101016000F07EF842F2EB
:108F400010736A4601A902A8FFF786FF009A01A9DB
:108F500002A8FFF792FF04002868800203D42000D3
:108F6000C0B20028F2D02000C0B2012803D10521F0
:108F70000120FFF72AFF286800042CD4424801682A
:108F800051F4004101604148016851F00101016064
:108F90003F48016851F00101016000F04EF842F2D3
:108FA00010736A4601A902A8FFF756FF009A01A9AB
:108FB00002A8FFF762FF04002868000403D4200021
:108FC000C0B20028F2D02000C0B2012803D14E2147
:108FD0000120FFF7FAFE2F4D2868C0012CD42E483F
:108FE000016851F0807101602848016851F0010169
:108FF00001602748016851F00101016000F01DF88F
:1090000042F210736A4601A902A8FFF725FF009AF1
:1090100001A902A8FFF731FF04002868C00103D4AA
:109020002000C0B20028F2D02000C0B2012803D135
:109030004E210120FFF7C9FE37BD184845F6F02143
:1090400001604AF20F510160704710B50400FFF74C
:109050005DFF10BD10B41449087800280FD101201D
:1090600008700C201149124ACB78434313440D4C2D
:109070002360897800FB01F010440949086010BCA6
:109080007047000014C32D4034C32D4000C32D4051
:1090900004C32D4010C32D4030C32D4000C02D40CF
:1090A000742C4020702C4020D72D4020F4344400F4
:1090B000CC44440038B504000D002800C0B201289B
:1090C00004D0022806D1FFF7C5FF03E02000FFF718
:1090D000BCFFFFE731BDFEE700207047DFF8D00896
:1090E000DFF8A019DFF8EC29126812F0030251F83A
:1090F0002210B0FBF1F0704780B5FFF7EFFFDFF80B
:109100009819DFF8D429126812F0010251F82210E0
:10911000084002BD4FF4FA40704780B5FFF7FAFFF0
:10912000DFF87419DFF8B4291268C2F3002251F88D
:109130002210084002BDDFF8A8090068DFF8A41972
:109140000968C90F002901D100210800DFF848197A
:10915000DFF894291268C2F3405251F822100840F7
:10916000704738B5DFF884090468DFF884090568BA
:10917000DFF88009016895EA0402914209D095EA76
:1091800004010160DFF8700900F014FCDFF86C19CD
:109190000860DFF86C090068C0F38000002803D085
:1091A000DFF85809006800E0002032BD80B5FFF705
:1091B000D8FF0200DFF834090068C0F345610029D8
:1091C00002D0B2FBF1F000E0002002BD80B5FFF755
:1091D000EDFFDFF83029DFF830191368DB0F51F8A5
:1091E000231008401168C1F30341491CB0FBF1F0A2
:1091F00002BD80B5FFF7DAFFDFF81029DFF80819A4
:109200001368DB0F51F8231008401168C1F30341C4
:10921000491CB0FBF1F002BD80B5DFF8F40800682E
:10922000C0F30360082802D0FFF758FF01E0FFF702
:10923000CDFF02BD80B5FFF7EFFFDFF8D828DFF8DC
:10924000C8181368DB0F51F8231008401168C1F3E8
:109250000241491CB0FBF1F002BD80B5FFF7DCFF15
:10926000DFF8B428DFF8A0181368DB0F51F82310DB
:1092700008401168C1F30241491CB0FBF1F002BD86
:1092800080B5FFF7C9FFDFF89428DFF87C18136872
:10929000DB0F51F8231008401168C1F30341491C4A
:1092A000B0FBF1F002BD80B5FFF7B6FFDFF8702824
:1092B000DFF854181368DB0F51F8231008401168C9
:1092C000C1F30241491CB0FBF1F002BD80B5FFF7CC
:1092D000A3FFDFF85028DFF830181368DB0F51F8D0
:1092E000231008401168C1F30241491CB0FBF1F0A2
:1092F00002BD80B5DFF83008DFF830180968C1F327
:10930000056150F821008047DFF82428DFF8F817BE
:109310001368DB0F51F8231008401168C1F30541B1
:10932000491CB0FBF1F002BD80B5FFF783FFDFF809
:109330006817DFF800281268C2F3002251F82210E3
:10934000084002BD80B5FFF775FFDFF84C17DFF866
:10935000E4271268C2F3402251F82210084002BDEF
:1093600080B5FFF767FFDFF83017DFF8C82712680E
:10937000C2F3400251F82210084002BD80B5DFF868
:10938000A807DFF8B4170968C1F3056150F8210098
:109390008047DFF8A827DFF870171368DB0F51F854
:1093A000231008401168C1F30541491CB0FBF1F0DE
:1093B00002BD80B5FFF764FFDFF8DC16DFF8802719
:1093C0001268C2F3007251F82210084002BD80B545
:1093D000FFF743FFDFF8C016DFF86827126812F0C6
:1093E000010251F82210084002BD80B5FFF722FFAC
:1093F000DFF8A416DFF8F026126812F0010251F827
:109400002210084002BD80B5FFF714FFDFF8881670
:10941000DFF8D4261268C2F3400251F82210084047
:1094200002BD80B5FFF706FFDFF86C16DFF81827DE
:109430001268C2F3C00251F82210084002BD80B584
:10944000FFF7F8FEDFF85016DFF8FC261268C2F3CB
:10945000001251F82210084002BD80B5FFF7EAFE65
:10946000DFF83416DFF8E0261268C2F3401251F834
:109470002210084002BD80B5FFF7DCFEDFF81816A9
:10948000DFF8C4261268C2F3801251F82210084097
:1094900002BD80B5FFF7CEFEDFF8FC15DFF8A82689
:1094A0001268C2F3C01251F82210084002BD80B504
:1094B000FFF7C0FEDFF8E015DFF88C261268C2F374
:1094C000002251F82210084002BD80B5FFF7B2FE1D
:1094D000DFF8C415DFF870261268C2F3402251F895
:1094E0002210084002BD80B5FFF7A4FEDFF8A815E2
:1094F000DFF854261268C2F3802251F82210084087
:1095000002BD80B5FFF796FEDFF88C15DFF8382630
:109510001268C2F3C02251F82210084002BD80B583
:10952000FFF788FEDFF87015DFF81C261268C2F31B
:10953000003251F82210084002BD80B5FFF77AFED4
:10954000DFF85415DFF800261268C2F3403251F8F4
:109550002210084002BD80B5FFF76CFEDFF8381519
:10956000DFF8E4251268C2F3803251F82210084077
:1095700002BD80B5FFF75EFEDFF81C15DFF8C825D9
:109580001268C2F3C03251F82210084002BD80B503
:10959000FFF763FEDFF80015DFF8AC251268C2F3B1
:1095A000805251F82210084002BD80B5FFF742FEFC
:1095B000DFF8E414DFF87C251268C2F3800251F86A
:1095C0002210084002BD80B5FFF734FEDFF8C81452
:1095D000DFF860251268C2F3C00251F8221008407B
:1095E00002BD80B5FFF74CFEDFF8AC14DFF858255C
:1095F0001268C2F3C05251F82210084002BD80B573
:10960000DFF82405DFF844150968C1F3046150F858
:1096100021008047DFF83825DFF8EC141368DB0FF2
:1096200051F8231008401168C1F30141491CB0FBF7
:10963000F1F002BD80B5FFF7E2FFDFF85C14DFF860
:1096400000251268C2F3400251F82210084002BD02
:1096500080B5FFF7D4FFDFF84014DFF8E424126888
:10966000C2F3800251F82210084002BD80B5FFF716
:10967000C6FFDFF82414DFF8C8241268C2F3C00262
:1096800051F82210084002BD80B5FFF7E6FDDFF873
:109690000814DFF8AC241268C2F3402251F82210FB
:1096A000084002BD80B5FFF7D8FDDFF8EC13DFF806
:1096B00098241268D20F51F82210084002BD80B5DC
:1096C000FFF7B8FDDFF8D013DFF868241268C2F3A3
:1096D000801251F82210084002BD80B5FFF7AAFDA4
:1096E000DFF8B413DFF84C241268C2F3C01251F84B
:1096F0002210084002BD80B5FFF7C2FDDFF89813C5
:10970000DFF83C241268C2F3005251F822100840DE
:1097100002BD80B5FFF7B4FDDFF87C13DFF820242D
:109720001268C2F3405251F82210084002BD80B5C1
:10973000FFF793FDDFF86013DFF804241268C2F32B
:10974000805251F82210084002BD80B5FFF798FD05
:10975000D149DFF8EC231268C2F3C05251F822104D
:10976000084002BD80B5FFF78BFDCB49DFF8D02361
:109770001268C2F3006251F82210084002BD80B5A1
:10978000FFF77EFDC449DFF8B8231268C2F34062D8
:1097900051F82210084002BD80B5FFF75EFDBE49BA
:1097A000DFF89C231268C2F3802251F8221008408F
:1097B00002BD80B5FFF764FDB749DFF88423126866
:1097C000C2F3C02251F82210084002BD80B5FFF755
:1097D00057FDB149DFF868231268C2F3003251F82F
:1097E0002210084002BD80B5FFF74AFDAA49DFF804
:1097F00050231268C2F3403251F82210084002BDD3
:1098000080B5FFF72AFDA449CF4A1268C2F300626F
:1098100051F82210084002BD80B5FFF731FD9E4986
:10982000C44A1268C2F3003251F82210084002BD47
:1098300080B5FFF725FD9849BE4A1268C2F3403251
:1098400051F82210084002BD10B5002400F001F8C4
:1098500010BD80B5BF48C0490968C1F3013150F857
:109860002100804702BD80B5FFF7EEFF8A499E4A7E
:109870001268C2F3800251F82210084002BD80B580
:10988000FFF7D8FC8449B04A1268C2F3405251F83D
:109890002210084002BD80B5FFF7F2FC7E49924AD3
:1098A0001268C2F3802251F82210084002BD80B530
:1098B000FFF7E6FC7849A34A1268C2F3002251F888
:1098C0002210084002BD80B59748A4490968C1F339
:1098D000046150F821008047A14A8B491368DB0FCF
:1098E00051F8231008401168C1F30041491CB0FB36
:1098F000F1F002BD80B5FFF7E6FF6749924A1268B2
:10990000C2F3407251F82210084002BD80B5FFF743
:1099100001FC61498C4A1268C2F3007251F82210AE
:10992000084002BD80B5FFF785FC5B49844A126898
:10993000D20F51F82210084002BD80B57A488949FB
:109940000968C1F3036150F821008047864A6E49D7
:109950001368DB0F51F8231008401168C1F302416E
:10996000491CB0FBF1F002BD80B5FFF789FC4A4904
:10997000704A126812F0010251F82210084002BD2C
:1099800080B5FFF77DFC4449574A1268C2F3404254
:1099900051F82210084002BD80B5FFF771FC3E4926
:1099A000514A1268C2F3403251F82210084002BDF9
:1099B000006CDC022DE9F047040000250026FFF7CB
:1099C000BAFB0100A068C0F30237D4F808C00CF05D
:1099D000FF0C22695204520CBCFBF7FE07FB1EC8A9
:1099E0005FEAC72919EB8739B1FBF9F309FB131AB1
:1099F00000293ED001FB0EF0B0FBF1F0864503D10B
:109A000001FB0EF0050001E00120060008FB01F05B
:109A1000B0FBF1F0804507D15448854204D2B1FB38
:109A2000F7F008FB005501E001200600002B0DD0E7
:109A300002FB03F0B0FBF3F0824205D14B488542B4
:109A400002D202FB035501E001200600002A10D0DB
:109A500002FB0AF0B0FBF2F0824508D14348854290
:109A600005D202FB0AF0B0FBF9F0451901E0012034
:109A700006003000C0B2002801D0002005002800F8
:109A8000BDE8F087AC4444000200D2B2052A02D1FE
:109A9000134A1160FFE77047A444440010B5040066
:109AA00033482100C9B250F82100804710BD30B4BE
:109AB0000022042A0CD22F4B040013F83250E4B2D7
:109AC000AC4203D103EBC203596001E0521CF0E742
:109AD00030BC704764C0394008002D400C802C40D9
:109AE0009434402004402D4014C32D4008002E40E3
:109AF00010002E409C34402000002E40983440201E
:109B000004002E4080002E409C44440084002E40DF
:109B100004832D4008832D400C832D4010832D405D
:109B200014832D4018832D40D442440084842D405A
:109B300088842D4014C12D4044842D4048842D40FC
:109B400018C32D401CC32D4010C32D40C4832D408D
:109B5000C8832D40544344000480284044832D4052
:109B600048832D40C4852D40C8852D4001404B4C75
:109B7000644344007434402070472DE9F84F86B0A8
:109B800004005FF00009002C00F0A38079492278DE
:109B900009204243885C060022780920424301EBF9
:109BA00002000079070022780920424301EB0200FD
:109BB00040798046704A23780920434301EB030033
:109BC0008078000110448068009023780920434386
:109BD00001EB0300807800011044C06805906068C4
:109BE000002822D05021654A01FB06F0104450F8AD
:109BF000270000EB8800836800988343D4F804C0F2
:109C0000BCF1010C05981CFA00FC009810EA0C0C41
:109C10005CEA0303049301FB06F102EB010050F838
:109C2000270000EB88000499816042F2107301AABA
:109C300002A903A8FFF710F95FF0500ADFF83CB162
:109C40000AFB06F0584450F82700C06B10F00100E2
:109C50000500019A02A903A8FFF70FF98146012D1B
:109C600003D14846C0B20028E6D04846C0B200281A
:109C70002AD16068002813D00AFB06F0584450F837
:109C8000270000EB88000AFB06FA0BEB0A0151F8EB
:109C9000271001EB8801896851F00041816018E0CC
:109CA0000AFB06F0584450F8270000EB88000AFB36
:109CB00006FA0BEB0A0151F8271001EB88018968BD
:109CC00021F00041816004E021780120FFF77DF858
:109CD000FFE707B0BDE8F08F70B4002828D0254D0D
:109CE000067809214E43A95D0A00067809214E43F2
:109CF00005EB060149790B004168002918D0204D79
:109D000055F8321001EB8301D1F8801051F0004179
:109D100031F470214668761E360416F470263143FD
:109D20000C0055F8321001EB8301C1F88040FFE7C9
:109D300070BC704770B400281AD00E4D0678092107
:109D40004E43A95D0A004168002901D0446800E043
:109D500001240B4D55F83210896831F0FC4166063C
:109D600016F0FC4631430B0055F832108B60FFE7CC
:109D700070BC70474835440088394400A03844001E
:109D8000FC384400704730B400282AD03A4C05789B
:109D900009214D43615D0A00057809214D4304EB1B
:109DA000050109790B004178002909D03349502475
:109DB00004FB02F4214451F8231001244C6310E009
:109DC00050212E4C01FB02F5254455F8235001FB90
:109DD00002F1214451F82310496B49084900696395
:109DE000FFE730BC70472DE9FF4704005FF0000833
:109DF000002C3FD02049227809204243885C06008D
:109E000022780920424301EB0200007907006078C4
:109E100000282FD05FF05009DFF860A009FB06F0A2
:109E2000504450F827000121816342F210736A46C2
:109E300001A902A8FFF710F809FB06F0504450F8FA
:109E40002700C06B10F001000500009A01A902A8CC
:109E5000FFF713F88046012D03D14046C0B2002819
:109E6000EAD04046C0B2012804D121780120FEF793
:109E7000ACFFFFE7BDE8FF8748354400A038440049
:109E80007047704710B400280FD0504B0478092158
:109E90004C43195D0A004E4951F822301B685B089B
:109EA0005B0051F822100B60FFE710BC704738B51B
:109EB0000400002C24D04549227809204243885CC4
:109EC00005002089002816D0207B6189090411F43F
:109ED0007F0151EAC071A07B000110F0F000014346
:109EE000607B000610F08070014351F0010138489A
:109EF00050F82500016061682078FFF7C5FDFFE795
:109F000031BDFEB505000027002D35D02F492A7838
:109F100009204243885C0600288900282CD0687BF1
:109F2000002829D0287B002821D142F210736A46EC
:109F300001A902A8FEF790FF254850F826004068C6
:109F4000C00F0400009A01A902A8FEF796FF0700BF
:109F5000002C03D13800C0B20028EDD03800C0B2C8
:109F6000002809D029780120FEF72FFF04E0297886
:109F70000220FEF72AFFFFE7F7BD144A0300DBB219
:109F800009214B43D15C124A52F821301B685B080F
:109F90005B0052F821201360704710B4002812D0E3
:109FA0000A4B047809214C43195D0A0001890129F3
:109FB00009D1074951F822301B6853F0010351F8C9
:109FC00022100B60FFE710BC7047000048354400CA
:109FD000F4384400704770472DE9FE4304005FF0F9
:109FE0000009002C00F0A3805249534A237809202D
:109FF000434302EB0300807901EBC00005002878A1
:10A00000060068780700686880466088002847D0A6
:10A010004A4850F8261051F8271011EA080F40F06E
:10A02000868050F8261050F8260050F8270058EA8D
:10A03000000041F82700424850F82610096851F006
:10A04000010150F82620116050F82610496851F09F
:10A05000010150F826004160FEF7EFFF42F2107355
:10A060006A4601A902A8FEF7F7FE009A01A902A814
:10A07000FEF703FF8146334850F8260050F82700CA
:10A0800010EA080F03D14846C0B20028EDD0484678
:10A09000C0B201284BD121780120FEF796FE46E0A0
:10A0A000264850F8261051F8271011EA080F3ED024
:10A0B00050F8261050F8260050F8270030EA080023
:10A0C00041F827001E4850F82610096851F0010198
:10A0D00050F82620116050F82610496851F001010F
:10A0E00050F826004160FEF7A8FF42F210736A465E
:10A0F00001A902A8FEF7B0FE009A01A902A8FEF786
:10A10000BCFE81460F4850F8260050F8270010EAA0
:10A11000080F03D04846C0B20028EDD04846C0B270
:10A12000012804D121780120FEF74FFEFFE7BDE8AA
:10A13000F7830000A83B44004835440044394400FC
:10A14000643944005439440038B504000D008DF8DA
:10A1500000402800C0B2012803D10020ADF8020061
:10A1600002E00120ADF802006846FFF735FF31BD7F
:10A170007047704700280DD04188002905D0454917
:10A180000A6852F001020A6004E042490A68520873
:10A1900052000A6070473F490A6852F001020A60A3
:10A1A00070473C490A68520852000A60704700280C
:10A1B0000DD04188002905D037490A6852F48072D1
:10A1C0000A6004E034490A6832F480720A60704719
:10A1D00031490A6852F480720A6070472E490A6851
:10A1E00032F480720A6070472DE9FE4304000025B6
:10A1F0005FF00008002C4BD06079012804D00CD30C
:10A20000032807D003D308E00320050005E0012060
:10A21000050002E002200500FFE7002D38D0DFF83E
:10A220007C90D9F80000400F05282CD142F2107321
:10A230006A4601A902A8FEF70FFE1948006810F04F
:10A2400000400600009A01A902A8FEF716FE80460B
:10A25000B6F1004F03D04046C0B20028EDD04046D2
:10A26000C0B200280AD1D9F800108908890015F079
:10A27000030001430F00C9F8007009E021780120B4
:10A28000FEF7A3FD04E021780A20FEF79EFDFFE71C
:10A29000BDE8F78308002D400C802C4064C0394095
:10A2A00088C12D407047704770472DE9FF41050078
:10A2B000B949BA4A2B00DBB20920434302EB030041
:10A2C000007A01EBC00677685FF0000800F09EF9A5
:10A2D0003878C00723D542F210736A4601A902A854
:10A2E000FEF7BAFD386910F010000400009A01A9C9
:10A2F00002A8FEF7C2FD8046002C03D14046C0B242
:10A300000028EFD04046C0B2002804D02900C9B2CE
:10A310000120FEF75AFD386840084000386078692F
:10A32000000900017861386950F00300386100F0DD
:10A3300085F9BDE8FF8110B50400002C02D020781B
:10A34000FFF7B3FF10BD2DE9F04F88B00C000021DE
:10A3500000220023002700250026002800F0FA80B4
:10A36000DFF834E2DFF8348290F800905FF0090CF7
:10A370000CFB09F908EB090C9CF808C00EEBCC0E9D
:10A38000CDF80CE0DDF80CC0DCF804E0CDF800E01E
:10A39000DFF80CE25EF8248090F80190D0F804C059
:10A3A0009CEA0909D0F808C09CEA090990F800C0A5
:10A3B0009CEA0909C84500F0C68090F80180D0F8F1
:10A3C00004C09CEA0808D0F808C09CEA080890F885
:10A3D00000C09CEA08084EF82480DFF8C8C1DFF806
:10A3E000C8E1DEF80080D8F84080DDF80C9099F8DC
:10A3F00001901CF8099008EBC908D8F804804FF4C4
:10A400007A79B8FBF9F84146DEF800E0DEF840E082
:10A41000DDF80C8098F802801CF808C00EEBCC0C1C
:10A42000DCF804C04FF47A7EBCFBFEFC6346D0F837
:10A4300008C04FF47A7EBCFBFEFC6246002900F0A7
:10A440008280002B00F07F80002A7CD05FF0030C1C
:10A450000CFB01FCBCFBF3FE1EF1010ECDF818E075
:10A460005FF0050C0CFB01FCBCFBF2FE1EF1090EBB
:10A47000CDF814E0DDF814C0DDF818E0F44501D2A1
:10A48000069F00E0059F07FB02FE40F2F33C0CFB39
:10A490000EFECDF81CE040F2C73E0EFB01FEDDF8DB
:10A4A0001CC0BCFBFEF8DDF81C9008FB1E99CDF823
:10A4B00004905FF00A09DDF804C009FB0CFCBCFB4A
:10A4C000FEFC09FB08CC1CF1040C654607FB02FAF4
:10A4D00040F2DD3C0CFB0AFACDF81CA040F2094A20
:10A4E0000AFB01FACDF808A0DDF81CC0DDF808A0D1
:10A4F000BCFBFAFACDF810A0DDF81CA0DDF808B01E
:10A50000DDF810C00CFB1BAACDF804A0DDF810A0EC
:10A51000DDF804C009FB0CFCDDF808B0BCFBFBFC5B
:10A5200009FB0ACABAF1030A564609FB07F9DDF826
:10A5300000C0CCF80490DDF800C0CCF80850DDF87D
:10A5400000C0CCF80C60D0F804C0DDF800E0CEF814
:10A5500014C0FFE708B0BDE8F08F70B4002819D030
:10A560000D4C0E4D067809214E4305EB0601097A84
:10A5700004EBC1010A0051680B004178002904D0A6
:10A58000196851F00101196004E01968490849008F
:10A590001960FFE770BC70470C394400483544002F
:10A5A0005C2C40200C2C4020082C4020EFF3108025
:10A5B0007047000070B5F3F7A2FB0500294E56F86E
:10A5C0002500002808D1FFF7F1FF0400E00700D4C0
:10A5D00072B6254840F8254056F82500401C46F83C
:10A5E000250070BD80B5F3F78AFB1E4951F8202085
:10A5F000521E41F820201C4A52F82020D20704D4D1
:10A6000051F82010002900D162B601BD70B5F3F7F2
:10A6100076FB0500154E56F82500002808D1FFF7F7
:10A62000C5FF0400E00700D472B6114840F8254089
:10A6300056F82500401C46F8250070BD80B5F3F79C
:10A640005EFB0A4951F82020521E41F82020084A9A
:10A6500052F82020D20704D451F82010002900D14C
:10A6600062B601BDC8444020B8444020E8444020C0
:10A67000D84440207047010002207047704730B432
:10A6800000282CD0704C057809214D43615D0A00EB
:10A6900000210B006D491C0001EBC2052D79E4B2CD
:10A6A000AC4213D251F832401D00EDB204EB8504E8
:10A6B00051F832101D00EDB201EB8501D1F8801088
:10A6C00021F00041C4F880105B1CE3E751F83240F0
:10A6D000246854F0004451F832100C60FFE730BC9D
:10A6E0007047F0B4002856D0574C057809214D43E7
:10A6F000615D0A00418800294DD0544C54F8321055
:10A700008D6853490D408179090311F4E0410D43EF
:10A71000817B0D4354F832108D6054F832100E696D
:10A720004C490E4081894904490C0E43817D8907BB
:10A7300011F080410E4354F832100E61C17B89073D
:10A7400011F08041077C7F0717F000573943878A53
:10A750007F057F0D3943478ADFF8FCC01CEA074CB0
:10A760005CEA01010B0054F83210CB60C17B002978
:10A7700001D0002100E00121C90111F4C07154F899
:10A780003250A96154F83210096821F0004154F8A0
:10A7900032402160FFE7F0BC70472DE9FE4307001F
:10A7A0000225002628493A00D2B20920424311F876
:10A7B0000280DFF8989059F838000068002824D407
:10A7C00042F210736A4601A902A8FEF745FB59F848
:10A7D00038004068C0F380000400009A01A902A874
:10A7E000FEF74BFB0600002C03D13000C0B200285E
:10A7F000EDD03000C0B2012809D101200500390098
:10A80000C9B20120FEF7E1FA01E0002005002800AE
:10A81000C0B2BDE8FE8310B4002812D00A4B047801
:10A8200009214C43195D0A004188012909D10749D2
:10A8300051F832301B6823F0004351F832100B609E
:10A84000FFE710BC7047000048354400FC38440066
:10A85000008FFFFF0080FFBF0000FF0370472DE95E
:10A86000F04F88B05FF0000C5FF0000E5FF0000862
:10A87000002800F02D81DFF86092DFF860A2CDF8AB
:10A8800000A090F80CB05FF0090A0AFB0BFA19F867
:10A890000AA0DDF800B05BF82AA0574690F800B097
:10A8A0005FF0090A0AFB0BFBD94499F807A0CDF821
:10A8B00008A0DFF82CA25AF82190CDF80090D0F82B
:10A8C00010B0D0F8049099EA0B0990F800B09BEA18
:10A8D000090B90F80C9099EA0B09D0F808B09BEAA4
:10A8E000090BDDF80090D94500F0F280D0F810B0E7
:10A8F000D0F8049099EA0B0B90F8009099EA0B0BB2
:10A9000090F80C9099EA0B0BD0F8089099EA0B0B91
:10A910004AF821B0D0F81090DFF8C8A1B9FBFAF9D5
:10A92000CC46DFF8C491D9F80090D9F84090DFF810
:10A93000BCA19AF801A009EBCA09D9F80490DFF884
:10A94000A4A1B9FBFAF9CE46D0F804A0D0F808903B
:10A9500009FB0AFADFF8989109FB0AFA40F6381960
:10A9600009FB0CF9BAFBF9F94B469846DFF88491DC
:10A97000D9F800A0534505D2DFF87C91D9F80090B2
:10A98000C8461BE0D9F814A09A4505D2DFF86891B3
:10A99000D9F81490C84611E05FF0010A5446062C1D
:10A9A0000CD209EB840A5AF804AC9A4504D2DFF8B9
:10A9B00048A15AF824A0D046641CF0E75FF4FA19C5
:10A9C00009FB0CF908FB0EFAB9FBFAFA1AF5807AC2
:10A9D0005FF4FA19B9FBF8F9BAEB090A55465FF0CA
:10A9E00080494A465FF000094E46954201D29208DE
:10A9F000FBE7002A0AD012EB06094D4503D3AD1B35
:10AA0000AD1A16EB420676089208F2E75FEA860A6C
:10AA10001AF1BF0A5FEADA1ACDF804A0D0F808A04C
:10AA20000EFB0AFACDF81CA0DDF804A00AFB08FA18
:10AA3000CDF818A0CDF81480DDF804A00AFB08FAC0
:10AA4000DDF8049019F1010909FB0AFA5FEA5A0AD4
:10AA50000AF2E73ACDF810A04FF47A7909FB0CF925
:10AA6000B9FBFEFABAF1010ACDF80CA0DDF81C9092
:10AA70001FFA89F9C7F800905FF00C09DDF814A0FF
:10AA80000AF0FF0ADDF818B05AEA0B4ADDF808B000
:10AA900009FB0BFBBB44CBF804A0DDF80CA05FEA7C
:10AAA0000A3A5FEA1A3ADDF808B009FB0BFBBB442F
:10AAB000CBF808A0DDF810A05FEA0A3A5FEA1A3A7C
:10AAC000DDF808B009FB0BF9B944C9F80CA0FFE7A1
:10AAD00008B0BDE8F08F000048354400F03844006D
:10AAE0006C2C402040420F00082C40200C2C4020B1
:10AAF000A0860100444544005C4544007047F0B422
:10AB0000002837D0DFF8C456067809214E43A95DE6
:10AB10000A00067809214E4305EB060109790B006E
:10AB2000DFF8AC66077809214F4305EB0701897808
:10AB3000090171580C005021DFF8985601FB02F60C
:10AB40002E4456F8236001FB02F72F4457F8237078
:10AB50003F6857F00807376001FB02F62E4456F8AD
:10AB6000236001FB02F1294451F823100968A14335
:10AB70003160FFE7F0BC70472DE9F84F86B0040064
:10AB80005FF00008002C00F0C580DFF84016227846
:10AB900009204243885C050022780920424301EBEA
:10ABA000020000790600DFF83006627830F8120003
:10ABB0000490DFF81C2623780920434301EB0300AF
:10ABC000807800011058070023780920434301EBE7
:10ABD0000300807800011044406803905FF0500942
:10ABE000DFF8F0A5049809FB05F1514451F826104F
:10ABF00049683940039AD140884200F08B8042F284
:10AC0000107B5B466A4601A902A8FEF725F9009A67
:10AC100001A902A8FEF731F9804609FB05F050446E
:10AC200050F826004068C00303D54046C0B2002853
:10AC3000EDD04046C0B2002867D109FB05F0504472
:10AC400050F826000168B943049A039882403A40BC
:10AC5000114351F00401059109FB05F0504450F8EF
:10AC60002600059901605B466A4601A902A8FEF725
:10AC7000F3F8009A01A902A8FEF7FFF8804609FB45
:10AC800005F0504450F826004068400703D4404681
:10AC9000C0B20028EDD04046C0B2002830D15B469B
:10ACA0006A4601A902A8FEF7D7F8009A01A902A8EE
:10ACB000FEF7E3F8804609FB05F0504450F8260003
:10ACC0004068C00303D54046C0B20028EDD04046DE
:10ACD000C0B200280FD109FB05F90AEB090050F8B2
:10ACE00026004068C0F34240012813D02178032099
:10ACF000FEF76BF80EE021780120FEF766F809E018
:10AD000021780120FEF761F804E021780120FEF7A8
:10AD10005CF8FFE707B0BDE8F08FF0B4002837D04B
:10AD2000DFF8A854067809214E43A95D0A00067889
:10AD300009214E4305EB060109790B00DFF8906409
:10AD4000077809214F4305EB0701897809017158FC
:10AD50000C005021DFF87C5401FB02F62E4456F81B
:10AD6000236001FB02F72F4457F823703F6857F028
:10AD70000807376001FB02F62E4456F8236001FBFA
:10AD800002F1294451F823100968A1433160FFE71B
:10AD9000F0BC70472DE9F84F86B004005FF0000862
:10ADA000002C00F0C580DFF82414227809204243EB
:10ADB000885C050022780920424301EB02000079FB
:10ADC0000600DFF81404627830F812000490DFF80F
:10ADD000002423780920434301EB0300807800011D
:10ADE0001058070023780920434301EB03008078C3
:10ADF00000011044406803905FF05009DFF8D4A3CD
:10AE0000049809FB05F1514451F82610496839406E
:10AE1000039AD140884200F08B8042F2107B5B465F
:10AE20006A4601A902A8FEF717F8009A01A902A82C
:10AE3000FEF723F8804609FB05F0504450F8260041
:10AE40004068C00303D54046C0B20028EDD040465C
:10AE5000C0B2002867D109FB05F0504450F8260025
:10AE60000168B943049A039882403A40114351F073
:10AE70000701059109FB05F0504450F8260005999B
:10AE800001605B466A4601A902A8FDF7E5FF009A4A
:10AE900001A902A8FDF7F1FF804609FB05F0504427
:10AEA00050F826004068400703D44046C0B200284E
:10AEB000EDD04046C0B2002830D15B466A4601A9B9
:10AEC00002A8FDF7C9FF009A01A902A8FDF7D5FF66
:10AED000804609FB05F0504450F826004068C00346
:10AEE00003D54046C0B20028EDD04046C0B200288D
:10AEF0000FD109FB05F90AEB090050F8260040685C
:10AF0000C0F34240012813D021780320FDF75DFFF4
:10AF10000EE021780120FDF758FF09E0217801209B
:10AF2000FDF753FF04E021780120FDF74EFFFFE716
:10AF300007B0BDE8F08F2DE9F04F85B004005FF059
:10AF40000009002C7CD0A149227809204243885C6A
:10AF5000050022780920424301EB02000079060037
:10AF60009E482278805C0490994A237809204343C4
:10AF700001EB0300807800011058070023780920B6
:10AF8000434301EB030080780001104440680390C4
:10AF90005FF0500ADFF83CB20AFB05F0584450F865
:10AFA00026000AFB05F1594451F82610096851F0B2
:10AFB0000C01016042F210736A4601A902A8FDF774
:10AFC0004BFF009A01A902A8FDF757FF81460AFB33
:10AFD00005F0584450F826004068800303D54846E1
:10AFE000C0B20028EDD04846C0B2002823D10AFBE9
:10AFF00005F0584450F826000168B943049A0398B4
:10B0000082403A40114388460AFB05F0584450F804
:10B010002600C0F800800AFB05F0584450F82600CE
:10B020000AFB05FA0BEB0A0151F82610096831F00A
:10B030000C01016004E021780120FDF7C6FEFFE766
:10B0400005B0BDE8F08F2DE9F84F86B004005FF041
:10B050000008002C00F09E805C49227809204243C1
:10B06000885C050022780920424301EB0200007948
:10B0700006005948627830F812000590544A237847
:10B080000920434301EB03008078000110580700BA
:10B0900023780920434301EB03008078000110442A
:10B0A000406804905FF05009DFF828A109FB05F023
:10B0B000504450F8260009FB05F1514451F8261080
:10B0C000096851F00C01016042F2107B5B466A4650
:10B0D00001A902A8FDF7C0FE009A01A902A8FDF788
:10B0E000CCFE804609FB05F0504450F8260040682D
:10B0F000800303D54046C0B20028EDD04046C0B220
:10B10000002842D109FB05F0504450F826000168A0
:10B11000B943059A049882403A401143039109FBD0
:10B1200005F0504450F826000399016009FB05F032
:10B13000504450F8260009FB05F1514451F82610FF
:10B14000096831F00C0101605B466A4601A902A85A
:10B15000FDF782FE009A01A902A8FDF78EFE804647
:10B1600009FB05F0504450F826004068800303D4E2
:10B170004046C0B20028EDD04046C0B2012809D1F7
:10B1800021780320FDF721FE04E021780120FDF75E
:10B190001CFEFFE707B0BDE8F08F10B50400002CDF
:10B1A00002D0200000F001F810BD10B40C49427824
:10B1B00031F812200B4B196831F44051140314F488
:10B1C00040542143196010BC7047000048354400CA
:10B1D00088394400A03844005838440008384400F6
:10B1E0007C3844000480284038B504000125200044
:10B1F000C0B2012803D02000C0B2002802D1002034
:10B20000050005E02123012200217820F1F70EFE40
:10B210002800C0B232BD2DE9F84305000E00012719
:10B220005FF000085FF090094846290080B289B2BB
:10B23000884225D33848290089B2091130F8110015
:10B2400015F00F0180B2C840C00719D53348806897
:10B25000290089B250F821000400012010FA08F0FA
:10B26000204030FA08F0012802D1002007000EE04B
:10B27000F0233200D2B200217820F1F7D7FD06E0AA
:10B280000A233200D2B200217820F1F7CFFD380036
:10B29000C0B2BDE8F2832DE9F84305000E00012796
:10B2A0005FF000085FF090094846290080B289B23B
:10B2B000884225D31A48290089B2091130F81100B3
:10B2C00015F00F0180B2C840C00719D51348806837
:10B2D000290089B250F821000400012010FA08F07A
:10B2E000204030FA08F0012802D1002007000EE0CB
:10B2F000F0233200D2B200217820F1F797FD06E06A
:10B300000A233200D2B200217820F1F78FFD3800F5
:10B31000C0B2BDE8F2830000584844003012440037
:10B320006C48440070B5040000250021200080B264
:10B33000FFF7B1FF06003000C0B2002804D12000A2
:10B3400080B200F052F805002800C0B270BD70B5A0
:10B3500004000D000121200080B2FFF75CFF060011
:10B360003000C0B200280ED12800C0B2FFF73CFF69
:10B3700006003000C0B2002805D12900C9B2200063
:10B3800080B200F04FF870BD70B5040000251121A7
:10B39000200080B2FFF73FFF06003000C0B2002857
:10B3A00004D1200080B200F063F805002800C0B28C
:10B3B00070BDFEE730B4020000234F481400E4B231
:10B3C00050F824000C00A4B2A408A4000D00ADB2F3
:10B3D000ED4315F003052C43201810F5A850007814
:10B3E00010F00100C0B230BC70472DE9F8430400F2
:10B3F00000252600B6B2360940483100C9B2475C84
:10B400003F483900C9B210F801805FEA0818B4EB70
:10B410000809494689B23800C0B2FFF7CBFFC0B275
:10B42000BDE8F283F0B4020092B21209334B14006B
:10B43000E4B21B5D324C1D00EDB2645D2401051BBE
:10B440002D4E1F00FFB256F827602F00BFB2BF0875
:10B45000BF00AC461FFA8CFC7FEA0C0C1CF0030CFE
:10B460005CEA0707BE1916F598563170F0BC7047B4
:10B470002DE9F84304005FF000092500ADB22D0965
:10B480001E482900C9B2465C1D483100C9B2475C5C
:10B490003F01B4EB070800F039F8414689B23000AB
:10B4A000C0B2FFF787FF0100C9B2002902D15FF0E7
:10B4B000010901E05FF000090F483100C9B250F8FE
:10B4C0002100414689B289088900424692B2D2439E
:10B4D00012F003021143081810F5985080F80090FC
:10B4E00000F02CF8414689B23000C0B2FFF762FF8D
:10B4F000C0B2BDE8F28300000C354020A4454400F2
:10B50000B8484400EFF310807047000070B5F2F7C0
:10B51000F6FB0500134E56F82500002808D1FFF76A
:10B52000F1FF0400E00700D472B60F4840F8254050
:10B5300056F82500401C46F8250070BD80B5F2F78E
:10B54000DEFB084951F82020521E41F82020064A0F
:10B5500052F82020D20704D451F82010002900D13D
:10B5600062B601BD2844402018444020F8B50400CC
:10B570000D0016000127DFF86C1551F82600002891
:10B5800007D10A232200D2B200216420F1F74EFC39
:10B590001DE02800C0B2002807D014232200D2B238
:10B5A00000216420F1F742FC11E051F82600006907
:10B5B0002900C9B2405CFF2802D00020070006E045
:10B5C00018232200D2B200216420F1F72FFC3800AA
:10B5D000C0B2F2BD70B504000D000126DFF804050D
:10B5E00050F8250000280ED12000C0B2012802D159
:10B5F0000020060015E00A232200D2B200216420B8
:10B60000F1F714FC0DE02000C0B2012807D10D2392
:10B610002200D2B200216420F1F708FC01E00020F2
:10B6200006003000C0B270BD2DE9F04104000D00ED
:10B6300016000127DFF8AC0450F8261009692A002B
:10B64000D2B211F8028050F8260041684246D2B2C8
:10B650001420424301EB02004068002807D1142364
:10B660002200D2B200216420F1F7E0FB01E00020CB
:10B6700007003800C0B2BDE8F0812DE9F0410400B8
:10B680000D0016000127DFF85C0450F82610096948
:10B690002A00D2B211F802802100C9B20F290FD1BD
:10B6A000DFF844142A00D2B211F81210042907D08E
:10B6B000A0232200D2B200216420F1F7B7FB2DE0D5
:10B6C0002100C9B20F2913D150F826004168424623
:10B6D000D2B21420424301EB0200007B012807D1C3
:10B6E00014232200D2B200216420F1F79FFB15E061
:10B6F0002000C0B20F280FD0DFF8EC032900C9B238
:10B7000010F81100042807D10B232200D2B2002127
:10B710006420F1F79EFB01E0002007003800C0B272
:10B72000BDE8F0812DE9F84305000E0014001F006C
:10B730005FF00108DFF8AC0350F827100969320008
:10B74000D2B211F8029050F8270041684A46D2B2AE
:10B750001420424301EB02008068A04201D3002C78
:10B7600007D115232A00D2B200216420F1F75EFB35
:10B7700001E0002080464046C0B2BDE8F28338B503
:10B7800004000125002C06D00E2301220021642094
:10B79000F1F74CFB01E0002005002800C0B232BDEB
:10B7A00030B4020000200300DBB2002B0DD11300E7
:10B7B000DFF8304354F8214024690500EDB2645DA0
:10B7C000DBB2A34201D0401CEDE7C0B230BC7047F1
:10B7D0002DE9F0410400002739000120FFF7FAFEAF
:10B7E000002847D12000FFF7CAFF002842D1DFF828
:10B7F000F482DFF8F80248F8270058F8270000F034
:10B800007BF900200500280058F827100978C0B2FD
:10B8100088422BD239002800C0B2FFF7C1FF0600D2
:10B820003000C0B2002813D1DFF8BC020021320082
:10B83000D2B200EB4202517001213200D2B200F8C4
:10B8400012100020DFF8A8123200D2B241F8220014
:10B8500058F8270041682A00D2B21420424301EB75
:10B860000200006900F06CF96D1CCCE70020DFF8E5
:10B8700084120870BDE8F0812DE9F0410025002612
:10B8800031000220FFF7A6FE00285FD1002007004C
:10B89000DFF85082380058F826100978C0B2884284
:10B8A00018D231003800C0B2FFF77AFF0400200040
:10B8B000C0B2002806D132002100C9B20220FFF731
:10B8C000DCFE00E0012005002800C0B2002801D104
:10B8D0007F1CDDE72800C0B2002837D10020070018
:10B8E000380058F826100978C0B288422BD23100AF
:10B8F0003800C0B2FFF754FF04002000C0B2002897
:10B900001FD1DFF8E40100212200D2B200EB420295
:10B91000517000212200D2B200F812100020DFF88E
:10B92000D0112200D2B241F8220058F82600416816
:10B930003A00D2B21420424301EB0200006900F049
:10B9400026F97F1CCCE7002048F82600BDE8F081EE
:10B950002DE9F04704000D005FF000084246210089
:10B96000C9B20520FFF702FE00284ED14246210051
:10B97000C9B20520FFF781FE002846D143462A00C0
:10B980002100C9B20520FFF7CDFE00283DD1DFF828
:10B99000549159F8280000692100C9B2405C0600A2
:10B9A0005FF0140A59F8280040683100C9B20AFB58
:10B9B00001F10844007B01280AD159F828004068A9
:10B9C0003100C9B20AFB01F10844006900F0D4F863
:10B9D000042045492200D2B201F81200290059F88A
:10B9E000280040683200D2B20AFB02FA50440069D3
:10B9F00000F0B1F807003800C0B2002805D02B23B2
:10BA0000052200216420F1F724FABDE8F08770B523
:10BA1000060000252A003100C9B20720FFF7A6FD65
:10BA2000002826D12A003100C9B20720FFF7FCFD0B
:10BA300000281ED12B4951F8250000693200D2B2EE
:10BA4000805C04000120284A3300DBB202EB430291
:10BA500050702848007800280BD151F82500416823
:10BA60002200D2B21420424301EB0200006900F030
:10BA700083F870BDF8B5040000261A4951F8260075
:10BA800000282DD051F8260000692200D2B2805C37
:10BA90000500142251F8260040682B00DBB2534306
:10BAA0001844007B012805D103200F4B2700FFB26B
:10BAB00003F817000F480078002811D10A48230026
:10BAC000DBB200EB43004078012809D151F8260091
:10BAD00040682900C9B202FB01F210444068804767
:10BAE000F1BD00001C2D4020CE2D4020AC124400A2
:10BAF000202D40201F35402038B5040000200025AF
:10BB00002800217AC0B2884219D20C22E0682900AC
:10BB1000C9B25143405C00280FD1E0682900C9B286
:10BB2000514308444168E0682B00DBB202FB03F29A
:10BB30001044407800F04BFAFFE76D1CE0E731BDA0
:10BB400010B504002078002804D16168607800F006
:10BB500061FAFFE710BD70B504000D0001262078E2
:10BB6000002806D12A00A178607800F0D8FA0600F3
:10BB7000FFE73000C0B270BD10B504002078002887
:10BB800004D1A178607800F02DFBFFE710BD10B55F
:10BB900004002078002803D1607800F093FAFFE7D2
:10BBA00010BDFEE702000800C0B204280AD1DFF889
:10BBB00080061300DBB250F82300D0F8FC0010F030
:10BBC00001000DE0DFF868061300DBB250F8230037
:10BBD0000B00DBB21B011844D0F80C0110F001007F
:10BBE000C0B2704710B40A00D2B2002A0DD1DFF8FB
:10BBF00040260300DBB252F823301B6833F0020307
:10BC00000400E4B252F82420136010BC704770B5F1
:10BC100004000E00150000F025FB2800C0B201282A
:10BC200018D1DFF80C062100C9B250F821103200FB
:10BC3000D2B2120111442200D2B250F822003200D6
:10BC4000D2B212011044D0F8080150F00100C1F83E
:10BC5000080117E0DFF8D8052100C9B250F821101B
:10BC60003200D2B2120111442200D2B250F82200A6
:10BC70003200D2B212011044D0F80801400840004E
:10BC8000C1F8080100F008FB70BD10B40A00D2B280
:10BC9000012A0ED1DFF898250300DBB252F82330D9
:10BCA0001B6853F001030400E4B252F8242013602F
:10BCB0000DE0DFF87C250300DBB252F823301B686F
:10BCC0005B085B000400E4B252F82420136010BC4F
:10BCD0007047F0B500250C001600F6B2012E22D1F7
:10BCE000641EDFF84C65002784465FFA8CFC56F82A
:10BCF0002CC0CCF8F870002784465FFA8CFC56F80C
:10BD00002CC0CCF8F070012784465FFA8CFC56F802
:10BD10002C60C6F8FC701E00F6B2002E01D104267D
:10BD200008E0062606E01E00F6B2002E01D100262D
:10BD300000E0022600252F00A446FFB25FFA8CFC2B
:10BD4000674530D2DFF8E87484465FFA8CFC57F818
:10BD50002CC0AE465FFA8EFE5FEA0E1EF4445FF022
:10BD6000000ECCF808E184465FFA8CFC57F82CC032
:10BD7000AE465FFA8EFE5FEA0E1EF4445FF0000EE0
:10BD8000CCF800E184465FFA8CFC57F82C70AC4686
:10BD90005FFA8CFC5FEA0C1C67445FF0010CC7F88B
:10BDA0000CC16D1CC7E7DFF888540700FFB255F8D7
:10BDB00027502E60F0BD10B402000023DFF870049D
:10BDC0001400E4B250F824000C00E4B22401204432
:10BDD000D0F8080110F00100C0B210BC704710B4D8
:10BDE000DFF84C340400E4B253F824300C00E4B221
:10BDF00024012344C3F8002110BC704770B504002F
:10BE00000E00150000F05EFA2800C0B2012818D11B
:10BE1000DFF81C042100C9B250F821103200D2B260
:10BE2000120111442200D2B250F822003200D2B2E4
:10BE300012011044D0F8080150F00200C1F80801C6
:10BE400017E0DFF8EC032100C9B250F821103200EE
:10BE5000D2B2120111442200D2B250F822003200B4
:10BE6000D2B212011044D0F8080130F00200C1F83B
:10BE7000080100F041FA70BD10B4DFF8B4230300EC
:10BE8000DBB252F823300C00E4B224012344040056
:10BE9000E4B252F824200C00E4B224012244D2F887
:10BEA0000C2152F00102C3F80C2110BC70470200B3
:10BEB000DFF87C031300DBB250F823000B00DBB289
:10BEC0001B011844D0F80801400810F00100C0B26E
:10BED00070472DE9F84F04000D002000C0B2022881
:10BEE00073D22800C0B204286FD200F01BFA2900D8
:10BEF000C9B22000C0B2FFF7DAFF06002900C9B2BC
:10BF00002000C0B2FFF74EFE07003000C0B200288C
:10BF100009D03800C0B2002805D02900C9B22000DD
:10BF2000C0B2FFF7A9FF00F017FA3000C0B2002836
:10BF30004BD03800C0B2002847D00C203021DFF8A9
:10BF4000F4222300DBB24B431344AC465FFA8CFC73
:10BF500000FB0CFC13F80C3098462300DBB24B437B
:10BF60001344AC465FFA8CFC00FB0CFC63445B683A
:10BF700099462300DBB24B431344AC465FFA8CFC7A
:10BF800000FB0CFC63445B7A9B462300DBB201FBA5
:10BF900003F111442A00D2B200FB02F00844007AF7
:10BFA00082465846C0B2012805D12900C9B22000F6
:10BFB000C0B200F0F2F84046C0B2012805D14846B0
:10BFC000002802D05046C0B2C847BDE8F18F38B54E
:10BFD00005000C002800C0B2022801D2012000E0B8
:10BFE0000020C0B2EFF7E8FF002C01D0012000E0F4
:10BFF0000020C0B2EFF7E0FF2078002804D0002135
:10C000002800C0B2FFF7EEFD61782800C0B2FFF74C
:10C010003CFE31BDF8B505000C002800C0B2022876
:10C0200001D2012000E00020C0B2EFF7C5FF002CD4
:10C0300001D0012000E00020C0B2EFF7BDFF207862
:10C04000042801D2012000E00020C0B2EFF7B4FFC5
:10C05000002221782800C0B2FFF7D9FD0022217804
:10C060002800C0B2FFF7CAFE21782800C0B2FFF74F
:10C0700003FF0C2030216F4A2B00DBB24B431344EB
:10C080002678464301279F552B00DBB24B431344D0
:10C0900026784643334466685E602B00DBB24B4330
:10C0A0001344267846433344267A1E722B00DBB2B3
:10C0B00001FB03F11144227800FB02F00844617A8D
:10C0C0004172F1BDF8B504002000C0B2022801D2CF
:10C0D000012000E00020C0B2EFF76EFF002500262F
:10C0E00000272000C0B2002802D0012807D00BE0B2
:10C0F00005200500012006000120070004E00420BF
:10C10000050001200700FFE73B00DBB23200D2B29E
:10C110002900C9B22000C0B2FFF7DBFDF1BD2DE957
:10C12000F84306000C0015003000C0B2022801D20E
:10C13000012000E00020C0B2EFF73EFF2000C0B2B7
:10C14000042801D2012000E00020C0B2EFF734FF44
:10C150005FF0000901272100C9B23000C0B2FFF72B
:10C160002AFE80464046C0B2002812D16A1E210035
:10C17000C9B23000C0B2FFF732FE00202E4908706D
:10C1800001222100C9B23000C0B2FFF740FD0020FB
:10C1900007003800C0B2BDE8F28338B504000D00D6
:10C1A0002000C0B2022801D2012000E00020C0B26D
:10C1B000EFF702FF2800C0B2042801D2012000E0FE
:10C1C0000020C0B2EFF7F8FE00222900C9B220001B
:10C1D000C0B2FFF71CFD2900C9B22000C0B2FFF7B2
:10C1E0004BFE31BD38B504000D002000C0B202285E
:10C1F00001D2012000E00020C0B2EFF7DDFE2800F0
:10C20000C0B2042801D2012000E00020C0B2EFF744
:10C21000D3FE2900C9B22000C0B2FFF72DFE0122D3
:10C220002900C9B22000C0B2FFF7E8FD31BD00000F
:10C23000A4484400A0344020DB2D402038B5002421
:10C2400000252800C0B2042807D22900C9B2200066
:10C25000C0B2FFF73EFE6D1CF3E731BDEFF3108077
:10C260007047000070B5F1F74AFD0500DFF8146172
:10C2700056F82500002809D1FFF7F0FF0400E00779
:10C2800000D472B6DFF8080140F8254056F82500C2
:10C29000401C46F8250070BD80B5F1F730FDDFF891
:10C2A000E41051F82020521E41F82020DFF8E02051
:10C2B00052F82020D20704D451F82010002900D1D0
:10C2C00062B601BD70B5F1F71AFD0500DFF8B86080
:10C2D00056F82500002809D1FFF7C0FF0400E00749
:10C2E00000D472B6DFF8AC0040F8254056F82500BF
:10C2F000401C46F8250070BD80B5F1F700FDDFF861
:10C30000881051F82020521E41F82020DFF88420A8
:10C3100052F82020D20704D451F82010002900D16F
:10C3200062B601BD70B5F1F7EAFC0500DFF85C60AC
:10C3300056F82500002809D1FFF790FF0400E00718
:10C3400000D472B6DFF8500040F8254056F82500BA
:10C35000401C46F8250070BD80B5F1F7D0FCDFF831
:10C360002C1051F82020521E41F82020DFF8282000
:10C3700052F82020D20704D451F82010002900D10F
:10C3800062B601BD484440206844402088444020B3
:10C390003844402058444020784440202DE9F04162
:10C3A00005000E0014002F003FB2042F01DB012016
:10C3B00000E00020C0B2EFF75FFCD52F01DA0120CA
:10C3C00000E00020C0B2EFF757FCDFF85C81D8F83E
:10C3D00000005649884201D3012000E00020C0B28D
:10C3E000EFF74AFCD8F80000002C05D0290009B26C
:10C3F00000EB8101096C2160290009B200EB810189
:10C400000E64BFF36F8FBFF34F8FBDE8F08110B59F
:10C410000400200000B2002801D4012000E0002028
:10C42000C0B2EFF729FC200000B2D52801DA0120C4
:10C4300000E00020C0B2EFF71FFC012114F01F0044
:10C4400081403B48220012B2520940F8221010BD30
:10C4500010B50400200000B2002801D4012000E043
:10C460000020C0B2EFF708FC200000B2D52801DAA6
:10C47000012000E00020C0B2EFF7FEFB012114F024
:10C480001F0081402B48220012B2520940F82210AE
:10C4900010BD38B504000D00200000B2042801DBF7
:10C4A000012000E00020C0B2EFF7E6FB200000B260
:10C4B000D52801DA012000E00020C0B2EFF7DCFB54
:10C4C0002800C0B2102801DA012000E00020C0B22C
:10C4D000EFF7D2FB04202900C9B28140164A23009D
:10C4E0001BB2D15431BD10B50400200000B20028A9
:10C4F00001D4012000E00020C0B2EFF7BDFB200016
:10C5000000B2D52801DA012000E00020C0B2EFF728
:10C51000B3FB012114F01F0081400848220012B231
:10C52000520940F8221010BD08ED00E00000002084
:10C5300000E100E080E100E000E400E080E200E0F3
:10C5400038B50400002C01D0012000E00020C0B26A
:10C55000EFF792FB2068552801D2012000E000206F
:10C56000C0B2EFF789FB0025206885422AD26068B7
:10C5700030F9350000F04BF8606800EBC500C17879
:10C58000606830F9350000F038F80022606800EB90
:10C59000C5004168606830F9350000F015F8606842
:10C5A00000EBC5008078002805D0606830F93500C0
:10C5B00000F015F804E0606830F9350000F016F876
:10C5C0006D1CD1E7002032BD70B504000D001600CF
:10C5D00032002900200000B2FFF7E0FE70BD10B568
:10C5E0000400200000B2FFF712FF10BD10B50400D8
:10C5F000200000B2FFF72CFF10BD38B504000D007D
:10C600002900C9B2200000B2FFF743FF31BD10B5C9
:10C610000400200000B2FFF766FF10BD38B504002B
:10C620000025002C07D00120050011230022002145
:10C630006520F0F7FBFB2800C0B232BD38B504001E
:10C640000025A0480068C068844207D30120050087
:10C650000B23022200216520F0F7E8FB2800C0B27E
:10C6600032BD38B5040000259648006880688442D1
:10C6700007D3012005000C23082200216520F0F7D4
:10C68000D5FB2800C0B232BD10B5002400F047F938
:10C69000002807D0012004000E230322002165207A
:10C6A000F0F7C4FB2000C0B210BD0020C0B270473C
:10C6B00038B5040000252000C0B200280DD1824802
:10C6C0000078032819D00120050013232200D2B2DC
:10C6D00000216520F0F7AAFB0FE07B4801780329D1
:10C6E00009D1012005000F232200D2B200216520CC
:10C6F000F0F79CFB01E00A2101702800C0B232BDB6
:10C700000A00D2B2002A0BD10200D2B2002A03D111
:10C710000C226D4B1A7006E003226B4B1A7002E07C
:10C720000C22694B1A70704770B504000020FFF7A7
:10C73000BFFF06003000C0B2002840D12000FFF744
:10C740006DFF06003000C0B2002830D15D485F495F
:10C750000160002102689268914207D25C4A036836
:10C760005B690D015B59D154491CF3E70022016854
:10C77000C9688A4209D2574903689B69442505FB69
:10C7800002F55B59CA54521CF1E70025016849685B
:10C790008D4207D24A49026812696B01D2588D5402
:10C7A0006D1CF3E70068C06900F0A9F802E0002002
:10C7B0004449086000213000C0B2FFF7A1FF70BDFE
:10C7C00070B504004348055D01260220FFF770FFA5
:10C7D000002815D12000FFF731FF00280CD139487F
:10C7E000006881692A00D2B24420424301EB020072
:10C7F00000F08BF80020060002210020FFF780FFE8
:10C800003000C0B270BD38B504003148055D082065
:10C81000FFF74EFF002815D12000FFF722FF002868
:10C820000CD1FDF7C7FE2748006840692900C9B24E
:10C830000901084400F089F8FDF7D4FE0821002022
:10C84000FFF75EFF31BD10B501240320FFF730FF75
:10C8500000280BD1FFF718FF002803D100F05BF888
:10C860000020040003210020FFF74AFF2000C0B28F
:10C8700010BD10B502240420FFF71AFF002806D1CE
:10C8800000F04DF8040004210020FFF739FF2000DC
:10C89000C0B210BD80B50720FFF70AFF00280CD1F9
:10C8A000FFF703FF002804D106480068C06900F0C4
:10C8B00052F807210020FFF723FF01BD0000000010
:10C8C000DA2D4020A42D4020203540205016440071
:10C8D000D92D4020D82D402038B50400002519203E
:10C8E000FFF7E6FE002808D12000C0B200F026F8CD
:10C8F000050019210020FFF703FF280032BD10B505
:10C900000400200000F098F810BD10B504002000CD
:10C91000FBF782FF10BD80B5FCF7E2F901BD80B5E1
:10C92000FCF77DF9002802D0012802D003E00020A6
:10C9300002E0012000E00220C0B202BD10B50400F8
:10C940002000C0B2FCF73AFA10BD10B50400200078
:10C9500000F024F810BD10B50400200000F066F8C7
:10C9600010BDFEE710B50400E06800F06FF8E06865
:10C97000007B012806D1E0680078012802D1002060
:10C9800000F07FF800F092F8002802D100F09AF849
:10C9900003E00721012000F09FF810BD38B5040026
:10C9A0002579A06800F09CFAA06800F04BFAA06816
:10C9B00000F0B5FA2800C0B2002803D02800C0B2A9
:10C9C000012804D12800C0B200F0C8FA2DE02800E8
:10C9D000C0B20D2803D1200000F0D6FA25E02800CF
:10C9E000C0B20E2803D02800C0B2112803D1200005
:10C9F000FFF7B8FF19E02800C0B20F2803D02800C5
:10CA0000C0B2122803D1200000F0CCFA0DE02800BB
:10CA1000C0B2102803D02800C0B2132805D12000CE
:10CA2000FFF7A0FF200000F0BDFA31BD10B50400F3
:10CA3000206800F0B1FB10BD10B50400206800F0C4
:10CA40001FFB012000F01DF810BDFEE710B400220E
:10CA50000178012913D14178012905D14368417832
:10CA60000B430F490B6002E000210D4B19600D4C88
:10CA7000236833F0780381680B431A00226010BCEE
:10CA8000704710B40021084B1A6832F48032040059
:10CA9000E4B2240414F4803422431A6010BC7047BA
:10CAA00010C62A4004C62A4000C62A400020044975
:10CAB0000968CA0701D501221000C0B2704700BF43
:10CAC00000C02E400020034A116831F4407111600B
:10CAD0007047000004802E4038B504000D00290086
:10CAE000C9B22000C0B2024A1268904731BD0000AE
:10CAF000003540207047F8B504000D0016001F00F7
:10CB00000020F2F7F9F920600020286000213800A9
:10CB1000F2F71DFA3060F1BDF8B504000D00160003
:10CB2000002700212000F2F7FBF92968401828604F
:10CB30002868B04201D3012007003800C0B2F2BD1E
:10CB4000DFF8900445F6F021026811604AF20F51B7
:10CB500000680160704780B50120DFF8781409682B
:10CB60008860FFF7EDFF01BDF8B504000D00002659
:10CB7000DFF8600401682A00D2B252021144D1F8F1
:10CB80000471A743274300682900C9B24902084439
:10CB9000C0F80471FFF7D4FFF1BD70B505000024A3
:10CBA000DFF8300401682A00D2B252021144D1F8F1
:10CBB00004617608760056F0010600682900C9B2C3
:10CBC00049020844C0F80461FFF7BAFF70BDF8B528
:10CBD00004000E000025DFF8FC0301682200D2B239
:10CBE000520211443200D2B252011144D1F84471C0
:10CBF0007F087F0057F0010700682100C9B2490291
:10CC000008443100C9B249010844C0F84471FFF733
:10CC100097FFF1BD2DE9FE4F050000266F68D5F89E
:10CC200008805FF0000995F802A05FEAC87044D55B
:10CC3000DFF8A0B3DBF800005146C9B2490208444E
:10CC4000D0F800114908490017F0010001430E0017
:10CC5000DBF800005146C9B249020844C0F800613F
:10CC60005146C9B20120FFF77FFF42F210736A46B6
:10CC700001A902A8FFF73FFF009A01A902A8FFF748
:10CC80004BFF8146DBF800005146C9B24902084417
:10CC9000D0F80801040014F0010017F001018842E7
:10CCA00003D04846C0B20028E6D04846C0B20028AB
:10CCB00003D0FF210020FFF70FFFBDE8F78F2DE91C
:10CCC000FE4F05000E006F68D5F808805FF0000980
:10CCD00095F801A0DFF8FCB2DBF800003100C9B222
:10CCE000490208445146C9B200EB8100C0F83071D6
:10CCF0003000C0B2FFF751FF42F210736A4601A93B
:10CD000002A8FFF7F8FE009A01A902A8FFF704FFA6
:10CD10008146DBF800003100C9B24902084451469F
:10CD2000C9B200EB8100D0F81001040018EA040039
:10CD3000874203D04846C0B20028E4D04846C0B27B
:10CD4000002803D0FF210020FFF7C6FEBDE8F78FC3
:10CD50002DE9FF4705000E00AF685FF0000895F869
:10CD60000190287AC00727D442F210736A4601A9BD
:10CD700002A8FFF7C0FE009A01A902A8FFF7CCFEA7
:10CD80008046944800683100C9B2490208444946C7
:10CD9000C9B249010844D0F848010400002C03D46A
:10CDA0004046C0B20028E6D04046C0B2002803D0BA
:10CDB000FF210020FFF790FE4046C0B200283FD17F
:10CDC000DFF810A2DAF800003100C9B249020844C5
:10CDD0004946C9B249010844C0F840714946C9B240
:10CDE0003000C0B2FFF7F3FE42F210736A4601A9A9
:10CDF00002A8FFF780FE009A01A902A8FFF78CFEA7
:10CE00008046DAF800003100C9B2490208444946B8
:10CE1000C9B249010844D0F84801040014F00100E7
:10CE200017F00101884203D04046C0B20028E2D08A
:10CE30004046C0B2002803D0FF210020FFF74CFE7F
:10CE4000BDE8FF872DE9F041060000275FF00008EC
:10CE50004046C0B2022841DA71684246D2B21C2074
:10CE6000424301EB020007003878012833D100204B
:10CE700004002000397BC0B2884212D20C203969EC
:10CE80002200D2B24243895C012908D1B9783A69BB
:10CE90002300DBB200FB03F01044FFF710FF641C1B
:10CEA000E7E7002005002800397DC0B2884212D291
:10CEB0000C20B9692A00D2B24243895C012908D109
:10CEC000B978BA692B00DBB200FB03F01044FFF71E
:10CED0003FFF6D1CE7E718F10108B9E7BDE8F081F5
:10CEE00070B50400002500263000C0B2022815DA13
:10CEF00061683200D2B21C20424301EB02000500FF
:10CF00002878012808D16878012805D12879C00738
:10CF100002D52800FFF77EFE761CE5E770BD70B5F0
:10CF20000400002500263000C0B2022815DA61682E
:10CF30003200D2B21C20424301EB020005002878E7
:10CF4000012808D16878012805D12879C00702D4C2
:10CF50002800FFF75FFE761CE5E770BD10B5040002
:10CF60002000C0B2002804D101201A490968486095
:10CF700007E02000C0B2012803D10220154909684A
:10CF80004860FFF7E8FD10BD10B50400BFF34F8FF8
:10CF90006079002801D000F00FF930BFBFF34F8F48
:10CFA00010BD000010B504000A48A16809680268B5
:10CFB0001161BFF34F8F4FF4004100684160FFF7EC
:10CFC000CAFDBFF34F8F6079002801D000F0F4F85C
:10CFD00030BF10BD043540207FB5050000262C0071
:10CFE000002C22D042F210736A4601A902A8FFF772
:10CFF00082FD009A01A902A8FFF78EFD06005F4896
:10D0000001688C60006881685D4801400C00002C5C
:10D0100003D03000C0B20028EBD03000C0B20028EE
:10D0200003D0FF210020FFF757FD7FBD7FB505002E
:10D0300000262C00002C22D042F210736A4601A96F
:10D0400002A8FFF758FD009A01A902A8FFF764FDA6
:10D0500006004A4801680C600068016849480140C0
:10D060000C00002C03D03000C0B20028EBD0300000
:10D07000C0B2002803D0FF210020FFF72DFD7FBDA7
:10D08000F8B50500002000263C4F39688C68002C5C
:10D0900004D03D4804602000FFF79EFF68683968AF
:10D0A000C86038680068002802D0A9683A689161B1
:10D0B000C10702D5E9683A68D161F1BDF0B5040055
:10D0C0001D200027D2F800C00D00EDB2002D01D1C7
:10D0D0002E4D02E02E4D55F480550026202E15D2FF
:10D0E0005FF0010E1EFA06FE73462B420CD023425F
:10D0F00008D0E64670467F1C022F03D35FF01E0E59
:10D10000704603E01CF1010C761CE7E7C2F800C092
:10D11000C0B2F0BDF8B5002000210091174E316873
:10D120000968184C0C40002C01D01A4804601948BA
:10D1300005686A4600212800FFF7C0FF07002000AD
:10D14000FFF774FF002D16D1306881680C4801404C
:10D150000C00002C01D00C4804600B48006805004E
:10D16000002D05D06A4601212800FFF7A7FF070020
:10D170002000FFF731FF3800C0B2F2BD0835402073
:10D180005902116059D70660AC2D402059D707606D
:10D19000D9071160A82D402010B5040020783C2844
:10D1A00005D05A2807D10120FFF7D8FE03E0002060
:10D1B000FFF7D4FEFFE710BD0248016851F00201FD
:10D1C0000160704710ED00E002480188491C0180B1
:10D1D000704700BF48274020012210F01F018A40FD
:10D1E00003490300DBB25B0941F8232070470000CC
:10D1F00080E100E038B504000D002800C0B200282E
:10D2000004D0200000B2FFF7EAF903E0200000B2EA
:10D21000FFF7ECF931BD38B504000D002900C9B2A3
:10D22000200000B2FFF7E9F931BD70B504000D0030
:10D23000160032002900200000B2FFF7C5F970BDCA
:10D2400038B504000025002C06D00123202200213F
:10D25000FF20EFF7EBFD07E004482900C9B250F8C2
:10D260002100006800F063F831BD00008016440022
:10D2700070B504000D000026200000B2D52803DAA6
:10D28000200000B2042808DA022321220021FF2016
:10D29000EFF7CCFD0120060005E02900C9B220000F
:10D2A00000B2FFF7A7FF3000C0B270BD70B5040038
:10D2B0000D000026200000B2D52807DA200000B2B9
:10D2C000042803DB2800C0B2102808DB0223222236
:10D2D0000021FF20EFF7AAFD0120060005E029004C
:10D2E000C9B2200000B2FFF796FF3000C0B270BD97
:10D2F000F8B504000D0016000027200000B2D52864
:10D3000003DA200000B2042808DA022324220021D4
:10D31000FF20EFF78BFD0120070005E03200290018
:10D32000200000B2FFF781FF3800C0B2F2BD10B597
:10D3300004002068002802D02068FFF701F910BD22
:10D3400070B5040025000026002C06D00C23002216
:10D3500000217C20EFF76AFD13E00A480500E86928
:10D360003100C9B2405C012806D0F0230022002120
:10D370007C20EFF75BFD04E0280000F056F802483F
:10D38000056070BD681E4400C0404020F0B5438871
:10D39000C4682479C5682D68002637009C46BFB252
:10D3A0001FFA8CFC67453FD28768B4461FFA8CFC95
:10D3B00037F82C7039008768B4461FFA8CFC07EBED
:10D3C0008C07BF783A002700FFB2022F1BD0DFF88E
:10D3D000247194465FFA8CFC57F82C708C461FFA27
:10D3E0008CFC5FEA9C0C5FEA8C0C8E461FFA8EFE6A
:10D3F0007FEA0E0E1EF0030E5EEA0C0C1CEB070714
:10D4000017F598573C70DFF8EC7094465FFA8CFC87
:10D4100057F82C708C461FFA8CFC17EB8C0717F50D
:10D4200010773D60761CB8E7F0BD2DE9F8430400A5
:10D43000DFF8C40080465FF000094946C9B2002900
:10D4400032D100210E0031004A46D2B204EB420232
:10D45000928889B2914224D24946C9B204EB810133
:10D460004969320092B211F812100F003900C9B2A6
:10D47000FF2914D0310089B240F27B12914200DAC8
:10D480008046310089B2B1F5C87F08D2310089B237
:10D49000C905C90D08EB81010022C1F8402A761C9C
:10D4A000D1E719F10109C8E7216A2E2000F00CF933
:10D4B0002000FFF76BFF00210800C0B2002816D142
:10D4C00000200500280080B20A280EDADFF82C20A0
:10D4D0000B00DBB21420434302EB03002A0092B29C
:10D4E000002320F812306D1CECE7491CE4E7BDE88E
:10D4F000F1830000AC48440000002940C4404020B3
:10D5000070B5040000250026002C01D0012000E0A9
:10D510000020C0B2EEF75AFD6068912801D20120C8
:10D5200000E00020C0B2EEF751FD2068DFF8C41122
:10D53000884201D100200600207A022807D055F445
:10D5400000552800257AED0215F400650543207C7E
:10D55000022804D0207C400510F400100543E07B35
:10D56000022804D0E07B400410F400300543A07B87
:10D57000022804D0A07B000410F480300543207BF7
:10D58000022804D0207B000210F480700543607BE9
:10D59000022804D0607B800110F040000543607CCD
:10D5A000022804D0607CC00410F400200543E07A17
:10D5B000022804D0E07A800310F480400543A07A6A
:10D5C000022804D0A07A400110F020000543607AC0
:10D5D00010F00F000543607A00281AD1207C012842
:10D5E00017D194F86800022813D0DFF80C0131003D
:10D5F000C9B250F82100A188890889006268D24325
:10D6000012F003021143081810F5985094F86810AE
:10D6100001702068616800EB8100C0F84052200072
:10D6200000F022F8200000F001F870BD30B4DFF8FF
:10D63000CC40226800231D00EDB2022D11D21D0046
:10D64000EDB200EB45056D8A2900002907D00D04D5
:10D6500004D5DFF8AC500D432A4000E00A435B1CC0
:10D66000E9E7226030BC704770B4DFF888301C00F6
:10D67000457C012D26D1002529000D00EDB2102D8D
:10D6800020D20D00EDB20544AD7D102D18D00D0057
:10D69000EDB200EB8505AD6A2A00B2F5007F00D23D
:10D6A0001C00B2F5C87F0BD2D505ED0D04EB850546
:10D6B0000E00F6B20644B67D16F00F06C5F8406AB5
:10D6C000491CDAE770BC704770B504000D00DFF844
:10D6D00034000560DFF8300004600026A64207D25F
:10D6E0006C2000FB06F02844FFF70AFF761CF5E7E4
:10D6F000002070BD00002940AC4844000CC62A4000
:10D7000081F9FFFFB02D4020B42D4020EFF31080B1
:10D710007047000070B5F0F7F2FA0500294E56F890
:10D720002500002808D1FFF7F1FF0400E00700D42E
:10D7300072B6254840F8254056F82500401C46F8AA
:10D74000250070BD80B5F0F7DAFA1E4951F82020A7
:10D75000521E41F820201C4A52F82020D20704D43F
:10D7600051F82010002900D162B601BD70B5F0F764
:10D77000C6FA0500154E56F82500002808D1FFF717
:10D78000C5FF0400E00700D472B6114840F82540F8
:10D7900056F82500401C46F8250070BD80B5F0F70E
:10D7A000AEFA0A4951F82020521E41F82020084ABA
:10D7B00052F82020D20704D451F82010002900D1BB
:10D7C00062B601BDA845402098454020C84540208C
:10D7D000B84540202DE9F84F002000265FF0000BEF
:10D7E0000027DFF88881DFF888C1D8F800E018F159
:10D7F0000408C1465FF0000AF24539D25FF00C0B15
:10D800000BFB0AF04844406801000BFB0AF059F892
:10D81000000003000BFB0AF0484480680BFB0AFB86
:10D82000CB44DBF804B0B0EB0B0B5E4616F0030004
:10D83000050000202F00FFB2F71BB0EB970F05D2B9
:10D8400051F8207043F82070401CF3E701EB80078B
:10D850003A0003EB80073C0000272800C0B2874253
:10D8600003D2D05DE0557F1CF7E71AF1010AC3E748
:10D87000DCF800001CF1040BCDF800B0DDF800C0AE
:10D880005FF0000B834521D25CF83BE073460CEB64
:10D89000CB0EDEF804A05CF83BE0BAEB0E0A56466D
:10D8A0005FF0000E7746B7EB960F05D25FF0000EE3
:10D8B00043F827E07F1CF6E716F0030F03D05FF074
:10D8C000000E43F827E01BF1010BDBE7BDE8F18F09
:10D8D0002DE9F047002000265FF0000A0027DFF85E
:10D8E0008CE0DEF800C01EF1040EF046DFF88490F4
:10D8F000E14539D20C2000FB09FAC244DAF804A051
:10D90000514600FB09FA58F80AA0534600FB09FAF1
:10D91000C244DAF808A000FB09F040444068BAEBC2
:10D92000000A564616F00300050000202F00FFB243
:10D93000F71BB0EB970F05D251F8207043F8207019
:10D94000401CF3E701EB80073A0003EB80073C0043
:10D9500000272800C0B2874203D2D05DE0557F1C6B
:10D96000F7E719F10109C3E7BDE8F08710CC4100E2
:10D9700080CC410006000000006810F001007047F4
:10D98000016851F0010101607047016849084900D0
:10D990000160704701000868C0F34120012801D1EF
:10D9A000012000E00020C0B270470100002208689A
:10D9B000000910F00300002803D0022805D002D38C
:10D9C00005E0002004E0012002E0022000E0022047
:10D9D000C0B270470A00D2B2012A06D0022A09D189
:10D9E000026852F02002026004E0026852F0100265
:10D9F0000260FFE77047F8B504000025012140F6FA
:10DA0000B830F1F7A4FA0600002000900027206843
:10DA1000800602D50120050020E02068C0061DD543
:10DA20004CF2205020614DF6281020610120F1F7C2
:10DA300063FA00902068C00608D5B74206D20121DB
:10DA40006846F1F76DFAC0190700F3E7B74205D34E
:10DA500001212000FFF7BEFF012005002800C0B211
:10DA6000F2BDF0B500248B794A78002A01D0012557
:10DA700000E000250A79002A01D0012600E00026F6
:10DA80008A78002A01D0002700E00127CA78002AFE
:10DA900002D05FF0000C01E05FF0010C4A79002A2F
:10DAA00001D0012400E000240A789E465FFA8EFE31
:10DAB0005FEA4E2E1EF4C06E5EEA026E2D0215F471
:10DAC000807555EA0E05F60116F080063543BF0055
:10DAD00017F004073D435FEA4C0C1CF0020C5CEAB3
:10DAE0000505A40114F040042C43046001224260A7
:10DAF0008A6882600A79002A01D0CA68C2601A0066
:10DB0000D2B2012A01D10A8A8261F0BD020000204E
:10DB1000032A01D201231800002903D0914201D326
:10DB200001231800C0B27047026961F30F0202615D
:10DB30007047806911214843C01C80B270470121A1
:10DB4000C1617047406810F00100704700688009AB
:10DB500010F001007047416811F001014160704709
:10DB60002DE9F84304000D00DFF8D80250F82460D6
:10DB70000027002C01D1012000E00020C0B2EEF708
:10DB80002FFA002D01D0012000E00020C0B2EEF7F6
:10DB900027FA3000FFF72FFF012802D15FF00109BB
:10DBA0002AE03000FFF7E8FE80464046C0B2002879
:10DBB00002D03000FFF7E9FEE968A868FFF7A6FF8A
:10DBC00081464846C0B2002816D129003000FFF730
:10DBD00048FF6879002804D06869DFF86C1241F8C2
:10DBE00024003000FFF7CCFEA97C3000FFF7F2FEE6
:10DBF0000120DFF8581208554846C0B2BDE8F2834C
:10DC000070B50400DFF83C0250F82450002C01D11C
:10DC1000012000E00020C0B2EEF7E2F92800FFF793
:10DC2000EAFE06003000C0B2002815D12800FFF738
:10DC3000ACFE012068604FF44870A8600020E860E6
:10DC40000020A861DFF8080228602800FFF777FFAE
:10DC50000020DFF8F81108553000C0B270BD2DE982
:10DC6000F0410400DFF8DC0150F824500026002CBD
:10DC700001D1012000E00020C0B2EEF7B1F9FFF7BA
:10DC800049FD2800FFF786FE07003800C0B20028D3
:10DC900034D001283DD14CF220582800FFF749FF2D
:10DCA000404501D1012006002800FFF742FF010096
:10DCB00089B22800FFF738FF2800FFF73AFF4045F8
:10DCC00001D1012006002800FFF733FF010089B2CF
:10DCD0002800FFF729FF2800FFF767FE01280CD175
:10DCE0003000C0B2002808D04DF628112800FFF7F8
:10DCF0001BFF01212800FFF76DFE0AE04AF20261D6
:10DD00002800FFF711FF4BF280412800FFF70CFFBE
:10DD1000FFE7FFF717FDBDE8F0812DE9F8430400A8
:10DD20000E001500474850F82470002C01D1012046
:10DD300000E00020C0B2EEF753F93800FFF735FEDF
:10DD4000804629003000FFF7E1FE81464846C0B218
:10DD500000281FD13800FFF74EFE012802D1012014
:10DD6000814617E03800FFF710FEBE60002D05D099
:10DD7000FD60386850F08000386003E0386830F0AB
:10DD8000800038603800FFF7FBFD4146C9B238001B
:10DD9000FFF720FE4846C0B2BDE8F283F8B50400A4
:10DDA000284850F82450002C01D1012000E0002028
:10DDB000C0B2EEF715F92800FFF7F7FD0600FFF7F0
:10DDC000D5FC2800FFF717FE07003800C0B2002876
:10DDD00007D12800FFF7D9FD3100C9B22800FFF7AD
:10DDE000F9FDFFF7DBFC3800C0B2F2BD38B5040026
:10DDF000144850F82450002C01D1012000E00020EC
:10DE0000C0B2EEF7EDF81148005D012815D12800E9
:10DE1000FFF798FE002813D02800FFF797FE002890
:10DE20000ED02800FFF797FE074951F8240000287C
:10DE300006D051F82400804702E02800FFF78BFE4F
:10DE400031BD0000B0484400B82D4020DC2D4020FA
:10DE50000A0100FF80B50020F0F787FB01BDF8B58F
:10DE600004000D0016001F00FF2E12D197F80503C5
:10DE7000002846D12800C0B2052801D0072807D1C4
:10DE800002222900C9B22000C0B2F2F71DFE38E01C
:10DE900037E00C2000FB06F038444079002830D1F0
:10DEA0002800C0B200280ED002281CD013D30428AA
:10DEB00001D01FD325E003223100C9B22000C0B237
:10DEC000F2F702FE1DE000223100C9B22000C0B20C
:10DED000F2F7FAFD15E001223100C9B22000C0B20C
:10DEE000F2F7F2FD0DE0012206212000C0B2F2F7A8
:10DEF000EBFD06E0012207212000C0B2F2F7E4FDAD
:10DF0000FFE7F1BDF8B504000D0016001F00280062
:10DF1000C0B20B2804D12000C0B2F2F701FEFFE727
:10DF2000F1BD704701000020704780B50020F4F774
:10DF300037FF01BD80B501231F2200210020F4F727
:10DF40007FFE01BD80B500233F2220210020F4F791
:10DF500077FE01BD80B50020F9F702FF01BD80B555
:10DF60000120F9F7FDFE01BD80B50020FFF73EFF5F
:10DF700001BD00000E0C0A0843616D6572612057F7
:10DF8000616974205061636B7420537563657373AA
:10DF90003A25640D0A00000073746570333A2072EC
:10DFA0006561642043616D65726120526567463525
:10DFB000206572722C2052656746353A3078257894
:10DFC0002C20636E743A25640D0A0000737465702A
:10DFD000333A204F54412057616974205265737061
:10DFE0006F6E64204F766572666C6F77204F662087
:10DFF000436F756E740D0A0073746570343A436133
:10E000006D65726120557067726164696E67204446
:10E0100061746153697A653A307825782C4461746B
:10E0200061416464723A307825782C436865636B8B
:10E0300053756D3A307825782C4C69415F435243D3
:10E040003A307825780D0A0073746570343A20727E
:10E050006561642043616D65726120526567463277
:10E06000206572722C2052656746323A30782578E6
:10E070002C20436E743A25640D0A00007374657099
:10E08000343A20726561642043616D65726120528B
:10E0900065674632206572722C2052656746323AB7
:10E0A000307825780D0A000043616D657261204368
:10E0B000757272656E74205357205665723A2564E6
:10E0C0002E25642C2048572056657225642E256421
:10E0D0000D0A000052434D2045726173652C207378
:10E0E000656E64206E726337380D0A007374657054
:10E0F000313A20726561642043616D65726120521E
:10E1000065674631206572722C2052656746313A48
:10E11000307825782C20636E743A25640D0A00004F
:10E1200073746570313A20726561642043616D6576
:10E130007261205265674631206572722C205265EB
:10E140006746313A307825780D0A0000737465709F
:10E15000353A20726561642043616D6572612052B9
:10E1600065674633206572722C2052656746333AE4
:10E17000307825780D0A000073746570373A207284
:10E180006561642043616D65726120526567464533
:10E190003A307825780D0A0073746570373A204359
:10E1A000616D657261204352433332204368656379
:10E1B0006B204661756C742C20307825782C2043B8
:10E1C000616C3A307825782C2052656746453A30A4
:10E1D0007825782C200D0A0052434D20496E746535
:10E1E00067726974792C2073656E64206E72633770
:10E1F000380D0A0073746570363A207265616420C8
:10E2000043616D65726120526567463420657272A4
:10E210002C2052656746343A307825780D0A000084
:10E2200050425353000000004255534F46465F4C46
:10E23000563100004255534F46465F4C563200005F
:10E24000496E69740000000063616E20576F726B45
:10E25000205374617465206368616E67653A202598
:10E2600073202D3E2025730D0A00000043616E547B
:10E270007852780073656E642066697273742063E7
:10E28000616E206D73670D0A000000000000000041
:10E29000000000000100000000000000020000007B
:10E2A0000000000061707044636D000044636D20E5
:10E2B000526573706F6E73652044656661756C742A
:10E2C0002053657373696F6E0D0A000044636D20FF
:10E2D000526573706F6E73652052657365740D0AB5
:10E2E000000000006163635F6F6E3D302C20675F4C
:10E2F0007374417070446961672E656E576F726BFD
:10E300005374617465203D20444941475F534C4537
:10E3100045500D0A0000000053657343726C000005
:10E320006368616E67652031302030322066616934
:10E330006C65642C2070726F6772616D436F6E64E0
:10E340006974696F6E3D25642C204163747547655F
:10E3500061725368696674506F733D25642C205058
:10E360006F77566F6C743D25642C204143433D25E7
:10E37000642C2043757253657373696F6E3D256419
:10E380000D0A0D0A000000005333205365727665B4
:10E39000722054696D656F75740D0A0D0A000000D6
:10E3A00044636D5265737400446961676E6F737482
:10E3B0006963207265717565737420726573657425
:10E3C0000D0A0000534D49524D00000056312E38C1
:10E3D000382E333437000000526F7574696E650053
:10E3E000436865636B50726F6772616D6D696E67CC
:10E3F000507265436F6E646974696F6E73206661F5
:10E40000696C65642C207072655278466C61673D5A
:10E4100025642C205278466C61673D25642C20567B
:10E42000656853706456616C69643D25642C207383
:10E43000706565643D25640D0A00000073656341E5
:10E440006363000073656375726974795F61636308
:10E450006573735F736565643A20253032582025F3
:10E46000303258202530325820253032582C206C3C
:10E47000736565643D25642C20766F6C743D25645E
:10E480002C206974696D653D25642C207469636B6B
:10E490003D25640D0A0D0A006D61696E00000000E3
:10E4A0000D0A0D0A5B626F6F745D20656E74657294
:10E4B00020486172644661756C745F48616E646C7B
:10E4C00065722C204C523D3078253038782021213F
:10E4D00021212121210D0A0D0A00000020466C6136
:10E4E00073682045726173652C2061646472203DFD
:10E4F000256420210D0A0D0A0000000045736320E9
:10E50000486172644661756C745F48616E646C65E5
:10E5100072212121210D0A0D0A00000000000000D7
:10E52000EF6342004164420065644200A16442001E
:10E53000B36442007167420001000000F94A4200E2
:10E540001D4B4200474B42008F4B4200A14B420003
:10E550003D4C420002000000DD4C4200574D42009D
:10E56000654D4200834E4200954E4200214F4200CD
:10E5700003000000796742007B6742007D6742002C
:10E58000CB67420013684200156842000400000097
:10E5900053797374656D20526573657420736F755C
:10E5A0007263653A2025640D0A0000002A2A2A2A8F
:10E5B0002A2A2A2A2A2A2A2A2A2A2A2A2A2053794D
:10E5C0007374656D2077616B657570202A2A2A2A1D
:10E5D0002A2A2A2A2A2A2A2A2A2A2A2A2A0D0A0002
:10E5E00077616B652075702062792063616E305FA2
:10E5F00072782070696E200D0A00000077616B65EB
:10E600002075702062792063616E315F72782070AE
:10E61000696E200D0A00000077616B65207570201F
:10E620006279204143432070696E200D0A0000008A
:10E63000454D6F64756C655F737973626F6F7400BD
:10E64000454D6F64756C655F63616E00454D6F6429
:10E65000756C655F6469616700000000454D6F641B
:10E66000756C655F54500000426F6F743A205273AE
:10E67000745372633A25642C28706F7765723A255B
:10E68000642C63616E4E6D3A25642C63616E506E2E
:10E69000633A25642C63616E4D73673A25642C647C
:10E6A0006961673A25642C6275736F66663A256402
:10E6B0002C6163633A25642C6163635F6F6E3A2556
:10E6C000642C64656275673A2564292C507753740D
:10E6D0003A25642C5077566F6C3A2564562C48576F
:10E6E0003A25642C43616E576F726B3A25732C5335
:10E6F000657373696F6E3A25642C7365634C657638
:10E70000656C3A25642C64736C5F72785F73743D3A
:10E7100025642C64736C5F74785F73743D25640D9D
:10E720000A0000000D0A0D0A0D0A0D0A0D0A0D0A55
:10E730002A2A2A2A2A2A2A2A2A2A2A2A2A2A2A2A39
:10E740002A2A20426F6F742053797374656D2053A9
:10E7500074617274202A2A2A2A2A2A2A2A2A2A2A10
:10E760002A2A2A2A2A2A2A0D0A000000574B534F28
:10E77000555243455F504F5745520000574B534F3A
:10E78000555243455F43414E4E4D0000574B534F4A
:10E79000555243455F44494147000000574B534F92
:10E7A000555243455F504E4300000000574B534FB6
:10E7B000555243455F41434300000000574B534FC0
:10E7C000555243455F44454255470000574B534F10
:10E7D000555243455F4255534F464600574B534FA2
:10E7E000555243455F53575F4143435F4F4E0000CF
:10E7F000556E646566696E65645F57616B657570BB
:10E800005372630053657457616B6575705372631F
:10E81000203D2025730D0A00436C65617257616BC2
:10E82000657570537263203D2025730D0A0000004A
:10E830005379734D6F64655F5265736574000000B2
:10E840005379734D6F64655F496E69740000000011
:10E850005379734D6F64655F507265706172615377
:10E860006C656570000000005379734D6F64655FDF
:10E87000536C6565700000005379734D6F64655F7C
:10E88000576F726B696E67005379734D6F64655F84
:10E890004D617800537973626F6F74536572766956
:10E8A00063655374617465207377697463683A2093
:10E8B0002573202D3E2025730D0A00002A2A2A2ABE
:10E8C0002A2A2A2A2A2A2A2A2A2A20506F775F4FA0
:10E8D0006E2121212A2A2A2A2A2A2A2A2A2A2A2A6F
:10E8E0002A2A2A2A0D0A0000414343206973204F37
:10E8F0004E2C2073746F7020736C6565702E0D0A3A
:10E9000000000000426F6F743A2077616B6575708C
:10E910002073726328706F7765723A25642C636187
:10E920006E4E6D3A25642C63616E506E633A2564B9
:10E930002C646961673A25642C6275736F66663A68
:10E9400025642C6163633A25642C6163635F6F6E99
:10E950003A25642C64656275673A2564292C5077E2
:10E9600053743A25642C5077566F6C3A2564562CB4
:10E9700054705077724F6E3A25642C564F533A2597
:10E98000642C48573A25642C43616E576F726B3A7A
:10E9900025732C53657373696F6E3A25642C736508
:10E9A000634C6576656C3A25640D0A0D0A0000001B
:10E9B0002A2A2A2A2A2A2A2A2A2A2A2A2A2A20509B
:10E9C0006F775F446F776E2C20656E74657220736D
:10E9D0006C656570212121202A2A2A2A2A2A2A2ABE
:10E9E0002A2A2A2A2A2A2A200D0A0D0A00000000B3
:10E9F00030E6430040E643004CE643005CE643005B
:10EA0000537461727420706F776572206F6E0D0A97
:10EA100000000000545036387878204F5344205579
:10EA200070677261646520416464723A3078257859
:10EA30002C205061636B53697A653A307825782CC5
:10EA400020546F74616C3A30782578210D0A0000EB
:10EA5000545036387878205350495F464C415348DB
:10EA6000204572617365205375636573732121219D
:10EA70000D0A00005550444154455F464C415348EF
:10EA8000445256005550444154455F415050000097
:10EA90005550444154455F424F4F540055504441F6
:10EAA00054455F56500000005550444154455F5254
:10EAB000434D000075706461746500005349443330
:10EAC0003420466F726D6174206572726F722C20F3
:10EAD0004E5243253032780D0A000000534944332A
:10EAE0003420557064617465547970652065727264
:10EAF0006F722C204E5243253032780D0A000000F0
:10EB00005349443334204D656D6F727941646472AA
:10EB1000657373206F72204D656D6F727953697ADA
:10EB200065206572726F722C204E52432530327808
:10EB30000D0A000053494420333420526571756535
:10EB4000737420446F776E6C6F6164282573292E6F
:10EB50000D0A000053494420333720526571756512
:10EB60007374205472616E7366657220457869749F
:10EB7000282573292E0D0A003331203031204630EC
:10EB800020303120436865636B2050726F6772617B
:10EB90006D6D696E6720496E746567726974792856
:10EBA0002573292025730D0A000000006661696C39
:10EBB000656400003331203031204646203030205B
:10EBC000436865636B204572617365204D656D6FA9
:10EBD0007279282573292025732E0D0A0000000064
:10EBE0003331203031204646203031204368656380
:10EBF0006B50726F6772616D6D696E6720446570EE
:10EC0000656E64656E6369657328257329202573B5
:10EC10000D0A0000333120303120464620303420A8
:10EC2000416374697665204E657720417070426F4C
:10EC30006F742C20626B5F626F6F7420636F64650A
:10EC40002025732E0D0A00007661696C64000000B7
:10EC5000696E76616C6964001C440020320000001B
:10EC600000510020320000005B43414E25645D20CE
:10EC70006275736F6666207265636F766572207366
:10EC8000756363657373210D0A0000005B43414E99
:10EC900025645D206275736F6666207472792072D8
:10ECA00065636F7665722C2073656E64206D736783
:10ECB0000D0A0D0A000000005B43414E25645D20F3
:10ECC0006275736F666620696E2043616E534D42B4
:10ECD0006F7254696D654C312C20636E743D2564F0
:10ECE0002C206C696E653D25640D0A0D0A0000003C
:10ECF0005B43414E25645D206275736F66662069D3
:10ED00006E2043616E534D426F7254696D654C3293
:10ED10002C20636E743D25642C204474635374610D
:10ED20007475733D25642C206C696E653D25640DFA
:10ED30000A0000005B43414E25645D206275736FDD
:10ED4000666620747279207265636F766572206ED4
:10ED50006F726D616C2121210D0A0D0A0000000007
:10ED6000E80300006400000000000000080000004C
:10ED7000010000000200000002000000000000008E
:10ED800000000000000000000100000000000A0078
:10ED900000000100190019009600000008000101A0
:10EDA0000500000080ED430084ED430008000000F2
:10EDB0000100000001000A00010001001900190013
:10EDC00096000100080001000500000080ED4300EE
:10EDD00084ED430008000000000000000A0002006B
:10EDE0000200010019004B00320000000800010180
:10EDF00080ED430084ED43000800000000000000A7
:10EE000001000000020001000100020001000200F8
:10EE10000200000070ED430088ED430000EE430067
:10EE200044636D5F447370005365637572697479F0
:10EE30002041636365732073746172742044656C50
:10EE4000617954696D6572202564206D732E0D0AF9
:10EE5000000000004E766D536176653A205365637D
:10EE600075726974792041636365732050617261C2
:10EE70006D2E0D0A00000000536563757269747988
:10EE80002041636365732073746F702044656C6107
:10EE90007954696D65722E0D0A00000000000000B3
:10EEA000000000001027000005030004040000001B
:10EEB00043244200592442000000000000000000EA
:10EEC00000000000102700000103000404000000FF
:10EED0001D24420033244200000000000000000016
:10EEE0000000000000000000000000000000000022
:10EEF0000000000000000000010000009CEE430044
:10EF0000010032008813000002001900881300007D
:10EF10000300320088130000000000000000010020
:10EF200000EF430040324020000000005C324020EF
:10EF30003032402040324020000000006C3240203F
:10EF40000000000040324020000000006C324020F1
:10EF5000000000006C324020000000005C324020C5
:10EF6000303240206C324020000000005C324020F3
:10EF7000303240206C324020000000005C324020E3
:10EF8000303240206C324020000000005C324020D3
:10EF9000303240204032402000000000403240200B
:10EFA00000000000643240203832402040324020CF
:10EFB00000000000403240200000000040324020AD
:10EFC000000000006C324020000000005C32402055
:10EFD000303240206C324020000000005C32402083
:10EFE000303240206C324020000000006C32402063
:10EFF000000000006C324020000000006C32402015
:10F00000000000006C324020000000006C32402004
:10F01000000000004032402000000000403240204C
:10F02000000000004032402000000000403240203C
:10F0300000000000403240200000000000010000FD
:10F0400024EF43002CEF430000000000000100000B
:10F0500034EF430000000000000000000001000049
:10F060003CEF430000000000000000000001000031
:10F0700044EF430000000000000000000001000019
:10F080004CEF430000000000000000000001000001
:10F0900054EF43005CEF430000000000000100005B
:10F0A00064EF43006CEF430000000000000100002B
:10F0B00074EF43007CEF43000000000000010000FB
:10F0C00084EF43008CEF43000000000000010000CB
:10F0D00094EF430000000000000000000001000069
:10F0E0009CEF4300A4EF430000000000000100007B
:10F0F000ACEF430000000000000000000001000031
:10F10000B4EF430000000000000000000001000018
:10F11000BCEF430000000000000000000001000000
:10F12000C4EF4300CCEF43000000000000010000EA
:10F13000D4EF4300DCEF43000000000000010000BA
:10F14000E4EF4300000000000000000000010000A8
:10F15000ECEF430000000000000000000001000090
:10F16000F4EF430000000000000000000001000078
:10F17000FCEF430000000000000000000001000060
:10F1800004F0430000000000000000000001000047
:10F190000CF043000000000000000000000100002F
:10F1A00014F0430000000000000000000001000017
:10F1B0001CF04300000000000000000000010000FF
:10F1C00024F04300000000000000000000010000E7
:10F1D0002CF04300000000000000000000010000CF
:10F1E00034F043000000000000000000030087F13D
:10F1F0003CF04300783240200F0000000000000087
:10F20000C9B44200D3B44200E1B44200FDB44200AC
:10F2100000000000000000000000000000000000EE
:10F2200000000000000000000000000003008AF160
:10F230004CF043007C3240200A0000000000000037
:10F2400025B542002FB5420000000000000000007C
:10F2500000000000000000000000000000000000AE
:10F26000000000000000000000000000030097F113
:10F270005CF04300803240200A00000000000000E3
:10F2800041B542004BB54200000000000000000004
:10F29000000000000000000000000000000000006E
:10F2A000000000000000000000000000030093F1D7
:10F2B0006CF0430084324020020000000000000097
:10F2C0005FB5420069B54200000000000000000088
:10F2D000000000000000000000000000000000002E
:10F2E000000000000000000000000000030095F195
:10F2F0007CF0430088324020020000000000000043
:10F300007BB5420085B5420000000000000000000F
:10F3100000000000000000000000000000000000ED
:10F3200000000000000000000000000003008CF15D
:10F330008CF043008C3240200E00000000000000E2
:10F3400097B54200A1B54200AFB54200CBB542002F
:10F3500000000000000000000000000000000000AD
:10F36000000000000000000000000000030090F119
:10F370009CF043009032402011000000000000008B
:10F38000F3B54200FDB542000BB6420015B642008F
:10F39000000000000000000000000000000000006D
:10F3A00000000000000000000000000003008BF1DE
:10F3B000ACF0430094324020030000000000000045
:10F3C0003DB6420047B6420055B6420071B6420013
:10F3D000000000000000000000000000000000002D
:10F3E0000000000000000000000000000300A0F189
:10F3F000BCF04300983240200300000000000000F1
:10F40000B9B64200C3B64200D1B64200DBB64200F4
:10F4100000000000000000000000000000000000EC
:10F4200000000000000000000000000003004AF19E
:10F43000CCF043009C32402002000000000000009D
:10F4400023B742002DB7420000000000000000007A
:10F4500000000000000000000000000000000000AC
:10F4600000000000000000000000000003005AF14E
:10F47000DCF04300A0324020150000000000000036
:10F480003DB7420047B7420055B742005FB7420060
:10F49000000000000000000000000000000000006C
:10F4A000000000000000000000000000030021F048
:10F4B000ECF04300A43240200200000000000000F5
:10F4C00087B7420091B74200000000000000000032
:10F4D000000000000000000000000000000000002C
:10F4E000000000000000000000000000030022F007
:10F4F000FCF04300A83240200200000000000000A1
:10F50000A9B74200B3B742000000000000000000AD
:10F5100000000000000000000000000000000000EB
:10F52000000000000000000000000000030026F0C2
:10F530000CF14300AC32402002000000000000004B
:10F54000CBB74200D5B74200000000000000000029
:10F5500000000000000000000000000000000000AB
:10F560000000000000000000000000000300A1F106
:10F570001CF14300B03240201100000000000000E8
:10F5800075B842007FB842008DB8420097B842007B
:10F59000000000000000000000000000000000006B
:10F5A0000000000000000000000000000300B1F1B6
:10F5B0002CF14300B4324020100000000000000095
:10F5C000BFB84200C9B84200D7B84200E1B8420013
:10F5D000000000000000000000000000000000002B
:10F5E000000000000000000000000000030000F127
:10F5F0003CF14300B832402003000000000000004E
:10F6000031B942003BB94200000000000000000098
:10F6100000000000000000000000000000000000EA
:10F62000000000000000000000000000030001F1E5
:10F630004CF14300BC3240200200000000000000FA
:10F6400055B942005FB94200000000000000000010
:10F6500000000000000000000000000000000000AA
:10F66000000000000000000000000000030002F1A4
:10F670005CF14300C03240200100000000000000A7
:10F6800077B9420081B9420000000000000000008C
:10F69000000000000000000000000000000000006A
:10F6A000000000000000000000000000030003F163
:10F6B0006CF14300C4324020030000000000000051
:10F6C0009FB94200A9B942000000000000000000FC
:10F6D000000000000000000000000000000000002A
:10F6E000000000000000000000000000030004F122
:10F6F0007CF14300C83240200700000000000000F9
:10F70000BFB94200C9B9420000000000000000007B
:10F7100000000000000000000000000000000000E9
:10F72000000000000000000000000000030005F1E0
:10F730008CF14300CC3240200100000000000000AA
:10F74000FFB9420009BA42000000000000000000BA
:10F7500000000000000000000000000000000000A9
:10F7600000000000000000000000000003004BF15A
:10F770009CF14300D0324020010000000000000056
:10F78000E5B74200EFB742000000000000000000B3
:10F790000000000000000000000000000000000069
:10F7A00000000000000000000000000003005FF106
:10F7B000ACF14300D43240201100000000000000F2
:10F7C000FBB7420005B84200000000000000000046
:10F7D0000000000000000000000000000000000029
:10F7E000000000000000000000000000030010F214
:10F7F000BCF14300D83240200300000000000000AC
:10F8000059B8420063B84200000000000000000048
:10F8100000000000000000000000000000000000E8
:10F82000000000000000000000000000030086F15E
:10F83000CCF14300DC324020010000000000000059
:10F8400017BA420021BA4200000000000000000088
:10F8500000000000000000000000000000000000A8
:10F86000000000000000000000000000030000FD98
:10F87000DCF14300E03240201000000000000000F6
:10F880003BBA420045BA4200000000000000000000
:10F890000000000000000000000000000000000068
:10F8A0000000000000000000000000000000000058
:10F8B0000000000000000000000000000000000048
:10F8C0000000000000000000000000000000000038
:10F8D0000000000000000000000000000000000028
:10F8E0000000000000000000000100000000010016
:10F8F00004000100000001000900010000000100F7
:10F900005C32402000000000ECF8430000000000E2
:10F91000000000006432402038324020F0F84300FC
:10F920000000000000000000643240203832402017
:10F93000F4F84300000000000000000064324020A2
:10F9400038324020F8F843000000000000000000BA
:10F950006432402038324020FCF8430000000000B0
:10F960000000000000000000000000000000000097
:10F970000000000000000000000002FF00F943004A
:10F98000D947420000000000000000000000000015
:10F99000000001F014F94300374842000000000065
:10F9A0000000000000000000000001FF28F94300F3
:10F9B000814842000000000000000000000000003C
:10F9C000000000FF3CF94300BF4842000000000077
:10F9D0000000000000000000000004FF50F9430098
:10F9E0000949420000000000000000000000000083
:10F9F0000000FFFF00000000000000000000000009
:10FA00000000000001000000DB000000ECF14300FA
:10FA10003CF0430000000000000000000000000077
:10FA20000000000078F9430000F94300FCEE4300B9
:10FA300020EF430000000000000000000000000074
:10FA4000100100002432402040324020000000001D
:10FA5000110100002432402040324020000000000C
:10FA600022000000243240204032402000000000EC
:10FA700027010000243240205032402000000000C6
:10FA80002E000000243240205032402000000000B0
:10FA900031010000243240204032402000000000AC
:10FAA0003E0100002432402040324020000000008F
:10FAB00028010000303240205C324020000000006D
:10FAC00085010000303240205C3240200000000000
:10FAD0003400000038324020643240200000000032
:10FAE0003600000038324020643240200000000020
:10FAF000370000003832402064324020000000000F
:10FB000000000000000000000000000001000000F4
:10FB10000000000040FA4300000000000000000068
:10FB2000000000000100000010FB43000000FF0F78
:10FB30008C0A4020FF0F00008C1A402001000004B6
:10FB4000981A402000040000981E4020BD4C42003E
:10FB5000C34C420000000000000000000000000054
:10FB60000100000000000000000000000100000093
:10FB7000ACFB43000200000000000000ACFB4300AF
:10FB80000100010000000000000000000000000073
:10FB900000000100ACFB4300020000000000000078
:10FBA000000000000000000001000000C4FB430052
:10FBB00000000000000000000000000094FB430073
:10FBC00000000000ECFB4300ACFB43000000000021
:10FBD0000000000000000000000000000000000025
:10FBE0000000000000000000010000000300000011
:10FBF000000100002CFB43003CFB430010FB4300D2
:10FC000040FC4300C4FB4300A41E40200000000051
:10FC100000000000000000000000000000000000E4
:10FC200000000000000000000000000000000000D4
:10FC30000100000070FB430094FB4300ECFB430019
:10FC4000881332000000000088130000000000004C
:10FC5000000000000000010040FC4300F9164200D3
:10FC60000000000000000000000000000000000094
:10FC70000000000000000000010000002CFB430019
:10FC80004CFB4300EA0A440034FC430058FC4300A8
:10FC900064FB43005CFC430008FA430028FB43007C
:10FCA0007CFC43000001020304050607080909095A
:10FCB000090A0A0A0A0B0B0B0B0C0C0C0C0D0D0D90
:10FCC0000D0D0D0D0D0E0E0E0E0E0E0E0E0E0E0E59
:10FCD0000E0E0E0E0E0F0F0F0F0F0F0F0F0F0F0F39
:10FCE0000F0F0F0F0F000000004030400080304029
:10FCF00000C0304040000000400000004000000014
:10FD0000004030406D61696E00000000666C735FFA
:10FD1000696E69745F686561646572200D0A000030
:10FD20005245434F56455259203D3E20706F732037
:10FD300025640D0A0000000044617461205265636F
:10FD40006F657279204F4B0D0A000000FE00000025
:10FD5000000000004A46454500000000494E495455
:10FD6000203D3E206374782D3E646174615F616460
:10FD7000647220203078257820206374782D3E66C8
:10FD80006C735F6375725F706F733A25642062797C
:10FD900074653A25642062697420706F733A256433
:10FDA0000D0A000072652D696E697420666C7321FE
:10FDB000210D0A006261636B7570206461746120BB
:10FDC00053495A453A307825782020494E464F3AD3
:10FDD00030782578204F66667365743A25580A0096
:10FDE00052454144203C3D206374782D3E6461744B
:10FDF000615F61646472202030782578202063740C
:10FE0000782D3E666C735F6375725F706F733A2511
:10FE10006420627974653A25642062697420706F89
:10FE2000733A25640D0A00004F4B0D0A00000000D4
:10FE3000435243204552524F5221210D0A000000E7
:10FE4000000000002110000042200000633000008C
:10FE500084400000A5500000C6600000E77000006C
:10FE600008810000299100004AA100006BB1000048
:10FE70008CC10000ADD10000CEE10000EFF1000028
:10FE80003112000010020000733200005222000004
:10FE9000B552000094420000F7720000D6620000E4
:10FEA00039930000188300007BB300005AA30000C0
:10FEB000BDD300009CC30000FFF30000DEE30000A0
:10FEC00062240000433400002004000001140000FC
:10FED000E6640000C7740000A444000085540000DC
:10FEE0006AA500004BB500002885000009950000B8
:10FEF000EEE50000CFF50000ACC500008DD5000098
:10FF00005336000072260000111600003006000073
:10FF1000D7760000F666000095560000B446000053
:10FF20005BB700007AA7000019970000388700002F
:10FF3000DFF70000FEE700009DD70000BCC700000F
:10FF4000C4480000E558000086680000A77800005B
:10FF5000400800006118000002280000233800005B
:10FF6000CCC90000EDD900008EE90000AFF9000017
:10FF700048890000699900000AA900002BB9000017
:10FF8000F55A0000D44A0000B77A0000966A0000D3
:10FF9000711A0000500A0000333A0000122A0000D3
:10FFA000FDDB0000DCCB0000BFFB00009EEB00008F
:10FFB000799B0000588B00003BBB00001AAB00008F
:10FFC000A66C0000877C0000E44C0000C55C0000CB
:10FFD000222C0000033C0000600C0000411C0000CB
:10FFE000AEED00008FFD0000ECCD0000CDDD000087
:10FFF0002AAD00000BBD0000688D0000499D000087
:020000040044B6
:10000000977E0000B66E0000D55E0000F44E000042
:10001000133E0000322E0000511E0000700E000042
:100020009FFF0000BEEF0000DDDF0000FCCF0000FE
:100030001BBF00003AAF0000599F0000788F0000FE
:1000400088910000A9810000CAB10000EBA1000066
:100050000CD100002DC100004EF100006FE1000046
:1000600080100000A1000000C2300000E32000006A
:10007000045000002540000046700000676000004A
:10008000B983000098930000FBA30000DAB30000DE
:100090003DC300001CD300007FE300005EF30000BE
:1000A000B102000090120000F3220000D2320000E2
:1000B00035420000145200007762000056720000C2
:1000C000EAB50000CBA50000A895000089850000D6
:1000D0006EF500004FE500002CD500000DC50000B6
:1000E000E2340000C3240000A014000081040000DA
:1000F00066740000476400002454000005440000BA
:10010000DBA70000FAB7000099870000B89700004D
:100110005FE700007EF700001DC700003CD700002D
:10012000D3260000F236000091060000B016000051
:100130005766000076760000154600003456000031
:100140004CD900006DC900000EF900002FE9000035
:10015000C8990000E98900008AB90000ABA9000035
:100160004458000065480000067800002768000039
:10017000C0180000E108000082380000A328000039
:100180007DCB00005CDB00003FEB00001EFB0000AD
:10019000F98B0000D89B0000BBAB00009ABB0000AD
:1001A000754A0000545A0000376A0000167A0000B1
:1001B000F10A0000D01A0000B32A0000923A0000B1
:1001C0002EFD00000FED00006CDD00004DCD0000A5
:1001D000AABD00008BAD0000E89D0000C98D0000A5
:1001E000267C0000076C0000645C0000454C0000A9
:1001F000A23C0000832C0000E01C0000C10C0000A9
:100200001FEF00003EFF00005DCF00007CDF00001C
:100210009BAF0000BABF0000D98F0000F89F00001C
:10022000176E0000367E0000554E0000745E000020
:10023000932E0000B23E0000D10E0000F01E000020
:1002400000000000963007772C610EEEBA51099934
:1002500019C46D078FF46A7035A563E9A395649E90
:100260003288DB0EA4B8DC791EE9D5E088D9D297B4
:100270002B4CB609BD7CB17E072DB8E7911DBF9010
:100280006410B71DF220B06A4871B9F3DE41BE8434
:100290007DD4DA1AEBE4DD6D51B5D4F4C785D38390
:1002A00056986C13C0A86B647AF962FDECC9658A34
:1002B0004F5C0114D96C0663633D0FFAF50D088D90
:1002C000C8206E3B5E10694CE44160D5727167A234
:1002D000D1E4033C47D4044BFD850DD26BB50AA590
:1002E000FAA8B5356C98B242D6C9BBDB40F9BCACB4
:1002F000E36CD832755CDF45CF0DD6DC593DD1AB10
:10030000AC30D9263A00DE518051D7C81661D0BF33
:10031000B5F4B42123C4B3569995BACF0FA5BDB88F
:100320009EB802280888055FB2D90CC624E90BB133
:10033000877C6F2F114C6858AB1D61C13D2D66B68F
:100340009041DC760671DB01BC20D2982A10D5EFF3
:100350008985B1711FB5B606A5E4BF9F33D4B8E84F
:10036000A2C9077834F9000F8EA8099618980EE1F3
:10037000BB0D6A7F2D3D6D08976C6491015C63E64F
:10038000F4516B6B62616C1CD83065854E0062F273
:10039000ED95066C7BA5011BC1F4088257C40FF5CF
:1003A000C6D9B06550E9B712EAB8BE8B7C88B9FCF3
:1003B000DF1DDD62492DDA15F37CD38C654CD4FB4F
:1003C0005861B24DCE51B53A7400BCA3E230BBD4F3
:1003D00041A5DF4AD795D83D6DC4D1A4FBF4D6D34F
:1003E0006AE96943FCD96E34468867ADD0B860DAF3
:1003F000732D0444E51D03335F4C0AAAC97C0DDD4F
:100400003C710550AA41022710100BBE86200CC972
:1004100025B56857B3856F2009D466B99FE461CECE
:100420000EF9DE5E98C9D9292298D0B0B4A8D7C7F2
:10043000173DB359810DB42E3B5CBDB7AD6CBAC04E
:100440002083B8EDB6B3BF9A0CE2B6039AD2B1746A
:100450003947D5EAAF77D29D1526DB048316DC73C6
:10046000120B63E3843B64943E6A6D0DA85A6A7A6A
:100470000BCF0EE49DFF099327AE000AB19E077DC6
:1004800044930FF0D2A3088768F2011EFEC20669EA
:100490005D5762F7CB67658071366C19E7066B6E46
:1004A000761BD4FEE02BD3895A7ADA10CC4ADD676A
:1004B0006FDFB9F9F9EFBE8E43BEB717D58EB060C6
:1004C000E8A3D6D67E93D1A1C4C2D83852F2DF4F6A
:1004D000F167BBD16757BCA6DD06B53F4B36B248C6
:1004E000DA2B0DD84C1B0AAFF64A0336607A04416A
:1004F000C3EF60DF55DF67A8EF8E6E3179BE6946C6
:100500008CB361CB1A8366BCA0D26F2536E26852E9
:1005100095770CCC03470BBBB91602222F26055545
:10052000BE3BBAC5280BBDB2925AB42B046AB35C69
:10053000A7FFD7C231CFD0B58B9ED92C1DAEDE5BC5
:10054000B0C2649B26F263EC9CA36A750A936D02A9
:10055000A906099C3F360EEB856707721357000505
:10056000824ABF95147AB8E2AE2BB17B381BB60C29
:100570009B8ED2920DBED5E5B7EFDC7C21DFDB0B85
:10058000D4D2D38642E2D4F1F8B3DD686E83DA1FA9
:10059000CD16BE815B26B9F6E177B06F7747B71805
:1005A000E65A0888706A0FFFCA3B06665C0B0111A9
:1005B000FF9E658F69AE62F8D3FF6B6145CF6C1605
:1005C00078E20AA0EED20DD75483044EC2B30339A9
:1005D000612667A7F71660D04D476949DB776E3E05
:1005E0004A6AD1AEDC5AD6D9660BDF40F03BD83729
:1005F00053AEBCA9C59EBBDE7FCFB247E9FFB53085
:100600001CF2BDBD8AC2BACA3093B353A6A3B424A8
:100610000536D0BA9306D7CD2957DE54BF67D92304
:100620002E7A66B3B84A61C4021B685D942B6F2AA8
:1006300037BE0BB4A18E0CC31BDF055A8DEF022D04
:1006400063616E25642064726976657220696E69E3
:10065000740D0A0063616E256420647269766572A8
:10066000206465696E69740D0A00000063616E257F
:1006700064205443414E313034335F4F70657261B2
:1006800074696E674D6F6465203D20535441525428
:1006900045440D0A0000000063616E256420544348
:1006A000414E313034335F4F7065726174696E67EB
:1006B0004D6F6465203D2043414E5F43535F53546B
:1006C0004F505045440D0A0063616E256420544329
:1006D000414E313034335F4F7065726174696E67BB
:1006E0004D6F6465203D2043414E5F43535F534C43
:1006F0004545500D0A00000043414E2564205761D6
:100700006B655570210D0A0043414E2564206472CB
:100710006976657220736C656570210D0A000000B2
:1007200043414E2564206472697665722064697362
:1007300061626C65210D0A0063616E25642043616E
:100740006E49665F536574436F6E74726F6C6C654F
:10075000724D6F6465203D20535441525445440D01
:100760000A00000063616E25642043616E49665F84
:10077000536574436F6E74726F6C6C65724D6F6409
:1007800065203D20534C4545500D0A0043414E2500
:100790006420647269766572207472696767657235
:1007A000204275734F6666210D0A00004C4F474F7B
:1007B00050454E006C6F676F70656E004C4F47433D
:1007C0004C4F5345000000006C6F67636C6F73659E
:1007D00000000000726573657400000052455345C7
:1007E00054000000303030303030303030300000D5
:1007F00061737365727400004552524F52000000DD
:100800005741524E494E4700545241434500000063
:10081000494E464F000000004465627567000000C5
:1008200053796E6300000000556E6B6E6F776E003B
:100830003031323334353637383961626364656656
:100840000000000030313233343536373839414218
:1008500043444546666C61736800000065726173CD
:100860006520666C617368206661696C642C204E3B
:100870006F74204C6F6164656420466C61736820FE
:100880004472697665720D0A00000000657261733A
:100890006520666C61736820736563746F7220668F
:1008A00061696C642C2044657374416464723D30EA
:1008B00078253038582C20736563746F723D256439
:1008C0002C207374617475733D3078253034580D65
:1008D0000A000000777269746520666C6173682095
:1008E0006661696C642C204E6F74204C6F61646586
:1008F0006420466C617368204472697665720D0AE3
:1009000000000000777269746520666C617368206E
:100910006661696C642C2044657374416464723D43
:100920003078253038582C20546F74616C53697AB4
:10093000653D25642C204661696C64416464723DA8
:100940003078253038582C207374617475733D30BD
:1009500078253034580D0A007077726164630000A6
:10096000506F7741646320696E69740D0A0000005E
:100970004C41432D373030333030333100000000EC
:100980006D656D6F7279000073657420436F6E66DC
:100990006967506172616D2044656661756C742091
:1009A00056616C75650D0A0D0A00000052656164A0
:1009B00020436F6E666967506172616D0D0A0D0AA2
:1009C00000000000675F436F6E6669675061726187
:1009D0006D20696E76616C69640D0A0D0A00000075
:1009E000626B5F436F6E666967506172616D20690B
:1009F0006E76616C69640D0A0D0A0000666C735FA7
:100A0000696E6974206661696C65642121210D0A33
:100A10000D0A0000E45D002000010000E45E0020FB
:100A200000010000E45F002000010000E4600020FD
:100A3000000100008D00030055DF43008E00070019
:100A40005FDF430000000000403440200000000051
:100A50000000000000000000000002000000010093
:100A6000000002000000020000000A00540A4400D6
:100A7000000000005C0A440000000000640A44001A
:100A8000000000000800000000000000000000005E
:100A900000000A006C0A440008000000000000008A
:100AA0000000000001000A00740A44000800000071
:100AB0000000000000000000000002007C0A44006A
:100AC000840A4400980A4400AC0A44000000000074
:100AD000C00A440003000000000000000000000005
:100AE0000000000000000000070001646405000031
:100AF0000000000000004020008000000000000016
:100B000000000000000000000800000000000000DD
:100B10000000000000000000FF0F000000000000C7
:100B200000000000FF0F00000000000000000000B7
:100B3000FF0F0000E40B44000000000000FF000075
:100B4000100B440000000000000000000000000046
:100B5000000000000100000001FF01000100000092
:100B600003000000FF000000FF0000000000000084
:100B700000000000010000FF000016161600000033
:100B80000000010002000000000000000000000062
:100B9000C9D1430000000100800B44000300300075
:100BA00020000000000000000000000081000100A3
:100BB00000000000780B4400340B4400880B440014
:100BC0000100000074344400000000007834440048
:100BD00001000000B80B4400200000270000300096
:100BE00000000000000100000100000000000016ED
:100BF000161600000000000100000F000F000000AA
:100C000000000000000000000000000000000000E4
:100C100000000000000000000000000003000000D1
:100C2000D80B4400CBF44200AB574200A957420016
:100C30004012440080403040C840304010413040B5
:100C400080423040C842304010433040584330402A
:100C5000A0433040E843304058413040A04130404C
:100C6000E84130403042304030443040970300008B
:100C70000000FCDF9D0300000000FCDF0902000013
:100C80000000FCDF390300000000FCDFAE050000BF
:100C90000000FCDF6F0500000000FCDFDF07000044
:100CA0000000FCDF940700000000FCDFC200000031
:100CB0000000FCDF960000000000DCDF0004000004
:100CC000000000DCFF0300000000BCDFF1060000B4
:100CD0000000E0DF00FFFF00000000000000000057
:100CE000000000000000000000000000000001FF04
:100CF000400001006C0C440000000000340C440073
:100D000001000000000001FF40000100740C4400DD
:100D100000010000380C440002000000000001FF48
:100D2000400001007C0C4400000200003C0C440028
:100D300003000000000001FF40000100840C44009B
:100D400000070000400C440004000000000001FF08
:100D5000400001008C0C440000080000440C4400DA
:100D600005000000000001FF40000100940C440059
:100D700000090000480C440006000000000001FFCC
:100D8000400001009C0C4400000A00004C0C440090
:100D900007000000000001FF40000100A40C440017
:100DA000000B0000500C440008000000000001FF90
:100DB00040000100AC0C4400000C0000540C440046
:100DC00009000000000001FF40000100B40C4400D5
:100DD00000030000580C44000A000000000001FF5E
:100DE00040000100BC0C4400000400005C0C440006
:100DF0000B000000000001FF40000100C40C440093
:100E000000050000600C44000C000000000001FF21
:100E100040000100CC0C440000060000640C4400BB
:100E20000D000100000001FF400000000000000074
:100E3000030D0000680C4400010101002E0F0F009B
:100E400000000F000B030300000003000C010F0063
:100E5000E80C4400000D4400180D4400300D44001F
:100E6000480D4400600D4400780D4400900D44008E
:100E7000A80D4400C00D4400D80D4400F00D4400FE
:100E8000080E4400200E44000000000000403040E6
:100E900001000000FFFFFFFF000000000000000055
:100EA000000000000000000000000100380E4400B7
:100EB000300C44000E000000500E4400880E440028
:100EC000000000000D000000D40C4400D80C4400C9
:100ED000E80C4400BC0E44008909430000000E00E9
:100EE000D80E440000000000DC0E440001000000A9
:100EF000E40E4400000000005E04000002000D004B
:100F0000000000005584420001000000F2060000CD
:100F100003000D00000000004B84420002000000AE
:100F20002806000003000D00000000004B84420072
:100F3000030000001606000003000D000000000082
:100F40004B84420004000000B803000003000D00C1
:100F5000000000004B84420005000000FA0500007C
:100F600003000D00000000004B844200060000005A
:100F70007F03000003000D00000000004B844200CE
:100F8000070000001706000003000D00000000002D
:100F90004B844200080000000906000003000D0019
:100FA000000000004B844200090000002B060000F6
:100FB00003000D00000000004B8442000A00000006
:100FC0009C07000003000D00000000005F84420049
:100FD0000000000000000000000000000000000011
:100FE0000000000000000000000000000000000001
:100FF00000000000000000000000000000000000F1
:101000000000000000000000D00F44000810440061
:10101000000B00000C10440000000000F40E44001F
:10102000000000000000000000000000C0124400AA
:1010300001000000C812440000000000201044001D
:101040002810440038104400000000000000000098
:101050000000000000000000000000000000000090
:1010600000B4C4044C3444000100000000B4C404C3
:10107000643444005C104400681044007410440060
:10108000010001000001000002000000000000005B
:10109000040000000000000005000000005A620289
:1010A0000100310000010C000000000006000100FA
:1010B0004E000100000000000000180101000000C7
:1010C0000100000000000000000000000A08460CBB
:1010D0002C0C1501100141054A0100000700000019
:1010E00004000000000000000800000003000000F1
:1010F00000000000090000000000000000000000E7
:101100000B00000001000000000000000C000000C7
:1011100001000000000000000D00000002000000BF
:10112000000000000E0000000100000000000000B0
:101130000F00000002000000000000004600000058
:1011400002000000000000002C000000020000006F
:10115000000000001500000000000000000000007A
:101160001000000000000000000000004A00000025
:1011700001000000000000000B010B000500000052
:1011800000000000005A6202000000000B00000096
:101190000000000000B4C404000000000C000000C7
:1011A0000000000000B4C404000000000E000000B5
:1011B0000000000000B4C4040000000000000000B3
:1011C0000000000001000000006CDC0205000000CF
:1011D000005A62020B00000000B4C4040C000000BE
:1011E00000B4C4040D000000005A620200000000B8
:1011F00000000000030101070D01000000000406CB
:101200008010440098104400AC104400CC104400FE
:10121000DC104400781144000000000000000000D1
:1012200000000000000000007C114400BC114400DC
:101230000000000000000000B045440030484400B9
:101240000E00000000000000000000000000000090
:101250001300000000000000600000000303010113
:10126000010000002E0000000F0000000F00000031
:10127000000000000F0000000B0000000300000051
:101280000300000000000000030000000000000058
:101290005FDE430005DF430000000000ADD94100E0
:1012A000FFFFFFFF00000000883444000100000041
:1012B00098124400010000007C344400B948440006
:1012C0009C15440000000000EC15440000000000E4
:1012D000040000004BCA4300050000004BCA430055
:1012E000060000004BCA4300070000004BCA430041
:1012F000080000004BCA4300090000004BCA43002D
:101300000A0000004BCA43000B0000004BCA430018
:101310000C0000004BCA43000D0000004BCA430004
:101320000E0000004BCA43000F0000004BCA4300F0
:10133000240000004BCA4300250000004BCA4300B4
:10134000260000004BCA4300270000004BCA4300A0
:101350002A0000004BCA43002D0000004BCA430086
:101360002E0000004BCA4300300000004BCA43006F
:10137000310000004BCA4300320000004BCA43005A
:10138000330000004BCA4300340000004BCA430046
:10139000350000004BCA4300360000004BCA430032
:1013A000370000004BCA4300380000004BCA43001E
:1013B0003D0000004BCA43003E0000004BCA430002
:1013C0003F0000004BCA4300400000004BCA4300EE
:1013D000410000004BCA4300420000004BCA4300DA
:1013E000450000004BCA4300460000004BCA4300C2
:1013F000470000004BCA4300480000004BCA4300AE
:10140000490000004BCA43004A0000004BCA430099
:10141000530000004BCA4300540000004BCA430075
:10142000550000004BCA4300560000004BCA430061
:10143000570000004BCA43005C0000004BCA430049
:101440005D0000004BCA4300600000004BCA43002F
:10145000610000004BCA4300660000004BCA430015
:101460006D0000004BCA43006E0000004BCA4300F1
:101470006F0000004BCA4300710000004BCA4300DC
:10148000720000004BCA4300730000004BCA4300C7
:10149000740000004BCA4300750000004BCA4300B3
:1014A000760000004BCA43008B0000004BCA43008B
:1014B0008D0000004BCA43008E0000004BCA430061
:1014C0008F0000004BCA4300900000004BCA43004D
:1014D000A10000004BCA4300A20000004BCA430019
:1014E000A50000004BCA4300A60000004BCA430001
:1014F000A70000004BCA4300A80000004BCA4300ED
:10150000B20000004BCA4300B40000004BCA4300C5
:10151000B50000004BCA4300B70000004BCA4300AF
:10152000BD0000004BCA4300BE0000004BCA430090
:10153000BF0000004BCA4300C00000004BCA43007C
:10154000C10000004BCA4300C20000004BCA430068
:10155000C30000004BCA4300C40000004BCA430054
:10156000C50000004BCA4300D40000004BCA430032
:1015700054000000D01244000000000022000000CF
:101580003E0000001D0000000F00000001000000F0
:101590000300000002000000010000000000000045
:1015A000781544000000000000000000000000006A
:1015B000000000000001000000000000000000002A
:1015C00000000000000000000000000022000000F9
:1015D0003E0000001D0000000F00000001000000A0
:1015E00003000000020000000100000000000000F5
:1015F000C8154400000000000000000000000000CA
:1016000000000000000100000000000000000000D9
:10161000000000000101000040420F000A0000002D
:1016200008000001010000003972430000000000C2
:1016300070404020F0C201002100000015000001B0
:101640000100000039724300000000008840402083
:101650005A0000000100000001000000010000002D
:10166000F00A4400281F4400EC1144004C1F4400C1
:101670000001000075BA4300000000008416440019
:101680007C164400701544000000000000000000BB
:101690000100000001000000010000000100000046
:1016A0000100000001000000010000000100000036
:1016B0000100000001000000010000000100000026
:1016C0000100000001000000010000000100000016
:1016D0000100000001000000010000000100000006
:1016E00001000000010000000100000001000000F6
:1016F00001000000010000000100000001000000E6
:1017000001000000010000000100000001000000D5
:1017100001000000010000000100000001000000C5
:1017200001000000010000000100000001000000B5
:1017300001000000010000000100000001000000A5
:10174000010000000100000005000000070000008B
:101750000B0000001000000011000000220000003B
:1017600024000000250000002800000029000000DF
:101770002A0000002B0000002C0000002E000000BA
:101780002F00000030000000310000004000000089
:101790004A0000004B0000004C0000004D0000001B
:1017A0005100000065000000670000006A000000B2
:1017B0006B00000081000000830000008700000033
:1017C0008C0000008D0000008F00000090000000E1
:1017D00000000800010000000300000006002000D7
:1017E0000000010000010000FFFF000020000000D9
:1017F000002820000002010101010000FFFF00009D
:1018000021000000000008000002000000010000AC
:10181000FFFF00002D000000000008000000000095
:1018200000010000FFFF0000410000000000080070
:101830000000000101010000FFFF00004200000065
:10184000000008000000000000010100000000008E
:101850004300000003002000000001000001000020
:10186000FFFF00004600000000000800000100002B
:1018700000010100BC000000470000000200200041
:101880000000010000010000FFFF00004E0000000A
:10189000002820000002010101010000FFFF0000FC
:1018A0000C000000002820000002010101010000DE
:1018B000FFFF00000D0000000028200000000101D3
:1018C00001010000FFFF00004800000001002800A7
:1018D0000000020000010100D400000049000000E7
:1018E000010028000000020000010100D6000000F5
:1018F0000E000000000020000000010101010000B6
:10190000FFFF00000F0000000000200000000101A8
:1019100001010000FFFF0000230000000000200084
:101920000000010101010000FFFF00006400000051
:10193000000008000000000101010000FFFF00009E
:101940006E00000000002000000001010101000005
:10195000FFFF00006F0000000000200000000101F8
:1019600001010000FFFF00007000000000002000E7
:101970000000010101010000FFFF000080000000E5
:10198000000020000000010101010000FFFF000035
:1019900082000000030020000000010000010000A0
:1019A000FFFF000086000000000020000000010191
:1019B00001010000FFFF000088000000000020007F
:1019C0000000010101010000FFFF0000890000008C
:1019D000000020000000010101010000FFFF0000E5
:1019E00002000000000008000000000000010100EB
:1019F000BB0000004F0000000700280000010200AB
:101A000000010100D900000050000000070028007C
:101A10000001020000010100DB00000001000000E5
:101A2000000020000000010101010000FFFF000094
:101A30006D0000000000080000020001010100002C
:101A4000FFFF00008B000000000008000002000102
:101A500001010000FFFF0000000000000200200064
:101A60000000010000010000FFFF00006600000010
:101A7000030020000000010000010000FFFF000043
:101A800069000000060020000000000000010000C6
:101A9000FFFF0000680000000600200000000100B9
:101AA00000010000FFFF00006000000000000800CF
:101AB0000000000000010000FFFF000061000000C6
:101AC000000008000000000000010000FFFF00000F
:101AD000620000000000080000000000000100009B
:101AE000FFFF0000060000000000200000000101D0
:101AF00001010000FFFF00006C0000000200200058
:101B00000000010000010000FFFF00007100000064
:101B1000000008000000000101010000FFFF0000BC
:101B20008A00000000002000000001010101000007
:101B3000FFFF00000800000000282800000002014C
:101B400001010000FFFF000009000000002828003C
:101B50000000020101010000FFFF0000630000001F
:101B6000002828000000020101010000FFFF000022
:101B7000010000000000FF00FF00FF00FF00FF0069
:101B8000FF00FF00FF00FF00FF00FF00FF00FF005D
:101B90000000000000000000000000000000000045
:101BA0000000000000000000000000000000000035
:101BB0000000000000000000000000000000000025
:101BC0000000000000000000000000000000000015
:101BD0000000000000000000000000000000000005
:101BE00000000000000000000000000000000000F5
:101BF00000000000000000000000000000000000E5
:101C0000FF00FF00FF00FF00FF00FF00FF00FF00DC
:101C100000000000000000000000000000000000C4
:101C200000000000000000000000000000000000B4
:101C300000000000000000000000000000000000A4
:101C4000FF00FF00FF00FF00FF00FF00FF00FF009C
:101C5000FF00FF00FF00FF00FF00FF00FF00FF008C
:101C6000FF00FF00FF00FF00FF00FF00FF00FF007C
:101C7000FF00FF00FF00FF00FF00FF00FF00FF006C
:101C8000FF00FF00FF00FF00FF00FF00FF00FF005C
:101C9000FF00FF00FF00FF0000000000FF00FF004A
:101CA0000000000000000000000000000000000034
:101CB0000000000000000000000000000000000024
:101CC000FF00FF00FF00FF00FF00FF00FF00FF001C
:101CD000FF00FF00FF00FF00FF00FF00FF00FF000C
:101CE0000000000000000100010000000000FF00F3
:101CF000FF00FF00FF00FF00FF00FF00FF00FF00EC
:101D0000FF00FF00FF00FF00FF00FF00FF00FF00DB
:101D1000FF00FF00FF0000000100000001000000C4
:101D200000000600000005000000000000000000A8
:101D300000000000000000000000000000000000A3
:101D40000000000000000000000000000000000093
:101D50000000000000000000000000000000000083
:101D60000000000000000000000000000000FF0074
:101D7000FF00FF00FF00FF00FF00FF00FF00FF006B
:101D8000FF00FF00FF00FF00FF00FF00FF00FF005B
:101D9000FF00FF00FF00FF00FF00FF00FF00FF004B
:101DA000FF00FF00FF00FF00FF00FF00FF00FF003B
:101DB000FF00FF00FF00FF00FF00FF00FF00FF002B
:101DC000FF00FF00FF00FF00FF00FF00FF00FF001B
:101DD000FF00FF00FF00FF00FF00FF00FF00FF000B
:101DE000FF00FF00FF00FF00FF00FF00FF00FF00FB
:101DF000FF00FF00FF00FF00FF00FF00FF00FF00EB
:101E0000FF00FF00FF00FF00FF00FF00FF00FF00DA
:101E1000FF00FF00FF00FF00FF00FF00FF000000C9
:101E200000000000000000000000000000000000B2
:101E30000000000000000000FF00FF00FF00FF00A6
:101E40000000000000000000000000000000FF0093
:101E5000FF00FF00FF000000000000000000000085
:101E600000000000000000002E0022007B010000A6
:101E700048174400D0174400D8174400701B440092
:101E80009016440079344400541F4400D432440076
:101E9000010000000000000000000000010100003F
:101EA0000C110000CF3300000100000000002031C1
:101EB000F8FFE0B1010100000424220107A422017F
:101EC00001020000060E30100E3EF09301030000E8
:101ED00000010000010100000101000001000000FC
:101EE00001000000010000009C1E440001000000F1
:101EF000901E4400010101000100000001000000EB
:101F000004000000A81E44000000000000000000C3
:101F1000071F0000D81E4400000000000000000061
:101F20000000000000000000000000002000000091
:101F3000101F4400181F44005A0000000000000059
:101F4000000000000000000000000000381F4400F6
:101F5000481F440000002940020000000200000267
:101F6000000000000001000000000110101010101F
:101F7000101010101010101010100000BB00000006
:101F80000000000000000000000000000000000051
:101F90000000000000000000000000000000000041
:101FA0000000000000000000000000000000000031
:101FB0000000000000000000000000000000000021
:101FC000000029400300000002060002000000009B
:101FD0000100000000001010101010101010101060
:101FE0001010101010100000000000000000000091
:101FF00000000000000000000000000000000000E1
:1020000000000000000000000000000000000000D0
:1020100000000000000000000000000000000000C0
:102020000000000000000000000000000000294047
:10203000200000000100000200000000010000007C
:1020400000001010101010101010101010101010B0
:102050001010000000000000000000000000000060
:102060000000000000000000000000000000000070
:102070000000000000000000000000000000000060
:102080000000000000000000000000000000000050
:1020900000000000020000000000294021000000B4
:1020A000020000020000000000010000000010100B
:1020B0001010101010101010101010101010000040
:1020C0000000000000000000000000000000000010
:1020D0000000000000000000000000000000000000
:1020E00000000000000000000000000000000000F0
:1020F00000000000000000000000000000000000E0
:1021000002000000000029402D0000000200000233
:10211000000000000001020000001010101010105C
:10212000101010101010101010100000000000000F
:10213000000000000000000000000000000000009F
:10214000000000000000000000000000000000008F
:10215000000000000000000000000000000000007F
:10216000000000000000000000000000020000006D
:1021700000002940410000000200000200000000B1
:1021800000010000000010101010101010101010AE
:1021900010101010101000000000000000000000DF
:1021A000000000000000000000000000000000002F
:1021B000000000000000000000000000000000001F
:1021C000000000000000000000000000000000000F
:1021D0000000000000000000000000000000294096
:1021E00042000000020000020000000000010000A8
:1021F000000001101010101010101010101010100E
:1022000010100000000000000000000000000000AE
:1022100000000000000000000000000000000000BE
:1022200000000000000000000000000000000000AE
:10223000000000000000000000000000000000009E
:1022400000000000000000000000294043000000E2
:102250000203000200000000010000000000101056
:10226000101010101010101010101010101000008E
:10227000000000000000000000000000000000005E
:10228000000000000000000000000000000000004E
:10229000000000000000000000000000000000003E
:1022A000000000000000000000000000000000002E
:1022B000000000000000294046000000020000026B
:1022C00000000000000100000000011010101010BC
:1022D000101010101010101010100000BC000000A2
:1022E00000000000000000000000000000000000EE
:1022F00000000000000000000000000000000000DE
:1023000000000000000000000000000000000000CD
:1023100000000000000000000000000001000000BC
:1023200000002940470000000202000200000000F7
:1023300001000000000010101010101010101010FC
:10234000101010101010000000000000000000002D
:10235000000000000000000000000000000000007D
:10236000000000000000000000000000000000006D
:10237000000000000000000000000000000000005D
:1023800000000000000000000000000000002940E4
:102390004E000000010000020000000001000000EB
:1023A000000010101010101010101010101010104D
:1023B00010100000000000000000000000000000FD
:1023C000000000000000000000000000000000000D
:1023D00000000000000000000000000000000000FD
:1023E00000000000000000000000000000000000ED
:1023F0000000000002000000000029400C00000066
:1024000001000002000000000100000000001010A8
:1024100010101010101010101010101010100000DC
:1024200000000000000000000000000000000000AC
:10243000000000000000000000000000000000009C
:10244000000000000000000000000000000000008C
:10245000000000000000000000000000000000007C
:1024600002000000000029400D00000001000002F1
:1024700000000000010000000000101010101010FB
:1024800010101010101010101010000000000000AC
:10249000000000000000000000000000000000003C
:1024A000000000000000000000000000000000002C
:1024B000000000000000000000000000000000001C
:1024C000000000000000000000000000000000000C
:1024D0000000294048000000020100020000000046
:1024E0000101000000000110101010101010101059
:1024F0001010101010100000D400000000000000A8
:1025000000000000000000000000000000000000CB
:1025100000000000000000000000000000000000BB
:1025200000000000000000000000000000000000AB
:102530000000000000000000000000000000294032
:10254000490000000201000200000000010100003B
:1025500000000110101010101010101010101010AA
:1025600010100000D6000000000000000000000075
:10257000000000000000000000000000000000005B
:10258000000000000000000000000000000000004B
:10259000000000000000000000000000000000003B
:1025A0000000000000000000000029400E000000B4
:1025B00002000002000000000100000000001010F6
:1025C000101010101010101010101010101000002B
:1025D00000000000000000000000000000000000FB
:1025E00000000000000000000000000000000000EB
:1025F00000000000000000000000000000000000DB
:1026000000000000000000000000000000000000CA
:1026100000000000000029400F000000020000023E
:102620000000000001000000000010101010101049
:1026300010101010101010101010000000000000FA
:10264000000000000000000000000000000000008A
:10265000000000000000000000000000000000007A
:10266000000000000000000000000000000000006A
:10267000000000000000000000000000000000005A
:1026800000002940230000000200000200000000BA
:102690000100000000001010101010101010101099
:1026A00010101010101000000000000000000000CA
:1026B000000000000000000000000000000000001A
:1026C000000000000000000000000000000000000A
:1026D00000000000000000000000000000000000FA
:1026E0000000000000000000000000000000294081
:1026F0006400000002000002000000000001000071
:1027000000001010101010101010101010101010E9
:102710001010000000000000000000000000000099
:1027200000000000000000000000000000000000A9
:102730000000000000000000000000000000000099
:102740000000000000000000000000000000000089
:102750000000000000000000000029406E000000A2
:102760000200000200000000010000000000101044
:102770001010101010101010101010101010000079
:102780000000000000000000000000000000000049
:102790000000000000000000000000000000000039
:1027A0000000000000000000000000000000000029
:1027B0000000000000000000000000000000000019
:1027C00000000000000029406F000000020000022D
:1027D0000000000001000000000010101010101098
:1027E0001010101010101010101000000000000049
:1027F00000000000000000000000000000000000D9
:1028000000000000000000000000000000000000C8
:1028100000000000000000000000000000000000B8
:1028200000000000000000000000000000000000A8
:1028300000002940700000000200000200000000BB
:1028400001000000000010101010101010101010E7
:102850001010101010100000000000000000000018
:102860000000000000000000000000000000000068
:102870000000000000000000000000000000000058
:102880000000000000000000000000000000000048
:1028900000000000000000000000000000002940CF
:1028A00080000000020000020000000001000000A3
:1028B0000000101010101010101010101010101038
:1028C00010100000000000000000000000000000E8
:1028D00000000000000000000000000000000000F8
:1028E00000000000000000000000000000000000E8
:1028F00000000000000000000000000000000000D8
:1029000000000000000000000000294082000000DC
:10291000020300020000000001000000000010108F
:1029200010101010101010101010101010100000C7
:102930000000000000000000000000000000000097
:102940000000000000000000000000000000000087
:102950000000000000000000000000000000000077
:102960000000000000000000000000000000000067
:102970000000000000002940860000000200000264
:1029800000000000010000000000101010101010E6
:102990001010101010101010101000000000000097
:1029A0000000000000000000000000000000000027
:1029B0000000000000000000000000000000000017
:1029C0000000000000000000000000000000000007
:1029D00000000000000000000000000000000000F7
:1029E00000002940880000000200000200000000F2
:1029F0000100000000001010101010101010101036
:102A00001010101010100000000000000000000066
:102A100000000000000000000000000000000000B6
:102A200000000000000000000000000000000000A6
:102A30000000000000000000000000000000000096
:102A4000000000000000000000000000000029401D
:102A500089000000020000020000000001000000E8
:102A60000000101010101010101010101010101086
:102A70001010000000000000000000000000000036
:102A80000000000000000000000000000000000046
:102A90000000000000000000000000000000000036
:102AA0000000000000000000000000000000000026
:102AB0000000000000000000000029404F0000005E
:102AC00002070002000000000101000000000610E3
:102AD0001010101010101010101010101010000016
:102AE000D90000000000000000000000000000000D
:102AF00000000000000000000000000000000000D6
:102B000000000000000000000000000000000000C5
:102B100000000000000000000000000000000000B5
:102B200001000000000029405000000002070002E0
:102B3000000000000101000000000510101010103E
:102B4000101010101010101010100000DB0000000A
:102B50000000000000000000000000000000000075
:102B60000000000000000000000000000000000065
:102B70000000000000000000000000000000000055
:102B80000000000000000000000000000100000044
:102B900000002940010000000200000200000000C7
:102BA0000100000000001010101010101010101084
:102BB00010101010101000000000000000000000B5
:102BC0000000000000000000000000000000000005
:102BD00000000000000000000000000000000000F5
:102BE00000000000000000000000000000000000E5
:102BF000000000000000000000000000000029406C
:102C00006D00000002000002000000000001000052
:102C100000001010101010101010101010101010D4
:102C20001010000000000000000000000000000084
:102C30000000000000000000000000000000000094
:102C40000000000000000000000000000000000084
:102C50000000000000000000000000000000000074
:102C60000000000002000000000029408B0000006E
:102C7000020000020000000000010000000010102F
:102C80001010101010101010101010101010000064
:102C90000000000000000000000000000000000034
:102CA0000000000000000000000000000000000024
:102CB0000000000000000000000000000000000014
:102CC0000000000000000000000000000000000004
:102CD0000200000000002940000000000202000283
:102CE0000000000001000000000010101010101083
:102CF0001010101010101010101000000000000034
:102D000000000000000000000000000000000000C3
:102D100000000000000000000000000000000000B3
:102D200000000000000000000000000000000000A3
:102D30000000000000000000000000000000000093
:102D400000002940660000000203000200000000AD
:102D500001000000000010101010101010101010D2
:102D60001010101010100000000000000000000003
:102D70000000000000000000000000000000000053
:102D80000000000000000000000000000000000043
:102D90000000000000000000000000000000000033
:102DA00000000000000000000000000000002940BA
:102DB000690000000206000200000000010000009F
:102DC0000000101010101010101010101010101023
:102DD00010100000000000000000000000000000D3
:102DE00000000000000000000000000000000000E3
:102DF00000000000000000000000000000000000D3
:102E000000000000000000000000000000000000C2
:102E100000000000000000000000294068000000E1
:102E20000206000200000000010000000000101077
:102E300010101010101010101010101010100000B2
:102E40000000000000000000000000000000000082
:102E50000000000000000000000000000000000072
:102E60000000000000000000000000000000000062
:102E70000000000000000000000000000000000052
:102E80000000000000002940600000000200000275
:102E900000000000000100000000101010101010D1
:102EA0001010101010101010101000000000000082
:102EB0000000000000000000000000000000000012
:102EC0000000000000000000000000000000000002
:102ED00000000000000000000000000000000000F2
:102EE00000000000000000000000000002000000E0
:102EF0000000294061000000020000020000000004
:102F00000001000000001010101010101010101020
:102F10001010101010100000000000000000000051
:102F200000000000000000000000000000000000A1
:102F30000000000000000000000000000000000091
:102F40000000000000000000000000000000000081
:102F50000000000000000000020000000000294006
:102F600062000000020000020000000000010000FA
:102F70000000101010101010101010101010101071
:102F80001010000000000000000000000000000021
:102F90000000000000000000000000000000000031
:102FA0000000000000000000000000000000000021
:102FB0000000000000000000000000000000000011
:102FC0000000000002000000000029400600000090
:102FD00002000002000000000100000000001010CC
:102FE0001010101010101010101010101010000001
:102FF00000000000000000000000000000000000D1
:1030000000000000000000000000000000000000C0
:1030100000000000000000000000000000000000B0
:1030200000000000000000000000000000000000A0
:1030300000000000000029406C00000002020002B5
:10304000000000000100000000001010101010101F
:1030500010101010101010101010000000000000D0
:103060000000000000000000000000000000000060
:103070000000000000000000000000000000000050
:103080000000000000000000000000000000000040
:103090000000000000000000000000000000000030
:1030A0000000294071000000020000020000000042
:1030B000000100000000101010101010101010106F
:1030C00010101010101000000000000000000000A0
:1030D00000000000000000000000000000000000F0
:1030E00000000000000000000000000000000000E0
:1030F00000000000000000000000000000000000D0
:103100000000000000000000000000000000294056
:103110008A00000002000002000000000100000020
:1031200000001010101010101010101010101010BF
:10313000101000000000000000000000000000006F
:10314000000000000000000000000000000000007F
:10315000000000000000000000000000000000006F
:10316000000000000000000000000000000000005F
:1031700000000000000000000000294008000000DE
:10318000010000020000000001010000000010101A
:10319000101010101010101010101010101000004F
:1031A000000000000000000000000000000000001F
:1031B000000000000000000000000000000000000F
:1031C00000000000000000000000000000000000FF
:1031D00000000000000000000000000000000000EF
:1031E000000000000000294009000000010000026A
:1031F000000000000101000000001010101010106D
:10320000101010101010101010100000000000001E
:1032100000000000000000000000000000000000AE
:10322000000000000000000000000000000000009E
:10323000000000000000000000000000000000008E
:10324000000000000000000000000000000000007E
:10325000000029406300000001000002000000009F
:1032600001010000000010101010101010101010BC
:1032700010101010101000000000000000000000EE
:10328000000000000000000000000000000000003E
:10329000000000000000000000000000000000002E
:1032A000000000000000000000000000000000001E
:1032B000000000000000000000000000FF0000000F
:1032C00000010000C0030000000000000000010039
:1032D00089E5410000000000FFFF00000000000041
:1032E000FFFF0000000000000500000000000000DB
:1032F00004000000000000000900000000000000C1
:10330000FFFF000000000000FFFF000000000000C1
:10331000FFFF000000000000FFFF000000000000B1
:10332000FFFF000000000000FFFF000000000000A1
:103330001500000000000000040000000000000074
:10334000FFFF000000000000FFFF00000000000081
:1033500011000000000000000E000000000000004E
:103360000200000000000000180000000000000043
:10337000FFFF000000000000FFFF00000000000051
:10338000FFFF00000000000013000000000000002C
:10339000FFFF0000000000000F0000000000000020
:1033A000FFFF000000000000FFFF00000000000021
:1033B000FFFF000000000000FFFF00000000000011
:1033C000FFFF000000000000FFFF00000000000001
:1033D0000E00000000000000FFFF000000000000E1
:1033E000FFFF000000000000FFFF000000000000E1
:1033F000FFFF0000000000000100000000000000CE
:1034000000000000000000000B00000000000000B1
:103410001300000000000000FFFF0000000000009B
:10342000FFFF0000000000000F000000000000008F
:10343000FFFF00000000000014000000000000007A
:103440000A00000018164400000000000000000000
:1034500000000000091542004434440034164400C2
:1034600000000000010000000000000009154200FB
:103470005C34440000000100000100000000000076
:103480007634440000000000000000007016440084
:1034900000000000000000000000000000000A40E2
:1034A00000400A40FF000000FFFFC700FFFFFFFFD2
:1034B000FF000000FFFFC300FFFFFFFF0F00000041
:1034C0000F00000000C02E4000802640C42740208E
:1034D00000010103020201010100000000000000E0
:1034E00000000101000000000001000000000000D9
:1034F00000000000000301020000000000000000C6
:1035000000010000000000000100000000000000B9
:1035100000000000000000000001000000000000AA
:103520000000000000030102040000000100000090
:103530000000000001000000000000000001000089
:10354000000001000000000000000000000000007A
:103550000000010000000000000000020000000068
:103560000000000000000000000000000003000058
:103570000000000000000100000000000000000149
:103580000000000000000000030000000000000038
:10359000000400000000000700000500000001001A
:1035A00000000003000000000000000006160000FC
:1035B00000000003000610000001000004000711D5
:1035C00000000200000000061200000300000500D9
:1035D00007130000040000000001010006000000C5
:1035E00000000000000000000000000100000000DA
:1035F00000000000010000000001000000010000C8
:1036000000000A00000001020005000000000001A7
:10361000000000000B00000001000000000E000090
:103620000000000000000000000001000000000F8A
:103630000000000100000000100000000100000078
:103640000011000000010000000012000000010055
:103650000000001300000001000000001400000042
:10366000010000000015000000010000000016002D
:103670000000010000000017000000010000000031
:103680001800000001000000001900000001000007
:1036900000001A00000001000000001B00000001F3
:1036A000000000001C00000001000000001D0000E0
:1036B000000100000000320000000100000000379F
:1036C00000000001000000003800000001000000C0
:1036D000003A0000000207000300000000000100A3
:1036E0000000004100000001000000004200000056
:1036F000010000000043000000010000000047003E
:10370000000001000000004B00000001000000006C
:103710004C00000001000000004D0000000100000E
:1037200000004E00000001000000004F00000001FA
:1037300000000000500000000100000000510000E7
:1037400000010000000052000000010000000053D2
:103750000000000100000000560000000100000011
:1037600000570000000100000000580000000100A8
:103770000000005900000001000000006600000089
:1037800001000000006900000001000000006A0064
:103790000000040000000000000000010000000024
:1037A0006F00000001000000009D0000000100000B
:1037B00000007300000001000000007A0000000219
:1037C0000B0001000000000001000000007B000071
:1037D00000010000000080000000010000000084E3
:1037E000000000010F000B000000000001000000BD
:1037F00000850000000100000000860000000100BC
:103800000000008700000000000000000000000031
:1038100000000000000000000000000000000000A8
:103820000000000000000000000000000000000098
:103830000000000000000000000000000000000088
:103840000000000000000000000000000000000078
:103850000000000000000000000000000000010067
:103860000000020000000000080009000000100035
:1038700016001700130000003200000000000200D4
:103880000000010000000300000000000000000034
:103890000000000000000000000000000000000028
:1038A00000832D4040832D4000000000C0832D4048
:1038B0000000000040842D4080842D400000000066
:1038C000000000000000000000000000C0852D4046
:1038D00000000000000000000000000000000000E8
:1038E00000000000000000000000000000000000D8
:1038F00000802D4000402D400000000000002E40C0
:1039000002000000000000000000000005010D00A2
:1039100000C02B404E4E4E00000000004E4E4E00A8
:10392000000000000B050D0060C02B400C010D00D5
:1039300080C02B400E010D00A0C02B404E4E4E000B
:103940000000000030C12D4030C32D4000000000B9
:103950000000000010C12D4010C32D4000000000E9
:103960000000000000C12D4000C32D4000000000F9
:103970000000000000010101010203030303000035
:1039800000000000000000000000000F1800000010
:1039900000000000000000000000003F18000000D0
:1039A00000003F00100000000000003F1800000071
:1039B00000003F00100000000000000000000000B8
:1039C00000000000000000000000000000000000F7
:1039D00000000000000000000000000000000000E7
:1039E00000000000000000000000000000000000D7
:1039F00000000000000000000000001F1800000090
:103A000000000300100000000000000000000000A3
:103A100000000000000000000000000000000000A6
:103A20000000000000000000000000000000000096
:103A300000000000000000000000001F180000004F
:103A40000000010010000000000000000000000065
:103A50000000000000000000000000000000000066
:103A60000000000000000000000000000000000056
:103A700000000000000000000000000F180000001F
:103A800000000700100000000000000F18000000F8
:103A900000000700100000000000000F18000000E8
:103AA00000000F00100000000000000F18000000D0
:103AB00000000700100000000000000F18000000C8
:103AC00000000700100000000000000000000000DF
:103AD00000000000000000000000000000000000E6
:103AE00000000000000000000000000F18000000AF
:103AF00000000700100000000000000000000000AF
:103B000000000000000000000000000000000000B5
:103B100000000000000000000000000000000000A5
:103B20000000000000000000000000000000000095
:103B30000000000000000000000000000000000085
:103B40000000000000000000000000000000000075
:103B50000000000000000000000000000000000065
:103B60000000000000000000000000000000000055
:103B70000000000000000000000000000000000045
:103B80000000000000000000000000000000000035
:103B90000000000000000000000000000000000025
:103BA000000000000000000000010800000100000B
:103BB00000010900000200000000000000000000F9
:103BC00000000000000000000000000000000000F5
:103BD00000000000000000000000000000000000E5
:103BE00000000000000000000000000000000000D5
:103BF00000000000000000000001010002000000C1
:103C000001021C0000000010000000000000000085
:103C1000000000000000000001030000010000009F
:103C2000010100000100000001010100020000008C
:103C30000100030008000000010004001000000063
:103C40000100050020000000010006004000000007
:103C500001000700800000000100080000010000D2
:103C6000010009000002000001000A000004000039
:103C700001000B000008000001000C000010000013
:103C800001000D000020000001000E0000400000B7
:103C900001000F0000800000000000000000000094
:103CA0000000000000000000000000000000000014
:103CB0000000000000000000000000000000000004
:103CC00000000000000000000000000000000000F4
:103CD00000000000000000000000000000000000E4
:103CE00000000000000000000000000000000000D4
:103CF00000000000000000000000000000000000C4
:103D000000000000000000000000000000000000B3
:103D100000000000000000000000000000000000A3
:103D20000000000000000000000000000000000093
:103D3000000000000000000001001600000040002C
:103D40000000000000000000000000000000000073
:103D50000000000000000000000000000000000063
:103D60000001020004000000000103000800000040
:103D700000000000000000000100170000008000AB
:103D80000000000000000000000000000000000033
:103D90000000000000000000000000000000000023
:103DA0000000000000000000000000000000000013
:103DB00001020100020000000102020004000000F4
:103DC00001020300080000000000000000000000E5
:103DD00000000000000000000000000000000000E3
:103DE00001020900000200000000000000000000C5
:103DF00000000000000000000000000000000000C3
:103E000001001F00000000800001060040000000CB
:103E100000010700800000000102140000001000F3
:103E20000102150000002000010216000000400001
:103E300001021700000080000102180000000001CC
:103E40000102190000000002000000000000000054
:103E5000000000000000000001020A000004000051
:103E600001020B000008000001020C00001000001D
:103E700001020D0000200000000000000000000012
:103E80000000000000000000000000000000000032
:103E90000000000000000000000000000000000022
:103EA0000000000000000000000000000000000012
:103EB0000000000000000000000000000000000002
:103EC00000000000000000000000000000000000F2
:103ED00000000000000000000100180000000001C8
:103EE00000000000000000000000000000000000D2
:103EF00000010C000010000000010D000020000077
:103F000000000000000000000000000000000000B1
:103F100000000000000000000000000000000000A1
:103F20000101020004000000000000000000000089
:103F30000000000000000000000000000000000081
:103F400001010A0000040000000000000000000061
:103F50000000000000000000000000000000000061
:103F60000000000000000000000000000000000051
:103F70000000000000000000010308000001000034
:103F800001001D00000000200000000000000000F3
:103F90000000000000000000000000000000000021
:103FA000000000000000000001001C0000000010E4
:103FB0000000000000000000000000000000000001
:103FC000000000000000000001021F00000000804F
:103FD00000010000010000000101110000000200CA
:103FE00001010D00002000000000000000000000A2
:103FF00000000000000000000000000000000000C1
:1040000000000000000000000000000000000000B0
:1040100000000000000000000000000000000000A0
:104020000000000000000000000000000000000090
:104030000000000000000000000000000000000080
:104040000000000000000000000000000000000070
:104050000000000000000000000000000000000060
:104060000000000000000000000000000000000050
:104070000000000000000000000000000000000040
:104080000000000000000000000000000000000030
:1040900001001500000020000000000000000000EA
:1040A0000000000000000000000000000000000010
:1040B0000000000000000000000000000000000000
:1040C00000000000000000000000000000000000F0
:1040D00000000000000000000000000000000000E0
:1040E00000000000000000000000000000000000D0
:1040F00000000000000000000000000000000000C0
:1041000000000000000000000000000000000000AF
:10411000000000000000000000000000000000009F
:10412000000000000000000000000000000000008F
:10413000000000000000000000000000000000007F
:10414000000000000000000000000000000000006F
:10415000000000000000000000000000000000005F
:10416000000000000000000000000000000000004F
:10417000000000000000000000000000000000003F
:10418000000000000000000000000000000000002F
:10419000000000000000000000000000000000001F
:1041A000000000000000000000000000000000000F
:1041B00000000000000000000000000000000000FF
:1041C00000000000000000000000000000000000EF
:1041D00000000000000000000000000000000000DF
:1041E00000000000000000000000000000000000CF
:1041F00000000000000000000000000000000000BF
:1042000000000000000000000000000000000000AE
:10421000000000000000000000000000000000009E
:10422000000000000000000000000000000000008E
:10423000000000000000000000000000000000007E
:10424000000000000000000000000000000000006E
:10425000000000000000000000000000000000005E
:10426000000000000000000000000000000000004E
:10427000000000000000000000000000000000003E
:10428000799B43007B9B4300D99C4300359D4300B1
:10429000859D4300859D4300879D4300E79D430026
:1042A000819E4300819E4300819E4300839E430084
:1042B000819E4300859E4300AF9E4300039F4300C1
:1042C0007B9F43009B9F430023DF430023DF43008A
:1042D00025DF4300DD9043001591430037914300F3
:1042E000D9904300D9904300D9904300D99043001E
:1042F000D9904300CD914300F3914300D9904300FE
:10430000D9904300D9904300D9904300D9904300FD
:10431000D990430035924300D9904300D99043008F
:10432000A7924300D9904300D99043005B92430089
:1043300081924300D9904300D9904300D990430023
:10434000D9904300D9904300D9904300D9904300BD
:10435000D9904300D990430015914300DD9043006C
:1043600037914300D9904300DD904300F99043001A
:10437000159143001B914300379143006391430023
:10438000AD914300CD914300F39143001992430056
:10439000359243005B92430081924300A792430011
:1043A000CD924300F3924300D990430029934300F8
:1043B00045934300619343007D934300B3934300CF
:1043C000CF934300CD924300EB9343000794430007
:1043D000239443003F9443005B944300779443004D
:1043E00093944300AF944300CB944300E79443007D
:1043F000039543001F9543003B95430057954300A9
:10440000739543008F954300AB954300C7954300D8
:10441000E3954300FF9543003596430051964300D2
:104420006D96430089964300A5964300BF964300CE
:10443000DB964300F7964300139743002F97430002
:104440004B974300659743007F974300999743003C
:10445000B3974300CD974300E7974300019843008B
:1044600019984300319843004998430067984300E6
:104470007F98430097984300AF984300C798430044
:10448000F59843000D994300259943003B9943005B
:104490006999430081994300999943000000000005
:1044A000FFFFFFFF00000000FFFFFFFF0200000012
:1044B000020000001000000001000000D59F430032
:1044C000D79F4300D99F430049A1430071A14300F6
:1044D00071A1430073A1430075A1430097A143005C
:1044E000A3A14300AFA14300D1A14300DDA143003C
:1044F000E9A1430071A1430073A14300A5A24300B9
:10450000A7A24300A9A24300A5A2430037A34300EA
:1045100047A34300ABA243005BA5430075A643003D
:1045200075A6430077A6430075A643007DA6430009
:104530007FA64300E3A643009BA7430017A84300C0
:104540007DA6430000000000050000000A000000F6
:104550000F000000140000006400000000000000D4
:104560000C0000003000000070000000B8000000E7
:10457000E80300005DA843005FA84300FDAA4300D4
:10458000FDAA4300FFAA430079AB43001BAD4300E3
:1045900095AD430037AF430047B04300FDAA430049
:1045A0009BB143000000000000000000000000007C
:1045B00001000000010000000100000001000000F7
:1045C00001000000010000000100000001000000E7
:1045D00001000000010000000100000001000000D7
:1045E00001000000010000000100000001000000C7
:1045F00001000000010000000100000001000000B7
:1046000001000000010000000100000001000000A6
:104610000100000001000000010000000100000096
:104620000100000001000000010000000100000086
:104630000100000001000000010000000100000076
:104640000100000001000000010000000100000066
:104650000100000001000000010000000100000056
:104660000100000001000000010000000100000046
:104670000100000001000000010000000100000036
:104680000100000001000000010000000100000026
:104690000100000001000000010000000100000016
:1046A0000100000001000000010000000100000006
:1046B00001000000010000000100000001000000F6
:1046C00001000000010000000100000001000000E6
:1046D00001000000010000000100000001000000D6
:1046E00001000000010000000100000001000000C6
:1046F00001000000010000000100000001000000B6
:1047000001000000010000000100000001000000A5
:104710000100000001000000010000000100000095
:104720000100000001000000010000000100000085
:104730000100000001000000010000000100000075
:104740000100000001000000010000000100000065
:104750000100000001000000010000000100000055
:104760000100000001000000010000000100000045
:104770000100000001000000010000000100000035
:104780000100000001000000010000000100000025
:104790000100000001000000010000000100000015
:1047A0000100000001000000010000000100000005
:1047B00001000000010000000100000001000000F5
:1047C00001000000010000000100000001000000E5
:1047D00001000000010000000100000001000000D5
:1047E00001000000010000000100000001000000C5
:1047F00001000000010000000100000001000000B5
:1048000001000000010000000100000001000000A4
:104810000100000001000000010000000100000094
:104820000100000001000000010000000100000084
:104830000100000001000000010000000100000074
:104840000100000001000000010000000100000064
:104850000100000001000000FFFF01003FFF030016
:10486000FFFF0300FFFF0300CFBF0100FFFF0100B8
:104870003FFF0300FFFF0300FFFF0300CFBF010066
:10488000004030400080304000C0304000003540E3
:10489000004035400080324000C0324000003340CC
:1048A0000040334000000B4000400B400000294016
:1048B000000027400303064E0000FFFF9600004063
:1048C0000800000009020040080000009D030040AD
:1048D000080000009E00004008000000FF030040A8
:1048E00020000000EF03004020000000AE05004063
:1048F000080000006F05004008000000F1060040BD
:10490000400000002D04000008000000F6060040F2
:10491000080000009703004008000000C2000040AB
:104920000800000039030040080000009407004020
:1049300040000000DF070040080000000000000009
:104940000000000000000000000000000000000067
:104950000000000000000000000000000000000057
:104960000000000000000000000000000000000047
:104970000000000000000000000000000000000037
:104980000000000000000000000000000000000027
:104990006400000032000000000000000000000081
:1049A0000000000000000000000000000000000007
:1049B00000000000000000000000000000000000F7
:1049C00000000000000000000000000000000000E7
:1049D00000000000000000000000000000000000D7
:1049E00000000000000000000000000000000000C7
:1049F000C80000006400000000000000000000008B
:104A000000000000000000000000000000000000A6
:104A10000000000000000000000000000000000096
:104A20000000000000000000000000000000000086
:104A30000000000000000000000000000000000076
:104A40000000000000000000000000000000000066
:104A5000E8030000F4010000000000000000000076
:104A60000000000000000000000000000000000046
:104A70000000000000000000000000000000000036
:104A80000000000000000000000000000000000026
:104A90000000000000000000000000000000000016
:104AA0000000000000000000000000000000000006
:104AB0006400000032000000000000000000000060
:104AC00000000000000000000000000000000000E6
:104AD00000000000000000000000000000000000D6
:104AE00000000000000000000000000000000000C6
:104AF00000000000000000000000000000000000B6
:104B000000000000000000000000000000000000A5
:104B1000E8030000F40100000000000000000000B5
:104B20000000000000000000000000000000000085
:104B30000000000000000000000000000000000075
:104B40000000000000000000000000000000000065
:104B50000000000000000000000000000000000055
:104B60000000000000000000000000000000000045
:104B7000F4010000FA000000000000000000000046
:104B80000000000000000000000000000000000025
:104B90000000000000000000000000000000000015
:104BA0000000000000000000000000000000000005
:104BB00000000000000000000000000000000000F5
:104BC00000000000000000000000000000000000E5
:104BD000E8030000F40100000000000000000000F5
:104BE00000000000000000000000000000000000C5
:104BF00000000000000000000000000000000000B5
:104C000000000000000000000000000000000000A4
:104C10000000000000000000000000000000000094
:104C20000000000000000000000000000000000084
:104C300010270000881300000000000000000000A2
:104C40000000000000000000000000000000000064
:104C50000000000000000000000000000000000054
:104C60000000000000000000000000000000000044
:104C70000000000000000000000000000000000034
:104C80000000000000000000000000000000000123
:104C9000FFFFFFFF00000000000000000000000018
:104CA0000000000000000000000000000000000004
:104CB00000000000000000000000000000000000F4
:104CC00000000000000000000000000000000000E4
:104CD00000000000000000000000000000000000D4
:104CE00000000000000000000000000000000001C3
:104CF000FFFFFFFF000000000000000000000000B8
:104D000000000000000000000000000000000000A3
:104D10000000000000000000000000000000000093
:104D20000000000000000000000000000000000083
:104D30000000000000000000000000000000000073
:104D40000000000000000000000000000000000162
:104D5000FFFFFFFF00000000000000000000000057
:104D60000000000000000000000000000000000043
:104D70000000000000000000000000000000000033
:104D80000000000000000000000000000000000023
:104D90000000000000000000000000000000000013
:104DA0000000000000000000000000000000000003
:104DB000E8030000F4010000000000000000000013
:104DC00000000000000000000000000000000000E3
:104DD00000000000000000000000000000000000D3
:104DE00000000000000000000000000000000000C3
:104DF00000000000000000000000000000000000B3
:104E000000000000000000000000000000000000A2
:104E100064000000320000000000000000000000FC
:104E20000000000000000000000000000000000082
:104E30000000000000000000000000000000000072
:104E40000000000000000000000000000000000062
:104E50000000000000000000000000000000000052
:104E60000000000000000000000000000000000042
:104E7000E8030000F4010000000000000000000052
:104E80000000000000000000000000000000000022
:104E90000000000000000000000000000000000012
:104EA0000000000000000000000000000000000002
:104EB00000000000000000000000000000000000F2
:104EC00000000000000000000000000000000001E1
:104ED000FFFFFFFF000000000000000000000000D6
:104EE00000000000000000000000000000000000C2
:104EF00000000000000000000000000000000000B2
:104F000000000000000000000000000000000000A1
:104F10000000000000000000000000000000000091
:104F20000000000000000000000000000000000180
:104F3000FFFFFFFF00000000000000000000000075
:104F40000000000000000000000000000000000061
:104F50000000000000000000000000000000000051
:104F60000000000000000000000000000000000041
:104F70000000000000000000000000000000000031
:104F80000000000000000000000000000000000021
:104F90000100000000000000000000000000000010
:104FA0000000000000000000000000000000000001
:104FB00000000000000000000000000000000000F1
:104FC00000000000000000000000000000000000E1
:104FD0000040010114000000000000001400000067
:104FE00000000000020000000000000000000000BF
:104FF00000000000000000000000000000000000B1
:1050000000000000000000000000000000000000A0
:105010000000000000000000000000000000000090
:105020000000000000080100E8030000000000008C
:105030001400050000000000030000000000000054
:105040000000000000000000000000000000000060
:105050000000000000000000000000000000000050
:105060000000000000000000000000000000000040
:105070000000000000000000000801011400000012
:105080000000000014000000000000000400000008
:105090000000000000000000000000000000000010
:1050A0000000000000000000000000000000000000
:1050B00000000000000000000000000000000000F0
:1050C00000000000000000000000000000080100D7
:1050D0006400000000000000140001000000000057
:1050E00005000000000000000000000000000000BB
:1050F00000000000000000000000000000000000B0
:10510000000000000000000000000000000000009F
:10511000000000000000000000000000000000008F
:1051200000080100E8030000000000001400020075
:105130000000000006000000000000000000000069
:10514000000000000000000000000000000000005F
:10515000000000000000000000000000000000004F
:10516000000000000000000000000000000000003F
:1051700000000000000801006400000000000000C2
:105180001400030000000000070000000000000001
:10519000000000000000000000000000000000000F
:1051A00000000000000000000000000000000000FF
:1051B00000000000000000000000000000000000EF
:1051C000000000000000000000400100E8030000B3
:1051D00000000000140004000000000008000000AF
:1051E00000000000000000000000000000000000BF
:1051F00000000000000000000000000000000000AF
:10520000000000000000000000000000000000009E
:10521000000000000000000000000000004001014C
:105220001400000000000000140000000000000056
:105230000900000000000000000000000000000065
:10524000000000000000000000000000000000005E
:10525000000000000000000000000000000000004E
:10526000000000000000000000000000000000003E
:105270000008010088130000000000001400060070
:10528000000000000000000000000000000000001E
:10529000000000005031402000000000000000002D
:1052A00000000000000000000000000000000000FE
:1052B00000000000000000000000000000000000EE
:1052C00000000000000000000000000000000000DE
:1052D00000000000000000000000000000000000CE
:1052E00000000000000000000000000000000000BE
:1052F00000000000000000000000000000000000AE
:10530000000000000000000000000000000000009D
:10531000000000000000000000000000000000008D
:10532000000000000000000000000000000000007D
:10533000000000000000000000000000000000006D
:10534000000000000000000000000000000000005D
:10535000000000000000000000000000000000004D
:10536000000000000000000000000000000000003D
:10537000000000000000000000000000000000002D
:10538000000000000000000000000000000000001D
:10539000000000000000000000000000000000000D
:1053A00000000000000000000000000000000000FD
:1053B00000000000000000000000000000000000ED
:1053C00000000000000000000000000000000000DD
:1053D00000000000000000000000000000000000CD
:1053E00000000000000000000000000000000000BD
:1053F00000000000000000000000000000000000AD
:10540000000000000000000000000000000000009C
:10541000000000000000000000000000000000008C
:10542000000000000000000000000000000000007C
:10543000000000000000000000000000000000006C
:10544000000000000000000000000000000000005C
:10545000000000000000000000000000000000004C
:10546000000000000000000000000000000000003C
:10547000000000000000000000000000000000002C
:10548000000000000000000000000000000000001C
:10549000000000000000000000000000000000000C
:1054A00000000000000000000000000000000000FC
:1054B00000000000000000000000000000000000EC
:1054C00000000000000000000000000000000000DC
:1054D00000000000000000000000000000000000CC
:1054E00000000000000000000000000000000000BC
:1054F00000000000000000000000000000000000AC
:10550000000000000000000000000000000000009B
:10551000000000000000000000000000000000008B
:10552000000000000000000000000000000000007B
:10553000000000000000000000000000000000006B
:10554000000000000000000000000000000000005B
:10555000000000000000000000000000000000004B
:10556000000000000000000000000000000000003B
:10557000000000000000000000000000000000002B
:10558000000000000000000000000000000000001B
:10559000000000000000000000000000000000000B
:1055A00000000000000000000000000000000000FB
:1055B00000000000000000000000000000000000EB
:1055C00000000000000000000000000000000000DB
:1055D00000000000000000000000000000000000CB
:1055E00000000000000000000000000000000000BB
:1055F00000000000000000000000000000000000AB
:10560000000000000000000000000000000000009A
:10561000000000000000000000000000000000008A
:10562000000000000000000000000000000000007A
:10563000000000000000000000000000000000006A
:10564000000000000000000000000000000000005A
:10565000000000000000000000000000000000004A
:10566000000000000000000000000000000000003A
:10567000000000000000000000000000000000002A
:10568000000000000000000000000000000000001A
:10569000000000000000000000000000000000000A
:1056A00000000000000000000000000000000000FA
:1056B00000000000000000000000000000000000EA
:1056C00000000000000000000000000000000000DA
:1056D00000000000000000000000000000000000CA
:1056E00000000000000000000000000000000000BA
:1056F00000000000000000000000000000000000AA
:105700000000000000000000000000000000000099
:105710000000000000000000000000000000000089
:105720000000000000000000000000000000000079
:105730000000000000000000000000000000000069
:105740000000000000000000000000000000000059
:105750000000000000000000000000000000000049
:105760000000000000000000000000000000000039
:105770000000000000000000000000000000000029
:105780000000000000000000000000000000000019
:105790000000000000000000000000000000000009
:1057A00000000000000000000000000000000000F9
:1057B00000000000000000000000000000000000E9
:1057C00000000000000000000000000000000000D9
:1057D00000000000000000000000000000000000C9
:1057E00000000000000000000000000000000000B9
:1057F00000000000000000000000000000000000A9
:105800000000000000000000000000000000000098
:105810000000000000000000000000000000000088
:105820000000000000000000000000000000000078
:105830000000000000000000000000000000000068
:105840000000000000000000000000000000000058
:105850000000000000000000000000000000000048
:105860000000000000000000000000000000000038
:105870000000000000000000000000000000000028
:105880000000000000000000000000000000000018
:105890000000000000000000000000000000000008
:1058A00000000000000000000000000000000000F8
:1058B00000000000000000000000000000000000E8
:1058C00000000000000000000000000000000000D8
:1058D00000000000000000000000000000000000C8
:1058E00000000000000000000000000000000000B8
:1058F00000000000000000000000000000000000A8
:105900000000000000000000000000000000000097
:105910000000000000000000000000000000000087
:105920000000000000000000000000000000000077
:105930000000000000000000000000000000000067
:105940000000000000000000000000000000000057
:105950000000000000000000000000000000000047
:105960000000000000000000000000000000000037
:105970000000000000000000000000000000000027
:105980000000000000000000000000000000000017
:105990000000000000000000000000000000000007
:1059A00000000000000000000000000000000000F7
:1059B00000000000000000000000000000000000E7
:1059C00000000000000000000000000000000000D7
:1059D00000000000000000000000000000000000C7
:1059E00000000000000000000000000000000000B7
:1059F00000000000000000000000000000000000A7
:105A00000000000000000000000000000000000096
:105A10000000000000000000000000000000000086
:105A20000000000000000000000000000000000076
:105A30000000000000000000000000000000000066
:105A40000000000000000000000000000000000056
:105A50000000000000000000000000000000000046
:105A60000000000000000000000000000000000036
:105A70000000000000000000000000000000000026
:105A80000000000000000000000000000000000016
:105A90000000000000000000000000000000000006
:105AA00000000000000000000000000000000000F6
:105AB00000000000000000000000000000000000E6
:105AC00000000000000000000000000000000000D6
:105AD00000000000000000000000000000000000C6
:105AE00000000000000000000000000000000000B6
:105AF00000000000000000000000000000000000A6
:105B00000000000000000000000000000000000095
:105B10000000000000000000000000000000000085
:105B20000000000000000000000000000000000075
:105B30000000000000000000000000000000000065
:105B40000000000000000000000000000000000055
:105B50000000000000000000000000000000000045
:105B60000000000000000000000000000000000035
:105B70000000000000000000000000000000000025
:105B80000000000000000000000000000000000015
:105B90000000000000000000000000000000000005
:105BA00000000000000000000000000000000000F5
:105BB00000000000000000000000000000000000E5
:105BC00000000000000000000000000000000000D5
:105BD00000000000000000000000000000000000C5
:105BE00000000000000000000000000000000000B5
:105BF00000000000000000000000000000000000A5
:105C00000000000000000000000000000000000094
:105C10000000000000000000000000000000000084
:105C20000000000000000000000000000000000074
:105C30000000000000000000000000000000000064
:105C40000000000000000000000000000000000054
:105C50000000000000000000000000000000000044
:105C60000000000000000000000000000000000034
:105C70000000000000000000000000000000000024
:105C80000000000000000000000000000000000014
:105C90000000000000000000000000000000000004
:105CA00000000000000000000000000000000000F4
:105CB00000000000000000000000000000000000E4
:105CC00000000000000000000000000000000000D4
:105CD00000000000000000000000000000000000C4
:105CE00000000000000000000000000000000000B4
:105CF00000000000000000000000000000000000A4
:105D00000000000000000000000000000000000093
:105D10000000000000000000000000000000000083
:105D20000000000000000000000000000000000073
:105D30000000000000000000000000000000000063
:105D40000000000000000000000000000000000053
:105D50000000000000000000000000000000000043
:105D60000000000000000000000000000000000033
:105D70000000000000000000000000000000000023
:105D80000000000000000000000000000000000013
:105D90000000000000000000000000000000000003
:105DA00000000000000000000000000000000000F3
:105DB00000000000000000000000000000000000E3
:105DC00000000000000000000000000000000000D3
:105DD00000000000000000000000000000000000C3
:105DE00000000000000000000000000000000000B3
:105DF00000000000000000000000000000000000A3
:105E00000000000000000000000000000000000092
:105E10000000000000000000000000000000000082
:105E20000000000000000000000000000000000072
:105E30000000000000000000000000000000000062
:105E40000000000000000000000000000000000052
:105E50000000000000000000000000000000000042
:105E60000000000000000000000000000000000032
:105E70000000000000000000000000000000000022
:105E80000000000000000000000000000000000012
:105E90000000000000000000000000000000000002
:105EA00000000000000000000000000000000000F2
:105EB00000000000000000000000000000000000E2
:105EC00000000000000000000000000000000000D2
:105ED00000000000000000000000000000000000C2
:105EE00000000000000000000000000000000000B2
:105EF00000000000000000000000000000000000A2
:105F00000000000000000000000000000000000091
:105F10000000000000000000000000000000000081
:105F20000000000000000000000000000000000071
:105F30000000000000000000000000000000000061
:105F40000000000000000000000000000000000051
:105F50000000000000000000000000000000000041
:105F60000000000000000000000000000000000031
:105F70000000000000000000000000000000000021
:105F80000000000000000000000000000000000011
:105F90000000000000000000000000000000000001
:105FA00000000000000000000000000000000000F1
:105FB00000000000000000000000000000000000E1
:105FC00000000000000000000000000000000000D1
:105FD00000000000000000000000000000000000C1
:105FE00000000000000000000000000000000000B1
:105FF00000000000000000000000000000000000A1
:106000000000000000000000000000000000000090
:106010000000000000000000000000000000000080
:106020000000000000000000000000000000000070
:106030000000000000000000000000000000000060
:106040000000000000000000000000000000000050
:106050000000000000000000000000000000000040
:106060000000000000000000000000000000000030
:106070000000000000000000000000000000000020
:106080000000000000000000000000000000000010
:106090000000000000000000000000000000000000
:1060A00000000000000000000000000000000000F0
:1060B00000000000000000000000000000000000E0
:1060C00000000000000000000000000000000000D0
:1060D00000000000000000000000000000000000C0
:1060E00000000000000000000000000000000000B0
:1060F00000000000000000000000000000000000A0
:10610000000000000000000000000000000000008F
:10611000000000000000000000000000000000007F
:10612000000000000000000000000000000000006F
:10613000000000000000000000000000000000005F
:10614000000000000000000000000000000000004F
:10615000000000000000000000000000000000003F
:10616000000000000000000000000000000000002F
:10617000000000000000000000000000000000001F
:10618000000000000000000000000000000000000F
:1061900000000000000000000000000000000000FF
:1061A00000000000000000000000000000000000EF
:1061B00000000000000000000000000000000000DF
:1061C00000000000000000000000000000000000CF
:1061D00000000000000000000000000000000000BF
:1061E00000000000000000000000000000000000AF
:1061F000000000000000000000000000000000009F
:10620000000000000000000000000000000000008E
:10621000000000000000000000000000000000007E
:10622000000000000000000000000000000000006E
:10623000000000000000000000000000000000005E
:10624000000000000000000000000000000000004E
:10625000000000000000000000000000000000003E
:10626000000000000000000000000000000000002E
:10627000000000000000000000000000000000001E
:10628000000000000000000000000000000000000E
:1062900000000000000000000000000000000000FE
:1062A00000000000000000000000000000000000EE
:1062B00000000000000000000000000000000000DE
:1062C00000000000000000000000000000000000CE
:1062D00000000000000000000000000000000000BE
:1062E00000000000000000000000000000000000AE
:1062F000000000000000000000000000000000009E
:10630000000000000000000000000000000000008D
:10631000000000000000000000000000000000007D
:10632000000000000000000000000000000000006D
:10633000000000000000000000000000000000005D
:10634000000000000000000000000000000000004D
:10635000000000000000000000000000000000003D
:10636000000000000000000000000000000000002D
:10637000000000000000000000000000000000001D
:10638000000000000000000000000000000000000D
:1063900000000000000000000000000000000000FD
:1063A00000000000000000000000000000000000ED
:1063B00000000000000000000000000000000000DD
:1063C00000000000000000000000000000000000CD
:1063D00000000000000000000000000000000000BD
:1063E00000000000000000000000000000000000AD
:1063F000000000000000000000000000000000009D
:10640000000000000000000000000000000000008C
:10641000000000000000000000000000000000007C
:10642000000000000000000000000000000000006C
:10643000000000000000000000000000000000005C
:10644000000000000000000000000000000000004C
:10645000000000000000000000000000000000003C
:10646000000000000000000000000000000000002C
:10647000000000000000000000000000000000001C
:10648000000000000000000000000000000000000C
:1064900000000000000000000000000000000000FC
:1064A00000000000000000000000000000000000EC
:1064B00000000000000000000000000000000000DC
:1064C00000000000000000000000000000000000CC
:1064D00000000000000000000000000000000000BC
:1064E00000000000000000000000000000000000AC
:1064F000000000000000000000000000000000009C
:10650000000000000000000000000000000000008B
:10651000000000000000000000000000000000007B
:10652000000000000000000000000000000000006B
:10653000000000000000000000000000000000005B
:10654000000000000000000000000000000000004B
:10655000000000000000000000000000000000003B
:10656000000000000000000000000000000000002B
:10657000000000000000000000000000000000001B
:10658000000000000000000000000000000000000B
:1065900000000000000000000000000000000000FB
:1065A00000000000000000000000000000000000EB
:1065B00000000000000000000000000000000000DB
:1065C00000000000000000000000000000000000CB
:1065D00000000000000000000000000000000000BB
:1065E00000000000000000000000000000000000AB
:1065F000000000000000000000000000000000009B
:10660000000000000000000000000000000000008A
:10661000000000000000000000000000000000007A
:10662000000000000000000000000000000000006A
:10663000000000000000000000000000000000005A
:10664000000000000000000000000000000000004A
:10665000000000000000000000000000000000003A
:10666000000000000000000000000000000000002A
:10667000000000000000000000000000000000001A
:10668000000000000000000000000000000000000A
:1066900000000000000000000000000000000000FA
:1066A00000000000000000000000000000000000EA
:1066B00000000000000000000000000000000000DA
:1066C00000000000000000000000000000000000CA
:1066D00000000000000000000000000000000000BA
:1066E00000000000000000000000000000000000AA
:1066F000000000000000000000000000000000009A
:106700000000000000000000000000000000000089
:106710000000000000000000000000000000000079
:106720000000000000000000000000000000000069
:106730000000000000000000000000000000000059
:106740000000000000000000000000000000000049
:106750000000000000000000000000000000000039
:106760000000000000000000000000000000000029
:106770000000000000000000000000000000000019
:106780000000000000000000000000000000000009
:1067900000000000000000000000000000000000F9
:1067A00000000000000000000000000000000000E9
:1067B00000000000000000000000000000000000D9
:1067C00000000000000000000000000000000000C9
:1067D00000000000000000000000000000000000B9
:1067E00000000000000000000000000000000000A9
:1067F0000000000000000000000000000000000099
:106800000000000000000000000000000000000088
:106810000000000000000000000000000000000078
:106820000000000000000000000000000000000068
:106830000000000000000000000000000000000058
:106840000000000000000000000000000000000048
:106850000000000000000000000000000000000038
:106860000000000000000000000000000000000028
:106870000000000000000000000000000000000018
:106880000000000000000000000000000000000008
:1068900000000000000000000000000000000000F8
:1068A00000000000000000000000000000000000E8
:1068B00000000000000000000000000000000000D8
:1068C00000000000000000000000000000000000C8
:1068D00000000000000000000000000000000000B8
:1068E00000000000000000000000000000000000A8
:1068F0000000000000000000000000000000000098
:106900000000000000000000000000000000000087
:106910000000000000000000000000000000000077
:106920000000000000000000000000000000000067
:106930000000000000000000000000000000000057
:106940000000000000000000000000000000000047
:106950000000000000000000000000000000000037
:106960000000000000000000000000000000000027
:106970000000000000000000000000000000000017
:106980000000000000000000000000000000000007
:1069900000000000000000000000000000000000F7
:1069A00000000000000000000000000000000000E7
:1069B00000000000000000000000000000000000D7
:1069C00000000000000000000000000000000000C7
:1069D00000000000000000000000000000000000B7
:1069E00000000000000000000000000000000000A7
:1069F0000000000000000000000000000000000097
:106A00000000000000000000000000000000000086
:106A10000000000000000000000000000000000076
:106A20000000000000000000000000000000000066
:106A30000000000000000000000000000000000056
:106A40000000000000000000000000000000000046
:106A50000000000000000000000000000000000036
:106A60000000000000000000000000000000000026
:106A70000000000000000000000000000000000016
:106A80000000000000000000000000000000000006
:106A900000000000000000000000000000000000F6
:106AA00000000000000000000000000000000000E6
:106AB00000000000000000000000000000000000D6
:106AC00000000000000000000000000000000000C6
:106AD00000000000000000000000000000000000B6
:106AE00000000000000000000000000000000000A6
:106AF0000000000000000000000000000000000096
:106B00000000000000000000000000000000000085
:106B10000000000000000000000000000000000075
:106B20000000000000000000000000000000000065
:106B30000000000000000000000000000000000055
:106B40000000000000000000000000000000000045
:106B50000000000000000000000000000000000035
:106B60000000000000000000000000000000000025
:106B70000000000000000000000000000000000015
:106B80000000000000000000000000000000000005
:106B900000000000000000000000000000000000F5
:106BA00000000000000000000000000000000000E5
:106BB00000000000000000000000000000000000D5
:106BC00000000000000000000000000000000000C5
:106BD00000000000000000000000000000000000B5
:106BE00000000000000000000000000000000000A5
:106BF0000000000000000000000000000000000095
:106C00000000000000000000000000000000000084
:106C10000000000000000000000000000000000074
:106C20000000000000000000000000000000000064
:106C30000000000000000000000000000000000054
:106C40000000000000000000000000000000000044
:106C50000000000000000000000000000000000034
:106C60000000000000000000000000000000000024
:106C70000000000000000000000000000000000014
:106C80000000000000000000000000000000000004
:106C900000000000000000000000000000000000F4
:106CA00000000000000000000000000000000000E4
:106CB00000000000000000000000000000000000D4
:106CC00000000000000000000000000000000000C4
:106CD00000000000000000000000000000000000B4
:106CE00000000000000000000000000000000000A4
:106CF0000000000000000000000000000000000094
:106D00000000000000000000000000000000000083
:106D10000000000000000000000000000000000073
:106D20000000000000000000000000000000000063
:106D30000000000000000000000000000000000053
:106D40000000000000000000000000000000000043
:106D50000000000000000000000000000000000033
:106D60000000000000000000000000000000000023
:106D70000000000000000000000000000000000013
:106D80000000000000000000000000000000000003
:106D900000000000000000000000000000000000F3
:106DA00000000000000000000000000000000000E3
:106DB00000000000000000000000000000000000D3
:106DC00000000000000000000000000000000000C3
:106DD00000000000000000000000000000000000B3
:106DE00000000000000000000000000000000000A3
:106DF0000000000000000000000000000000000093
:106E00000000000000000000000000000000000082
:106E10000000000000000000000000000000000072
:106E20000000000000000000000000000000000062
:106E30000000000000000000000000000000000052
:106E40000000000000000000000000000000000042
:106E50000000000000000000000000000000000032
:106E60000000000000000000000000000000000022
:106E70000000000000000000000000000000000012
:106E80000000000000000000000000000000000002
:106E900000000000000000000000000000000000F2
:106EA00000000000000000000000000000000000E2
:106EB00000000000000000000000000000000000D2
:106EC00000000000000000000000000000000000C2
:106ED00000000000000000000000000000000000B2
:106EE00000000000000000000000000000000000A2
:106EF0000000000000000000000000000000000092
:106F00000000000000000000000000000000000081
:106F10000000000000000000000000000000000071
:106F20000000000000000000000000000000000061
:106F30000000000000000000000000000000000051
:106F40000000000000000000000000000000000041
:106F50000000000000000000000000000000000031
:106F60000000000000000000000000000000000021
:106F70000000000000000000000000000000000011
:106F80000000000000000000000000000000000001
:106F900000000000000000000000000000000000F1
:106FA00000000000000000000000000000000000E1
:106FB00000000000000000000000000000000000D1
:106FC00000000000000000000000000000000000C1
:106FD00000000000000000000000000000000000B1
:106FE00000000000000000000000000000000000A1
:106FF0000000000000000000000000000000000091
:107000000000000000000000000000000000000080
:107010000000000000000000000000000000000070
:107020000000000000000000000000000000000060
:107030000000000000000000000000000000000050
:107040000000000000000000000000000000000040
:107050000000000000000000000000000000000030
:107060000000000000000000000000000000000020
:107070000000000000000000000000000000000010
:107080000000000000000000000000000000000000
:1070900000000000000000000000000000000000F0
:1070A00000000000000000000000000000000000E0
:1070B00000000000000000000000000000000000D0
:1070C00000000000000000000000000000000000C0
:1070D00000000000000000000000000000000000B0
:1070E00000000000000000000000000000000000A0
:1070F0000000000000000000000000000000000090
:10710000000000000000000000000000000000007F
:10711000000000000000000000000000000000006F
:10712000000000000000000000000000000000005F
:10713000000000000000000000000000000000004F
:10714000000000000000000000000000000000003F
:10715000000000000000000000000000000000002F
:10716000000000000000000000000000000000001F
:10717000000000000000000000000000000000000F
:1071800000000000000000000000000000000000FF
:1071900000000000000000000000000000000000EF
:1071A00000000000000000000000000000000000DF
:1071B00000000000000000000000000000000000CF
:1071C00000000000000000000000000000000000BF
:1071D00000000000000000000000000000000000AF
:1071E000000000000000000000000000000000009F
:1071F000000000000000000000000000000000008F
:10720000000000000000000000000000000000007E
:10721000000000000000000000000000000000006E
:10722000000000000000000000000000000000005E
:10723000000000000000000000000000000000004E
:10724000000000000000000000000000000000003E
:10725000000000000000000000000000000000002E
:10726000000000000000000000000000000000001E
:10727000000000000000000000000000000000000E
:1072800000000000000000000000000000000000FE
:1072900000000000000000000000000000000000EE
:1072A00000000000000000000000000000000000DE
:1072B00000000000000000000000000000000000CE
:1072C00000000000000000000000000000000000BE
:1072D00000000000000000000000000000000000AE
:1072E000000000000000000000000000000000009E
:1072F000000000000000000000000000000000008E
:10730000000000000000000000000000000000007D
:10731000000000000000000000000000000000006D
:10732000000000000000000000000000000000005D
:10733000000000000000000000000000000000004D
:10734000000000000000000000000000000000003D
:10735000000000000000000000000000000000002D
:10736000000000000000000000000000000000001D
:10737000000000000000000000000000000000000D
:1073800000000000000000000000000000000000FD
:1073900000000000000000000000000000000000ED
:1073A00000000000000000000000000000000000DD
:1073B00000000000000000000000000000000000CD
:1073C00000000000000000000000000000000000BD
:1073D00000000000000000000000000000000000AD
:1073E000000000000000000000000000000000009D
:1073F000000000000000000000000000000000008D
:10740000000000000000000000000000000000007C
:10741000000000000000000000000000000000006C
:10742000000000000000000000000000000000005C
:10743000000000000000000000000000000000004C
:10744000000000000000000000000000000000003C
:10745000000000000000000000000000000000002C
:10746000000000000000000000000000000000001C
:10747000000000000000000000000000000000000C
:1074800000000000000000000000000000000000FC
:1074900000000000000000000000000000000000EC
:1074A00000000000000000000000000000000000DC
:1074B00000000000000000000000000000000000CC
:1074C00000000000000000000000000000000000BC
:1074D00000000000000000000000000000000000AC
:1074E000000000000000000000000000000000009C
:1074F000000000000000000000000000000000008C
:10750000000000000000000000000000000000007B
:10751000000000000000000000000000000000006B
:10752000000000000000000000000000000000005B
:10753000000000000000000000000000000000004B
:10754000000000000000000000000000000000003B
:10755000000000000000000000000000000000002B
:10756000000000000000000000000000000000001B
:10757000000000000000000000000000000000000B
:1075800000000000000000000000000000000000FB
:1075900000000000000000000000000000000000EB
:1075A00000000000000000000000000000000000DB
:1075B00000000000000000000000000000000000CB
:1075C00000000000000000000000000000000000BB
:1075D00000000000000000000000000000000000AB
:1075E000000000000000000000000000000000009B
:1075F000000000000000000000000000000000008B
:10760000000000000000000000000000000000007A
:10761000000000000000000000000000000000006A
:10762000000000000000000000000000000000005A
:10763000000000000000000000000000000000004A
:10764000000000000000000000000000000000003A
:10765000000000000000000000000000000000002A
:10766000000000000000000000000000000000001A
:10767000000000000000000000000000000000000A
:1076800000000000000000000000000000000000FA
:1076900000000000000000000000000084B003466D
:1076A00000918DF80730009B039342F2E47302933C
:1076B0009DF80730002B11D12D4B4FF0FF32C3F84E
:1076C00000212B4B1B682A4A43F010031360284B00
:1076D0001B68274A23F02003136009E09DF8073058
:1076E000012B05D1224B1B68214A43F480731360A0
:1076F0001F4B1B681E4A43F0010313601C4B5B6861
:1077000003F40043002B0CD14EF242730293039B0F
:10771000013B0393039B002B10D142F6D433029319
:107720000CE0134B5B6803F48043002B03D142F25F
:10773000E473029302E045F6A5230293029B4EF206
:1077400042729342DAD0029B4EF2427293420BD0C5
:10775000074B1B68064A23F001031360044B1B68A8
:10776000034A23F480731360029B184604B07047E9
:1077700000C02E40010000000100000105000100D2
:1077800060FC61FF620063FF64F065FF663F6700B5
:1077900068E600006AFF6BFF6CFF6D006E006FFF14
:1077A00070A671007200730074807570771778C2CC
:1077B00079007AE57B007C0020E7103011F112554A
:1077C00013551455150016081700180F1DFF1EFF3E
:1077D0001F7821142201230024F0259826082D0764
:1077E0002E192F093065310420E000000000010C43
:1077F00002800337048005010616071408000950AB
:107800000A300B860C010DA80E040F701000110039
:107810001200130014801507168017011810193371
:107820001A081B601C001D001E000000020003005F
:1078300004010500060007010C600D0076007700CA
:10784000780079007A0000008C888D138E0000008B
:10785000901E910092DC93009480950796A697085D
:10786000980299009A019B009C809D019ED89F01DF
:10787000A90CAA00AB00AC00AD00AE28BB01BC89CE
:10788000BD03BE74BF00000090EE911B920293886E
:107890009446954096669710BB01BC8960FC61FFD9
:1078A000620063FF64F065FF663F670068E6000002
:1078B0006AFF6BFF6CFF6D006E006FFF70A67100BA
:1078C0007200730074807570771778C279007AE55A
:1078D0007B007C002047103011F1125513551455D0
:1078E000150016081700180F1DFF1EFF1F98211402
:1078F0002201230024F0259826082D072E192F0990
:1079000030653104204000000000010C0280033784
:107910000480050106110714080009500A300B867F
:107920000C310DAC0E040F201000110012001300DA
:107930001480150716801701181219331A001B64DA
:107940001C001D001E800000020003000401050051
:10795000060007010C600D007600770078007900C2
:107960007A0000008CA28D608E010000901E9100B4
:1079700092DC930094809507969C97089802990052
:107980009A1E9B009C809D019EF69F01A90CAA0057
:10799000AB00AC00AD00AE28BB01BC89BD03BE741A
:1079A000BF0000009068910B920293889446954026
:1079B00096669710BB01BC8960FC61FF620063FFA3
:1079C00064F065FF663F670068E600006AFF6BFFD2
:1079D0006CFF6D006E006FFF70A671007200730087
:1079E00074807570771778C279007AE57B007C0027
:1079F00020E7103011F112551355145515001608D3
:107A00001700180F1DFF1EFF1F78211422012300ED
:107A100024F0259826082D072E192F0930653104EA
:107A200020E000000000010C028003370480050103
:107A300006160714080009500A300B860C010DA821
:107A40000E040F70100011001200130014801507AF
:107A500016801701181019331A081B601C001D002E
:107A60001E000000020003000401050006000701DB
:107A70000C600D0076007700780079007A00000035
:107A80008C888D138E000000901E910092DC930074
:107A90009480950796A69708980299009A019B00F2
:107AA0009C809D019ED89F01A90CAA00AB00AC0050
:107AB000AD00AE28BB01BC89BD03BE74BF00000091
:107AC00090EE911B9202938894469540966697108B
:107AD000BB01BC89800700884800000010EB3232EF
:107AE00010EB223200000020000000000004000023
:107AF000020400000004000000000000000000007C
:107B000000000000000000000000480000004800E5
:107B100000C003000204000000200000000000007C
:107B200000000000000000000000000000C0410054
:107B300000004500000003000204000000200000D7
:107B40000000000000000000000000000000000035
:107B5000000000500000000000008000020400004F
:107B60000004000000000000000000000000000011
:107B700000000000000080500000010000008000B4
:107B8000FA0F0000F80F00000000000000000000E5
:107B9000000000000000000074EA430084EA430093
:107BA00090EA43009CEA4300A8EA43001986430098
:107BB000117F127E31000000BCEE43009CEE4300BA
:107BC000DCEE4300BCEE4300DCEE43009CEE4300E1
:107BD000DCEE430000EF430010EF430008EF4300EA
:107BE00018EF430010EF430008EF430018EF430085
:107BF00010EF430018EF430008EF430018EF430075
:107C000000EF430010EF430018EF4300ACF84300CF
:107C1000ACF84300ACF84300ACF84300ACF84300C8
:107C2000ACF84300ACF84300ACF84300ACF84300B8
:107C3000ACF84300ACF84300ACF84300ACF84300A8
:107C4000ACF84300ACF84300ACF84300ACF8430098
:107C5000ACF84300ACF84300ACF84300ACF8430088
:107C6000ACF84300ACF84300ACF84300ACF8430078
:107C7000ACF84300ACF84300F0B403000A00110074
:107C800042F2E47420001D00EDB2002D0DD15FF032
:107C9000FF35234E3560234D2E6856F010062E60BA
:107CA0002E6836F020062E6008E01D00EDB2012D92
:107CB00004D11C4D2E6856F480762E60194D2E6826
:107CC00056F001062E60184E37683F0409D44EF274
:107CD00042763000491E00290BD142F6D4363000DE
:107CE00007E03668760401D4200002E045F6A526B8
:107CF00030004EF242760700B446BFB26745E2D08C
:107D00000400A4B2B44207D02C68640864002C605C
:107D10002C6834F480742C6080B2F0BC704700BFD3
:107D200000C12E4000C02E4004C02E4000000000C4
:107D30000000BA00BB0046024702D703D80365051E
:107D40006605020703079C089D085A0A5B0A0D0C8A
:107D50000E0C9D0D9E0D340F350F001000000144D8
:107D60004455667700000000000000007800000025
:107D70000000000000000000000000000000000003
:107D800000000000000000000000000000000000F3
:107D9000F92F420000000000033042000000000004
:107DA0004422402000020000442440200002000041
:107DB0000C34402000000000000000000C34402083
:107DC000000000000000000014344020000000000B
:107DD000000000001C34402028344020343440206F
:107DE00000000000010000007D01F6917D01F69188
:107DF0007D01F6911F010101FFFFFFFFFFFF000062
:107E0000FFFFFFFFFFFF00004E0000000400000026
:107E10004E000000040000004E00000004000000BE
:107E20004E000000040000000024F40000943577A8
:107E300033100000000000000000000000000000FF
:107E40000000000000000000000000000000000032
:107E50000000000000000000000000000000000022
:107E60000000000000000000000000000000000012
:107E70000000000000000000000000000000000002
:107E800000000000000000000000000000000000F2
:107E900000000000F5CA430000C02D4000C028408B
:107EA00000002940FFFFFFFFFFFFFFFFFFFFFFFF75
:107EB000E42701000300000001000000FFFFFFFFB6
:107EC000FFFFFFFFFFFFFFFFFFFFFFFFFFFFFFFFC2
:107ED000FFFFFFFFFFFFFFFFFFFFFFFFFFFFFFFFB2
:107EE000FFFFFFFFFFFFFFFFFFFFFFFFFFFFFFFFA2
:107EF000FFFFFFFFFFFFFFFFFFFFFFFFFFFFFFFF92
:107F0000FFFFFFFFFFFFFFFFFFFFFFFFFFFFFFFF81
:107F1000FFFFFFFFFFFFFFFFFFFFFFFFFFFFFFFF71
:107F2000FFFFFFFFFFFFFFFFFFFFFFFFFFFFFFFF61
:107F3000FFFFFFFFFFFFFFFFFFFFFFFFFFFFFFFF51
:107F4000FFFFFFFFFFFFFFFFFFFFFFFFFFFFFFFF41
:107F5000FFFFFFFFFFFFFFFFFFFFFFFFFFFFFFFF31
:107F6000FFFFFFFFFFFFFFFFFFFFFFFFFFFFFFFF21
:107F7000FFFFFFFFFFFFFFFFFFFFFFFFFFFFFFFF11
:107F8000FFFFFFFFFFFFFFFFFFFFFFFFFFFFFFFF01
:107F9000FFFFFFFFFFFFFFFFFFFFFFFFFFFFFFFFF1
:107FA000FFFFFFFFFFFFFFFFFFFFFFFFFFFFFFFFE1
:107FB000FFFFFFFFFFFFFFFFFFFFFFFFFFFFFFFFD1
:107FC000FFFFFFFFFFFFFFFFFFFFFFFFFFFFFFFFC1
:107FD000FFFFFFFFFFFFFFFFFFFFFFFFFFFFFFFFB1
:107FE000FFFFFFFFFFFFFFFFFFFFFFFFFFFFFFFFA1
:107FF000FFFFFFFFFFFFFFFFFFFFFFFFFFFFFFFF91
:10800000FFFFFFFFFFFFFFFFFFFFFFFFFFFFFFFF80
:10801000FFFFFFFFFFFFFFFFFFFFFFFFFFFFFFFF70
:10802000FFFFFFFFFFFFFFFFFFFFFFFFFFFFFFFF60
:10803000FFFFFFFFFFFFFFFFFFFFFFFFFFFFFFFF50
:10804000FFFFFFFFFFFFFFFFFFFFFFFFFFFFFFFF40
:10805000FFFFFFFFFFFFFFFFFFFFFFFFFFFFFFFF30
:10806000FFFFFFFFFFFFFFFFFFFFFFFFFFFFFFFF20
:10807000FFFFFFFFFFFFFFFFFFFFFFFFFFFFFFFF10
:10808000FFFFFFFFFFFFFFFFFFFFFFFFFFFFFFFF00
:10809000FFFFFFFFFFFFFFFFFFFFFFFFFFFFFFFFF0
:1080A000FFFFFFFFFFFFFFFFFFFFFFFFFFFFFFFFE0
:1080B000FFFFFFFFFFFFFFFFFFFFFFFFFFFFFFFFD0
:1080C000FFFFFFFFFFFFFFFFFFFFFFFFFFFFFFFFC0
:1080D000FFFFFFFFFFFFFFFFFFFFFFFFFFFFFFFFB0
:1080E000FFFFFFFFFFFFFFFFFFFFFFFFFFFFFFFFA0
:1080F000FFFFFFFFFFFFFFFFFFFFFFFFFFFFFFFF90
:10810000FFFFFFFFFFFFFFFFFFFFFFFFFFFFFFFF7F
:10811000FFFFFFFFFFFFFFFFFFFFFFFFFFFFFFFF6F
:10812000FFFFFFFFFFFFFFFFFFFFFFFFFFFFFFFF5F
:10813000FFFFFFFFFFFFFFFFFFFFFFFFFFFFFFFF4F
:10814000FFFFFFFFFFFFFFFFFFFFFFFFFFFFFFFF3F
:10815000FFFFFFFFFFFFFFFFFFFFFFFFFFFFFFFF2F
:10816000FFFFFFFFFFFFFFFFFFFFFFFFFFFFFFFF1F
:10817000FFFFFFFFFFFFFFFFFFFFFFFFFFFFFFFF0F
:10818000FFFFFFFFFFFFFFFFFFFFFFFFFFFFFFFFFF
:10819000FFFFFFFFFFFFFFFFFFFFFFFFFFFFFFFFEF
:1081A000FFFFFFFFFFFFFFFFFFFFFFFFFFFFFFFFDF
:1081B000FFFFFFFFFFFFFFFFFFFFFFFFFFFFFFFFCF
:1081C000FFFFFFFFFFFFFFFFFFFFFFFFFFFFFFFFBF
:1081D000FFFFFFFFFFFFFFFFFFFFFFFFFFFFFFFFAF
:1081E000FFFFFFFFFFFFFFFFFFFFFFFFFFFFFFFF9F
:1081F000FFFFFFFFFFFFFFFFFFFFFFFFFFFFFFFF8F
:10820000FFFFFFFFFFFFFFFFFFFFFFFFFFFFFFFF7E
:10821000FFFFFFFFFFFFFFFFFFFFFFFFFFFFFFFF6E
:10822000FFFFFFFFFFFFFFFFFFFFFFFFFFFFFFFF5E
:10823000FFFFFFFFFFFFFFFFFFFFFFFFFFFFFFFF4E
:10824000FFFFFFFFFFFFFFFFFFFFFFFFFFFFFFFF3E
:10825000FFFFFFFFFFFFFFFFFFFFFFFFFFFFFFFF2E
:10826000FFFFFFFFFFFFFFFFFFFFFFFFFFFFFFFF1E
:10827000FFFFFFFFFFFFFFFFFFFFFFFFFFFFFFFF0E
:10828000FFFFFFFFFFFFFFFFFFFFFFFFFFFFFFFFFE
:10829000FFFFFFFFFFFFFFFFFFFFFFFFFFFFFFFFEE
:1082A000FFFFFFFFFFFFFFFFFFFFFFFFFFFFFFFFDE
:1082B000FFFFFFFFFFFFFFFFFFFFFFFFFFFFFFFFCE
:1082C000FFFFFFFFFFFFFFFFFFFFFFFFFFFFFFFFBE
:1082D000FFFFFFFFFFFFFFFFFFFFFFFFFFFFFFFFAE
:1082E000FFFFFFFFFFFFFFFFFFFFFFFFFFFFFFFF9E
:1082F000FFFFFFFFFFFFFFFFFFFFFFFFFFFFFFFF8E
:10830000FFFFFFFFFFFFFFFFFFFFFFFFFFFFFFFF7D
:10831000FFFFFFFFFFFFFFFFFFFFFFFFFFFFFFFF6D
:10832000FFFFFFFFFFFFFFFFFFFFFFFFFFFFFFFF5D
:10833000FFFFFFFFFFFFFFFFFFFFFFFFFFFFFFFF4D
:10834000FFFFFFFFFFFFFFFFFFFFFFFFFFFFFFFF3D
:10835000FFFFFFFFFFFFFFFFFFFFFFFFFFFFFFFF2D
:10836000FFFFFFFFFFFFFFFFFFFFFFFFFFFFFFFF1D
:10837000FFFFFFFFFFFFFFFFFFFFFFFFFFFFFFFF0D
:10838000FFFFFFFFFFFFFFFFFFFFFFFFFFFFFFFFFD
:10839000FFFFFFFFFFFFFFFFFFFFFFFFFFFFFFFFED
:1083A000FFFFFFFFFFFFFFFFFFFFFFFFFFFFFFFFDD
:1083B000FFFFFFFFFFFFFFFFFFFFFFFFFFFFFFFFCD
:1083C000FFFFFFFFFFFFFFFFFFFFFFFFFFFFFFFFBD
:1083D000FFFFFFFFFFFFFFFFFFFFFFFFFFFFFFFFAD
:1083E000FFFFFFFFFFFFFFFFFFFFFFFFFFFFFFFF9D
:1083F000FFFFFFFFFFFFFFFFFFFFFFFFFFFFFFFF8D
:10840000FFFFFFFFFFFFFFFFFFFFFFFFFFFFFFFF7C
:10841000FFFFFFFFFFFFFFFFFFFFFFFFFFFFFFFF6C
:10842000FFFFFFFFFFFFFFFFFFFFFFFFFFFFFFFF5C
:10843000FFFFFFFFFFFFFFFFFFFFFFFFFFFFFFFF4C
:10844000FFFFFFFFFFFFFFFFFFFFFFFFFFFFFFFF3C
:10845000FFFFFFFFFFFFFFFFFFFFFFFFFFFFFFFF2C
:10846000FFFFFFFFFFFFFFFFFFFFFFFFFFFFFFFF1C
:10847000FFFFFFFFFFFFFFFFFFFFFFFFFFFFFFFF0C
:10848000FFFFFFFFFFFFFFFFFFFFFFFFFFFFFFFFFC
:10849000FFFFFFFFFFFFFFFFFFFFFFFFFFFFFFFFEC
:1084A000FFFFFFFFFFFFFFFFFFFFFFFFFFFFFFFFDC
:1084B000FFFFFFFFFFFFFFFFFFFFFFFFFFFFFFFFCC
:1084C000FFFFFFFFFFFFFFFFFFFFFFFFFFFFFFFFBC
:1084D000FFFFFFFFFFFFFFFFFFFFFFFFFFFFFFFFAC
:1084E000FFFFFFFFFFFFFFFFFFFFFFFFFFFFFFFF9C
:1084F000FFFFFFFFFFFFFFFFFFFFFFFFFFFFFFFF8C
:10850000FFFFFFFFFFFFFFFFFFFFFFFFFFFFFFFF7B
:10851000FFFFFFFFFFFFFFFFFFFFFFFFFFFFFFFF6B
:10852000FFFFFFFFFFFFFFFFFFFFFFFFFFFFFFFF5B
:10853000FFFFFFFFFFFFFFFFFFFFFFFFFFFFFFFF4B
:10854000FFFFFFFFFFFFFFFFFFFFFFFFFFFFFFFF3B
:10855000FFFFFFFFFFFFFFFFFFFFFFFFFFFFFFFF2B
:10856000FFFFFFFFFFFFFFFFFFFFFFFFFFFFFFFF1B
:10857000FFFFFFFFFFFFFFFFFFFFFFFFFFFFFFFF0B
:10858000FFFFFFFFFFFFFFFFFFFFFFFFFFFFFFFFFB
:10859000FFFFFFFFFFFFFFFFFFFFFFFFFFFFFFFFEB
:1085A000FFFFFFFFFFFFFFFFFFFFFFFFFFFFFFFFDB
:1085B000FFFFFFFFFFFFFFFFFFFFFFFFFFFFFFFFCB
:1085C000FFFFFFFFFFFFFFFFFFFFFFFFFFFFFFFFBB
:1085D000FFFFFFFFFFFFFFFFFFFFFFFFFFFFFFFFAB
:1085E000FFFFFFFFFFFFFFFFFFFFFFFFFFFFFFFF9B
:1085F000FFFFFFFFFFFFFFFFFFFFFFFFFFFFFFFF8B
:10860000FFFFFFFFFFFFFFFFFFFFFFFFFFFFFFFF7A
:10861000FFFFFFFFFFFFFFFFFFFFFFFFFFFFFFFF6A
:10862000FFFFFFFFFFFFFFFFFFFFFFFFFFFFFFFF5A
:10863000FFFFFFFFFFFFFFFFFFFFFFFFFFFFFFFF4A
:10864000FFFFFFFFFFFFFFFFFFFFFFFFFFFFFFFF3A
:10865000FFFFFFFFFFFFFFFFFFFFFFFFFFFFFFFF2A
:10866000FFFFFFFFFFFFFFFFFFFFFFFFFFFFFFFF1A
:10867000FFFFFFFFFFFFFFFFFFFFFFFFFFFFFFFF0A
:10868000FFFFFFFFFFFFFFFFFFFFFFFFFFFFFFFFFA
:10869000FFFFFFFFFFFFFFFFFFFFFFFFFFFFFFFFEA
:1086A000FFFFFFFFFFFFFFFFFFFFFFFFFFFFFFFFDA
:1086B000FFFFFFFFFFFFFFFFFFFFFFFFFFFFFFFFCA
:1086C000FFFFFFFFFFFFFFFFFFFFFFFFFFFFFFFFBA
:1086D000FFFFFFFFFFFFFFFFFFFFFFFFFFFFFFFFAA
:1086E000FFFFFFFFFFFFFFFFFFFFFFFFFFFFFFFF9A
:1086F000FFFFFFFFFFFFFFFFFFFFFFFFFFFFFFFF8A
:10870000FFFFFFFFFFFFFFFFFFFFFFFFFFFFFFFF79
:10871000FFFFFFFFFFFFFFFFFFFFFFFFFFFFFFFF69
:10872000FFFFFFFFFFFFFFFFFFFFFFFFFFFFFFFF59
:10873000FFFFFFFFFFFFFFFFFFFFFFFFFFFFFFFF49
:10874000FFFFFFFFFFFFFFFFFFFFFFFFFFFFFFFF39
:10875000FFFFFFFFFFFFFFFFFFFFFFFFFFFFFFFF29
:10876000FFFFFFFFFFFFFFFFFFFFFFFFFFFFFFFF19
:10877000FFFFFFFFFFFFFFFFFFFFFFFFFFFFFFFF09
:10878000FFFFFFFFFFFFFFFFFFFFFFFFFFFFFFFFF9
:10879000FFFFFFFFFFFFFFFFFFFFFFFFFFFFFFFFE9
:1087A000FFFFFFFFFFFFFFFFFFFFFFFFFFFFFFFFD9
:1087B000FFFFFFFFFFFFFFFFFFFFFFFFFFFFFFFFC9
:1087C000FFFFFFFFFFFFFFFFFFFFFFFFFFFFFFFFB9
:1087D000FFFFFFFFFFFFFFFFFFFFFFFFFFFFFFFFA9
:1087E000FFFFFFFFFFFFFFFFFFFFFFFFFFFFFFFF99
:1087F000FFFFFFFFFFFFFFFFFFFFFFFFFFFFFFFF89
:10880000FFFFFFFFFFFFFFFFFFFFFFFFFFFFFFFF78
:10881000FFFFFFFFFFFFFFFFFFFFFFFFFFFFFFFF68
:10882000FFFFFFFFFFFFFFFFFFFFFFFFFFFFFFFF58
:10883000FFFFFFFFFFFFFFFFFFFFFFFFFFFFFFFF48
:10884000FFFFFFFFFFFFFFFFFFFFFFFFFFFFFFFF38
:10885000FFFFFFFFFFFFFFFFFFFFFFFFFFFFFFFF28
:10886000FFFFFFFFFFFFFFFFFFFFFFFFFFFFFFFF18
:10887000FFFFFFFFFFFFFFFFFFFFFFFFFFFFFFFF08
:10888000FFFFFFFFFFFFFFFFFFFFFFFFFFFFFFFFF8
:10889000FFFFFFFFFFFFFFFFFFFFFFFFFFFFFFFFE8
:1088A000FFFFFFFFFFFFFFFFFFFFFFFFFFFFFFFFD8
:1088B000FFFFFFFFFFFFFFFFFFFFFFFFFFFFFFFFC8
:1088C000FFFFFFFFFFFFFFFFFFFFFFFFFFFFFFFFB8
:1088D000FFFFFFFFFFFFFFFFFFFFFFFFFFFFFFFFA8
:1088E000FFFFFFFFFFFFFFFFFFFFFFFFFFFFFFFF98
:1088F000FFFFFFFFFFFFFFFFFFFFFFFFFFFFFFFF88
:10890000FFFFFFFFFFFFFFFFFFFFFFFFFFFFFFFF77
:10891000FFFFFFFFFFFFFFFFFFFFFFFFFFFFFFFF67
:10892000FFFFFFFFFFFFFFFFFFFFFFFFFFFFFFFF57
:10893000FFFFFFFFFFFFFFFFFFFFFFFFFFFFFFFF47
:10894000FFFFFFFFFFFFFFFFFFFFFFFFFFFFFFFF37
:10895000FFFFFFFFFFFFFFFFFFFFFFFFFFFFFFFF27
:10896000FFFFFFFFFFFFFFFFFFFFFFFFFFFFFFFF17
:10897000FFFFFFFFFFFFFFFFFFFFFFFFFFFFFFFF07
:10898000FFFFFFFFFFFFFFFFFFFFFFFFFFFFFFFFF7
:10899000FFFFFFFFFFFFFFFFFFFFFFFFFFFFFFFFE7
:1089A000FFFFFFFFFFFFFFFFFFFFFFFFFFFFFFFFD7
:1089B000FFFFFFFFFFFFFFFFFFFFFFFFFFFFFFFFC7
:1089C000FFFFFFFFFFFFFFFFFFFFFFFFFFFFFFFFB7
:1089D000FFFFFFFFFFFFFFFFFFFFFFFFFFFFFFFFA7
:1089E000FFFFFFFFFFFFFFFFFFFFFFFFFFFFFFFF97
:1089F000FFFFFFFFFFFFFFFFFFFFFFFFFFFFFFFF87
:108A0000FFFFFFFFFFFFFFFFFFFFFFFFFFFFFFFF76
:108A1000FFFFFFFFFFFFFFFFFFFFFFFFFFFFFFFF66
:108A2000FFFFFFFFFFFFFFFFFFFFFFFFFFFFFFFF56
:108A3000FFFFFFFFFFFFFFFFFFFFFFFFFFFFFFFF46
:108A4000FFFFFFFFFFFFFFFFFFFFFFFFFFFFFFFF36
:108A5000FFFFFFFFFFFFFFFFFFFFFFFFFFFFFFFF26
:108A6000FFFFFFFFFFFFFFFFFFFFFFFFFFFFFFFF16
:108A7000FFFFFFFFFFFFFFFFFFFFFFFFFFFFFFFF06
:108A8000FFFFFFFFFFFFFFFFFFFFFFFFFFFFFFFFF6
:108A9000FFFFFFFFFFFFFFFFFFFFFFFFFFFFFFFFE6
:108AA000FFFFFFFFFFFFFFFFFFFFFFFFFFFFFFFFD6
:108AB000FFFFFFFFFFFFFFFFFFFFFFFFFFFFFFFFC6
:108AC000FFFFFFFFFFFFFFFFFFFFFFFFFFFFFFFFB6
:108AD000FFFFFFFFFFFFFFFFFFFFFFFFFFFFFFFFA6
:108AE000FFFFFFFFFFFFFFFFFFFFFFFFFFFFFFFF96
:108AF000FFFFFFFFFFFFFFFFFFFFFFFFFFFFFFFF86
:108B0000FFFFFFFFFFFFFFFFFFFFFFFFFFFFFFFF75
:108B1000FFFFFFFFFFFFFFFFFFFFFFFFFFFFFFFF65
:108B2000FFFFFFFFFFFFFFFFFFFFFFFFFFFFFFFF55
:108B3000FFFFFFFFFFFFFFFFFFFFFFFFFFFFFFFF45
:108B4000FFFFFFFFFFFFFFFFFFFFFFFFFFFFFFFF35
:108B5000FFFFFFFFFFFFFFFFFFFFFFFFFFFFFFFF25
:108B6000FFFFFFFFFFFFFFFFFFFFFFFFFFFFFFFF15
:108B7000FFFFFFFFFFFFFFFFFFFFFFFFFFFFFFFF05
:108B8000FFFFFFFFFFFFFFFFFFFFFFFFFFFFFFFFF5
:108B9000FFFFFFFFFFFFFFFFFFFFFFFFFFFFFFFFE5
:108BA000FFFFFFFFFFFFFFFFFFFFFFFFFFFFFFFFD5
:108BB000FFFFFFFFFFFFFFFFFFFFFFFFFFFFFFFFC5
:108BC000FFFFFFFFFFFFFFFFFFFFFFFFFFFFFFFFB5
:108BD000FFFFFFFFFFFFFFFFFFFFFFFFFFFFFFFFA5
:108BE000FFFFFFFFFFFFFFFFFFFFFFFFFFFFFFFF95
:108BF000FFFFFFFFFFFFFFFFFFFFFFFFFFFFFFFF85
:108C0000FFFFFFFFFFFFFFFFFFFFFFFFFFFFFFFF74
:108C1000FFFFFFFFFFFFFFFFFFFFFFFFFFFFFFFF64
:108C2000FFFFFFFFFFFFFFFFFFFFFFFFFFFFFFFF54
:108C3000FFFFFFFFFFFFFFFFFFFFFFFFFFFFFFFF44
:108C4000FFFFFFFFFFFFFFFFFFFFFFFFFFFFFFFF34
:108C5000FFFFFFFFFFFFFFFFFFFFFFFFFFFFFFFF24
:108C6000FFFFFFFFFFFFFFFFFFFFFFFFFFFFFFFF14
:108C7000FFFFFFFFFFFFFFFFFFFFFFFFFFFFFFFF04
:108C8000FFFFFFFFFFFFFFFFFFFFFFFFFFFFFFFFF4
:108C9000FFFFFFFFFFFFFFFFFFFFFFFFFFFFFFFFE4
:108CA000FFFFFFFFFFFFFFFFFFFFFFFFFFFFFFFFD4
:108CB000FFFFFFFFFFFFFFFFFFFFFFFFFFFFFFFFC4
:108CC000FFFFFFFFFFFFFFFFFFFFFFFFFFFFFFFFB4
:108CD000FFFFFFFFFFFFFFFFFFFFFFFFFFFFFFFFA4
:108CE000FFFFFFFFFFFFFFFFFFFFFFFFFFFFFFFF94
:108CF000FFFFFFFFFFFFFFFFFFFFFFFFFFFFFFFF84
:108D0000FFFFFFFFFFFFFFFFFFFFFFFFFFFFFFFF73
:108D1000FFFFFFFFFFFFFFFFFFFFFFFFFFFFFFFF63
:108D2000FFFFFFFFFFFFFFFFFFFFFFFFFFFFFFFF53
:108D3000FFFFFFFFFFFFFFFFFFFFFFFFFFFFFFFF43
:108D4000FFFFFFFFFFFFFFFFFFFFFFFFFFFFFFFF33
:108D5000FFFFFFFFFFFFFFFFFFFFFFFFFFFFFFFF23
:108D6000FFFFFFFFFFFFFFFFFFFFFFFFFFFFFFFF13
:108D7000FFFFFFFFFFFFFFFFFFFFFFFFFFFFFFFF03
:108D8000FFFFFFFFFFFFFFFFFFFFFFFFFFFFFFFFF3
:108D9000FFFFFFFFFFFFFFFFFFFFFFFFFFFFFFFFE3
:108DA000FFFFFFFFFFFFFFFFFFFFFFFFFFFFFFFFD3
:108DB000FFFFFFFFFFFFFFFFFFFFFFFFFFFFFFFFC3
:108DC000FFFFFFFFFFFFFFFFFFFFFFFFFFFFFFFFB3
:108DD000FFFFFFFFFFFFFFFFFFFFFFFFFFFFFFFFA3
:108DE000FFFFFFFFFFFFFFFFFFFFFFFFFFFFFFFF93
:108DF000FFFFFFFFFFFFFFFFFFFFFFFFFFFFFFFF83
:108E0000FFFFFFFFFFFFFFFFFFFFFFFFFFFFFFFF72
:108E1000FFFFFFFFFFFFFFFFFFFFFFFFFFFFFFFF62
:108E2000FFFFFFFFFFFFFFFFFFFFFFFFFFFFFFFF52
:108E3000FFFFFFFFFFFFFFFFFFFFFFFFFFFFFFFF42
:108E4000FFFFFFFFFFFFFFFFFFFFFFFFFFFFFFFF32
:108E5000FFFFFFFFFFFFFFFFFFFFFFFFFFFFFFFF22
:108E6000FFFFFFFFFFFFFFFFFFFFFFFFFFFFFFFF12
:108E7000FFFFFFFFFFFFFFFFFFFFFFFFFFFFFFFF02
:108E8000FFFFFFFFFFFFFFFFFFFFFFFFFFFFFFFFF2
:108E9000FFFFFFFFFFFFFFFFFFFFFFFFFFFFFFFFE2
:108EA000FFFFFFFFFFFFFFFFFFFFFFFFFFFFFFFFD2
:108EB000FFFFFFFFFFFFFFFFFFFFFFFFFFFFFFFFC2
:108EC000FFFFFFFFFFFFFFFFFFFFFFFFFFFFFFFFB2
:108ED000FFFFFFFFFFFFFFFFFFFFFFFFFFFFFFFFA2
:108EE000FFFFFFFFFFFFFFFFFFFFFFFFFFFFFFFF92
:108EF000FFFFFFFFFFFFFFFFFFFFFFFFFFFFFFFF82
:108F0000FFFFFFFFFFFFFFFFFFFFFFFFFFFFFFFF71
:108F1000FFFFFFFFFFFFFFFFFFFFFFFFFFFFFFFF61
:108F2000FFFFFFFFFFFFFFFFFFFFFFFFFFFFFFFF51
:108F3000FFFFFFFFFFFFFFFFFFFFFFFFFFFFFFFF41
:108F4000FFFFFFFFFFFFFFFFFFFFFFFFFFFFFFFF31
:108F5000FFFFFFFFFFFFFFFFFFFFFFFFFFFFFFFF21
:108F6000FFFFFFFFFFFFFFFFFFFFFFFFFFFFFFFF11
:108F7000FFFFFFFFFFFFFFFFFFFFFFFFFFFFFFFF01
:108F8000FFFFFFFFFFFFFFFFFFFFFFFFFFFFFFFFF1
:108F9000FFFFFFFFFFFFFFFFFFFFFFFFFFFFFFFFE1
:108FA000FFFFFFFFFFFFFFFFFFFFFFFFFFFFFFFFD1
:108FB000FFFFFFFFFFFFFFFFFFFFFFFFFFFFFFFFC1
:108FC000FFFFFFFFFFFFFFFFFFFFFFFFFFFFFFFFB1
:108FD000FFFFFFFFFFFFFFFFFFFFFFFFFFFFFFFFA1
:108FE000FFFFFFFFFFFFFFFFFFFFFFFFFFFFFFFF91
:108FF000FFFFFFFFFFFFFFFFFFFFFFFFFFFFFFFF81
:10900000FFFFFFFFFFFFFFFFFFFFFFFFFFFFFFFF70
:10901000FFFFFFFFFFFFFFFFFFFFFFFFFFFFFFFF60
:10902000FFFFFFFFFFFFFFFFFFFFFFFFFFFFFFFF50
:10903000FFFFFFFFFFFFFFFFFFFFFFFFFFFFFFFF40
:10904000FFFFFFFFFFFFFFFFFFFFFFFFFFFFFFFF30
:10905000FFFFFFFFFFFFFFFFFFFFFFFFFFFFFFFF20
:10906000FFFFFFFFFFFFFFFFFFFFFFFFFFFFFFFF10
:10907000FFFFFFFFFFFFFFFFFFFFFFFFFFFFFFFF00
:10908000FFFFFFFFFFFFFFFFFFFFFFFFFFFFFFFFF0
:10909000FFFFFFFFFFFFFFFFFFFFFFFFFFFFFFFFE0
:1090A000FFFFFFFFFFFFFFFFFFFFFFFFFFFFFFFFD0
:1090B000FFFFFFFFFFFFFFFFFFFFFFFFFFFFFFFFC0
:1090C000FFFFFFFFFFFFFFFFFFFFFFFFFFFFFFFFB0
:1090D000FFFFFFFFFFFFFFFFFFFFFFFFFFFFFFFFA0
:1090E000FFFFFFFFFFFFFFFFFFFFFFFFFFFFFFFF90
:1090F000FFFFFFFFFFFFFFFFFFFFFFFFFFFFFFFF80
:10910000FFFFFFFFFFFFFFFFFFFFFFFFFFFFFFFF6F
:10911000FFFFFFFFFFFFFFFFFFFFFFFFFFFFFFFF5F
:10912000FFFFFFFFFFFFFFFFFFFFFFFFFFFFFFFF4F
:10913000FFFFFFFFFFFFFFFFFFFFFFFFFFFFFFFF3F
:10914000FFFFFFFFFFFFFFFFFFFFFFFFFFFFFFFF2F
:10915000FFFFFFFFFFFFFFFFFFFFFFFFFFFFFFFF1F
:10916000FFFFFFFFFFFFFFFFFFFFFFFFFFFFFFFF0F
:10917000FFFFFFFFFFFFFFFFFFFFFFFFFFFFFFFFFF
:10918000FFFFFFFFFFFFFFFFFFFFFFFFFFFFFFFFEF
:10919000FFFFFFFFFFFFFFFFFFFFFFFFFFFFFFFFDF
:1091A000FFFFFFFFFFFFFFFFFFFFFFFFFFFFFFFFCF
:1091B000FFFFFFFFFFFFFFFFFFFFFFFFFFFFFFFFBF
:1091C000FFFFFFFFFFFFFFFFFFFFFFFFFFFFFFFFAF
:1091D000FFFFFFFFFFFFFFFFFFFFFFFFFFFFFFFF9F
:1091E000FFFFFFFFFFFFFFFFFFFFFFFFFFFFFFFF8F
:1091F000FFFFFFFFFFFFFFFFFFFFFFFFFFFFFFFF7F
:10920000FFFFFFFFFFFFFFFFFFFFFFFFFFFFFFFF6E
:10921000FFFFFFFFFFFFFFFFFFFFFFFFFFFFFFFF5E
:10922000FFFFFFFFFFFFFFFFFFFFFFFFFFFFFFFF4E
:10923000FFFFFFFFFFFFFFFFFFFFFFFFFFFFFFFF3E
:10924000FFFFFFFFFFFFFFFFFFFFFFFFFFFFFFFF2E
:10925000FFFFFFFFFFFFFFFFFFFFFFFFFFFFFFFF1E
:10926000FFFFFFFFFFFFFFFFFFFFFFFFFFFFFFFF0E
:10927000FFFFFFFFFFFFFFFFFFFFFFFFFFFFFFFFFE
:10928000FFFFFFFFFFFFFFFFFFFFFFFFFFFFFFFFEE
:10929000FFFFFFFFFFFFFFFFFFFFFFFFFFFFFFFFDE
:1092A000FFFFFFFFFFFFFFFFFFFFFFFFFFFFFFFFCE
:1092B000FFFFFFFFFFFFFFFFFFFFFFFFFFFFFFFFBE
:1092C000FFFFFFFFFFFFFFFFFFFFFFFFFFFFFFFFAE
:1092D000FFFFFFFFFFFFFFFFFFFFFFFFFFFFFFFF9E
:1092E000FFFFFFFFFFFFFFFFFFFFFFFFFFFFFFFF8E
:1092F000FFFFFFFFFFFFFFFFFFFFFFFFFFFFFFFF7E
:10930000FFFFFFFFFFFFFFFFFFFFFFFFFFFFFFFF6D
:10931000FFFFFFFFFFFFFFFFFFFFFFFFFFFFFFFF5D
:10932000FFFFFFFFFFFFFFFFFFFFFFFFFFFFFFFF4D
:10933000FFFFFFFFFFFFFFFFFFFFFFFFFFFFFFFF3D
:10934000FFFFFFFFFFFFFFFFFFFFFFFFFFFFFFFF2D
:10935000FFFFFFFFFFFFFFFFFFFFFFFFFFFFFFFF1D
:10936000FFFFFFFFFFFFFFFFFFFFFFFFFFFFFFFF0D
:10937000FFFFFFFFFFFFFFFFFFFFFFFFFFFFFFFFFD
:10938000FFFFFFFFFFFFFFFFFFFFFFFFFFFFFFFFED
:10939000FFFFFFFFFFFFFFFFFFFFFFFFFFFFFFFFDD
:1093A000FFFFFFFFFFFFFFFFFFFFFFFFFFFFFFFFCD
:1093B000FFFFFFFFFFFFFFFFFFFFFFFFFFFFFFFFBD
:1093C000FFFFFFFFFFFFFFFFFFFFFFFFFFFFFFFFAD
:1093D000FFFFFFFFFFFFFFFFFFFFFFFFFFFFFFFF9D
:1093E000FFFFFFFFFFFFFFFFFFFFFFFFFFFFFFFF8D
:1093F000FFFFFFFFFFFFFFFFFFFFFFFFFFFFFFFF7D
:10940000FFFFFFFFFFFFFFFFFFFFFFFFFFFFFFFF6C
:10941000FFFFFFFFFFFFFFFFFFFFFFFFFFFFFFFF5C
:10942000FFFFFFFFFFFFFFFFFFFFFFFFFFFFFFFF4C
:10943000FFFFFFFFFFFFFFFFFFFFFFFFFFFFFFFF3C
:10944000FFFFFFFFFFFFFFFFFFFFFFFFFFFFFFFF2C
:10945000FFFFFFFFFFFFFFFFFFFFFFFFFFFFFFFF1C
:10946000FFFFFFFFFFFFFFFFFFFFFFFFFFFFFFFF0C
:10947000FFFFFFFFFFFFFFFFFFFFFFFFFFFFFFFFFC
:10948000FFFFFFFFFFFFFFFFFFFFFFFFFFFFFFFFEC
:10949000FFFFFFFFFFFFFFFFFFFFFFFFFFFFFFFFDC
:1094A000FFFFFFFFFFFFFFFFFFFFFFFFFFFFFFFFCC
:1094B000FFFFFFFFFFFFFFFFFFFFFFFFFFFFFFFFBC
:1094C000FFFFFFFFFFFFFFFFFFFFFFFFFFFFFFFFAC
:1094D000FFFFFFFFFFFFFFFFFFFFFFFFFFFFFFFF9C
:1094E000FFFFFFFFFFFFFFFFFFFFFFFFFFFFFFFF8C
:1094F000FFFFFFFFFFFFFFFFFFFFFFFFFFFFFFFF7C
:10950000FFFFFFFFFFFFFFFFFFFFFFFFFFFFFFFF6B
:10951000FFFFFFFFFFFFFFFFFFFFFFFFFFFFFFFF5B
:10952000FFFFFFFFFFFFFFFFFFFFFFFFFFFFFFFF4B
:10953000FFFFFFFFFFFFFFFFFFFFFFFFFFFFFFFF3B
:10954000FFFFFFFFFFFFFFFFFFFFFFFFFFFFFFFF2B
:10955000FFFFFFFFFFFFFFFFFFFFFFFFFFFFFFFF1B
:10956000FFFFFFFFFFFFFFFFFFFFFFFFFFFFFFFF0B
:10957000FFFFFFFFFFFFFFFFFFFFFFFFFFFFFFFFFB
:10958000FFFFFFFFFFFFFFFFFFFFFFFFFFFFFFFFEB
:10959000FFFFFFFFFFFFFFFFFFFFFFFFFFFFFFFFDB
:1095A000FFFFFFFFFFFFFFFFFFFFFFFFFFFFFFFFCB
:1095B000FFFFFFFFFFFFFFFFFFFFFFFFFFFFFFFFBB
:1095C000FFFFFFFFFFFFFFFFFFFFFFFFFFFFFFFFAB
:1095D000FFFFFFFFFFFFFFFFFFFFFFFFFFFFFFFF9B
:1095E000FFFFFFFFFFFFFFFFFFFFFFFFFFFFFFFF8B
:1095F000FFFFFFFFFFFFFFFFFFFFFFFFFFFFFFFF7B
:10960000FFFFFFFFFFFFFFFFFFFFFFFFFFFFFFFF6A
:10961000FFFFFFFFFFFFFFFFFFFFFFFFFFFFFFFF5A
:10962000FFFFFFFFFFFFFFFFFFFFFFFFFFFFFFFF4A
:10963000FFFFFFFFFFFFFFFFFFFFFFFFFFFFFFFF3A
:10964000FFFFFFFFFFFFFFFFFFFFFFFFFFFFFFFF2A
:10965000FFFFFFFFFFFFFFFFFFFFFFFFFFFFFFFF1A
:10966000FFFFFFFFFFFFFFFFFFFFFFFFFFFFFFFF0A
:10967000FFFFFFFFFFFFFFFFFFFFFFFFFFFFFFFFFA
:10968000FFFFFFFFFFFFFFFFFFFFFFFFFFFFFFFFEA
:10969000FFFFFFFFFFFFFFFFFFFFFFFFFFFFFFFFDA
:1096A000FFFFFFFFFFFFFFFFFFFFFFFFFFFFFFFFCA
:1096B000FFFFFFFFFFFFFFFFFFFFFFFFFFFFFFFFBA
:1096C000FFFFFFFFFFFFFFFFFFFFFFFFFFFFFFFFAA
:1096D000FFFFFFFFFFFFFFFFFFFFFFFFFFFFFFFF9A
:1096E000FFFFFFFFFFFFFFFFFFFFFFFFFFFFFFFF8A
:1096F000FFFFFFFFFFFFFFFFFFFFFFFFFFFFFFFF7A
:10970000FFFFFFFFFFFFFFFFFFFFFFFFFFFFFFFF69
:10971000FFFFFFFFFFFFFFFFFFFFFFFFFFFFFFFF59
:10972000FFFFFFFFFFFFFFFFFFFFFFFFFFFFFFFF49
:10973000FFFFFFFFFFFFFFFFFFFFFFFFFFFFFFFF39
:10974000FFFFFFFFFFFFFFFFFFFFFFFFFFFFFFFF29
:10975000FFFFFFFFFFFFFFFFFFFFFFFFFFFFFFFF19
:10976000FFFFFFFFFFFFFFFFFFFFFFFFFFFFFFFF09
:10977000FFFFFFFFFFFFFFFFFFFFFFFFFFFFFFFFF9
:10978000FFFFFFFFFFFFFFFFFFFFFFFFFFFFFFFFE9
:10979000FFFFFFFFFFFFFFFFFFFFFFFFFFFFFFFFD9
:1097A000FFFFFFFFFFFFFFFFFFFFFFFFFFFFFFFFC9
:1097B000FFFFFFFFFFFFFFFFFFFFFFFFFFFFFFFFB9
:1097C000FFFFFFFFFFFFFFFFFFFFFFFFFFFFFFFFA9
:1097D000FFFFFFFFFFFFFFFFFFFFFFFFFFFFFFFF99
:1097E000FFFFFFFFFFFFFFFFFFFFFFFFFFFFFFFF89
:1097F000FFFFFFFFFFFFFFFFFFFFFFFFFFFFFFFF79
:10980000FFFFFFFFFFFFFFFFFFFFFFFFFFFFFFFF68
:10981000FFFFFFFFFFFFFFFFFFFFFFFFFFFFFFFF58
:10982000FFFFFFFFFFFFFFFFFFFFFFFFFFFFFFFF48
:10983000FFFFFFFFFFFFFFFFFFFFFFFFFFFFFFFF38
:10984000FFFFFFFFFFFFFFFFFFFFFFFFFFFFFFFF28
:10985000FFFFFFFFFFFFFFFFFFFFFFFFFFFFFFFF18
:10986000FFFFFFFFFFFFFFFFFFFFFFFFFFFFFFFF08
:10987000FFFFFFFFFFFFFFFFFFFFFFFFFFFFFFFFF8
:10988000FFFFFFFFFFFFFFFFFFFFFFFFFFFFFFFFE8
:10989000FFFFFFFFFFFFFFFFFFFFFFFFFFFFFFFFD8
:1098A000FFFFFFFFFFFFFFFFFFFFFFFFFFFFFFFFC8
:1098B000FFFFFFFFFFFFFFFFFFFFFFFFFFFFFFFFB8
:1098C000FFFFFFFFFFFFFFFFFFFFFFFFFFFFFFFFA8
:1098D000FFFFFFFFFFFFFFFFFFFFFFFFFFFFFFFF98
:1098E000FFFFFFFFFFFFFFFFFFFFFFFFFFFFFFFF88
:1098F000FFFFFFFFFFFFFFFFFFFFFFFFFFFFFFFF78
:10990000FFFFFFFFFFFFFFFFFFFFFFFFFFFFFFFF67
:10991000FFFFFFFFFFFFFFFFFFFFFFFFFFFFFFFF57
:10992000FFFFFFFFFFFFFFFFFFFFFFFFFFFFFFFF47
:10993000FFFFFFFFFFFFFFFFFFFFFFFFFFFFFFFF37
:10994000FFFFFFFFFFFFFFFFFFFFFFFFFFFFFFFF27
:10995000FFFFFFFFFFFFFFFFFFFFFFFFFFFFFFFF17
:10996000FFFFFFFFFFFFFFFFFFFFFFFFFFFFFFFF07
:10997000FFFFFFFFFFFFFFFFFFFFFFFFFFFFFFFFF7
:10998000FFFFFFFFFFFFFFFFFFFFFFFFFFFFFFFFE7
:10999000FFFFFFFFFFFFFFFFFFFFFFFFFFFFFFFFD7
:1099A000FFFFFFFFFFFFFFFFFFFFFFFFFFFFFFFFC7
:1099B000FFFFFFFFFFFFFFFFFFFFFFFFFFFFFFFFB7
:1099C000FFFFFFFFFFFFFFFFFFFFFFFFFFFFFFFFA7
:1099D000FFFFFFFFFFFFFFFFFFFFFFFFFFFFFFFF97
:1099E000FFFFFFFFFFFFFFFFFFFFFFFFFFFFFFFF87
:1099F000FFFFFFFFFFFFFFFFFFFFFFFFFFFFFFFF77
:109A0000FFFFFFFFFFFFFFFFFFFFFFFFFFFFFFFF66
:109A1000FFFFFFFFFFFFFFFFFFFFFFFFFFFFFFFF56
:109A2000FFFFFFFFFFFFFFFFFFFFFFFFFFFFFFFF46
:109A3000FFFFFFFFFFFFFFFFFFFFFFFFFFFFFFFF36
:109A4000FFFFFFFFFFFFFFFFFFFFFFFFFFFFFFFF26
:109A5000FFFFFFFFFFFFFFFFFFFFFFFFFFFFFFFF16
:109A6000FFFFFFFFFFFFFFFFFFFFFFFFFFFFFFFF06
:109A7000FFFFFFFFFFFFFFFFFFFFFFFFFFFFFFFFF6
:109A8000FFFFFFFFFFFFFFFFFFFFFFFFFFFFFFFFE6
:109A9000FFFFFFFFFFFFFFFFFFFFFFFFFFFFFFFFD6
:109AA000FFFFFFFFFFFFFFFFFFFFFFFFFFFFFFFFC6
:109AB000FFFFFFFFFFFFFFFFFFFFFFFFFFFFFFFFB6
:109AC000FFFFFFFFFFFFFFFFFFFFFFFFFFFFFFFFA6
:109AD000FFFFFFFFFFFFFFFFFFFFFFFFFFFFFFFF96
:109AE000FFFFFFFFFFFFFFFFFFFFFFFFFFFFFFFF86
:109AF000FFFFFFFFFFFFFFFFFFFFFFFFFFFFFFFF76
:109B0000FFFFFFFFFFFFFFFFFFFFFFFFFFFFFFFF65
:109B1000FFFFFFFFFFFFFFFFFFFFFFFFFFFFFFFF55
:109B2000FFFFFFFFFFFFFFFFFFFFFFFFFFFFFFFF45
:109B3000FFFFFFFFFFFFFFFFFFFFFFFFFFFFFFFF35
:109B4000FFFFFFFFFFFFFFFFFFFFFFFFFFFFFFFF25
:109B5000FFFFFFFFFFFFFFFFFFFFFFFFFFFFFFFF15
:109B6000FFFFFFFFFFFFFFFFFFFFFFFFFFFFFFFF05
:109B7000FFFFFFFFFFFFFFFFFFFFFFFFFFFFFFFFF5
:109B8000FFFFFFFFFFFFFFFFFFFFFFFFFFFFFFFFE5
:109B9000FFFFFFFFFFFFFFFFFFFFFFFFFFFFFFFFD5
:109BA000FFFFFFFFFFFFFFFFFFFFFFFFFFFFFFFFC5
:109BB000FFFFFFFFFFFFFFFFFFFFFFFFFFFFFFFFB5
:109BC000FFFFFFFFFFFFFFFFFFFFFFFFFFFFFFFFA5
:109BD000FFFFFFFFFFFFFFFFFFFFFFFFFFFFFFFF95
:109BE000FFFFFFFFFFFFFFFFFFFFFFFFFFFFFFFF85
:109BF000FFFFFFFFFFFFFFFFFFFFFFFFFFFFFFFF75
:109C0000FFFFFFFFFFFFFFFFFFFFFFFFFFFFFFFF64
:109C1000FFFFFFFFFFFFFFFFFFFFFFFFFFFFFFFF54
:109C2000FFFFFFFFFFFFFFFFFFFFFFFFFFFFFFFF44
:109C3000FFFFFFFFFFFFFFFFFFFFFFFFFFFFFFFF34
:109C4000FFFFFFFFFFFFFFFFFFFFFFFFFFFFFFFF24
:109C5000FFFFFFFFFFFFFFFFFFFFFFFFFFFFFFFF14
:109C6000FFFFFFFFFFFFFFFFFFFFFFFFFFFFFFFF04
:109C7000FFFFFFFFFFFFFFFFFFFFFFFFFFFFFFFFF4
:109C8000FFFFFFFFFFFFFFFFFFFFFFFFFFFFFFFFE4
:109C9000FFFFFFFFFFFFFFFFFFFFFFFFFFFFFFFFD4
:109CA000FFFFFFFFFFFFFFFFFFFFFFFFFFFFFFFFC4
:109CB000FFFFFFFFFFFFFFFFFFFFFFFFFFFFFFFFB4
:109CC000FFFFFFFFFFFFFFFFFFFFFFFFFFFFFFFFA4
:109CD000FFFFFFFFFFFFFFFFFFFFFFFFFFFFFFFF94
:109CE000FFFFFFFFFFFFFFFFFFFFFFFFFFFFFFFF84
:109CF000FFFFFFFFFFFFFFFFFFFFFFFFFFFFFFFF74
:109D0000FFFFFFFFFFFFFFFFFFFFFFFFFFFFFFFF63
:109D1000FFFFFFFFFFFFFFFFFFFFFFFFFFFFFFFF53
:109D2000FFFFFFFFFFFFFFFFFFFFFFFFFFFFFFFF43
:109D3000FFFFFFFFFFFFFFFFFFFFFFFFFFFFFFFF33
:109D4000FFFFFFFFFFFFFFFFFFFFFFFFFFFFFFFF23
:109D5000FFFFFFFFFFFFFFFFFFFFFFFFFFFFFFFF13
:109D6000FFFFFFFFFFFFFFFFFFFFFFFFFFFFFFFF03
:109D7000FFFFFFFFFFFFFFFFFFFFFFFFFFFFFFFFF3
:109D8000FFFFFFFFFFFFFFFFFFFFFFFFFFFFFFFFE3
:109D9000FFFFFFFFFFFFFFFFFFFFFFFFFFFFFFFFD3
:109DA000FFFFFFFFFFFFFFFFFFFFFFFFFFFFFFFFC3
:109DB000FFFFFFFFFFFFFFFFFFFFFFFFFFFFFFFFB3
:109DC000FFFFFFFFFFFFFFFFFFFFFFFFFFFFFFFFA3
:109DD000FFFFFFFFFFFFFFFFFFFFFFFFFFFFFFFF93
:109DE000FFFFFFFFFFFFFFFFFFFFFFFFFFFFFFFF83
:109DF000FFFFFFFFFFFFFFFFFFFFFFFFFFFFFFFF73
:109E0000FFFFFFFFFFFFFFFFFFFFFFFFFFFFFFFF62
:109E1000FFFFFFFFFFFFFFFFFFFFFFFFFFFFFFFF52
:109E2000FFFFFFFFFFFFFFFFFFFFFFFFFFFFFFFF42
:109E3000FFFFFFFFFFFFFFFFFFFFFFFFFFFFFFFF32
:109E4000FFFFFFFFFFFFFFFFFFFFFFFFFFFFFFFF22
:109E5000FFFFFFFFFFFFFFFFFFFFFFFFFFFFFFFF12
:109E6000FFFFFFFFFFFFFFFFFFFFFFFFFFFFFFFF02
:109E7000FFFFFFFFFFFFFFFFFFFFFFFFFFFFFFFFF2
:109E8000FFFFFFFFFFFFFFFFFFFFFFFFFFFFFFFFE2
:109E9000FFFFFFFFFFFFFFFFFFFFFFFFFFFFFFFFD2
:109EA000FFFFFFFFFFFFFFFFFFFFFFFFFFFFFFFFC2
:109EB000FFFFFFFFFFFFFFFFFFFFFFFFFFFFFFFFB2
:109EC000FFFFFFFFFFFFFFFFFFFFFFFFFFFFFFFFA2
:109ED000FFFFFFFFFFFFFFFFFFFFFFFFFFFFFFFF92
:109EE000FFFFFFFFFFFFFFFFFFFFFFFFFFFFFFFF82
:109EF000FFFFFFFFFFFFFFFFFFFFFFFFFFFFFFFF72
:109F0000FFFFFFFFFFFFFFFFFFFFFFFFFFFFFFFF61
:109F1000FFFFFFFFFFFFFFFFFFFFFFFFFFFFFFFF51
:109F2000FFFFFFFFFFFFFFFFFFFFFFFFFFFFFFFF41
:109F3000FFFFFFFFFFFFFFFFFFFFFFFFFFFFFFFF31
:109F4000FFFFFFFFFFFFFFFFFFFFFFFFFFFFFFFF21
:109F5000FFFFFFFFFFFFFFFFFFFFFFFFFFFFFFFF11
:109F6000FFFFFFFFFFFFFFFFFFFFFFFFFFFFFFFF01
:109F7000FFFFFFFFFFFFFFFFFFFFFFFFFFFFFFFFF1
:109F8000FFFFFFFFFFFFFFFFFFFFFFFFFFFFFFFFE1
:109F9000FFFFFFFFFFFFFFFFFFFFFFFFFFFFFFFFD1
:109FA000FFFFFFFFFFFFFFFFFFFFFFFFFFFFFFFFC1
:109FB000FFFFFFFFFFFFFFFFFFFFFFFFFFFFFFFFB1
:109FC000FFFFFFFFFFFFFFFFFFFFFFFFFFFFFFFFA1
:109FD000FFFFFFFFFFFFFFFFFFFFFFFFFFFFFFFF91
:109FE000FFFFFFFFFFFFFFFFFFFFFFFFFFFFFFFF81
:109FF000FFFFFFFFFFFFFFFFFFFFFFFFFFFFFFFF71
:10A00000FFFFFFFFFFFFFFFFFFFFFFFFFFFFFFFF60
:10A01000FFFFFFFFFFFFFFFFFFFFFFFFFFFFFFFF50
:10A02000FFFFFFFFFFFFFFFFFFFFFFFFFFFFFFFF40
:10A03000FFFFFFFFFFFFFFFFFFFFFFFFFFFFFFFF30
:10A04000FFFFFFFFFFFFFFFFFFFFFFFFFFFFFFFF20
:10A05000FFFFFFFFFFFFFFFFFFFFFFFFFFFFFFFF10
:10A06000FFFFFFFFFFFFFFFFFFFFFFFFFFFFFFFF00
:10A07000FFFFFFFFFFFFFFFFFFFFFFFFFFFFFFFFF0
:10A08000FFFFFFFFFFFFFFFFFFFFFFFFFFFFFFFFE0
:10A09000FFFFFFFFFFFFFFFFFFFFFFFFFFFFFFFFD0
:10A0A000FFFFFFFFFFFFFFFFFFFFFFFFFFFFFFFFC0
:10A0B000FFFFFFFFFFFFFFFFFFFFFFFFFFFFFFFFB0
:10A0C000FFFFFFFFFFFFFFFFFFFFFFFFFFFFFFFFA0
:10A0D000FFFFFFFFFFFFFFFFFFFFFFFFFFFFFFFF90
:10A0E000FFFFFFFFFFFFFFFFFFFFFFFFFFFFFFFF80
:10A0F000FFFFFFFFFFFFFFFFFFFFFFFFFFFFFFFF70
:10A10000FFFFFFFFFFFFFFFFFFFFFFFFFFFFFFFF5F
:10A11000FFFFFFFFFFFFFFFFFFFFFFFFFFFFFFFF4F
:10A12000FFFFFFFFFFFFFFFFFFFFFFFFFFFFFFFF3F
:10A13000FFFFFFFFFFFFFFFFFFFFFFFFFFFFFFFF2F
:10A14000FFFFFFFFFFFFFFFFFFFFFFFFFFFFFFFF1F
:10A15000FFFFFFFFFFFFFFFFFFFFFFFFFFFFFFFF0F
:10A16000FFFFFFFFFFFFFFFFFFFFFFFFFFFFFFFFFF
:10A17000FFFFFFFFFFFFFFFFFFFFFFFFFFFFFFFFEF
:10A18000FFFFFFFFFFFFFFFFFFFFFFFFFFFFFFFFDF
:10A19000FFFFFFFFFFFFFFFFFFFFFFFFFFFFFFFFCF
:10A1A000FFFFFFFFFFFFFFFFFFFFFFFFFFFFFFFFBF
:10A1B000FFFFFFFFFFFFFFFFFFFFFFFFFFFFFFFFAF
:10A1C000FFFFFFFFFFFFFFFFFFFFFFFFFFFFFFFF9F
:10A1D000FFFFFFFFFFFFFFFFFFFFFFFFFFFFFFFF8F
:10A1E000FFFFFFFFFFFFFFFFFFFFFFFFFFFFFFFF7F
:10A1F000FFFFFFFFFFFFFFFFFFFFFFFFFFFFFFFF6F
:10A20000FFFFFFFFFFFFFFFFFFFFFFFFFFFFFFFF5E
:10A21000FFFFFFFFFFFFFFFFFFFFFFFFFFFFFFFF4E
:10A22000FFFFFFFFFFFFFFFFFFFFFFFFFFFFFFFF3E
:10A23000FFFFFFFFFFFFFFFFFFFFFFFFFFFFFFFF2E
:10A24000FFFFFFFFFFFFFFFFFFFFFFFFFFFFFFFF1E
:10A25000FFFFFFFFFFFFFFFFFFFFFFFFFFFFFFFF0E
:10A26000FFFFFFFFFFFFFFFFFFFFFFFFFFFFFFFFFE
:10A27000FFFFFFFFFFFFFFFFFFFFFFFFFFFFFFFFEE
:10A28000FFFFFFFFFFFFFFFFFFFFFFFFFFFFFFFFDE
:10A29000FFFFFFFFFFFFFFFFFFFFFFFFFFFFFFFFCE
:10A2A000FFFFFFFFFFFFFFFFFFFFFFFFFFFFFFFFBE
:10A2B000FFFFFFFFFFFFFFFFFFFFFFFFFFFFFFFFAE
:10A2C000FFFFFFFFFFFFFFFFFFFFFFFFFFFFFFFF9E
:10A2D000FFFFFFFFFFFFFFFFFFFFFFFFFFFFFFFF8E
:10A2E000FFFFFFFFFFFFFFFFFFFFFFFFFFFFFFFF7E
:10A2F000FFFFFFFFFFFFFFFFFFFFFFFFFFFFFFFF6E
:10A30000FFFFFFFFFFFFFFFFFFFFFFFFFFFFFFFF5D
:10A31000FFFFFFFFFFFFFFFFFFFFFFFFFFFFFFFF4D
:10A32000FFFFFFFFFFFFFFFFFFFFFFFFFFFFFFFF3D
:10A33000FFFFFFFFFFFFFFFFFFFFFFFFFFFFFFFF2D
:10A34000FFFFFFFFFFFFFFFFFFFFFFFFFFFFFFFF1D
:10A35000FFFFFFFFFFFFFFFFFFFFFFFFFFFFFFFF0D
:10A36000FFFFFFFFFFFFFFFFFFFFFFFFFFFFFFFFFD
:10A37000FFFFFFFFFFFFFFFFFFFFFFFFFFFFFFFFED
:10A38000FFFFFFFFFFFFFFFFFFFFFFFFFFFFFFFFDD
:10A39000FFFFFFFFFFFFFFFFFFFFFFFFFFFFFFFFCD
:10A3A000FFFFFFFFFFFFFFFFFFFFFFFFFFFFFFFFBD
:10A3B000FFFFFFFFFFFFFFFFFFFFFFFFFFFFFFFFAD
:10A3C000FFFFFFFFFFFFFFFFFFFFFFFFFFFFFFFF9D
:10A3D000FFFFFFFFFFFFFFFFFFFFFFFFFFFFFFFF8D
:10A3E000FFFFFFFFFFFFFFFFFFFFFFFFFFFFFFFF7D
:10A3F000FFFFFFFFFFFFFFFFFFFFFFFFFFFFFFFF6D
:10A40000FFFFFFFFFFFFFFFFFFFFFFFFFFFFFFFF5C
:10A41000FFFFFFFFFFFFFFFFFFFFFFFFFFFFFFFF4C
:10A42000FFFFFFFFFFFFFFFFFFFFFFFFFFFFFFFF3C
:10A43000FFFFFFFFFFFFFFFFFFFFFFFFFFFFFFFF2C
:10A44000FFFFFFFFFFFFFFFFFFFFFFFFFFFFFFFF1C
:10A45000FFFFFFFFFFFFFFFFFFFFFFFFFFFFFFFF0C
:10A46000FFFFFFFFFFFFFFFFFFFFFFFFFFFFFFFFFC
:10A47000FFFFFFFFFFFFFFFFFFFFFFFFFFFFFFFFEC
:10A48000FFFFFFFFFFFFFFFFFFFFFFFFFFFFFFFFDC
:10A49000FFFFFFFFFFFFFFFFFFFFFFFFFFFFFFFFCC
:10A4A000FFFFFFFFFFFFFFFFFFFFFFFFFFFFFFFFBC
:10A4B000FFFFFFFFFFFFFFFFFFFFFFFFFFFFFFFFAC
:10A4C000FFFFFFFFFFFFFFFFFFFFFFFFFFFFFFFF9C
:10A4D000FFFFFFFFFFFFFFFFFFFFFFFFFFFFFFFF8C
:10A4E000FFFFFFFFFFFFFFFFFFFFFFFFFFFFFFFF7C
:10A4F000FFFFFFFFFFFFFFFFFFFFFFFFFFFFFFFF6C
:10A50000FFFFFFFFFFFFFFFFFFFFFFFFFFFFFFFF5B
:10A51000FFFFFFFFFFFFFFFFFFFFFFFFFFFFFFFF4B
:10A52000FFFFFFFFFFFFFFFFFFFFFFFFFFFFFFFF3B
:10A53000FFFFFFFFFFFFFFFFFFFFFFFFFFFFFFFF2B
:10A54000FFFFFFFFFFFFFFFFFFFFFFFFFFFFFFFF1B
:10A55000FFFFFFFFFFFFFFFFFFFFFFFFFFFFFFFF0B
:10A56000FFFFFFFFFFFFFFFFFFFFFFFFFFFFFFFFFB
:10A57000FFFFFFFFFFFFFFFFFFFFFFFFFFFFFFFFEB
:10A58000FFFFFFFFFFFFFFFFFFFFFFFFFFFFFFFFDB
:10A59000FFFFFFFFFFFFFFFFFFFFFFFFFFFFFFFFCB
:10A5A000FFFFFFFFFFFFFFFFFFFFFFFFFFFFFFFFBB
:10A5B000FFFFFFFFFFFFFFFFFFFFFFFFFFFFFFFFAB
:10A5C000FFFFFFFFFFFFFFFFFFFFFFFFFFFFFFFF9B
:10A5D000FFFFFFFFFFFFFFFFFFFFFFFFFFFFFFFF8B
:10A5E000FFFFFFFFFFFFFFFFFFFFFFFFFFFFFFFF7B
:10A5F000FFFFFFFFFFFFFFFFFFFFFFFFFFFFFFFF6B
:10A60000FFFFFFFFFFFFFFFFFFFFFFFFFFFFFFFF5A
:10A61000FFFFFFFFFFFFFFFFFFFFFFFFFFFFFFFF4A
:10A62000FFFFFFFFFFFFFFFFFFFFFFFFFFFFFFFF3A
:10A63000FFFFFFFFFFFFFFFFFFFFFFFFFFFFFFFF2A
:10A64000FFFFFFFFFFFFFFFFFFFFFFFFFFFFFFFF1A
:10A65000FFFFFFFFFFFFFFFFFFFFFFFFFFFFFFFF0A
:10A66000FFFFFFFFFFFFFFFFFFFFFFFFFFFFFFFFFA
:10A67000FFFFFFFFFFFFFFFFFFFFFFFFFFFFFFFFEA
:10A68000FFFFFFFFFFFFFFFFFFFFFFFFFFFFFFFFDA
:10A69000FFFFFFFFFFFFFFFFFFFFFFFFFFFFFFFFCA
:10A6A000FFFFFFFFFFFFFFFFFFFFFFFFFFFFFFFFBA
:10A6B000FFFFFFFFFFFFFFFFFFFFFFFFFFFFFFFFAA
:10A6C000FFFFFFFFFFFFFFFFFFFFFFFFFFFFFFFF9A
:10A6D000FFFFFFFFFFFFFFFFFFFFFFFFFFFFFFFF8A
:10A6E000FFFFFFFFFFFFFFFFFFFFFFFFFFFFFFFF7A
:10A6F000FFFFFFFFFFFFFFFFFFFFFFFFFFFFFFFF6A
:10A70000FFFFFFFFFFFFFFFFFFFFFFFFFFFFFFFF59
:10A71000FFFFFFFFFFFFFFFFFFFFFFFFFFFFFFFF49
:10A72000FFFFFFFFFFFFFFFFFFFFFFFFFFFFFFFF39
:10A73000FFFFFFFFFFFFFFFFFFFFFFFFFFFFFFFF29
:10A74000FFFFFFFFFFFFFFFFFFFFFFFFFFFFFFFF19
:10A75000FFFFFFFFFFFFFFFFFFFFFFFFFFFFFFFF09
:10A76000FFFFFFFFFFFFFFFFFFFFFFFFFFFFFFFFF9
:10A77000FFFFFFFFFFFFFFFFFFFFFFFFFFFFFFFFE9
:10A78000FFFFFFFFFFFFFFFFFFFFFFFFFFFFFFFFD9
:10A79000FFFFFFFFFFFFFFFFFFFFFFFFFFFFFFFFC9
:10A7A000FFFFFFFFFFFFFFFFFFFFFFFFFFFFFFFFB9
:10A7B000FFFFFFFFFFFFFFFFFFFFFFFFFFFFFFFFA9
:10A7C000FFFFFFFFFFFFFFFFFFFFFFFFFFFFFFFF99
:10A7D000FFFFFFFFFFFFFFFFFFFFFFFFFFFFFFFF89
:10A7E000FFFFFFFFFFFFFFFFFFFFFFFFFFFFFFFF79
:10A7F000FFFFFFFFFFFFFFFFFFFFFFFFFFFFFFFF69
:10A80000FFFFFFFFFFFFFFFFFFFFFFFFFFFFFFFF58
:10A81000FFFFFFFFFFFFFFFFFFFFFFFFFFFFFFFF48
:10A82000FFFFFFFFFFFFFFFFFFFFFFFFFFFFFFFF38
:10A83000FFFFFFFFFFFFFFFFFFFFFFFFFFFFFFFF28
:10A84000FFFFFFFFFFFFFFFFFFFFFFFFFFFFFFFF18
:10A85000FFFFFFFFFFFFFFFFFFFFFFFFFFFFFFFF08
:10A86000FFFFFFFFFFFFFFFFFFFFFFFFFFFFFFFFF8
:10A87000FFFFFFFFFFFFFFFFFFFFFFFFFFFFFFFFE8
:10A88000FFFFFFFFFFFFFFFFFFFFFFFFFFFFFFFFD8
:10A89000FFFFFFFFFFFFFFFFFFFFFFFFFFFFFFFFC8
:10A8A000FFFFFFFFFFFFFFFFFFFFFFFFFFFFFFFFB8
:10A8B000FFFFFFFFFFFFFFFFFFFFFFFFFFFFFFFFA8
:10A8C000FFFFFFFFFFFFFFFFFFFFFFFFFFFFFFFF98
:10A8D000FFFFFFFFFFFFFFFFFFFFFFFFFFFFFFFF88
:10A8E000FFFFFFFFFFFFFFFFFFFFFFFFFFFFFFFF78
:10A8F000FFFFFFFFFFFFFFFFFFFFFFFFFFFFFFFF68
:10A90000FFFFFFFFFFFFFFFFFFFFFFFFFFFFFFFF57
:10A91000FFFFFFFFFFFFFFFFFFFFFFFFFFFFFFFF47
:10A92000FFFFFFFFFFFFFFFFFFFFFFFFFFFFFFFF37
:10A93000FFFFFFFFFFFFFFFFFFFFFFFFFFFFFFFF27
:10A94000FFFFFFFFFFFFFFFFFFFFFFFFFFFFFFFF17
:10A95000FFFFFFFFFFFFFFFFFFFFFFFFFFFFFFFF07
:10A96000FFFFFFFFFFFFFFFFFFFFFFFFFFFFFFFFF7
:10A97000FFFFFFFFFFFFFFFFFFFFFFFFFFFFFFFFE7
:10A98000FFFFFFFFFFFFFFFFFFFFFFFFFFFFFFFFD7
:10A99000FFFFFFFFFFFFFFFFFFFFFFFFFFFFFFFFC7
:10A9A000FFFFFFFFFFFFFFFFFFFFFFFFFFFFFFFFB7
:10A9B000FFFFFFFFFFFFFFFFFFFFFFFFFFFFFFFFA7
:10A9C000FFFFFFFFFFFFFFFFFFFFFFFFFFFFFFFF97
:10A9D000FFFFFFFFFFFFFFFFFFFFFFFFFFFFFFFF87
:10A9E000FFFFFFFFFFFFFFFFFFFFFFFFFFFFFFFF77
:10A9F000FFFFFFFFFFFFFFFFFFFFFFFFFFFFFFFF67
:10AA0000FFFFFFFFFFFFFFFFFFFFFFFFFFFFFFFF56
:10AA1000FFFFFFFFFFFFFFFFFFFFFFFFFFFFFFFF46
:10AA2000FFFFFFFFFFFFFFFFFFFFFFFFFFFFFFFF36
:10AA3000FFFFFFFFFFFFFFFFFFFFFFFFFFFFFFFF26
:10AA4000FFFFFFFFFFFFFFFFFFFFFFFFFFFFFFFF16
:10AA5000FFFFFFFFFFFFFFFFFFFFFFFFFFFFFFFF06
:10AA6000FFFFFFFFFFFFFFFFFFFFFFFFFFFFFFFFF6
:10AA7000FFFFFFFFFFFFFFFFFFFFFFFFFFFFFFFFE6
:10AA8000FFFFFFFFFFFFFFFFFFFFFFFFFFFFFFFFD6
:10AA9000FFFFFFFFFFFFFFFFFFFFFFFFFFFFFFFFC6
:10AAA000FFFFFFFFFFFFFFFFFFFFFFFFFFFFFFFFB6
:10AAB000FFFFFFFFFFFFFFFFFFFFFFFFFFFFFFFFA6
:10AAC000FFFFFFFFFFFFFFFFFFFFFFFFFFFFFFFF96
:10AAD000FFFFFFFFFFFFFFFFFFFFFFFFFFFFFFFF86
:10AAE000FFFFFFFFFFFFFFFFFFFFFFFFFFFFFFFF76
:10AAF000FFFFFFFFFFFFFFFFFFFFFFFFFFFFFFFF66
:10AB0000FFFFFFFFFFFFFFFFFFFFFFFFFFFFFFFF55
:10AB1000FFFFFFFFFFFFFFFFFFFFFFFFFFFFFFFF45
:10AB2000FFFFFFFFFFFFFFFFFFFFFFFFFFFFFFFF35
:10AB3000FFFFFFFFFFFFFFFFFFFFFFFFFFFFFFFF25
:10AB4000FFFFFFFFFFFFFFFFFFFFFFFFFFFFFFFF15
:10AB5000FFFFFFFFFFFFFFFFFFFFFFFFFFFFFFFF05
:10AB6000FFFFFFFFFFFFFFFFFFFFFFFFFFFFFFFFF5
:10AB7000FFFFFFFFFFFFFFFFFFFFFFFFFFFFFFFFE5
:10AB8000FFFFFFFFFFFFFFFFFFFFFFFFFFFFFFFFD5
:10AB9000FFFFFFFFFFFFFFFFFFFFFFFFFFFFFFFFC5
:10ABA000FFFFFFFFFFFFFFFFFFFFFFFFFFFFFFFFB5
:10ABB000FFFFFFFFFFFFFFFFFFFFFFFFFFFFFFFFA5
:10ABC000FFFFFFFFFFFFFFFFFFFFFFFFFFFFFFFF95
:10ABD000FFFFFFFFFFFFFFFFFFFFFFFFFFFFFFFF85
:10ABE000FFFFFFFFFFFFFFFFFFFFFFFFFFFFFFFF75
:10ABF000FFFFFFFFFFFFFFFFFFFFFFFFFFFFFFFF65
:10AC0000FFFFFFFFFFFFFFFFFFFFFFFFFFFFFFFF54
:10AC1000FFFFFFFFFFFFFFFFFFFFFFFFFFFFFFFF44
:10AC2000FFFFFFFFFFFFFFFFFFFFFFFFFFFFFFFF34
:10AC3000FFFFFFFFFFFFFFFFFFFFFFFFFFFFFFFF24
:10AC4000FFFFFFFFFFFFFFFFFFFFFFFFFFFFFFFF14
:10AC5000FFFFFFFFFFFFFFFFFFFFFFFFFFFFFFFF04
:10AC6000FFFFFFFFFFFFFFFFFFFFFFFFFFFFFFFFF4
:10AC7000FFFFFFFFFFFFFFFFFFFFFFFFFFFFFFFFE4
:10AC8000FFFFFFFFFFFFFFFFFFFFFFFFFFFFFFFFD4
:10AC9000FFFFFFFFFFFFFFFFFFFFFFFFFFFFFFFFC4
:10ACA000FFFFFFFFFFFFFFFFFFFFFFFFFFFFFFFFB4
:10ACB000FFFFFFFFFFFFFFFFFFFFFFFFFFFFFFFFA4
:10ACC000FFFFFFFFFFFFFFFFFFFFFFFFFFFFFFFF94
:10ACD000FFFFFFFFFFFFFFFFFFFFFFFFFFFFFFFF84
:10ACE000FFFFFFFFFFFFFFFFFFFFFFFFFFFFFFFF74
:10ACF000FFFFFFFFFFFFFFFFFFFFFFFFFFFFFFFF64
:10AD0000FFFFFFFFFFFFFFFFFFFFFFFFFFFFFFFF53
:10AD1000FFFFFFFFFFFFFFFFFFFFFFFFFFFFFFFF43
:10AD2000FFFFFFFFFFFFFFFFFFFFFFFFFFFFFFFF33
:10AD3000FFFFFFFFFFFFFFFFFFFFFFFFFFFFFFFF23
:10AD4000FFFFFFFFFFFFFFFFFFFFFFFFFFFFFFFF13
:10AD5000FFFFFFFFFFFFFFFFFFFFFFFFFFFFFFFF03
:10AD6000FFFFFFFFFFFFFFFFFFFFFFFFFFFFFFFFF3
:10AD7000FFFFFFFFFFFFFFFFFFFFFFFFFFFFFFFFE3
:10AD8000FFFFFFFFFFFFFFFFFFFFFFFFFFFFFFFFD3
:10AD9000FFFFFFFFFFFFFFFFFFFFFFFFFFFFFFFFC3
:10ADA000FFFFFFFFFFFFFFFFFFFFFFFFFFFFFFFFB3
:10ADB000FFFFFFFFFFFFFFFFFFFFFFFFFFFFFFFFA3
:10ADC000FFFFFFFFFFFFFFFFFFFFFFFFFFFFFFFF93
:10ADD000FFFFFFFFFFFFFFFFFFFFFFFFFFFFFFFF83
:10ADE000FFFFFFFFFFFFFFFFFFFFFFFFFFFFFFFF73
:10ADF000FFFFFFFFFFFFFFFFFFFFFFFFFFFFFFFF63
:10AE0000FFFFFFFFFFFFFFFFFFFFFFFFFFFFFFFF52
:10AE1000FFFFFFFFFFFFFFFFFFFFFFFFFFFFFFFF42
:10AE2000FFFFFFFFFFFFFFFFFFFFFFFFFFFFFFFF32
:10AE3000FFFFFFFFFFFFFFFFFFFFFFFFFFFFFFFF22
:10AE4000FFFFFFFFFFFFFFFFFFFFFFFFFFFFFFFF12
:10AE5000FFFFFFFFFFFFFFFFFFFFFFFFFFFFFFFF02
:10AE6000FFFFFFFFFFFFFFFFFFFFFFFFFFFFFFFFF2
:10AE7000FFFFFFFFFFFFFFFFFFFFFFFFFFFFFFFFE2
:10AE8000FFFFFFFFFFFFFFFFFFFFFFFFFFFFFFFFD2
:10AE9000FFFFFFFFFFFFFFFFFFFFFFFFFFFFFFFFC2
:10AEA000FFFFFFFFFFFFFFFFFFFFFFFFFFFFFFFFB2
:10AEB000FFFFFFFFFFFFFFFFFFFFFFFFFFFFFFFFA2
:10AEC000FFFFFFFFFFFFFFFFFFFFFFFFFFFFFFFF92
:10AED000FFFFFFFFFFFFFFFFFFFFFFFFFFFFFFFF82
:10AEE000FFFFFFFFFFFFFFFFFFFFFFFFFFFFFFFF72
:10AEF000FFFFFFFFFFFFFFFFFFFFFFFFFFFFFFFF62
:10AF0000FFFFFFFFFFFFFFFFFFFFFFFFFFFFFFFF51
:10AF1000FFFFFFFFFFFFFFFFFFFFFFFFFFFFFFFF41
:10AF2000FFFFFFFFFFFFFFFFFFFFFFFFFFFFFFFF31
:10AF3000FFFFFFFFFFFFFFFFFFFFFFFFFFFFFFFF21
:10AF4000FFFFFFFFFFFFFFFFFFFFFFFFFFFFFFFF11
:10AF5000FFFFFFFFFFFFFFFFFFFFFFFFFFFFFFFF01
:10AF6000FFFFFFFFFFFFFFFFFFFFFFFFFFFFFFFFF1
:10AF7000FFFFFFFFFFFFFFFFFFFFFFFFFFFFFFFFE1
:10AF8000FFFFFFFFFFFFFFFFFFFFFFFFFFFFFFFFD1
:10AF9000FFFFFFFFFFFFFFFFFFFFFFFFFFFFFFFFC1
:10AFA000FFFFFFFFFFFFFFFFFFFFFFFFFFFFFFFFB1
:10AFB000FFFFFFFFFFFFFFFFFFFFFFFFFFFFFFFFA1
:10AFC000FFFFFFFFFFFFFFFFFFFFFFFFFFFFFFFF91
:10AFD000FFFFFFFFFFFFFFFFFFFFFFFFFFFFFFFF81
:10AFE000FFFFFFFFFFFFFFFFFFFFFFFFFFFFFFFF71
:10AFF000FFFFFFFFFFFFFFFFFFFFFFFFFFFFFFFF61
:10B00000FFFFFFFFFFFFFFFFFFFFFFFFFFFFFFFF50
:10B01000FFFFFFFFFFFFFFFFFFFFFFFFFFFFFFFF40
:10B02000FFFFFFFFFFFFFFFFFFFFFFFFFFFFFFFF30
:10B03000FFFFFFFFFFFFFFFFFFFFFFFFFFFFFFFF20
:10B04000FFFFFFFFFFFFFFFFFFFFFFFFFFFFFFFF10
:10B05000FFFFFFFFFFFFFFFFFFFFFFFFFFFFFFFF00
:10B06000FFFFFFFFFFFFFFFFFFFFFFFFFFFFFFFFF0
:10B07000FFFFFFFFFFFFFFFFFFFFFFFFFFFFFFFFE0
:10B08000FFFFFFFFFFFFFFFFFFFFFFFFFFFFFFFFD0
:10B09000FFFFFFFFFFFFFFFFFFFFFFFFFFFFFFFFC0
:10B0A000FFFFFFFFFFFFFFFFFFFFFFFFFFFFFFFFB0
:10B0B000FFFFFFFFFFFFFFFFFFFFFFFFFFFFFFFFA0
:10B0C000FFFFFFFFFFFFFFFFFFFFFFFFFFFFFFFF90
:10B0D000FFFFFFFFFFFFFFFFFFFFFFFFFFFFFFFF80
:10B0E000FFFFFFFFFFFFFFFFFFFFFFFFFFFFFFFF70
:10B0F000FFFFFFFFFFFFFFFFFFFFFFFFFFFFFFFF60
:10B10000FFFFFFFFFFFFFFFFFFFFFFFFFFFFFFFF4F
:10B11000FFFFFFFFFFFFFFFFFFFFFFFFFFFFFFFF3F
:10B12000FFFFFFFFFFFFFFFFFFFFFFFFFFFFFFFF2F
:10B13000FFFFFFFFFFFFFFFFFFFFFFFFFFFFFFFF1F
:10B14000FFFFFFFFFFFFFFFFFFFFFFFFFFFFFFFF0F
:10B15000FFFFFFFFFFFFFFFFFFFFFFFFFFFFFFFFFF
:10B16000FFFFFFFFFFFFFFFFFFFFFFFFFFFFFFFFEF
:10B17000FFFFFFFFFFFFFFFFFFFFFFFFFFFFFFFFDF
:10B18000FFFFFFFFFFFFFFFFFFFFFFFFFFFFFFFFCF
:10B19000FFFFFFFFFFFFFFFFFFFFFFFFFFFFFFFFBF
:10B1A000FFFFFFFFFFFFFFFFFFFFFFFFFFFFFFFFAF
:10B1B000FFFFFFFFFFFFFFFFFFFFFFFFFFFFFFFF9F
:10B1C000FFFFFFFFFFFFFFFFFFFFFFFFFFFFFFFF8F
:10B1D000FFFFFFFFFFFFFFFFFFFFFFFFFFFFFFFF7F
:10B1E000FFFFFFFFFFFFFFFFFFFFFFFFFFFFFFFF6F
:10B1F000FFFFFFFFFFFFFFFFFFFFFFFFFFFFFFFF5F
:10B20000FFFFFFFFFFFFFFFFFFFFFFFFFFFFFFFF4E
:10B21000FFFFFFFFFFFFFFFFFFFFFFFFFFFFFFFF3E
:10B22000FFFFFFFFFFFFFFFFFFFFFFFFFFFFFFFF2E
:10B23000FFFFFFFFFFFFFFFFFFFFFFFFFFFFFFFF1E
:10B24000FFFFFFFFFFFFFFFFFFFFFFFFFFFFFFFF0E
:10B25000FFFFFFFFFFFFFFFFFFFFFFFFFFFFFFFFFE
:10B26000FFFFFFFFFFFFFFFFFFFFFFFFFFFFFFFFEE
:10B27000FFFFFFFFFFFFFFFFFFFFFFFFFFFFFFFFDE
:10B28000FFFFFFFFFFFFFFFFFFFFFFFFFFFFFFFFCE
:10B29000FFFFFFFFFFFFFFFFFFFFFFFFFFFFFFFFBE
:10B2A000FFFFFFFFFFFFFFFFFFFFFFFFFFFFFFFFAE
:10B2B000FFFFFFFFFFFFFFFFFFFFFFFFFFFFFFFF9E
:10B2C000FFFFFFFFFFFFFFFFFFFFFFFFFFFFFFFF8E
:10B2D000FFFFFFFFFFFFFFFFFFFFFFFFFFFFFFFF7E
:10B2E000FFFFFFFFFFFFFFFFFFFFFFFFFFFFFFFF6E
:10B2F000FFFFFFFFFFFFFFFFFFFFFFFFFFFFFFFF5E
:10B30000FFFFFFFFFFFFFFFFFFFFFFFFFFFFFFFF4D
:10B31000FFFFFFFFFFFFFFFFFFFFFFFFFFFFFFFF3D
:10B32000FFFFFFFFFFFFFFFFFFFFFFFFFFFFFFFF2D
:10B33000FFFFFFFFFFFFFFFFFFFFFFFFFFFFFFFF1D
:10B34000FFFFFFFFFFFFFFFFFFFFFFFFFFFFFFFF0D
:10B35000FFFFFFFFFFFFFFFFFFFFFFFFFFFFFFFFFD
:10B36000FFFFFFFFFFFFFFFFFFFFFFFFFFFFFFFFED
:10B37000FFFFFFFFFFFFFFFFFFFFFFFFFFFFFFFFDD
:10B38000FFFFFFFFFFFFFFFFFFFFFFFFFFFFFFFFCD
:10B39000FFFFFFFFFFFFFFFFFFFFFFFFFFFFFFFFBD
:10B3A000FFFFFFFFFFFFFFFFFFFFFFFFFFFFFFFFAD
:10B3B000FFFFFFFFFFFFFFFFFFFFFFFFFFFFFFFF9D
:10B3C000FFFFFFFFFFFFFFFFFFFFFFFFFFFFFFFF8D
:10B3D000FFFFFFFFFFFFFFFFFFFFFFFFFFFFFFFF7D
:10B3E000FFFFFFFFFFFFFFFFFFFFFFFFFFFFFFFF6D
:10B3F000FFFFFFFFFFFFFFFFFFFFFFFFFFFFFFFF5D
:10B40000FFFFFFFFFFFFFFFFFFFFFFFFFFFFFFFF4C
:10B41000FFFFFFFFFFFFFFFFFFFFFFFFFFFFFFFF3C
:10B42000FFFFFFFFFFFFFFFFFFFFFFFFFFFFFFFF2C
:10B43000FFFFFFFFFFFFFFFFFFFFFFFFFFFFFFFF1C
:10B44000FFFFFFFFFFFFFFFFFFFFFFFFFFFFFFFF0C
:10B45000FFFFFFFFFFFFFFFFFFFFFFFFFFFFFFFFFC
:10B46000FFFFFFFFFFFFFFFFFFFFFFFFFFFFFFFFEC
:10B47000FFFFFFFFFFFFFFFFFFFFFFFFFFFFFFFFDC
:10B48000FFFFFFFFFFFFFFFFFFFFFFFFFFFFFFFFCC
:10B49000FFFFFFFFFFFFFFFFFFFFFFFFFFFFFFFFBC
:10B4A000FFFFFFFFFFFFFFFFFFFFFFFFFFFFFFFFAC
:10B4B000FFFFFFFFFFFFFFFFFFFFFFFFFFFFFFFF9C
:10B4C000FFFFFFFFFFFFFFFFFFFFFFFFFFFFFFFF8C
:10B4D000FFFFFFFFFFFFFFFFFFFFFFFFFFFFFFFF7C
:10B4E000FFFFFFFFFFFFFFFFFFFFFFFFFFFFFFFF6C
:10B4F000FFFFFFFFFFFFFFFFFFFFFFFFFFFFFFFF5C
:10B50000FFFFFFFFFFFFFFFFFFFFFFFFFFFFFFFF4B
:10B51000FFFFFFFFFFFFFFFFFFFFFFFFFFFFFFFF3B
:10B52000FFFFFFFFFFFFFFFFFFFFFFFFFFFFFFFF2B
:10B53000FFFFFFFFFFFFFFFFFFFFFFFFFFFFFFFF1B
:10B54000FFFFFFFFFFFFFFFFFFFFFFFFFFFFFFFF0B
:10B55000FFFFFFFFFFFFFFFFFFFFFFFFFFFFFFFFFB
:10B56000FFFFFFFFFFFFFFFFFFFFFFFFFFFFFFFFEB
:10B57000FFFFFFFFFFFFFFFFFFFFFFFFFFFFFFFFDB
:10B58000FFFFFFFFFFFFFFFFFFFFFFFFFFFFFFFFCB
:10B59000FFFFFFFFFFFFFFFFFFFFFFFFFFFFFFFFBB
:10B5A000FFFFFFFFFFFFFFFFFFFFFFFFFFFFFFFFAB
:10B5B000FFFFFFFFFFFFFFFFFFFFFFFFFFFFFFFF9B
:10B5C000FFFFFFFFFFFFFFFFFFFFFFFFFFFFFFFF8B
:10B5D000FFFFFFFFFFFFFFFFFFFFFFFFFFFFFFFF7B
:10B5E000FFFFFFFFFFFFFFFFFFFFFFFFFFFFFFFF6B
:10B5F000FFFFFFFFFFFFFFFFFFFFFFFFFFFFFFFF5B
:10B60000FFFFFFFFFFFFFFFFFFFFFFFFFFFFFFFF4A
:10B61000FFFFFFFFFFFFFFFFFFFFFFFFFFFFFFFF3A
:10B62000FFFFFFFFFFFFFFFFFFFFFFFFFFFFFFFF2A
:10B63000FFFFFFFFFFFFFFFFFFFFFFFFFFFFFFFF1A
:10B64000FFFFFFFFFFFFFFFFFFFFFFFFFFFFFFFF0A
:10B65000FFFFFFFFFFFFFFFFFFFFFFFFFFFFFFFFFA
:10B66000FFFFFFFFFFFFFFFFFFFFFFFFFFFFFFFFEA
:10B67000FFFFFFFFFFFFFFFFFFFFFFFFFFFFFFFFDA
:10B68000FFFFFFFFFFFFFFFFFFFFFFFFFFFFFFFFCA
:10B69000FFFFFFFFFFFFFFFFFFFFFFFFFFFFFFFFBA
:10B6A000FFFFFFFFFFFFFFFFFFFFFFFFFFFFFFFFAA
:10B6B000FFFFFFFFFFFFFFFFFFFFFFFFFFFFFFFF9A
:10B6C000FFFFFFFFFFFFFFFFFFFFFFFFFFFFFFFF8A
:10B6D000FFFFFFFFFFFFFFFFFFFFFFFFFFFFFFFF7A
:10B6E000FFFFFFFFFFFFFFFFFFFFFFFFFFFFFFFF6A
:10B6F000FFFFFFFFFFFFFFFFFFFFFFFFFFFFFFFF5A
:10B70000FFFFFFFFFFFFFFFFFFFFFFFFFFFFFFFF49
:10B71000FFFFFFFFFFFFFFFFFFFFFFFFFFFFFFFF39
:10B72000FFFFFFFFFFFFFFFFFFFFFFFFFFFFFFFF29
:10B73000FFFFFFFFFFFFFFFFFFFFFFFFFFFFFFFF19
:10B74000FFFFFFFFFFFFFFFFFFFFFFFFFFFFFFFF09
:10B75000FFFFFFFFFFFFFFFFFFFFFFFFFFFFFFFFF9
:10B76000FFFFFFFFFFFFFFFFFFFFFFFFFFFFFFFFE9
:10B77000FFFFFFFFFFFFFFFFFFFFFFFFFFFFFFFFD9
:10B78000FFFFFFFFFFFFFFFFFFFFFFFFFFFFFFFFC9
:10B79000FFFFFFFFFFFFFFFFFFFFFFFFFFFFFFFFB9
:10B7A000FFFFFFFFFFFFFFFFFFFFFFFFFFFFFFFFA9
:10B7B000FFFFFFFFFFFFFFFFFFFFFFFFFFFFFFFF99
:10B7C000FFFFFFFFFFFFFFFFFFFFFFFFFFFFFFFF89
:10B7D000FFFFFFFFFFFFFFFFFFFFFFFFFFFFFFFF79
:10B7E000FFFFFFFFFFFFFFFFFFFFFFFFFFFFFFFF69
:10B7F000FFFFFFFFFFFFFFFFFFFFFFFFFFFFFFFF59
:10B80000FFFFFFFFFFFFFFFFFFFFFFFFFFFFFFFF48
:10B81000FFFFFFFFFFFFFFFFFFFFFFFFFFFFFFFF38
:10B82000FFFFFFFFFFFFFFFFFFFFFFFFFFFFFFFF28
:10B83000FFFFFFFFFFFFFFFFFFFFFFFFFFFFFFFF18
:10B84000FFFFFFFFFFFFFFFFFFFFFFFFFFFFFFFF08
:10B85000FFFFFFFFFFFFFFFFFFFFFFFFFFFFFFFFF8
:10B86000FFFFFFFFFFFFFFFFFFFFFFFFFFFFFFFFE8
:10B87000FFFFFFFFFFFFFFFFFFFFFFFFFFFFFFFFD8
:10B88000FFFFFFFFFFFFFFFFFFFFFFFFFFFFFFFFC8
:10B89000FFFFFFFFFFFFFFFFFFFFFFFFFFFFFFFFB8
:10B8A000FFFFFFFFFFFFFFFFFFFFFFFFFFFFFFFFA8
:10B8B000FFFFFFFFFFFFFFFFFFFFFFFFFFFFFFFF98
:10B8C000FFFFFFFFFFFFFFFFFFFFFFFFFFFFFFFF88
:10B8D000FFFFFFFFFFFFFFFFFFFFFFFFFFFFFFFF78
:10B8E000FFFFFFFFFFFFFFFFFFFFFFFFFFFFFFFF68
:10B8F000FFFFFFFFFFFFFFFFFFFFFFFFFFFFFFFF58
:10B90000FFFFFFFFFFFFFFFFFFFFFFFFFFFFFFFF47
:10B91000FFFFFFFFFFFFFFFFFFFFFFFFFFFFFFFF37
:10B92000FFFFFFFFFFFFFFFFFFFFFFFFFFFFFFFF27
:10B93000FFFFFFFFFFFFFFFFFFFFFFFFFFFFFFFF17
:10B94000FFFFFFFFFFFFFFFFFFFFFFFFFFFFFFFF07
:10B95000FFFFFFFFFFFFFFFFFFFFFFFFFFFFFFFFF7
:10B96000FFFFFFFFFFFFFFFFFFFFFFFFFFFFFFFFE7
:10B97000FFFFFFFFFFFFFFFFFFFFFFFFFFFFFFFFD7
:10B98000FFFFFFFFFFFFFFFFFFFFFFFFFFFFFFFFC7
:10B99000FFFFFFFFFFFFFFFFFFFFFFFFFFFFFFFFB7
:10B9A000FFFFFFFFFFFFFFFFFFFFFFFFFFFFFFFFA7
:10B9B000FFFFFFFFFFFFFFFFFFFFFFFFFFFFFFFF97
:10B9C000FFFFFFFFFFFFFFFFFFFFFFFFFFFFFFFF87
:10B9D000FFFFFFFFFFFFFFFFFFFFFFFFFFFFFFFF77
:10B9E000FFFFFFFFFFFFFFFFFFFFFFFFFFFFFFFF67
:10B9F000FFFFFFFFFFFFFFFFFFFFFFFFFFFFFFFF57
:10BA0000FFFFFFFFFFFFFFFFFFFFFFFFFFFFFFFF46
:10BA1000FFFFFFFFFFFFFFFFFFFFFFFFFFFFFFFF36
:10BA2000FFFFFFFFFFFFFFFFFFFFFFFFFFFFFFFF26
:10BA3000FFFFFFFFFFFFFFFFFFFFFFFFFFFFFFFF16
:10BA4000FFFFFFFFFFFFFFFFFFFFFFFFFFFFFFFF06
:10BA5000FFFFFFFFFFFFFFFFFFFFFFFFFFFFFFFFF6
:10BA6000FFFFFFFFFFFFFFFFFFFFFFFFFFFFFFFFE6
:10BA7000FFFFFFFFFFFFFFFFFFFFFFFFFFFFFFFFD6
:10BA8000FFFFFFFFFFFFFFFFFFFFFFFFFFFFFFFFC6
:10BA9000FFFFFFFFFFFFFFFFFFFFFFFFFFFFFFFFB6
:10BAA000FFFFFFFFFFFFFFFFFFFFFFFFFFFFFFFFA6
:10BAB000FFFFFFFFFFFFFFFFFFFFFFFFFFFFFFFF96
:10BAC000FFFFFFFFFFFFFFFFFFFFFFFFFFFFFFFF86
:10BAD000FFFFFFFFFFFFFFFFFFFFFFFFFFFFFFFF76
:10BAE000FFFFFFFFFFFFFFFFFFFFFFFFFFFFFFFF66
:10BAF000FFFFFFFFFFFFFFFFFFFFFFFFFFFFFFFF56
:10BB0000FFFFFFFFFFFFFFFFFFFFFFFFFFFFFFFF45
:10BB1000FFFFFFFFFFFFFFFFFFFFFFFFFFFFFFFF35
:10BB2000FFFFFFFFFFFFFFFFFFFFFFFFFFFFFFFF25
:10BB3000FFFFFFFFFFFFFFFFFFFFFFFFFFFFFFFF15
:10BB4000FFFFFFFFFFFFFFFFFFFFFFFFFFFFFFFF05
:10BB5000FFFFFFFFFFFFFFFFFFFFFFFFFFFFFFFFF5
:10BB6000FFFFFFFFFFFFFFFFFFFFFFFFFFFFFFFFE5
:10BB7000FFFFFFFFFFFFFFFFFFFFFFFFFFFFFFFFD5
:10BB8000FFFFFFFFFFFFFFFFFFFFFFFFFFFFFFFFC5
:10BB9000FFFFFFFFFFFFFFFFFFFFFFFFFFFFFFFFB5
:10BBA000FFFFFFFFFFFFFFFFFFFFFFFFFFFFFFFFA5
:10BBB000FFFFFFFFFFFFFFFFFFFFFFFFFFFFFFFF95
:10BBC000FFFFFFFFFFFFFFFFFFFFFFFFFFFFFFFF85
:10BBD000FFFFFFFFFFFFFFFFFFFFFFFFFFFFFFFF75
:10BBE000FFFFFFFFFFFFFFFFFFFFFFFFFFFFFFFF65
:10BBF000FFFFFFFFFFFFFFFFFFFFFFFFFFFFFFFF55
:10BC0000FFFFFFFFFFFFFFFFFFFFFFFFFFFFFFFF44
:10BC1000FFFFFFFFFFFFFFFFFFFFFFFFFFFFFFFF34
:10BC2000FFFFFFFFFFFFFFFFFFFFFFFFFFFFFFFF24
:10BC3000FFFFFFFFFFFFFFFFFFFFFFFFFFFFFFFF14
:10BC4000FFFFFFFFFFFFFFFFFFFFFFFFFFFFFFFF04
:10BC5000FFFFFFFFFFFFFFFFFFFFFFFFFFFFFFFFF4
:10BC6000FFFFFFFFFFFFFFFFFFFFFFFFFFFFFFFFE4
:10BC7000FFFFFFFFFFFFFFFFFFFFFFFFFFFFFFFFD4
:10BC8000FFFFFFFFFFFFFFFFFFFFFFFFFFFFFFFFC4
:10BC9000FFFFFFFFFFFFFFFFFFFFFFFFFFFFFFFFB4
:10BCA000FFFFFFFFFFFFFFFFFFFFFFFFFFFFFFFFA4
:10BCB000FFFFFFFFFFFFFFFFFFFFFFFFFFFFFFFF94
:10BCC000FFFFFFFFFFFFFFFFFFFFFFFFFFFFFFFF84
:10BCD000FFFFFFFFFFFFFFFFFFFFFFFFFFFFFFFF74
:10BCE000FFFFFFFFFFFFFFFFFFFFFFFFFFFFFFFF64
:10BCF000FFFFFFFFFFFFFFFFFFFFFFFFFFFFFFFF54
:10BD0000FFFFFFFFFFFFFFFFFFFFFFFFFFFFFFFF43
:10BD1000FFFFFFFFFFFFFFFFFFFFFFFFFFFFFFFF33
:10BD2000FFFFFFFFFFFFFFFFFFFFFFFFFFFFFFFF23
:10BD3000FFFFFFFFFFFFFFFFFFFFFFFFFFFFFFFF13
:10BD4000FFFFFFFFFFFFFFFFFFFFFFFFFFFFFFFF03
:10BD5000FFFFFFFFFFFFFFFFFFFFFFFFFFFFFFFFF3
:10BD6000FFFFFFFFFFFFFFFFFFFFFFFFFFFFFFFFE3
:10BD7000FFFFFFFFFFFFFFFFFFFFFFFFFFFFFFFFD3
:10BD8000FFFFFFFFFFFFFFFFFFFFFFFFFFFFFFFFC3
:10BD9000FFFFFFFFFFFFFFFFFFFFFFFFFFFFFFFFB3
:10BDA000FFFFFFFFFFFFFFFFFFFFFFFFFFFFFFFFA3
:10BDB000FFFFFFFFFFFFFFFFFFFFFFFFFFFFFFFF93
:10BDC000FFFFFFFFFFFFFFFFFFFFFFFFFFFFFFFF83
:10BDD000FFFFFFFFFFFFFFFFFFFFFFFFFFFFFFFF73
:10BDE000FFFFFFFFFFFFFFFFFFFFFFFFFFFFFFFF63
:10BDF000FFFFFFFFFFFFFFFFFFFFFFFFFFFFFFFF53
:10BE0000FFFFFFFFFFFFFFFFFFFFFFFFFFFFFFFF42
:10BE1000FFFFFFFFFFFFFFFFFFFFFFFFFFFFFFFF32
:10BE2000FFFFFFFFFFFFFFFFFFFFFFFFFFFFFFFF22
:10BE3000FFFFFFFFFFFFFFFFFFFFFFFFFFFFFFFF12
:10BE4000FFFFFFFFFFFFFFFFFFFFFFFFFFFFFFFF02
:10BE5000FFFFFFFFFFFFFFFFFFFFFFFFFFFFFFFFF2
:10BE6000FFFFFFFFFFFFFFFFFFFFFFFFFFFFFFFFE2
:10BE7000FFFFFFFFFFFFFFFFFFFFFFFFFFFFFFFFD2
:10BE8000FFFFFFFFFFFFFFFFFFFFFFFFFFFFFFFFC2
:10BE9000FFFFFFFFFFFFFFFFFFFFFFFFFFFFFFFFB2
:10BEA000FFFFFFFFFFFFFFFFFFFFFFFFFFFFFFFFA2
:10BEB000FFFFFFFFFFFFFFFFFFFFFFFFFFFFFFFF92
:10BEC000FFFFFFFFFFFFFFFFFFFFFFFFFFFFFFFF82
:10BED000FFFFFFFFFFFFFFFFFFFFFFFFFFFFFFFF72
:10BEE000FFFFFFFFFFFFFFFFFFFFFFFFFFFFFFFF62
:10BEF000FFFFFFFFFFFFFFFFFFFFFFFFFFFFFFFF52
:10BF0000FFFFFFFFFFFFFFFFFFFFFFFFFFFFFFFF41
:10BF1000FFFFFFFFFFFFFFFFFFFFFFFFFFFFFFFF31
:10BF2000FFFFFFFFFFFFFFFFFFFFFFFFFFFFFFFF21
:10BF3000FFFFFFFFFFFFFFFFFFFFFFFFFFFFFFFF11
:10BF4000FFFFFFFFFFFFFFFFFFFFFFFFFFFFFFFF01
:10BF5000FFFFFFFFFFFFFFFFFFFFFFFFFFFFFFFFF1
:10BF6000FFFFFFFFFFFFFFFFFFFFFFFFFFFFFFFFE1
:10BF7000FFFFFFFFFFFFFFFFFFFFFFFFFFFFFFFFD1
:10BF8000FFFFFFFFFFFFFFFFFFFFFFFFFFFFFFFFC1
:10BF9000FFFFFFFFFFFFFFFFFFFFFFFFFFFFFFFFB1
:10BFA000FFFFFFFFFFFFFFFFFFFFFFFFFFFFFFFFA1
:10BFB000FFFFFFFFFFFFFFFFFFFFFFFFFFFFFFFF91
:10BFC000FFFFFFFFFFFFFFFFFFFFFFFFFFFFFFFF81
:10BFD000FFFFFFFFFFFFFFFFFFFFFFFFFFFFFFFF71
:10BFE000FFFFFFFFFFFFFFFFFFFFFFFFFFFFFFFF61
:10BFF000534D49524D00000007000E006FBBCEC4E8
:040000050041CCB139
:00000001FF
