:020000040041B9
:10C00000A55AA55A010000000000000000C8410028
:10C010000000000000C841000000000000C841000E
:10C020000000000000000000000000000000000010
:10C03000FFFFFFFFFFFFFFFFFFFFFFFFFFFFFFFF10
:10C04000FFFFFFFFFFFFFFFFFFFFFFFFFFFFFFFF00
:10C05000FFFFFFFFFFFFFFFFFFFFFFFFFFFFFFFFF0
:10C06000FFFFFFFFFFFFFFFFFFFFFFFFFFFFFFFFE0
:10C07000FFFFFFFFFFFFFFFFFFFFFFFFFFFFFFFFD0
:10C08000FFFFFFFFFFFFFFFFFFFFFFFFFFFFFFFFC0
:10C09000FFFFFFFFFFFFFFFFFFFFFFFFFFFFFFFFB0
:10C0A000FFFFFFFFFFFFFFFFFFFFFFFFFFFFFFFFA0
:10C0B000FFFFFFFFFFFFFFFFFFFFFFFFFFFFFFFF90
:10C0C000FFFFFFFFFFFFFFFFFFFFFFFFFFFFFFFF80
:10C0D000FFFFFFFFFFFFFFFFFFFFFFFFFFFFFFFF70
:10C0E000FFFFFFFFFFFFFFFFFFFFFFFFFFFFFFFF60
:10C0F000FFFFFFFFFFFFFFFFFFFFFFFFFFFFFFFF50
:10C10000FFFFFFFFFFFFFFFFFFFFFFFFFFFFFFFF3F
:10C11000FFFFFFFFFFFFFFFFFFFFFFFFFFFFFFFF2F
:10C12000FFFFFFFFFFFFFFFFFFFFFFFFFFFFFFFF1F
:10C13000FFFFFFFFFFFFFFFFFFFFFFFFFFFFFFFF0F
:10C14000FFFFFFFFFFFFFFFFFFFFFFFFFFFFFFFFFF
:10C15000FFFFFFFFFFFFFFFFFFFFFFFFFFFFFFFFEF
:10C16000FFFFFFFFFFFFFFFFFFFFFFFFFFFFFFFFDF
:10C17000FFFFFFFFFFFFFFFFFFFFFFFFFFFFFFFFCF
:10C18000FFFFFFFFFFFFFFFFFFFFFFFFFFFFFFFFBF
:10C19000FFFFFFFFFFFFFFFFFFFFFFFFFFFFFFFFAF
:10C1A000FFFFFFFFFFFFFFFFFFFFFFFFFFFFFFFF9F
:10C1B000FFFFFFFFFFFFFFFFFFFFFFFFFFFFFFFF8F
:10C1C000FFFFFFFFFFFFFFFFFFFFFFFFFFFFFFFF7F
:10C1D000FFFFFFFFFFFFFFFFFFFFFFFFFFFFFFFF6F
:10C1E000FFFFFFFFFFFFFFFFFFFFFFFFFFFFFFFF5F
:10C1F000FFFFFFFFFFFFFFFFFFFFFFFFFFFFFFFF4F
:10C20000FFFFFFFFFFFFFFFFFFFFFFFFFFFFFFFF3E
:10C21000FFFFFFFFFFFFFFFFFFFFFFFFFFFFFFFF2E
:10C22000FFFFFFFFFFFFFFFFFFFFFFFFFFFFFFFF1E
:10C23000FFFFFFFFFFFFFFFFFFFFFFFFFFFFFFFF0E
:10C24000FFFFFFFFFFFFFFFFFFFFFFFFFFFFFFFFFE
:10C25000FFFFFFFFFFFFFFFFFFFFFFFFFFFFFFFFEE
:10C26000FFFFFFFFFFFFFFFFFFFFFFFFFFFFFFFFDE
:10C27000FFFFFFFFFFFFFFFFFFFFFFFFFFFFFFFFCE
:10C28000FFFFFFFFFFFFFFFFFFFFFFFFFFFFFFFFBE
:10C29000FFFFFFFFFFFFFFFFFFFFFFFFFFFFFFFFAE
:10C2A000FFFFFFFFFFFFFFFFFFFFFFFFFFFFFFFF9E
:10C2B000FFFFFFFFFFFFFFFFFFFFFFFFFFFFFFFF8E
:10C2C000FFFFFFFFFFFFFFFFFFFFFFFFFFFFFFFF7E
:10C2D000FFFFFFFFFFFFFFFFFFFFFFFFFFFFFFFF6E
:10C2E000FFFFFFFFFFFFFFFFFFFFFFFFFFFFFFFF5E
:10C2F000FFFFFFFFFFFFFFFFFFFFFFFFFFFFFFFF4E
:10C30000FFFFFFFFFFFFFFFFFFFFFFFFFFFFFFFF3D
:10C31000FFFFFFFFFFFFFFFFFFFFFFFFFFFFFFFF2D
:10C32000FFFFFFFFFFFFFFFFFFFFFFFFFFFFFFFF1D
:10C33000FFFFFFFFFFFFFFFFFFFFFFFFFFFFFFFF0D
:10C34000FFFFFFFFFFFFFFFFFFFFFFFFFFFFFFFFFD
:10C35000FFFFFFFFFFFFFFFFFFFFFFFFFFFFFFFFED
:10C36000FFFFFFFFFFFFFFFFFFFFFFFFFFFFFFFFDD
:10C37000FFFFFFFFFFFFFFFFFFFFFFFFFFFFFFFFCD
:10C38000FFFFFFFFFFFFFFFFFFFFFFFFFFFFFFFFBD
:10C39000FFFFFFFFFFFFFFFFFFFFFFFFFFFFFFFFAD
:10C3A000FFFFFFFFFFFFFFFFFFFFFFFFFFFFFFFF9D
:10C3B000FFFFFFFFFFFFFFFFFFFFFFFFFFFFFFFF8D
:10C3C000FFFFFFFFFFFFFFFFFFFFFFFFFFFFFFFF7D
:10C3D000FFFFFFFFFFFFFFFFFFFFFFFFFFFFFFFF6D
:10C3E000FFFFFFFFFFFFFFFFFFFFFFFFFFFFFFFF5D
:10C3F000FFFFFFFFFFFFFFFFFFFFFFFFFFFFFFFF4D
:10C40000FFFFFFFFFFFFFFFFFFFFFFFFFFFFFFFF3C
:10C41000FFFFFFFFFFFFFFFFFFFFFFFFFFFFFFFF2C
:10C42000FFFFFFFFFFFFFFFFFFFFFFFFFFFFFFFF1C
:10C43000FFFFFFFFFFFFFFFFFFFFFFFFFFFFFFFF0C
:10C44000FFFFFFFFFFFFFFFFFFFFFFFFFFFFFFFFFC
:10C45000FFFFFFFFFFFFFFFFFFFFFFFFFFFFFFFFEC
:10C46000FFFFFFFFFFFFFFFFFFFFFFFFFFFFFFFFDC
:10C47000FFFFFFFFFFFFFFFFFFFFFFFFFFFFFFFFCC
:10C48000FFFFFFFFFFFFFFFFFFFFFFFFFFFFFFFFBC
:10C49000FFFFFFFFFFFFFFFFFFFFFFFFFFFFFFFFAC
:10C4A000FFFFFFFFFFFFFFFFFFFFFFFFFFFFFFFF9C
:10C4B000FFFFFFFFFFFFFFFFFFFFFFFFFFFFFFFF8C
:10C4C000FFFFFFFFFFFFFFFFFFFFFFFFFFFFFFFF7C
:10C4D000FFFFFFFFFFFFFFFFFFFFFFFFFFFFFFFF6C
:10C4E000FFFFFFFFFFFFFFFFFFFFFFFFFFFFFFFF5C
:10C4F000FFFFFFFFFFFFFFFFFFFFFFFFFFFFFFFF4C
:10C50000FFFFFFFFFFFFFFFFFFFFFFFFFFFFFFFF3B
:10C51000FFFFFFFFFFFFFFFFFFFFFFFFFFFFFFFF2B
:10C52000FFFFFFFFFFFFFFFFFFFFFFFFFFFFFFFF1B
:10C53000FFFFFFFFFFFFFFFFFFFFFFFFFFFFFFFF0B
:10C54000FFFFFFFFFFFFFFFFFFFFFFFFFFFFFFFFFB
:10C55000FFFFFFFFFFFFFFFFFFFFFFFFFFFFFFFFEB
:10C56000FFFFFFFFFFFFFFFFFFFFFFFFFFFFFFFFDB
:10C57000FFFFFFFFFFFFFFFFFFFFFFFFFFFFFFFFCB
:10C58000FFFFFFFFFFFFFFFFFFFFFFFFFFFFFFFFBB
:10C59000FFFFFFFFFFFFFFFFFFFFFFFFFFFFFFFFAB
:10C5A000FFFFFFFFFFFFFFFFFFFFFFFFFFFFFFFF9B
:10C5B000FFFFFFFFFFFFFFFFFFFFFFFFFFFFFFFF8B
:10C5C000FFFFFFFFFFFFFFFFFFFFFFFFFFFFFFFF7B
:10C5D000FFFFFFFFFFFFFFFFFFFFFFFFFFFFFFFF6B
:10C5E000FFFFFFFFFFFFFFFFFFFFFFFFFFFFFFFF5B
:10C5F000FFFFFFFFFFFFFFFFFFFFFFFFFFFFFFFF4B
:10C60000FFFFFFFFFFFFFFFFFFFFFFFFFFFFFFFF3A
:10C61000FFFFFFFFFFFFFFFFFFFFFFFFFFFFFFFF2A
:10C62000FFFFFFFFFFFFFFFFFFFFFFFFFFFFFFFF1A
:10C63000FFFFFFFFFFFFFFFFFFFFFFFFFFFFFFFF0A
:10C64000FFFFFFFFFFFFFFFFFFFFFFFFFFFFFFFFFA
:10C65000FFFFFFFFFFFFFFFFFFFFFFFFFFFFFFFFEA
:10C66000FFFFFFFFFFFFFFFFFFFFFFFFFFFFFFFFDA
:10C67000FFFFFFFFFFFFFFFFFFFFFFFFFFFFFFFFCA
:10C68000FFFFFFFFFFFFFFFFFFFFFFFFFFFFFFFFBA
:10C69000FFFFFFFFFFFFFFFFFFFFFFFFFFFFFFFFAA
:10C6A000FFFFFFFFFFFFFFFFFFFFFFFFFFFFFFFF9A
:10C6B000FFFFFFFFFFFFFFFFFFFFFFFFFFFFFFFF8A
:10C6C000FFFFFFFFFFFFFFFFFFFFFFFFFFFFFFFF7A
:10C6D000FFFFFFFFFFFFFFFFFFFFFFFFFFFFFFFF6A
:10C6E000FFFFFFFFFFFFFFFFFFFFFFFFFFFFFFFF5A
:10C6F000FFFFFFFFFFFFFFFFFFFFFFFFFFFFFFFF4A
:10C70000FFFFFFFFFFFFFFFFFFFFFFFFFFFFFFFF39
:10C71000FFFFFFFFFFFFFFFFFFFFFFFFFFFFFFFF29
:10C72000FFFFFFFFFFFFFFFFFFFFFFFFFFFFFFFF19
:10C73000FFFFFFFFFFFFFFFFFFFFFFFFFFFFFFFF09
:10C74000FFFFFFFFFFFFFFFFFFFFFFFFFFFFFFFFF9
:10C75000FFFFFFFFFFFFFFFFFFFFFFFFFFFFFFFFE9
:10C76000FFFFFFFFFFFFFFFFFFFFFFFFFFFFFFFFD9
:10C77000FFFFFFFFFFFFFFFFFFFFFFFFFFFFFFFFC9
:10C78000FFFFFFFFFFFFFFFFFFFFFFFFFFFFFFFFB9
:10C79000FFFFFFFFFFFFFFFFFFFFFFFFFFFFFFFFA9
:10C7A000FFFFFFFFFFFFFFFFFFFFFFFFFFFFFFFF99
:10C7B000FFFFFFFFFFFFFFFFFFFFFFFFFFFFFFFF89
:10C7C000FFFFFFFFFFFFFFFFFFFFFFFFFFFFFFFF79
:10C7D000FFFFFFFFFFFFFFFFFFFFFFFFFFFFFFFF69
:10C7E000FFFFFFFFFFFFFFFFFFFFFFFFFFFFFFFF59
:10C7F000FFFFFFFFFFFFFFFFFFFFFFFFFFFFFFFF49
:10C8000000000120B1CC410087DE4200D9A94200DE
:10C810001F174300075843003B92430000000000ED
:10C820000000000000000000000000006F944300C2
:10C830004BB74300000000003BBF4300FBCC43006C
:10C84000E3CD4300E3CD4300E3CD4300E3CD43001C
:10C85000E3CD4300E3CD4300E3CD4300E3CD43000C
:10C86000E3CD4300E3CD4300E3CD4300E3CD4300FC
:10C87000E3CD4300E3CD4300E3CD4300E3CD4300EC
:10C88000E3CD4300E3CD4300E3CD4300E3CD4300DC
:10C89000E3CD4300E3CD4300E3CD4300E3CD4300CC
:10C8A000E3CD4300E3CD4300E3CD4300E3CD4300BC
:10C8B000E3CD4300E3CD4300E3CD4300E3CD4300AC
:10C8C000E3CD4300E3CD4300E3CD4300E3CD43009C
:10C8D000E3CD4300E3CD4300E3CD4300E3CD43008C
:10C8E000E3CD4300E3CD4300E3CD4300E3CD43007C
:10C8F000E3CD4300E3CD4300E3CD4300E3CD43006C
:10C90000E3CD4300E3CD4300E3CD4300E3CD43005B
:10C91000E3CD4300E3CD4300E3CD4300E3CD43004B
:10C92000E3CD4300E3CD4300E3CD4300E3CD43003B
:10C93000E3CD4300E3CD4300E3CD4300E3CD43002B
:10C94000E3CD4300E3CD4300E3CD4300E3CD43001B
:10C95000E3CD4300E3CD4300E3CD4300E3CD43000B
:10C96000E3CD4300E3CD4300E3CD4300E3CD4300FB
:10C97000E3CD4300E3CD4300E3CD4300E3CD4300EB
:10C98000E3CD4300E3CD4300E3CD4300E3CD4300DB
:10C99000E3CD4300E3CD4300E3CD4300E3CD4300CB
:10C9A000E3CD4300E3CD4300E3CD4300E3CD4300BB
:10C9B000E3CD4300E3CD4300E3CD4300E3CD4300AB
:10C9C000E3CD4300E3CD4300E3CD4300E3CD43009B
:10C9D000E3CD4300E3CD4300E3CD4300E3CD43008B
:10C9E000E3CD4300E3CD4300E3CD4300E3CD43007B
:10C9F000E3CD4300E3CD4300E3CD4300E3CD43006B
:10CA0000E3CD4300E3CD4300E3CD4300E3CD43005A
:10CA1000E3CD4300E3CD4300E3CD4300E3CD43004A
:10CA2000E3CD4300E3CD4300E3CD4300E3CD43003A
:10CA3000E3CD4300E3CD4300E3CD4300E3CD43002A
:10CA4000E3CD4300E3CD4300E3CD4300E3CD43001A
:10CA5000E3CD4300E3CD4300E3CD4300E3CD43000A
:10CA6000E3CD4300E3CD4300E3CD4300E3CD4300FA
:10CA7000E3CD4300E3CD4300E3CD4300E3CD4300EA
:10CA8000E3CD4300E3CD4300E3CD4300E3CD4300DA
:10CA9000E3CD4300E3CD4300E3CD4300E3CD4300CA
:10CAA000E3CD4300E3CD4300E3CD4300E3CD4300BA
:10CAB000E3CD4300E3CD4300E3CD4300E3CD4300AA
:10CAC000E3CD4300E3CD4300E3CD4300E3CD43009A
:10CAD000E3CD4300E3CD4300E3CD4300E3CD43008A
:10CAE000E3CD4300E3CD4300E3CD4300E3CD43007A
:10CAF000E3CD4300E3CD4300E3CD4300E3CD43006A
:10CB0000E3CD4300E3CD4300E3CD4300E3CD430059
:10CB1000E3CD4300E3CD4300E3CD4300E3CD430049
:10CB2000E3CD4300E3CD4300E3CD4300E3CD430039
:10CB3000E3CD4300E3CD4300E3CD4300E3CD430029
:10CB4000E3CD4300E3CD4300E3CD4300E3CD430019
:10CB5000E3CD4300E3CD4300E3CD4300E3CD430009
:10CB6000E3CD4300E3CD4300E3CD4300E3CD4300F9
:10CB7000E3CD4300E3CD4300E3CD4300E3CD4300E9
:10CB8000E3CD4300E3CD4300E3CD4300E3CD4300D9
:10CB9000E3CD4300E3CD4300E3CD4300E3CD4300C9
:10CBA000E3CD4300E3CD4300E3CD4300E3CD4300B9
:10CBB000E3CD4300E3CD4300E3CD4300E3CD4300A9
:10CBC000E3CD4300E3CD4300E3CD4300E3CD430099
:10CBD000E3CD4300E3CD4300E3CD4300E3CD430089
:10CBE000E3CD4300E3CD4300E3CD4300E3CD430079
:10CBF000E3CD4300E3CD4300E3CD4300E3CD430069
:10CC0000E3CD4300E3CD430000000000000000003E
:10CC100009000000E82D402004984400489C44008E
:10CC20002C324020489C4400089D4400EC324020B7
:10CC30000C9D44000C9D440000404020089D440091
:10CC40000C9D4400384640200C9D44000C9D44003F
:10CC5000007C40200C9D44000C9D440000000020FE
:10CC600000C8410008CC4100080400204C69440081
:10CC700004984400000000000C9D44000C9D4400FA
:10CC80000400000000004020662740206827402064
:10CC9000E52D402040404020384640200000000064
:10CCA0000000000000BF00BF00BF00BFFAE70000A7
:10CCB00072B6002100220023002400250026002750
:10CCC000B846B946BA46BB46BC464FF06400013888
:10CCD0000028FCDC49480168494A01EA02010029B0
:10CCE00017D148480168464A41EA020101604648B6
:10CCF0000168012241EA020101604448444901609F
:10CD0000444901603D4801683D4A01EA02010029A9
:10CD1000F8D04148414901604149086820F00400C9
:10CD200040F0010008603F49086820F0040040F02E
:10CD3000010008603C4880F308883C4801680020F6
:10CD4000814200D028E03A483A4901603A490160FE
:10CD50003A483B49016008E03A48364901603649A3
:10CD60000160394836490160FFE73848002813D090
:10CD700037480168012201EA0201002902D0354941
:10CD8000354A01E03549344A521A013A04DD00209F
:10CD9000002309C1083AFCDA3148002809D031499A
:10CDA000314A521A013A04DD0020002309C1083A31
:10CDB000FCDA2E48002809D02D492E4A521A013A91
:10CDC00004DD0020002309C1083AFCDA2A48006883
:10CDD0002A498842FAD0154801680020814202D0D1
:10CDE00021F052FB01E021F0D1FA11F055F862B6C2
:10CDF00011F04AF80DF0C5FD00BFFEE710C32D404D
:10CE00000000000130C32D4004C32D4000C02D4060
:10CE1000F05A00000FA5000008ED00E0000000201F
:10CE200094EF00E090EF00E00000012004002640B5
:10CE30001000274020C5000028D90000000027402E
:10CE4000400000FF10C0464000C046400100000006
:10CE500000C028400000402000804020000040200A
:10CE6000010000000000002000000120010000007F
:10CE70000000000000800000C42D40205A5A5A5A79
:10CE80002DE9F04186B004000D0016001F0002A835
:10CE9000102100F0C9FC042100220DF104084046D5
:10CEA00000F0C6FC300080B2000A8DF804003000AB
:10CEB0008DF805008DF806702800C0B2ADF80800A6
:10CEC0000320ADF80E0000208DF8100001A8059099
:10CED00002A92000C0B218F02EFB8DF800009DF8CA
:10CEE000000006B0BDE8F0812DE9F04186B00400F5
:10CEF0000D0016001F0002A8102100F095FC04216F
:10CF000000220DF10408404600F092FC300080B28F
:10CF1000000A8DF8040030008DF80500ADF80850C7
:10CF20000220ADF80E0000208DF8100001208DF8D1
:10CF30000D0001A8059002A92000C0B218F0FBFA6C
:10CF4000ADF808500120ADF80E0001208DF810005A
:10CF500000208DF80D0001A8059002A92000C0B2A4
:10CF600018F0E9FA059800788DF800009DF80400A3
:10CF700038709DF8000006B0BDE8F08138B5012199
:10CF80006E201EF0B0FB642000F004FD01216F2034
:10CF90001EF0A9FB642000F0FDFC012188201EF09A
:10CFA000A2FB642000F0F6FC012180201EF09BFB18
:10CFB000642000F0EFFC01218A201EF094FB642025
:10CFC00000F0E8FC01210D201EF08DFB642000F034
:10CFD000E1FC012101201EF086FB4FF47A7000F085
:10CFE000D9FCDFF8F847E31D0D2240210120FFF7AF
:10CFF0007BFF00F083FD9B20E07140F2133500239E
:10D000002A0028210120FFF73BFF802340F21D3238
:10D0100028210120FFF734FF00234FF44572282117
:10D020000120FFF72DFF802340F216322821012036
:10D03000FFF726FF042340F2173228210120FFF7D3
:10D040001FFF182340F2193228210120FFF718FF93
:10D05000072340F24B4228210120FFF711FF002354
:10D0600040F24C4228210120FFF70AFF242340F21E
:10D070004D4228210120FFF703FF242340F24E42B6
:10D0800028210120FFF7FCFE002340F24F42282117
:10D090000120FFF7F5FE00234FF48A6228210120CA
:10D0A000FFF7EEFE012340F2514228210120FFF755
:10D0B000E7FE012340F2524228210120FFF7E0FE63
:10D0C000152340F26D4228210120FFF7D9FE0023ED
:10D0D00040F2611228210120FFF7D2FE24234FF4F1
:10D0E000487228210120FFF7CBFEE0799B2803D16D
:10D0F000142000F04FFC02E0642000F04BFCE079CB
:10D100009B2822D1122340F2893240210120FFF7CF
:10D11000B7FE7D234FF4607240210120FFF7B0FE7F
:10D12000002340F2873240210120FFF7A9FE94231B
:10D1300040F2853240210120FFF7A2FE182340F281
:10D14000863240210120FFF79BFEE0799B2802D127
:10D15000642000F01FFCE0799B280BD131231022C2
:10D1600028210120FFF78CFE02232A00282101201C
:10D17000FFF786FEE0799B2806D1002340F2EB22E0
:10D1800040210120FFF77CFEE0799B2802D164203A
:10D1900000F000FCE0799B280DD1B82340F2EB228F
:10D1A00040210120FFF76CFE002340F2D3224021F2
:10D1B0000120FFF765FEE0799B2802D1642000F092
:10D1C000E9FBE0799B2806D1B82340F2D322402125
:10D1D0000120FFF755FE00F091FC40F6B83000F05A
:10D1E000D9FB31BD2DE9F04186B004000D001600D9
:10D1F0001F0002A8102100F017FB042100220DF1EE
:10D200000408404600F014FB462000F0C3FB300049
:10D2100080B2000A8DF8040030008DF80500ADF8EA
:10D2200008500220ADF80E0000208DF810000020FC
:10D230008DF80D0001A8059002A92000C0B218F0D9
:10D240007AF9462000F0A6FBADF808500120ADF8B1
:10D250000E0001208DF8100000208DF80D0001A8AF
:10D26000059002A92000C0B218F065F98DF8000001
:10D270009DF8040038709DF80000002801D00120BE
:10D2800000E00020C0B206B0BDE8F0812DE9F04119
:10D2900086B004000D0016001F0002A8102100F047
:10D2A000C3FA042100220DF10408404600F0C0FA40
:10D2B00030008DF80400ADF808500120ADF80E00E4
:10D2C00000208DF8100000208DF80D0001A80590B9
:10D2D00002A92000C0B218F02EF90A2000F05AFB73
:10D2E000ADF808500120ADF80E0001208DF81000B7
:10D2F00000208DF80D0001A8059002A92000C0B201
:10D3000018F019F98DF800009DF8040038709DF8A8
:10D310000000002801D0012000E00020C0B206B0CB
:10D32000BDE8F08110B40200002000238B4203DA34
:10D33000D45C00195B1CF9E7C0B210BC704710B494
:10D340000300002000248C4203DA1A5D5040641C64
:10D35000F9E7C0B210BC70472DE9F04786B0040071
:10D360000D0016001F00DDF8388000208DF8000049
:10D3700002A8102100F058FAE22088F800003000DE
:10D3800080B2C01C001288F80100F01C88F802006E
:10D390003800000C88F803003800000A88F8040000
:10D3A00088F80570B1461FFA89F90F98019018F1B5
:10D3B000060A4A460199504600F042FCDFF81CA4D8
:10D3C000310089B2C91C18F10300FFF7ABFF8AF8DE
:10D3D0000B00310089B2C91C18F10300FFF7AFFF41
:10D3E0008AF80C009AF80B00310089B24144887128
:10D3F0009AF80C00310089B24144C8712800C0B2CB
:10D40000ADF8080016F10800ADF80E0000208DF808
:10D410001000CDF8148000208DF80B0002A9200028
:10D42000C0B218F088F8C0B206B0BDE8F0872DE9A8
:10D43000F84F84B004000D00160000208DF80C0099
:10D440000A270A208DF800005FF0000B00F09FFA19
:10D450008046DFF88893D9F830202900300000F0AA
:10D4600043FCC9F830005FF00A0A5046C0B20028F9
:10D4700000F092800196DFF86803009004F17F438A
:10D4800013F57F032A0092B220210120FFF764FFE9
:10D490001E2000F07FFA0A2007003800C0B20028E2
:10D4A00031D003ABF52220210120FFF7EFFE9DF8DC
:10D4B0000C00EE2807D13B00DBB2CA4A7EA108204F
:10D4C00000F028FE1FE001F062F8BE2000F062FAD2
:10D4D0003800C0B200909DF80C30C34A76A10820F5
:10D4E00000F018FE00F053FAB0EB080040F6AC5123
:10D4F000884206DB00F002FB01F049F800F047FA31
:10D5000080467F1EC9E73800C0B2002808D1B74A5C
:10D5100069A1082000F0FEFD642000F03BFA38E02D
:10D5200003ABF22220210120FFF7B0FE9DF80C0092
:10D5300099F80B10884212D1D9F83000029099F86E
:10D540000B00019004F17F4010F57F0000902B004C
:10D55000A74A59A1082000F0DDFD00201DE064204D
:10D5600000F018FA0FF2501B5046C0B200909DF820
:10D570000C30A04A5946082000F0CCFD5046C0B2FD
:10D58000012806D19DF80C309B4A5946082000F02E
:10D59000C1FDBAF1010A68E7012005B0BDE8F08FCE
:10D5A00000002DE9FF4704000D0000208DF80C005D
:10D5B0000026FFF7E3FC00F0EAFF904FD7F8008069
:10D5C000DFF818925FF0FF30C9F8300019F10D0351
:10D5D0004AF2B40220210120FFF704FE19F10E03E4
:10D5E0004AF2B50220210120FFF7FCFD19F11103D9
:10D5F0004AF2B80220210120FFF7F4FD19F11203CD
:10D600004AF2B90220210120FFF7ECFD0FF2A80A2F
:10D6100099F81200029099F81100019099F80E0003
:10D62000009099F80D30764A5146082000F072FDBE
:10D630005FF00A094846C0B2002838D003ABF12297
:10D6400020210120FFF722FE9DF80C00EE2801D1D9
:10D6500000202DE0BE2000F09DF93868B0EB0800F6
:10D6600040F6AC5188420AD300F048FA00F08FFF30
:10D6700038688046634A5146082000F04BFD484612
:10D68000C0B200909DF80C305F4A5146082000F06F
:10D6900041FD4846C0B2012806D19DF80C305B4AD6
:10D6A0005146082000F036FDB9F10109C2E701201A
:10D6B00004B0BDE8F0870000737973000120704763
:10D6C0002DE9FE4F040000208DF808000020ADF881
:10D6D0000000002001905FF0000A5FF0000B474D52
:10D6E0002E684B4800F01AFB07002100042000F0D0
:10D6F00095FF80465FF00A09484680B200281AD09C
:10D7000002ABF32220210120FFF7C0FD9DF80800A5
:10D71000F32810D0BE2000F03DF9484680B2012821
:10D7200006D19DF808303B4A2BA1082000F0F2FCFE
:10D73000B9F10109E0E740F21D1A504680B2002815
:10D7400047D002ABF42220210120FFF79FFD9DF876
:10D750000800EE281DD102ABFE2220210120FFF798
:10D7600095FD1DA59DF808302B4A2900082000F0E2
:10D77000D1FC474501D100202CE09DF80800019024
:10D7800000974346254A2900082000F0C3FC0120E9
:10D7900020E0BE2000F0FEF82868801B40F6AC5167
:10D7A00088420AD31E4A0CA1082000F0B3FC00F006
:10D7B000A5F900F0ECFE28680600504680B201286A
:10D7C00004D1184A04A1082000F0A4FCBAF1010A0F
:10D7D000B3E70120BDE8FE8F73797300CC430020CE
:10D7E0000833002030EB430050EB430084EB430050
:10D7F000B0EB430000EC430034EC43002C2240200B
:10D8000060EC43008CEC4300A4EC4300D8EC4300F4
:10D81000FC43002004ED430030ED430050ED430095
:10D8200090ED4300ACED4300002200F02DBF00005E
:10D8300062F30F2262F31F42401810F0030308D076
:10D84000C91A1FD3DB0748BF00F8012D28BF20F8F5
:10D85000022D130030B414461546103928BF20E9B4
:10D860003C00FAD8490728BF20E90C0048BF40F81F
:10D87000042D890028BF20F8022D48BF00F8012D93
:10D8800030BC7047C91818BF00F8012DCB0728BF5E
:10D8900000F8012D7047000000205C49086000205E
:10D8A0005B4908605B4800210180002181700021F4
:10D8B000C17000218180002057490860704780B501
:10D8C0000022564960201FF04BF8022160201FF013
:10D8D000B9FE60201FF04FF800201EF045F949F610
:10D8E000404100201EF000FA00201EF05CFAFFF715
:10D8F000D3FF01BD80B51EF08BF9FFF7CDFF01BD51
:10D9000042480168491C016043480168491C0160A4
:10D9100040488188491C81808188B1F57A7F14DB79
:10D9200000218180C178491CC170C1783C290CDB81
:10D930000021C1708178491C817081783C2904DB09
:10D94000002181700188491C018035480178C90790
:10D9500005D50178491E027861F300020270314951
:10D960000A78521C0A700A780A2A0FDB00220A7011
:10D970000178C1F34001C9B2002907D00178C9B2CA
:10D980004908491E027861F341020270704722483B
:10D990000068704770B504000025FFF7F8FF060027
:10D9A000FFF7F5FF801B8442FADA70BD81B000906A
:10D9B00000994A1E00920029FAD101B0704780B543
:10D9C000FFF79EFF01BD1648007810F0010090F0AF
:10D9D0000100C0B270471248017851F00101017096
:10D9E0000B480168491C016070470D480078C0B2BF
:10D9F000400810F0010090F00100C0B270470848E4
:10DA0000017851F002010170704700002C22402083
:10DA1000302240203822402034224020D5C5430007
:10DA2000632740206427402080B5FFF748FF01BDF1
:10DA300080B5FFF75FFF01BD10B504006E480460BC
:10DA400001F026F801F0C2FD012001F081FE10BDB9
:10DA500080B501F0BCFD01F0FEFF01F053F801BDFF
:10DA600070B504000D00160032002900200080B2BD
:10DA700001F02CF9C0B270BD70B504000D001600A5
:10DA800032002900200080B201F076F970BD38B56F
:10DA900004000D002900C9B2200080B201F09CFAF8
:10DAA00031BD10B50400200000F065FE002801D053
:10DAB00000202070002010BD10B50400200000F0F0
:10DAC0007FFE002801D001202070002010BD38B555
:10DAD00004000D002900C9B2200080B201F015FC3D
:10DAE00031BDF8B504000D0016001F003B003200E8
:10DAF0002900200080B201F04BFBF2BD2DE9F84374
:10DB000084B0002500243C4800688068C0688668AE
:10DB100096F82000002832D1F0690400002C2CD0A7
:10DB2000207F052829D1200000F05DFE0500A8888F
:10DB3000606003208DF800007F208DF801006846AA
:10DB4000B1684968097881707821C17004275FF055
:10DB500055080DF10409424639004846FFF768FEB2
:10DB600068460290082003900220FFF713FF02A9E5
:10DB70000A2013F0D9FD01F0DCFD2436C8E705B01A
:10DB8000BDE8F0837FB504001B4800680068806A28
:10DB9000056828782100C9B2884204D0A8790028F5
:10DBA00001D10835F5E7A879002823D106208DF8A2
:10DBB000000050208DF8010068468470698889B2A1
:10DBC000090A8DF8031069880171A9880A2291FB5E
:10DBD000F2F6310089B2090A8DF8051086715520D8
:10DBE0008DF80700684602900820039002A90A20D9
:10DBF00013F09AFD7FBD0000900940201FB504007E
:10DC000002208DF8000051208DF8010068468470D4
:10DC100055218DF803105521017155208DF805000F
:10DC200055208DF8060055208DF8070068460290B3
:10DC30000820039002A90A2013F076FD1FBD000002
:10DC400062B38B0708D0521E11F8013B00F8013B6C
:10DC500000F024808B07F6D1830740F0208000BFBE
:10DC6000103A07D330B4B1E83810103AA0E83810B1
:10DC7000F9D230BC530724BFB1E80810A0E808105F
:10DC800044BF51F8043B40F8043BD20724BF31F8AD
:10DC9000022B20F8022B44BF0B7803707047121F31
:10DCA00017D35B0009D151F8043B20F8023B1B0C51
:10DCB000121F20F8023BF6D20BE051F8043B00F8AB
:10DCC000013B1B0A20F8023B1B0C121F00F8013B12
:10DCD000F3D238BF121D521E24BF11F8013B00F8C9
:10DCE000013BF8D87047000070B4030012F1010F37
:10DCF00002D15FF0FF30020000248C420BD2174D9E
:10DD000002F0FF061878464055F8260090EA1222E5
:10DD10005B1C641CF1E7100070BC704702685FF088
:10DD2000FF314A4002600068704770B403005FF042
:10DD3000FF3000248C420BD2084D00F0FF061A7809
:10DD4000564055F8262092EA10205B1C641CF1E72F
:10DD50005FF0FF32504070BC70470000580F440025
:10DD600070B40300100000249C4215D20E5D90EAAE
:10DD70000620002635002E00F6B2082E0AD2060430
:10DD800005D5060041F2210090EA460000E040007F
:10DD90006D1CF0E7641CE7E780B270BC70472DE9AA
:10DDA000F04104000D0016001F003800C0B2012829
:10DDB00002D14FF6FF7800E0B046424692B2210011
:10DDC0002800FFF7CDFF80B2BDE8F08180B50120CB
:10DDD00003F020F801BD80B5012003F0B3F801BDC8
:10DDE00038B504000D002A00D2B22100012003F052
:10DDF00028F932BD38B504000D002A0021000120A9
:10DE000003F0F5F932BD10B504002100C9B20120BC
:10DE100003F0A8F910BD80B5012003F06AF902BD36
:10DE200080B5012003F048FA01BD10B504002100BF
:10DE3000C9B2012003F02CFA10BD80B5012003F017
:10DE400092F802BD10B5FFF7F8FF002808D0DFF800
:10DE5000B0462078012803D0FFF7B8FF01202070DA
:10DE600010BD10B5DFF898462078002803D0FFF7E2
:10DE7000B2FF0020207010BDF8B504002000C0B231
:10DE8000612803DB2000C0B27B280BDB2000C0B27E
:10DE9000412803DB2000C0B25B2803DB2000C0B2B6
:10DEA0000D284BD1DFF85C56287D142801D30020C3
:10DEB0002875287D2C54287D401C28752000C0B270
:10DEC0000D283FD1DFF84016280003F0BBFB0028E7
:10DED00006D1DFF83816280003F0B4FB002804D080
:10DEE0000120DFF82C1608701EE0DFF82816280045
:10DEF00003F0A8FB002806D1DFF81C16280003F069
:10DF0000A1FB002804D00020DFF8041608700BE005
:10DF1000DFF80816280003F095FB002804D1DFF88D
:10DF20000016280003F08EFB002028751426002719
:10DF30003A0031002800FFF77BFC03E00020DFF807
:10DF4000C4150875F1BD38B501216846FFF748FFD3
:10DF500004002000C0B2002802D1FFF761FF0EE0EC
:10DF6000002528002100C0B2C9B28842ECD2684620
:10DF70002900C9B2405CFFF77FFF6D1CF1E731BD9E
:10DF800038B50400002000252800C0B2FF2806D0C4
:10DF90002800C0B2205C002801D06D1CF4E72900E5
:10DFA000C9B22000FFF726FF32BDFEB504000D0008
:10DFB0006846DFF8701591E84C0080E84C000026B8
:10DFC00000270A200100C9B2002913D0411E0E000B
:10DFD0000A21B4FBF1F201FB124130316A463300F1
:10DFE000DBB2D1547F1C0A21B4FBF1F4002C01D028
:10DFF000401EE7E70B2D08D23800C0B2A84204D279
:10E0000028000700D7F10A0006003900C9B26846A7
:10E010003200D2B21044FFF7EDFEFEBDF8B584B079
:10E0200004000D0002A8DFF800150622FFF708FE25
:10E03000684602A90622FFF703FE5B20FFF7E3FE16
:10E040000221BDF80000FFF7B0FF3A20FFF7DBFE2A
:10E0500002219DF80200FFF7A8FF3A20FFF7D3FE48
:10E0600002219DF80300FFF7A0FF2E20FFF7CBFE53
:10E070000321BDF80400FFF798FF5D20FFF7C3FE02
:10E0800023A63000FFF77CFFE00704D5DFF89C04EF
:10E09000FFF776FF2DE0A00704D5DFF89404FFF723
:10E0A0006FFF26E0600704D5DFF88804FFF768FFFC
:10E0B0001FE0200704D5DFF88004FFF761FF18E0B8
:10E0C000E00604D5DFF87404FFF75AFF11E0A0065C
:10E0D00004D5DFF86C04FFF753FF0AE0600604D5AF
:10E0E000DFF86004FFF74CFF03E0DFF85C04FFF7A4
:10E0F00047FFAEA73800FFF743FF3000FFF740FFB0
:10E100002800FFF73DFF3800FFF73AFF05B0F0BDEC
:10E110005B0000000BB42DE9F04F88B09246DFF8A9
:10E120002C0403905FF0A049DFF8D40300780028A6
:10E1300000F036819DF84400002800F03181DFF8BE
:10E14000D0030078002804D19DF84400802840F0D6
:10E1500027819DF8440040280DD10120FFF765FE7E
:10E16000FFF75EFEFFF757FE002804D14846B0F1E6
:10E1700001090028F4D10020FFF757FE12999DF8FD
:10E180004400FFF74BFF0DF14C0B9AF800000028FC
:10E1900000F0F180002006001AF80600252805D0BE
:10E1A0001AF80600002801D0761CF5E73100504629
:10E1B000FFF720FEB2449AF800002528E5D11AF1B5
:10E1C000010A0020040020208DF80000504610F1C4
:10E1D000010A0078253800F0C2800B3809280ED9D2
:10E1E000283867D00B381CD0401E24D00C3861D0A2
:10E1F000C01E35D0801E51D0C01E5BD0B5E01AF8CD
:10E20000010C302804D1002C02D130208DF8000000
:10E2100020000A2404FB00F41AF8010C3038041919
:10E22000D4E7DBF800001BF1040B0190012101A8E9
:10E23000FFF7E0FDA9E7DBF800001BF1040B0190FC
:10E24000002007000198002805D501984042019060
:10E250000120050001E0002005000A20804634E08E
:10E26000DBF800001BF1040B02900020060002986E
:10E27000805D002801D0761CF9E731000298FFF795
:10E28000B9FDA64209D2A41B2000441E002804D0D8
:10E2900001219AA0FFF7AEFDF6E776E7DBF8000074
:10E2A0001BF1040B0190002007000A20804600208B
:10E2B00005000AE0DBF800001BF1040B01900020D0
:10E2C000070010208046002005000120060001986C
:10E2D00008FB06F1884209D308FB06F0B0FBF8F012
:10E2E000B04203D108FB06F6641EF0E7002D00D013
:10E2F000641E002D09D09DF80000302805D12D2086
:10E3000004A9C8557F1C00200500022C0BD3102C3B
:10E3100009D2641E002C06D09DF8000004A9C8553F
:10E320007F1C641EF6E7002D03D02D2004A9C855DC
:10E330007F1C002E0ED00198B0FBF6F0B0FBF8F178
:10E3400008FB11000399085C04A9C8557F1CB6FBA3
:10E35000F8F6EEE7390004A8FFF74CFD15E70121B8
:10E36000BAF10100FFF746FD0FE70521DFF8C00114
:10E37000FFF740FD09E79DF8440040280DD101203A
:10E38000FFF753FDFFF74CFDFFF745FD002804D1D3
:10E390004846B0F101090028F4D10020FFF745FDFF
:10E3A00008B0BDE8F00F5DF810FB00005D00000054
:10E3B0002DE9F84F04000D0016001F005FF0A04883
:10E3C000C146DFF83C010078002801D1002092E02E
:10E3D0002000C0B2002801D100208CE0DFF830011D
:10E3E0000078002805D12000C0B2802801D000208C
:10E3F00081E02000C0B240280ED10120FFF715FDBA
:10E40000C146FFF70DFDFFF706FD002804D1484681
:10E41000B0F101090028F4D10020FFF706FD290022
:10E420002000C0B2FFF7FAFD5FF0000A5046390045
:10E4300080B289B2884240D2504680B2305CC0B2CD
:10E4400000098DF80100504680B2305C10F00F00DA
:10E450008DF80000DFF8F8B09DF801001BF800000F
:10E46000FFF7D1FC9DF800001BF80000FFF7CBFC84
:10E470002020FFF7C8FC380080B2642190FBF1F245
:10E4800001FB1200002815D12000C0B2402811D194
:10E490000120FFF7CAFCC146FFF7C2FCFFF7BBFC37
:10E4A000002804D14846B0F101090028F4D1002029
:10E4B000FFF7BBFC1AF1010AB8E70D20FFF7A3FC38
:10E4C0000A20FFF7A0FC2000C0B240280ED1012096
:10E4D000FFF7ABFCC146FFF7A3FCFFF79CFC00284D
:10E4E00004D14846B0F101090028F4D10020FFF71B
:10E4F0009CFC504680B2BDE8F28F00002000000076
:10E5000060274020901F4020C4144400CC144400D5
:10E5100029324020D4144400E0144400EC14440098
:10E52000F4144400FC144400382240200815440030
:10E530001015440018154400201544002815440007
:10E540003015440038154400401544004815440077
:10E550005C15440080B5002212492A201FF094F86F
:10E5600001212A201FF050F80F49002020F0D4F894
:10E5700000225FF4FA31002020F0ABF901BD80B534
:10E58000002020F0E7F9002020F016F901BD80B549
:10E59000002020F040F901BD04480168491C0160D9
:10E5A0007047000021EB4300FC3F44004422402020
:10E5B00010B4010008060A0212F47F020B001B0AC5
:10E5C00013F47F430C00240E10431843204310BC67
:10E5D00070472DE9F04104000D0016001F003000C7
:10E5E000C0B2092801D3002016E05FF000084046C1
:10E5F0003100C0B2C9B288420DD220002900B6EB6A
:10E600000802521ED20003F033F84146C9B27854D2
:10E6100018F10108EBE70120BDE8F08130B40300F8
:10E62000002B01D0052B01D300200BE01A000020A5
:10E630000024002A06D000020500085D2843641C5F
:10E64000521EF6E730BC70472DE9F04704000D007C
:10E650001600200003F01CF80700B0465FF0200908
:10E66000AA464A4641465046FFF7E2F8BE4201D26A
:10E67000B04600E0B846A146AA4642464946504642
:10E68000FFF7DEFABDE8F08700B500BF130096463D
:10E690009446103928BFA0E80C50FAD85FEA417CB4
:10E6A00028BF0CC048BF40F8042BC90728BF20F87A
:10E6B000022B48BF00F8012B00BD00004A691389F6
:10E6C000A0F86230012380F864307047002180F8A0
:10E6D0006410704738B504000D0094F867000128F5
:10E6E00008D002280AD003280CD004280AD0FF281A
:10E6F00008D00BE0002084F8660007E0002084F8D2
:10E70000660003E0002084F86600FFE72800C0B23E
:10E71000401E05D0401E022805D9FD3803D005E073
:10E7200084F8675002E084F86750FFE7002001F0AA
:10E730000FF831BD38B5DFF8B00C4468002C05D0B7
:10E74000E069050021002800FFF7B8FF31BD020095
:10E750000120DFF8941C4968002903D00B7813705E
:10E7600000231800C0B27047DFF87C1C4968CA69F2
:10E7700082F86600704710B4020001200023DFF821
:10E78000681C4968002906D0CC69230093F86640CC
:10E79000147000242000C0B210BC704770B5050092
:10E7A0000026DFF8440C4468002C08D0E06906001D
:10E7B0002900C9B23000FFF78DFFFFF7BBFF70BD26
:10E7C00010B4020001200023DFF81C1C4968002956
:10E7D00006D0CC69230093F8674014700024200011
:10E7E000C0B210BC704710B40200DFF8003C1868DB
:10E7F0000068806A0168087892F86740A04204D0F7
:10E800008879002801D10831F5E78879012804D1F9
:10E8100018680068806A00680100080010BC704732
:10E82000F0B50500059E069F00202C00A4B2022C26
:10E830001DDADFF8B84B2468A468E468D4F800C097
:10E84000AE461FFA8EFE0C2404FB0EFE0CEB0E04EB
:10E850000C600C6824681460146824681C601C68D0
:10E86000246834603468E4693C6001242000C0B24C
:10E87000F0BDF0B50500059E069F00202C00A4B257
:10E88000002C1DD1DFF8644B2468A468E468D4F838
:10E8900004C0AE461FFA8EFE0C2404FB0EFE0CEBE9
:10E8A0000E040C600C6824681460146824681C60F2
:10E8B0001C68246834603468E4693C6001242000EA
:10E8C000C0B2F0BD0022C368DB681A700022836802
:10E8D000DB681A7000220A7700220A724FF6FF7274
:10E8E000C368DB681A81704718B587B00400002040
:10E8F0000690002005900020049000200390002046
:10E90000029002A8019003A8009004AB05AA06A9F2
:10E91000200080B2FFF784FF002803D002990398FB
:10E92000FFF7D0FF08B010BD30B587B004000D0070
:10E930000020069000200590002004900020039005
:10E940000020029002A8019003A8009004AB05AA41
:10E9500006A9200080B2FFF763FF00280FD028002F
:10E96000C0B2002802D0012804D008E00320029998
:10E97000087704E0200080B2FFF7B6FFFFE707B09A
:10E9800030BD78B587B005000E000020069000204D
:10E99000039000200590002004900020029002A81F
:10E9A000019004A8009005AB03AA06A9E8690088B5
:10E9B000FFF736FF00282CD0029890F8400000287E
:10E9C00027D1029880F85C600520029981F8400008
:10E9D0007F20029981F84100A86840680078029978
:10E9E00081F84200029880F8436002984130029911
:10E9F00008650320029948650420029981F84000C7
:10EA0000029810F1500103980069808802F05BFEC3
:10EA1000040008B070BD70B50400012500260C216B
:10EA2000DFF8C82910688068406833009BB24B4308
:10EA30001844007A00281AD11068806840683300B2
:10EA40009BB24B43C05800280FD02000C0B21268C0
:10EA50009268526833009BB201FB03F1515888471A
:10EA600005002800C0B2002801D1761CD7E7280095
:10EA7000C0B270BD010000200A6812783E2A05D19C
:10EA80000A685278802A01D101221000C0B2704772
:10EA900000200021DFF8542912689268D268926839
:10EAA00092F82000002826D1D069010000200872C9
:10EAB00000200877002081F82000002081F8400025
:10EAC000002081F86600012081F86700002081F8AD
:10EAD00060000020487700209368DB6818700020F1
:10EAE000D368DB6818704FF6FF70D368DB68188155
:10EAF000C8872432D4E7DFF8F0080123037000232D
:10EB0000436070472DE9F84187B00024002002904F
:10EB1000DFF8D85828688068C068866896F82000B2
:10EB2000002840F0D080F06902900298002800F0A0
:10EB3000C880029890F8670001281BD0029890F8CE
:10EB4000640001280BD10298B0F86200002806D0BA
:10EB50000298B0F86200401E0299A1F86200029883
:10EB6000B0F86200002805D101210298FFF7B2FD3C
:10EB700002F04AFE0298007F00280AD0022800F026
:10EB80009380032854D0042800F08D80052801D0FC
:10EB900097E096E002984068002804D00298406808
:10EBA000401E029948600298406800283FD10298B0
:10EBB000FFF719FE0400A08880B2400880B20299D5
:10EBC0004860286880688068002830D0286880689D
:10EBD00080680078012820D1029890F8650000280C
:10EBE00010D078213000FFF7CCFE029890F8650035
:10EBF00000281CD0029890F86500401E029981F808
:10EC0000650014E000F035FF10213000FFF7B9FE79
:10EC100002993000FFF756FE09E000F02AFF1021AC
:10EC20003000FFF7AEFE02993000FFF74BFE48E0E0
:10EC3000029890F84000002834D10020069000206F
:10EC40000390002005900020049002A8019004A8E1
:10EC5000009005AB03AA06A902980088FFF7E0FD23
:10EC600000280FD003980069B0F8048004200299AE
:10EC70000877029810F11401404680B202F023FD9B
:10EC800007000FE0B06940680069B0F80480042014
:10EC900002990877029810F11401404680B202F000
:10ECA00012FD07000DE00CE0FEF771FE0299D1F8AD
:10ECB0008C10401A40F2F511884201DBFFF7E8FEA4
:10ECC000FFE724362AE708B0BDE8F0812DE9F841D6
:10ECD00087B004000D0016000127002006900020D8
:10ECE000059000200490002003900020029002A8CC
:10ECF000019003A8009004AB05AA06A9200080B2E9
:10ED0000FFF78EFD002832D00398D0F80880D8F89D
:10ED10000800A84222D30298007A002820D1D8F80F
:10ED20000C00007800281BD10120D8F80C100870C6
:10ED3000D8F804000299C860029805610020D8F84C
:10ED40000C104860022002990872D8F80C00048167
:10ED5000D8F8080030600020070001E00320070019
:10ED60003800C0B2002802D10298FFF7AFFC38008B
:10ED7000C0B208B0BDE8F0812DE9F04F87B00400C3
:10ED80000D001600012700200690002005900020AD
:10ED90000490002003900020029002A8019003A894
:10EDA000009004AB05AA06A9200080B2FFF738FD49
:10EDB00000287BD00398D0F808800298007A0228B7
:10EDC0003BD1D8F80C000089210089B2884234D1A7
:10EDD0000298C068D8F80C10496800EB010968680F
:10EDE000002802D1002007001FE0D8F80810D8F84A
:10EDF0000C004068091A6868814214D36868009062
:10EE0000D5F800A0CB46009A51465846FEF718FFA9
:10EE1000D8F80C00416868684118D8F80C004160C7
:10EE20000020070001E001200700D8F80810D8F8FA
:10EE30000C004068091A316038E0029890F8200010
:10EE4000022833D10298C08F210089B288422DD187
:10EE50006868002802D10020070022E00298806B39
:10EE6000D0F108006968884219D30298006B0299B2
:10EE7000896B08440090D5F80490D5F800A0DDF81F
:10EE800000B04A4651465846FEF7DAFE0298816BBA
:10EE900068684118029881630020070001E00120A2
:10EEA00007000298806BD0F1080030603800C0B2D3
:10EEB00007B0BDE8F08F2DE9F84787B005000E00D8
:10EEC0000020069000200590002004900020039070
:10EED00000270020029002A8019003A8009004AB34
:10EEE00005AA06A9280080B2FFF79AFC002870D076
:10EEF0000398D0F80880D8F80C000089290089B25E
:10EF0000884266D1D8F80C004068029909698842A5
:10EF100003D002980069002802D15FF0010901E0E6
:10EF20005FF000093000C0B2002843D14846C0B2AB
:10EF300000283FD003988068001DFFF79BFD002844
:10EF400015D002980069022811D103990298FFF7A1
:10EF5000B5FB0020029908724FF6FF70D8F80C102C
:10EF60000881002003998968C968087031E0029817
:10EF7000407F00282DD1DFF870A4DAF804000028C3
:10EF80000FD103980078FFF746FD04002000C0B2BF
:10EF900000281ED10120029948770398CAF804007E
:10EFA00017E0002002990872002003998968C96857
:10EFB00008700EE0FFF7BEFB0020029908724FF6C2
:10EFC000FF70D8F80C100881002003998968C9687F
:10EFD000087008B0BDE8F0872DE9F84787B0050054
:10EFE0000E000020059000200490002006900020D4
:10EFF000039000270020029002A8019003A800902F
:10F0000006AB04AA05A9280080B2FFF709FC002876
:10F0100000F0BB800398D0F808800298007A02289C
:10F0200040F0B380D8F80C000089290089B28842EA
:10F0300040F0AB80D8F80C0040680299096988421A
:10F0400003D002980069002802D15FF0010901E0B5
:10F050005FF000093000C0B2002840F087804846C9
:10F06000C0B2002800F0828003988068001DFFF77E
:10F0700001FD002815D002980069022811D10399DA
:10F080000298FFF71BFB0020029908724FF6FF70F1
:10F09000D8F80C100881002003998968C9680870A5
:10F0A00073E00298407F00281DD1DFF83CA3DAF816
:10F0B000040000280FD103980078FFF7ACFC04008F
:10F0C0002000C0B200280ED1012002994877039891
:10F0D000CAF8040007E00020029908720020039992
:10F0E0008968C96808700298407F01284DD102984C
:10F0F000FFF779FB0700788880B2400880B2029958
:10F10000486005200299087202980069002804D11D
:10F11000D8F80C0040680299086105200299087728
:10F12000B2480068806880684078029981F865007C
:10F130000398C0684068029948610398C068806875
:10F140000299886102980580280080B20190029897
:10F150001430009004980069838805980279039818
:10F16000016902980C3000F0CEFA0EE0FFF7E2FAE7
:10F170000020029908724FF6FF70D8F80C10088131
:10F18000002003998968C968087008B0BDE8F08755
:10F190002DE9F04F87B004000D0016001F005FF04E
:10F1A0000108002006900020059000200490002017
:10F1B00003900020029002A8019003A8009004ABE5
:10F1C00005AA06A9200080B2FFF753FB002800F033
:10F1D00097800398D0F80C90002080460298007F1A
:10F1E00002280ED004280DD10020D9F80C10486058
:10F1F000022002990877FEF7CAFB0299C1F88C0039
:10F2000002E001E0012080464046C0B200282ED135
:10F210006868002823D002988169D9F80C004068FA
:10F22000091A6868814202D20120804617E06868A6
:10F23000009002984069D9F80C10496800EB010A67
:10F24000D5F800B0009A51465846FEF7F9FCD9F8B7
:10F250000C00416868684118D9F80C0041600298B8
:10F260008169D9F80C004068091A396048E04046C5
:10F27000C0B2012844D100208046029890F8400096
:10F2800002280DD004280CD102984130029908655B
:10F290000020029988650220029981F8400002E06E
:10F2A00001E0012080464046C0B2002828D16868AD
:10F2B00000281FD00298416D0298806D091A686875
:10F2C000814202D20120804614E0686800900298D2
:10F2D000006D0299896D00EB010AD5F800B0009A23
:10F2E00051465846FEF7ACFC0298816D686841189B
:10F2F000029881650298416D0298806D091A396003
:10F300004046C0B207B0BDE8F08FF0B587B004004A
:10F310000D000020069000200490002005900020A1
:10F3200003900020029002A8019003A8009005AB72
:10F3300004AA06A9200080B2FFF79BFA002826D075
:10F3400000260398C7680298007F022811D103990C
:10F350000298FFF7B3F902990398FFF7B3FA012077
:10F3600006002900C9B204980069808800F0C3F93A
:10F37000FFE73000C0B2002809D1029890F84000A1
:10F38000022804D10020029981F84000FFE707B06D
:10F39000F0BD00220020154909688968C9688B689A
:10F3A00093F82010002907D1D9690A00002A01D05A
:10F3B000117F08002433F3E7C0B270470022002019
:10F3C0000A4909688968C9688B6893F82010002980
:10F3D00007D1D9690A00002A01D0117A0800243324
:10F3E000F3E7C0B270470000A80940209009402010
:10F3F00010B504002000C0B2012806D10121DFF8B9
:10F400003C03008AFFF790FA40E0DFF83003017B0D
:10F41000012914D17F21426812681170DFF820138E
:10F420000978426812685170416809688C7003213C
:10F43000426851600021008AFFF776FA26E0017BDE
:10F4400001290BD12100C9B211291BD02100C9B259
:10F45000122917D02100C9B2312913D07F21426867
:10F4600012681170B6490978426812685170416893
:10F4700009688C700321426851600021008AFFF7FF
:10F4800053FA03E00121008AFFF74EFA10BD2DE97F
:10F49000F8430600A94D686847685FF0000868688F
:10F4A000D0F80090424639004846FEF7C1F93000D6
:10F4B000C0B2102816D011281BD0222820D027280F
:10F4C00024D0282840D02E2826D0312830D03428E7
:10F4D00040D0362844D0372848D03E2822D085282E
:10F4E0002CD049E02B7B6A68E989286800F063FB2F
:10F4F0004EE02B7B6A68E989286800F009FC47E048
:10F500002A7B6968286800F089FD41E02A7B6968E8
:10F51000286801F003F93BE02A7B6968286800F05D
:10F52000CCFE35E02A7B6968286801F04FF92FE0AE
:10F530002A7B6968286801F037FB29E02A7B696823
:10F54000286801F07FF923E02A7B6968286801F0C8
:10F55000E5F91DE02A7B6968286801F0A7FB17E040
:10F560002A7B6968286801F0CAFB11E02A7B696878
:10F57000286801F005FC0BE0287B012802D101205E
:10F58000040001E0112004002000C0B200F088F85F
:10F59000BDE8F18330B403000120684A92685468E2
:10F5A00022781D00EDB2AA4204D0227B002A01D1AC
:10F5B0001034F5E7227B002A01D10C6003E0002221
:10F5C000100000220A60C0B230BC7047704780B59E
:10F5D0005C490878002803D00020087000F001F88A
:10F5E00001BD7CB5002000900024544D286840687F
:10F5F000002804D0286800680078514908702868FD
:10F600004068002802D1012004002BE04C4E6946DE
:10F610003078FFF7BFFF002822D00098806800F004
:10F6200046FA002819D00098407800280FD02868A2
:10F630000068407800060AD500F077F8286800686E
:10F64000407810F07F0029680968487001E000F0F8
:10F6500070F83078FFF71BFF04E07F20040001E022
:10F66000112004002000C0B2002818D0287B0128F7
:10F6700011D100200100C9B205290CDA2100324A5B
:10F680000300DBB2D25CC9B2914202D101210C006D
:10F6900001E0401CEEE72000C0B2FFF7A9FE73BDF9
:10F6A00038B504002000C0B2002819D100F03AF8A3
:10F6B00000280CD121482249097851F040014268C4
:10F6C000126811700021008AFFF72EF912E01B4D1D
:10F6D000E88901F0FDF80121288AFFF725F909E002
:10F6E0002000C0B2782801D100F023F82000C0B279
:10F6F000FFF77EFE31BD38B504000D00200080B25A
:10F7000001F0E6F831BDF0B4049D059C0B4E348247
:10F71000F381306075603273B1600126094F3E702D
:10F72000F0BC70470948007870470120074908700D
:10F730007047002005490870704700009409402078
:10F740005C2740205B274020EC2F40205D27402095
:10F750002DE9FC410400DFF8345A00202870002015
:10F76000DFF82C1A0870DFF82C0A00210170012143
:10F7700001710020DFF8201A087064260027DFF8E6
:10F780001C8A3A0031004046FEF752F802F058F861
:10F790002000C0B2002800F0868000208DF8000014
:10F7A00000263000C0B202287DDA69463000C0B2BF
:10F7B00002F049FB9DF80000012837D101203100FB
:10F7C000C9B2090129440873DFF8A00B0168096870
:10F7D000496A09683200D2B2520111448968320084
:10F7E000D2B212012A44916000680068406A006841
:10F7F0003100C9B249010844407B3100C9B2090156
:10F8000029440871FEF7C3F83100C9B2090129443F
:10F8100008613000C0B2000128448368DFF8502B33
:10F82000DFF8501B0820FEF775FC3AE0DFF83C1BC0
:10F8300008680068406A00683200D2B25201104481
:10F840004068002814D001203200D2B212012A44AC
:10F85000107308680068406A00683100C9B2490145
:10F86000084440683100C9B20901294488600BE0AE
:10F8700000203100C9B20901294408730020310079
:10F88000C9B209012944886000203100C9B20901C8
:10F8900029440871FEF77BF83100C9B209012944F7
:10F8A0000861761C7DE7BDE8F38110B5DFF8E0481C
:10F8B000207801281CD1207A02F00AFB002802D00F
:10F8C0000A280DD00FE002202070207A61680968B4
:10F8D00048700220616848600020FFF7E1FE07E001
:10F8E0000120207004E0002020702220FFF7D8FEC5
:10F8F00010BD80B5DFF8643B1878002804D09A7DED
:10F900009968586800F08AFB01BD80B5DFF8500B9C
:10F910004178012904D102788168406800F0CDFC6B
:10F9200001BD80B5DFF83C0B4178012904D1027894
:10F930008168406801F038F901BD10B5DFF8284B47
:10F94000A078012804D16278E168A06801F0AEF9DE
:10F95000E078012804D16278E168A06801F0CFF96D
:10F960002079012804D16278E168A06801F008FAE2
:10F9700010BD1CB5040000208DF800006946200071
:10F98000C0B202F060FADFF804089DF8001022000F
:10F99000D2B212010244127B91420FD02100C9B2AF
:10F9A00009010844017B2000C0B202F039FADFF8F7
:10F9B000BC2ADFF8C0190820FEF7ACFB13BD38B530
:10F9C00000242000C0B2022844DADFF8C05720002B
:10F9D000C0B200012844007B012839D12000C0B208
:10F9E00000012844806800280AD02000C0B200012D
:10F9F00028448068401E2100C9B20901294488605A
:10FA00002000C0B2000128448068002820D10020D6
:10FA10002100C9B2090129440873DFF8A82BDFF8D7
:10FA200054190820FEF776FBDFF8400900680068EB
:10FA3000406A00682100C9B249010844407B2100A6
:10FA4000C9B20901294408712000C0B2FFF791FF33
:10FA5000641CB6E731BD80B5FFF727FFFFF749FF0C
:10FA6000FFF753FFFFF75DFFFFF767FFFFF7A7FF04
:10FA700001BD10B5DFF8E4492078002804D0A26861
:10FA80002178608A00F0D1F90020DFF804170870AF
:10FA9000002020700020DFF8C81948700020DFF82F
:10FAA000C41948700020DFF8C019887010BD38B53F
:10FAB0000400002501208DF800006846FEF780FE56
:10FAC00001000800C0B2002818D120688079002801
:10FAD00002D00120050011E0206800789DF8002088
:10FAE000904205D020688079002801D1241DF3E7D9
:10FAF00020688079002801D1012005002800C0B2CB
:10FB000032BD7CB504000026002C21D06846FEF7EB
:10FB100032FE05002800C0B200281BD12068007FFB
:10FB2000002802D00120060014E02068007B9DF828
:10FB30000010884205D02068007F002801D1241DD4
:10FB4000F3E72068007F002804D10120060001E0CF
:10FB5000012006003000C0B276BDF8B505000026D1
:10FB6000DFF8B40B006880688769387B00281FD1F4
:10FB70003000C0B204281BD03868002816D0684670
:10FB8000FDF79AFF04002000C0B200280CD1290024
:10FB9000C9B29DF800003A68904704002000C0B246
:10FBA000002803D0260001E0012006001037DCE722
:10FBB0003000C0B2F2BD2DE9F84F05000E0017006D
:10FBC0009846DFF8A80700680068806AD0F800A0AF
:10FBD0005FF00009686802286DD128684078040049
:10FBE0009AF800002100C9B2884206D09AF80600AF
:10FBF000002802D11AF1080AF2E79AF80600002854
:10FC000056D14046C0B2012807D12000C0B2022818
:10FC100003D10120FFF744FD78E02000C0B2FFF7D8
:10FC20009CFF8DF800009DF80000002836D12000D0
:10FC3000C0B2FEF7B3FDDFF85C050121017004716D
:10FC40004680386844700DF10100FEF780FD002801
:10FC50001FD19DF80100032818D1BAF8020080B224
:10FC6000000A39688870BAF802003968C870BAF8B2
:10FC700004000A2190FBF1F0010089B2090A3A68F8
:10FC80001171396848710621796004E002207860BA
:10FC900001E0022078605FF0000B0EE09DF80000AC
:10FCA000572802D15FF0220B07E05FF07E0B04E0E3
:10FCB0005FF0120B01E05FF0130B4046C0B2012869
:10FCC00016D15846C0B2002812D000200100C9B297
:10FCD00005290DDA5946DFF8402C0300DBB2D25C6F
:10FCE000C9B2914202D101218B4601E0401CEDE7EF
:10FCF0005846C0B2002805D12000C0B2012801D169
:10FD0000FFF713FD5846C0B2FFF7CAFCBDE8F18FFC
:10FD10002DE9F04704000D0016001F005FF00009F8
:10FD20006068022836D12068407880464046C0B2DC
:10FD3000401E022827D8DFF858A4AAF80250CAF8B3
:10FD400004608AF808809AF8080002F0C1F80028D8
:10FD500002D00A280BD010E002208AF80000306898
:10FD600080F80180022070605FF0000A0AE0012044
:10FD70008AF800005FF0780A04E000208AF80000AA
:10FD80005FF0220A08E05FF0120A0020DFF800149A
:10FD9000087001E05FF0130A3800C0B2012816D1E4
:10FDA0005046C0B2002812D000200100C9B2052977
:10FDB0000DDA5146DFF8602B0300DBB2D25CC9B22A
:10FDC000914202D101218A4601E0401CEDE75046F4
:10FDD000C0B2002801D1FFF7A8FC5046C0B2FFF71F
:10FDE0005FFCBDE8F08730B40300DFF82C09006841
:10FDF00000684468002260881D00ADB2A84205D0AA
:10FE000094F83D00002801D14034F4E794F83D0017
:10FE1000002806D160680078002802D10120020085
:10FE20000C601000C0B230BC70477CB504000D00FF
:10FE30001600002000906946200080B2FFF7D3FF33
:10FE400000281CD02800C0B2012808D100984069C1
:10FE5000002814D030680099496988470FE02800CD
:10FE6000C0B202280BD100988069002807D0009802
:10FE70000078022803D1306800998969884773BDEA
:10FE80002DE9F84304000D00160000276068406863
:10FE9000002800F0BD806069002800F0B980A069EA
:10FEA000002800F0B580606840680068FFF7FFFD3B
:10FEB000002800F0AA80606840684068FFF721FED3
:10FEC000002800F09F8068466169884701009DF81E
:10FED00000000843C0B2002840F089800020ADF83F
:10FEE00002005FF0010860684078002805D0A08912
:10FEF000ADF802000020804607E02069002804D009
:10FF00000DF102002169884780464046C0B20028B2
:10FF100063D168683188BDF8022012FA81F1891C2A
:10FF2000884257D36868C01EDFF8F81A08806088D6
:10FF300080B2000A2968328888543088401C30809A
:10FF400060882968328888543088401C3080DFF807
:10FF5000D09A012089F80000286831880844A169F6
:10FF60008847002189F800103288BDF802108A18ED
:10FF700032800100C9B20A2902D178210F0049E07C
:10FF80000100C9B2132902D113210F0042E0010080
:10FF9000C9B2142902D114210F003BE00100C9B2FB
:10FFA000222902D122210F0034E00100C9B23129F7
:10FFB00002D131210F002DE00100C9B2332902D155
:10FFC00033210F0026E00100C9B2002922D02221EE
:10FFD0000F001FE0142007001CE04046C0B20A28B2
:10FFE00002D17820070015E02220070012E0080067
:10FFF000C0B20A2802D1782007000BE09DF800006B
:020000040042B8
:10000000070007E03320070004E03120070001E08B
:10001000312007003800C0B2BDE8F2832DE9FE4F61
:100020008046894692465FF0000B00200190012037
:10003000ADF800005046C0B2022804D05046C0B20D
:10004000012840F09B80D8F80400401EC00754D41B
:10005000D8F80400401E00284FD0D8F80400401EF5
:1000600040080500002007003800290080B289B24E
:10007000884244D25846C0B2002803D05846C0B285
:1000800078283CD1D8F80000390089B200EB410053
:1000900040780002D8F800103A0092B201EB420119
:1000A000897850FA81F0060001A9300080B2FFF78C
:1000B0009AFE00281DD06A4649460198FFF7E0FEE7
:1000C00004002000C0B2002815D02000C0B278285B
:1000D00003D15846C0B2002800D1A3465046C0B252
:1000E000012808D15846C0B2222804D101208346F5
:1000F00001E0312083467F1CB6E713208346584633
:10010000C0B2002803D1BDF80000C9F80400584669
:10011000C0B2782809D1D14802210170C0F804800A
:10012000C0F8089080F816A01DE05846C0B23128EB
:1001300012D15046C0B2012806D10120834658464C
:10014000C0B2FFF7ADFA0EE00020C449087058466F
:10015000C0B2FFF7A5FA06E00020C0490870584673
:10016000C0B2FFF79DFA5046C0B201280CD15846E4
:10017000C0B2002808D00120834605E00120834654
:100180005846C0B2FFF78CFABDE8F78F040A40204A
:10019000B0094020BC0940205E274020300A4020A2
:1001A000F8B504000D00160000208DF8000060680E
:1001B000806800287BD0E069002878D0206A002879
:1001C00075D0606880680068FFF771FC00286AD00D
:1001D000606880684068FFF794FC00285FD00DF1EC
:1001E0000100E169884701009DF801000843C0B2A1
:1001F000002847D10020ADF8020001276068407850
:10020000002805D0A089ADF802000020070007E013
:100210002069002804D00DF10200216988470700F9
:100220003800C0B2002829D1BDF80200310089B2DF
:1002300088421FD16A46BDF802102868C01C236A94
:10024000984701000800C0B2002807D09DF80000C0
:10025000002803D122208DF800002BE09DF800003B
:10026000782803D00800C0B20A2823D178208DF85E
:1002700000001FE013208DF800001BE022208DF805
:10028000000017E00800C0B25B2803D172208DF88F
:1002900000000FE09DF801008DF800000AE0332017
:1002A0008DF8000006E07F208DF8000002E031208C
:1002B0008DF800009DF80000F2BD2DE9FC47050017
:1002C0000E0017005FF000095FF0000800200090AA
:1002D0003800C0B2022803D03800C0B2012821D1B2
:1002E000686804281BD36868C01E0400286840782A
:1002F000000229688978401880466946404680B2E5
:10030000FFF771FD002807D0220092B22900009863
:10031000FFF746FF824607E05FF0310A04E05FF036
:10032000130A01E05FF0010A5046C0B2782806D1F6
:100330004B480121417007704560866014E05046CB
:10034000C0B2002809D103207060404680B2000A84
:1003500031684870306880F8028000204049487059
:100360005046C0B2FFF79CF9BDE8F38790094020E2
:1003700040FB430038FB4300F8B504000D000026A5
:100380002800C0B2012814D1DFF8640A002122003D
:10039000D2B212010244117100212200D2B2120124
:1003A0000244117300212200D2B212011044816074
:1003B00050E0DFF83C7A2000C0B2000138440079F8
:1003C000B96A497B491E884239DBD349086800680D
:1003D000406A00682200D2B25201104480680028AE
:1003E0002AD001202200D2B212013A4410730868C8
:1003F0000068406A00682100C9B249010844806869
:100400002100C9B2090139448860FDF7C0FA210012
:10041000C9B20901394408612000C0B20001384462
:100420008368DFF8D029DFF8D0190820FDF772FEC5
:100430002000C0B2FFF79DFA012006000AE020006C
:10044000C0B2000138440079401C2100C9B2090142
:10045000394408713000C0B2F2BD0000C409402028
:10046000DC094020E8094020F40940206CFB4300EF
:100470002DE9FE4F04000D00160000275FF0000973
:10048000A54800680068406AD0F8008098F80C0021
:100490003100C9B2884208D098F81C00002804D165
:1004A00018F1200819F10109F0E798F81C0000285C
:1004B00040F08180D8F81400002879D0DFF830A906
:1004C0008AF824909AF8240000015044007B002808
:1004D00002D03720070070E06068D8F80010891C4F
:1004E00088424DD10DF10100FDF7DBFA8DF80300D4
:1004F0009DF80300002840D130009DF80110C0B2E3
:10050000884218D1206840782968487098F80F0010
:10051000029000200190286810F1020B019A0299C4
:100520005846FDF785F998F80F00801C6860012097
:100530008AF8000026E06A462868811C2068801C32
:10054000D8F8143098479DF800100143C9B200292B
:100550000FD1216849782A68517098F80F10891CCA
:1005600069608AF80160CAF8288001218AF80010C1
:1005700008E09DF800100F0004E02220070001E0D1
:10058000132007003800C0B2002816D03800C0B2CF
:10059000132812D000219AF82400FFF7EDFE8DF801
:1005A00002009DF80200012807D13720070004E06F
:1005B0007E20070001E0122007003800C0B2BDE82D
:1005C000FE8F000090FB43002DE9F84F05000E0060
:1005D00017005FF00008504800680068406AD0F8D3
:1005E000009099F80C003900C9B2884206D099F8F9
:1005F0001C00002802D119F12009F2E799F81C002B
:10060000002840F08280D9F8180000287AD0DFF85E
:10061000E0A79AF80000002801D1CAF8289068687D
:10062000DAF82810097C891C88424ED100208DF808
:1006300000006846FEF79FF89AF80000012841D1B3
:1006400038009AF80110C0B288423BD19DF80000F2
:100650003900C9B2884235D000208AF800009AF8E3
:10066000240000015044007B002802D03620804640
:100670002DE0DAF828008069002820D02868801C46
:10068000DAF828108969884783465846C0B200289E
:100690000BD1DAF82800007BFEF766F8286840786E
:1006A000316848700220706011E05846C0B27E2860
:1006B00002D17E2080460AE03520804607E02220D5
:1006C000804604E02420804601E013208046404616
:1006D000C0B2002805D101219AF82400FFF74CFE92
:1006E00015E04046C0B2132811D000219AF824002A
:1006F000FFF742FE04002000C0B2012807D13620D7
:10070000804604E07E20804601E01220804640467C
:10071000C0B2BDE8F28F0000900940202DE9F843F7
:1007200005000E00904600274046C0B2022802D0C5
:100730005FF0010944E0686802283FD328684078E8
:10074000401C022190FBF1F0040028684078C007AB
:100750001AD501208DF801000DF10100FEF730F8E7
:100760009DF801102000C0B201F0D8FB8146484638
:10077000C0B2002807D12200D2B231002800FFF712
:1007800077FE81461CE01BE001208DF800006846E2
:10079000FEF716F89DF800102000C0B201F0BEFB75
:1007A00081464846C0B2002807D12200D2B23100AB
:1007B0002800FFF709FF814602E001E05FF013091E
:1007C0004846C0B2FEF76CFFBDE8F1832DE9F04169
:1007D00004000D00160000276068022810D1206870
:1007E0004078002809D1FDF7A5FF0020296848704E
:1007F000022068605FF0000804E05FF0120801E08A
:100800005FF013083000C0B2012815D14046C0B2D5
:10081000002811D000200100C9B205290CDA414698
:100820003D4A0300DBB2D25CC9B2914202D1012140
:10083000884601E0401CEEE74046C0B2FEF730FFBC
:10084000BDE8F0812DE9F04104000D001600002004
:1008500000276168022919D121684978012902D04D
:10086000022908D00FE001212A6851700221696035
:100870005FF000080CE002212A68517002216960D3
:100880005FF0000804E05FF0120801E05FF0130879
:100890003000C0B2012815D14046C0B2002811D0A6
:1008A00000200100C9B205290CDA41461A4A0300AA
:1008B000DBB2D25CC9B2914202D10121884601E08B
:1008C000401CEEE74046C0B2FEF7EAFEBDE8F0810C
:1008D00010B50400FDF72EFFDFF82005017802298E
:1008E00009D12100428889B2914204D100210170CE
:1008F000007A01F0FCFADFF808150878002809D022
:1009000020004A8880B2904204D100200870087903
:1009100000F0E4FE10BD0000EC2F4020F8B504000C
:100920000D00160031208DF800002068477817F080
:100930007F07606803282AD13800C0B2042803DB8F
:100940003800C0B240281EDB3800C0B27F281AD061
:100950006A46206881783800C0B200F07FFF9DF8B9
:100960000000002816D09DF80000312812D09DF814
:10097000000022280ED09DF8000012280AD0312055
:100980008DF8000006E012208DF8000002E0132030
:100990008DF800009DF80000002805D10220686055
:1009A00020684078296848703000C0B2012817D10B
:1009B0009DF80000002813D000200100C9B20529CD
:1009C0000EDA9DF80010DFF83C240300DBB2D25CA5
:1009D000914203D101218DF8001001E0401CECE7A9
:1009E0009DF80000FEF75CFEF1BD30B40300DFF8B7
:1009F000180400680068C469002062881D00ADB258
:100A0000AA4204D0227D002A01D11834F5E7227DC4
:100A1000002A02D1012210000C60C0B230BC704725
:100A20005F2740204E2740207CB505000E000020A7
:100A30008DF8000068680069002831D07068696826
:100A400009690988091D884226D369463068001D56
:100A50002A6990470400686800690088401D70603A
:100A60002000C0B2002806D09DF80000002802D166
:100A700022208DF800009DF80000002813D168683E
:100A800000690088001D716888420CD2686800699E
:100A90000088001D706006E013208DF8000002E061
:100AA00012208DF800009DF8000076BDF8B5050015
:100AB0000E00170000208DF800006868806800288C
:100AC0002AD0686880680088001D716888421FD13C
:100AD0006A463868011D3068001DAB6898470400FD
:100AE0002000C0B2002806D09DF80000002802D1E6
:100AF00022208DF800009DF80000002805D16868CC
:100B000080684088001D786009E00520786006E074
:100B100013208DF8000002E012208DF800009DF8EF
:100B20000000F2BDF8B505000E00170000208DF89A
:100B300000006868C068002830D06868C0684088D5
:100B4000001D7968884225D16A463868011D3068E1
:100B5000001DEB6898470400052078602000C0B2B3
:100B6000002806D09DF80000002802D122208DF830
:100B700000009DF80000002813D16868C068408814
:100B8000001D796888420CD26868C0684088001DE2
:100B9000786006E013208DF8000002E012208DF846
:100BA00000009DF80000F2BD2DE9FC4704000D0097
:100BB00016005FF0000900275FF000080020009099
:100BC0003000C0B2022803D03000C0B201284DD19D
:100BD0006068042847D32068407807002068807840
:100BE00000022168C978401880466946404680B2B4
:100BF000FFF7FBFE002833D0009840680068FEF73E
:100C000056FF002829D0009840684068FEF779FF19
:100C100000281FD03800C0B2012804D017D3032801
:100C20000FD007D313E02A0021000098FFF73EFF02
:100C300082461DE02A0021000098FFF773FF8246DC
:100C400016E029000098FFF7EFFE824610E05FF003
:100C5000120A0DE05FF0330A0AE05FF07F0A07E056
:100C60005FF0310A04E05FF0130A01E05FF0010A6F
:100C70005046C0B2782811D028684770404680B2EC
:100C8000000A29688870286880F8038000205F497E
:100C900048705046C0B2FEF703FD05E05B480121F5
:100CA0004170067044608560BDE8F3877CB5040040
:100CB0000D00160000208DF800000020019001A911
:100CC0003420FEF767FC01984068FEF71AFF002801
:100CD0000DD03000C0B2022805D16A46290020009C
:100CE00001F0CAFB06E001208DF8000002E033208D
:100CF0008DF800009DF80000FEF7D2FC73BD7CB5B6
:100D000004000D00160000208DF800000020019066
:100D100001A93620FEF73EFC01984068FEF7F1FE7F
:100D200000280DD03000C0B2022805D16A46290043
:100D3000200001F0DBFC06E07F208DF8000002E0DF
:100D400033208DF800009DF80000782811D09DF820
:100D50000000002805D102206860206840782968DA
:100D6000487000202A49C8709DF80000FEF798FCE2
:100D700005E027480121C17046708460C56073BDDD
:100D80007CB504000D00160000208DF80000002046
:100D9000019001A93720FEF7FDFB01984068FEF79E
:100DA000B0FE00280DD03000C0B2022805D16A463E
:100DB0002900200001F096FE06E07F208DF800005B
:100DC00002E033208DF800009DF80000782807D05D
:100DD00000200F4908719DF80000FEF761FC05E056
:100DE0000B480121017146708460C56073BD00002D
:100DF000040A402040FB430038FB4300B009402078
:100E0000BC094020EC2F402090094020E8094020F8
:100E1000F4094020F8B50400DFF808582000C0B2FB
:100E2000285C012800F08C80DFF8FC672000C0B24D
:100E300056F830008047002800F08280002040F201
:100E40000621DFF8E8272300DBB24B4313449F88D9
:100E500060F308079F802300DBB201FB03F111441C
:100E60004A8860F308024A80002040F20641DFF819
:100E7000C0272300DBB24B4313449F8860F309076C
:100E80009F802300DBB201FB03F111444A8860F329
:100E900009024A8000212000C0B215F08EFFDFF861
:100EA000947701232000C0B200013844C2682000BA
:100EB000C0B20001384481682000C0B216F089F841
:100EC00000232000C0B20001384442682000C0B2B4
:100ED000000139582000C0B216F07BF82000C0B2E3
:100EE00000F05FF8DFF8507700222000C0B207EB77
:100EF000C00041682000C0B237F930001BF030FD5F
:100F00002000C0B207EBC00081782000C0B237F9E2
:100F100030001CF097FB2000C0B237F930001BF006
:100F20002AFD01202100C9B2685401202100C9B264
:100F300006EBC101087100212000C0B200F0A8F941
:100F4000F1BD704710B504002000C0B215F0AAFF33
:100F50002000C0B2FFF7F5FF0020DFF8C81622001E
:100F6000D2B2885410BD10B504002000C0B20028D1
:100F700008D102F04DF8002801D0012000E0002047
:100F8000C0B20DE02000C0B2012808D102F045F83F
:100F9000002801D0012000E00020C0B200E00020C5
:100FA00010BD38B50400012269462000C0B216F019
:100FB0001FF905002800C0B2012811D1DFF874061E
:100FC00001232100C9B209010144CA682100C9B244
:100FD0000901084481682000C0B215F0FAFF0FE053
:100FE000DFF850062100C9B209010144CA68210096
:100FF000C9B20901084481682000C0B216F072F835
:10100000FCF7C5FCDFF83416086031BD7CB5040080
:101010000025002269462000C0B216F0E9F806005B
:101020003000C0B2002802D00098002806D100216C
:101030002000C0B215F099FF012005002800C0B2C1
:1010400076BD2DE9F043040040F20645DFF8E06587
:101050002000C0B2684306EB00031F8840F2FF3057
:1010600007431F802000C0B26843305A8005800DBE
:101070002300DBB26B4333449B889B059B0D270009
:10108000FFB26F4337447F88BF05BF0DDB1B0340B2
:101090001000002B02D10025280028E0934200D246
:1010A00018000027874222D2A4465FFA8CFC05FB79
:1010B0000CFCB444BCF802E05FEA8E5E5FEA9E5E20
:1010C0001EF10108BCF8029068F30909ACF802901F
:1010D000A4465FFA8CFC05FB0CFCB4441FFA8EFEA0
:1010E000F4449CF806C001F807C07F1CDAE7BDE8AD
:1010F000F08370B50400002540F20621DFF82C25AE
:101100002000C0B2484302EB00031E8840F2FF10EB
:1011100006431E802000C0B24843105A2300DBB2B1
:101120004B4313449B88DB05DB0D2600F6B201FB25
:1011300006F111444988C905C90D5B1A1840C0055C
:1011400007D12000C0B2FFF761FF012801D10120C3
:1011500000E00020C0B2002801D0012001E02800FA
:10116000C0B270BDF0B4030040F20624DFF8BC54F6
:101170001800C0B2604305EB0002168840F2FF1071
:10118000064316801800C0B26043285AC005C00D3F
:101190001A00D2B262432A445288D205D20D1E00F0
:1011A000F6B266432E44B688F605F60D921B521E23
:1011B0000240002A01D1002017E01800C0B26043AD
:1011C00028448688F605F60D771CB0F804C067F34E
:1011D000080CA0F804C01800C0B204FB00F405EB32
:1011E0000400B6B2304481710120F0BC70472DE993
:1011F000F041030040F20624DFF830541800C0B27A
:10120000604305EB0006378840F2FF100743378044
:101210001800C0B26043285AC005C00D1E00F6B2C7
:1012200066432E447688F605F60D1F00FFB267432D
:101230002F44BF88FF05FF0DF61B761E0640964221
:1012400001D2002022E0002797421ED21800C0B22F
:1012500060432844B0F804C05FEACC5C5FEADC5C21
:101260001CF1010EB0F804806EF30808A0F80480A9
:101270001800C0B2604328441FFA8CFC604411F887
:1012800007C080F806C07F1CDEE71000BDE8F081D3
:1012900010B40A00D2B2002A06D00122DFF8A0332F
:1012A0000400E4B21A5505E00022DFF8943304008C
:1012B000E4B21A5510BC70472DE9FC410500D9482D
:1012C0002900C9B2405C002800F024812800C0B287
:1012D000FFF79CFE01287CD10027D6492800C0B228
:1012E000000108444668761E40F20622CF4B2800D3
:1012F000C0B2504303EB0004B4F800C040F2FF104A
:1013000050EA0C0CA4F800C02800C0B250431C5A8C
:10131000E405E40D2800C0B2504318448088C0059D
:10132000C00DAC465FFA8CFC02FB0CFC9C44BCF884
:1013300002C05FEACC5C5FEADC5CB0EB0C0004400E
:10134000002C46D0B44200D226000020B04224D265
:101350002F00FFB2574303EB070CBCF80270FF05E8
:10136000FF0D17F1010EBCF802806EF30808ACF80F
:101370000280AC465FFA8CFC5FEA0C1C51F80CC092
:10138000AE465FFA8EFE02FB0EFE9E44BFB277446D
:10139000BF790CF80070401CD8E7A9482A00D2B2E7
:1013A000805C002809D132002800C0B20001095831
:1013B0002800C0B215F0D9FE0BE0642303FB06F34E
:1013C00032002800C0B2000109582800C0B215F050
:1013D00043FE954C2800C0B204EBC0000079002801
:1013E00011D12800C0B254F830008047012809D13B
:1013F00001202900C9B204EBC10108712800C0B264
:10140000FFF7CFFD86E0FCF7C2FA8C4C2168401A4A
:101410000B28C0F27F800027FCF7B9FA2060012278
:1014200069462800C0B215F0E3FE06003000C0B2E5
:1014300001286BD17F492800C0B200010844C4686C
:101440000098241A002C65D00022A24259D240F202
:101450000643774F2800C0B2584307EB000CBCF896
:1014600000E040F2FF3050EA0E0EACF800E0280039
:10147000C0B2584337F800C02800C0B258433844BF
:1014800040888005800DAE465FFA8EFE03FB0EFE9F
:10149000BE44BEF804E05FEA8E5E5FEA9E5EB0EB9B
:1014A0000E00401E10EA0C0C5FEA8C5001D10120A6
:1014B00000E00020C0B2002823D12800C0B2584369
:1014C0003844B0F804C05FEA8C5C5FEA9C5C1CF1B5
:1014D000010EB0F804806EF30908A0F8048028001B
:1014E000C0B203FB00F307EB03001FFA8CFC60445F
:1014F0002B00DBB21B010B449B689B5C8371521C6D
:10150000A3E72800C0B2FFF74CFD03E02800C0B2FB
:10151000FFF747FDBDE8F381F8B504000D00280092
:10152000C0B2002805D0022865D063D3032863D059
:1015300075E000213F4A2000C0B200011044C0689D
:10154000814252D240F20643394E2000C0B2584385
:1015500006EB0007B7F800C040F2FF3050EA0C0C71
:10156000A7F800C02000C0B25843375A2000C0B2CC
:101570005843304440888005800DA4465FFA8CFCB7
:1015800003FB0CFCB444BCF804C05FEA8C5C5FEA6B
:101590009C5CB0EB0C00401E0740B80501D1012057
:1015A00000E00020C0B200281FD12000C0B2584384
:1015B00030448788BF05BF0D17F1010CB0F804E077
:1015C0006CF3090EA0F804E02000C0B203FB00F3A6
:1015D00006EB0300BFB238442300DBB21B011A4400
:1015E0009268525C8271491CA4E72000C0B2FFF7E8
:1015F000D8FC14E013E012E00B4E2000C0B256F805
:1016000030008047012804D12000C0B2FFF7C9FC98
:1016100005E000202100C9B206EBC1010871F1BD4F
:101620000000000052274020CC314020E46100201F
:10163000F0650020541744007417440040224020F5
:101640005427402070B50D462C7834B970BD11F880
:10165000013F1678B34206D0401C214601F00AFD36
:1016600028B101462A4612F8013F002BEFD170BD88
:10167000D2B2203A22BF21FA02F000217047203274
:10168000D141D04048409140D1404840704700008F
:1016900000F10103810704D010F8011B820781B11A
:1016A000FAD10268A2F10131914311F0803104BFF7
:1016B00050F8042FF6E709BAB1FA81F100EBD10036
:1016C000401CC01A704738B504000D00992229004B
:1016D000200080B201F03EFF32BD000010B50400D2
:1016E0002000C0B2012804D00DD303280AD008D3AB
:1016F00009E002F01EFD4D480021017601214176EE
:1017000001E000E0FFE710BD2DE9FF4104000D00FE
:1017100000262800C0B2012804D06ED303285FD071
:1017200010D36AE0002041490877FCF7E7F9200070
:10173000C0B2022803D1FCF72AF900F091FB00F0B7
:101740007FF85CE02000C0B2012802D10120060031
:1017500055E02000C0B202283FD0344F387F002827
:1017600018D0334890F84010022903D090F8400078
:1017700004280FD102F0AAFF54280BD302F0A6FFD1
:10178000A32807D201F04EFC002803D12000C0B2EC
:1017900003281FD001F046FC002802D15FF00108A9
:1017A00001E05FF0000802F091FF2100C9B203914F
:1017B0005FFA88F8CDF8088001901D4890F8400045
:1017C00000903B7F1B4A1C490820FCF7A3FC5720D4
:1017D000060004E00020060001E0002006000EE004
:1017E0000020124908772000C0B2022802D101204F
:1017F000060004E000F024F801E0002006003000BC
:10180000C0B204B0BDE8F08180B50848002101777E
:10181000002101760121417602F0E3FF00F010F88B
:10182000064A05490820FCF775FC01BD0C00402064
:10183000C0320020D8EE4300D0EE430040EF43001A
:1018400080B503F0A9F8002801D103F0A0F803F057
:10185000B6F8002801D103F0ADF801BD70B506005F
:101860000C00150003F0ABF8012812D103F012FAB6
:1018700000280ED13000C0B204280ADA2000C0B21D
:10188000002806D02000C0B2042802DA22202870E6
:10189000B1E0002028703000C0B2002805D0022836
:1018A00055D02BD303287BD0A3E02000C0B2012861
:1018B0000CD103F071F8002801D103F068F803F0AF
:1018C0007EF8002819D103F075F816E02000C0B2A8
:1018D000022812D02000C0B203280CD103F05CF81B
:1018E000002801D103F053F803F069F8002804D16F
:1018F00003F060F801E0312028707CE02000C0B2E5
:1019000001280CD103F048F8012801D103F03AF87E
:1019100003F055F8002819D103F04CF816E0200028
:10192000C0B2022812D02000C0B203280CD103F0AC
:1019300033F8012801D103F025F803F040F800281E
:1019400004D103F037F801E03120287053E0200083
:10195000C0B201280CD103F032F8012801D103F004
:1019600024F803F019F8002819D103F010F816E054
:101970002000C0B2022812D02000C0B203280CD12F
:1019800003F01DF8012801D103F00FF803F004F86B
:10199000002804D102F0FBFF01E0312028702AE08A
:1019A0002000C0B201280CD103F009F8012801D1B0
:1019B00002F0FBFF02F0F0FF012819D102F0E2FF74
:1019C00016E02000C0B2022812D02000C0B20328C6
:1019D0000CD102F0F4FF012801D102F0E6FF02F081
:1019E000DBFF012804D102F0CDFF01E03120287097
:1019F00001E01220287070BD70B50024DFF8845417
:101A0000FE21280003F0E2FA0600DFF87C04310032
:101A1000B0F8402089B2914204D0FE22290003F0A0
:101A2000C7FD0400E4B2002C01D1012000E0002039
:101A3000C0B270BD2DE9F84F4FF480750026DFF875
:101A400044743C00320029002000FBF7F1FE002026
:101A500087F83C00012087F83D00012087F83E0010
:101A6000002087F83900012087F83A00012087F824
:101A70003B000F2217F16001DFF81004FCF7E4FDD2
:101A80005FF01108FF24A14617F1280A4A46414693
:101A90005046FBF7CDFE5FF00E0A17F11A0B22003D
:101AA00051465846FBF7C4FE01234FF6FF72FE2154
:101AB0003800FCF774F9A7F8FE00DFF8D423DFF84C
:101AC000D4130820FCF726FBBDE8F18F2DE9F84F71
:101AD000C2B0DFF8B443DFF8AC53FE222900200087
:101AE00003F085FDFE21280003F070FAADF8000038
:101AF000BDF80000B4F84010884200F0818000205A
:101B0000ADF80200002001905FF0000ADFF8846366
:101B1000DFF8842331000820FCF7FCFADFF87C733F
:101B2000DFF87C832A004FF48071380003F09AFFBD
:101B300002AA4FF48071404603F094FF4FF6FF7BFA
:101B400001235A46FE212800FCF729F98146484620
:101B5000B5F8FE1080B2884226D0DFF84823310065
:101B60000820FCF7D7FA01235A46FE2102A8FCF709
:101B700016F982465046BDF8061180B2884208D058
:101B8000DFF8242331000820FCF7C4FAFFF752FFE6
:101B900024E04FF480760DF10809AB463200494647
:101BA0005846FCF74DF819E001235A46FE2102A8D9
:101BB000FCF7F5F882465046BDF8061180B288421F
:101BC00006D0DFF8E42231000820FCF7A3FA05E094
:101BD0004FF4807202A9280003F09AFFDFF8CC626C
:101BE0005FF48031300003F007FE4FF48072310063
:101BF000200003F061FBFE222900200003F0D8FC46
:101C000043B0BDE8F08F80B54FF48072DFF89C12CE
:101C1000DFF8740203F050FB002806D0DFF89022B2
:101C2000DFF870120820FCF775FA01BD80B5FFF7E8
:101C3000EAFFFFF74BFF01BDF8B5040015252600AC
:101C4000DFF840722A0031003800FBF7F9FFFFF798
:101C5000D3FEF2BDF8B504001525DFF82862270091
:101C60002A0031003800FBF7EBFFF1BD80B5DFF84B
:101C70001402C18A4FF6FF72914202D0C18A491CF8
:101C8000C182FFF7B9FE02BDDFF8F801C08A7047D4
:101C900080B5DFF8F001018B4FF6FF72914202D060
:101CA000018B491C0183FFF7A7FE02BDDFF8D401B9
:101CB000008B7047F8B504000F252600DFF8F4719B
:101CC0002A0031003800FBF7BBFFFFF795FEF2BD9D
:101CD000F8B504000F25DFF8DC6127002A00310089
:101CE0003800FBF7ADFFF1BDF8B504000E25260066
:101CF000DFF8C4712A0031003800FBF7A1FFFFF7BD
:101D00007BFEF2BDF8B504000E25DFF8AC612700BC
:101D10002A0031003800FBF793FFF1BDF8B504004D
:101D200011252600DFF894712A0031003800FBF7F6
:101D300087FFFFF761FEF2BDF8B504001125DFF85B
:101D40007C6127002A0031003800FBF779FFF1BDE4
:101D5000F8B5040003252600DFF864712A0031007D
:101D60003800FBF76DFFFFF747FEF2BDF8B5040042
:101D70000325DFF84C6127002A0031003800FBF70B
:101D80005FFFF1BDF8B5040003252600DFF83471CC
:101D90002A0031003800FBF753FFFFF72DFEF2BD9C
:101DA000F8B504000325DFF81C6127002A00310084
:101DB0003800FBF745FFF1BDF8B5040011252600FA
:101DC000DFF804712A0031003800FBF739FFFFF714
:101DD00013FEF2BDF8B504001125DFF8EC60270012
:101DE0002A0031003800FBF72BFFF1BDF8B50400E5
:101DF00010252600DFF8D4702A0031003800FBF7E8
:101E00001FFFFFF7F9FDF2BDF8B504001025DFF85C
:101E1000BC6027002A0031003800FBF711FFF1BD3C
:101E200038B504000D002000C0B2022801DB0020FC
:101E300008E0DFF850002100C9B2084480F86F5074
:101E4000FFF7DAFD32BD0200D2B2022A07DADFF86C
:101E500034200300DBB21A4492F86F200A707047F6
:101E600010B504000748416F61184167FFF7C4FDD2
:101E700010BD0449496F0160704702494A6F8218DA
:101E80004A677047C41F4020C4204020B016440059
:101E9000C8164400C0164400EC16440000C04B00B5
:101EA00000E04B00041744002017440000404C00A1
:101EB0003C17440024204020DE1F4020EC1F40201F
:101EC000FD1F4020002040200320402014204020FF
:101ED00010B5040000200E49087602F0DBFE002851
:101EE00001D1012002E0FBF709FE002010BD10B572
:101EF0000400074801214176002101762000C0B28C
:101F000002F030F9034A04490820FCF703F910BD38
:101F10000C00402060EF430058EF4300F0B4020093
:101F20000020002300242500EDB2022D23DADFF883
:101F3000E0542600F6B215F826601700FFB2BE4244
:101F400017D1012633000E00F6B2042E0EDA260059
:101F5000F6B205EB86050E00F6B2AD5D012D02D19D
:101F60000025280004E07E25280001E02225280025
:101F700001E0641CD7E71C00E4B2002C01D112245C
:101F80002000C0B2F0BC70472DE9F14F84B00C00C6
:101F9000049E042100226F463800FBF749FC012112
:101FA00000222000000E8DF80000684623001B0C64
:101FB000437023001B0A8370C470C378877853EA88
:101FC0000723407853EA00439DF8000053EA00637A
:101FD000A1463000C01310F00200C6F3803707435B
:101FE000002F05D0022F0ED007D3032F12D014E0FC
:101FF00013F0FF0000B205000FE01800C0F3072047
:1020000000B2050009E01800000C00F0FF0000B26B
:10201000050002E01800000E0500C6F3C70003909B
:10202000C6F3C75C9CF0A50CC6F3873E9EF05A0E23
:10203000DDF80C8098EA05081CEA08081EEB080881
:102040005FF0000AC2451DD24846000E90EA597062
:1020500090EA593090EAD90010F00100050002958D
:102060005FEA490948465FEA500B5FEA4B0BCDF83F
:1020700004B0DDF804B0DDF8089059EA0B091AF154
:10208000010ADFE7B0070AD5C9F30F4B5BEA096B1A
:102090005FEA092010F47F0050EA0B0B00E0CB460A
:1020A00096EA0B0005B0BDE8F08F2DE9F04FF5B0D2
:1020B00006000F00102100220DF11C084046FBF71E
:1020C000B7FB3800000E07900DF11C08C7F307405E
:1020D000C8F80400C7F30720C8F8080007F0FF009D
:1020E000C8F80C0000200C9000200B9000200090FD
:1020F0005FF008095FF0000A082100220DF1040BCF
:102100005846FBF795FB002109220798D8F804C030
:102110005FEA0C4C1CEB006CD8F808001CEB002CA0
:10212000D8F80C3013EB0C035FF0000EBEF1280F53
:1021300008DA002B02D55B00734000E05B001EF163
:10214000010EF3E71800000E0D900DA8C3F3074C25
:10215000C0F804C0C3F3072CC0F808C003F0FF0C9C
:10216000C0F80CC05FF0040CBCF1010FC0F28F800E
:102170005FF0010819F1FF0018FA00F8444600204A
:10218000484514DA0DF1340E0EEB8C0E5EF804ECBB
:102190001EEA040F02D15FF0300E01E05FF0310E55
:1021A0000DF1040808F800E06410401CE8E75FF057
:1021B000000EBEF1040F14DA01A810F80E80454697
:1021C0000DF10408DEF1000BD84498F8078000F800
:1021D0000E8001A8DEF100084044C5711EF1010E19
:1021E000E7E701A89DF804B090F801805FEA88183D
:1021F00018EBCB1890F802B018EB4B1890F803B01E
:1022000018EB0B1890F804B018EBCB0890F805B059
:1022100018EB8B0890F806B018EB4B08C07918EB58
:1022200000087C4810EB0808C2465FF010089AFBD3
:10223000F8F008FB10A8CDF8448011A85FF0100852
:102240009AFBF8F8C0F80480DDF84480CDF80080EF
:102250000DF10C0BDCF100080BEB8808DDF800B089
:10226000C8F810B00DF10C08DCF1000B08EB8B087E
:10227000D8F81080406858EA001803A8DCF1000B79
:1022800000EB8B00C0F81080BCF1010C6CE70DF185
:102290000C08D8F80C00D8F808B050EA0B20D8F891
:1022A000048050EA0840DDF80C8050EA086075B000
:1022B000BDE8F08F70B504000D001600012C04D1AC
:1022C00031002800FFF760FE03E031002800FFF72F
:1022D000ECFE70BD2DE9F14F8CB00C001500002014
:1022E0000B90002007905FF000095FF0000A5FF09C
:1022F000000BFBF74CFBFFF7C0FD07A8FFF7B9FD8C
:10230000FBF745FB0600012003F074FC070016FAFA
:1023100087F1079841180891089803F0CEFC5FF008
:1023200000084046C0B204280DDA03F083FCFF2108
:1023300090FBF1F201FB120037494246D2B28854B9
:1023400018F10108EDE75FF00408DFF8CC90CDF854
:102350002890A24642460A995046FBF771FC5FF06E
:10236000040ACDF82490DFF8B4B0524609995846D3
:10237000FBF766FC079806900596380080B204903B
:102380000898039099F80300029099F802000190D0
:1023900099F80100009099F80030214A214908205D
:1023A000FBF7B8FE0020287000200DB0BDE8F08FCC
:1023B0002DE9F04704000D00002600275FF000081B
:1023C000164801784278120452EA0162817852EA92
:1023D000012290F8039059EA0209287869780904E3
:1023E00051EA0061A87851EA002195F803A05AEA61
:1023F000010A4A460C492000C0B2FFF75BFF01000A
:102400008A4501D0012000E00020BDE8F0870000EF
:10241000EC2D402030D0FFFF4C00402048004020F1
:10242000FCEF4300F4EF43000818002070B50400EF
:102430000D001600320029002000FFF74BFFC0B24C
:1024400070BD10B5040021000120FFF7B1FFC0B23C
:1024500010BD70B504000D001600320029002000E8
:10246000FFF738FFC0B270BD10B504002100022094
:10247000FFF79EFFC0B210BD2DE9F84F84B00400F5
:102480000D0016005FF0000900275FF0000A2068C9
:1024900000788DF8000020684078002803D120687B
:1024A000807844280AD0312030703378DFF8142B3C
:1024B000DFF8141B0820FBF72DFE14E12068C11C77
:1024C0000420FCF7ABF880462068C11D0420FCF70F
:1024D000A5F8019000210800C0B2052824DA2420C4
:1024E000DFF8E82A13698C465FFA8CFC00FB0CFCD1
:1024F00053F80C30984515D113698C465FFA8CFC63
:1025000000FB0CF018448068019B98420AD31170BC
:102510001078002805D10120136918750020126970
:10252000507501E0491CD6E75FF02409DFF89CAA4A
:10253000DAF810009AF8001009FB01F10844007D58
:1025400000280AD1222030703378DFF8882ADFF89B
:10255000781A0820FBF7DEFDC5E0DAF810009AF8DB
:10256000001009FB01F14058804526D3DAF810002D
:102570009AF8001009FB01F14158DAF810009AF8B6
:10258000002009FB02F2104480684118884514D2EB
:10259000DAF810009AF8001009FB01F14158DAF856
:1025A00010009AF8002009FB02F2104480684118DC
:1025B000019810EB080081420AD231203070337844
:1025C000DFF8142ADFF8001A0820FBF7A3FD8AE0E1
:1025D000DAF810009AF8001009FB01F10844D0F86D
:1025E00004B0DAF810009AF8001009FB01F1405825
:1025F00010EB0B0BBBEB080BDAF810009AF800108D
:1026000009FB01F10844407D01280CD1DAF81000E3
:102610009AF8001009FB01F108448069834502D251
:10262000312030705FE002208AF801000198CAF87A
:102630000800CAF804B0DAF810009AF8001009FB94
:1026400001F10844C0F818B0DAF810009AF8001048
:1026500009FB01F108440021C16101208AF80C0046
:102660004FF410500390FF2002901AF11407029AC1
:1026700003993800FBF7DCF8002042F214412AF8F5
:10268000010000208AF80D0000208AF80E00742056
:1026900029680870202029684870DAF810009AF834
:1026A000001009FB01F10844C068000A296888701D
:1026B000DAF810009AF8001009FB01F94844C068E4
:1026C0002968C87004206860DFF810099AF80010C3
:1026D00050F82130DFF80829DFF8EC180820FBF764
:1026E00019FD0020307005B0BDE8F08F2DE9F24FE4
:1026F00086B00400150000208DF8030020680078E3
:102700008DF80200206840788DF800002068801C59
:10271000059000208DF801006668B61EDFF8AC78E1
:102720003878042806D140F6F870864202D001209D
:102730008DF801003878032805D1B6F5806F02D0F6
:1027400001208DF801007878022805D078780328D8
:1027500002D024202870C2E17878022806D19DF8A2
:102760000000012802D073202870B8E138780528CD
:1027700002DB31202870B2E19DF80000397B8842ED
:1027800008D09DF80000397B491E884202D0732092
:102790002870A4E19DF80000397B491E884208D1C9
:1027A000B87B012802D10020287001E07220287037
:1027B00095E15FF024083869397808FB01F1084495
:1027C000C0686168884202D21320287087E13869A6
:1027D000397808FB01F10844407D002806D13869AA
:1027E000397808FB01F10844012141750320787014
:1027F0009DF80000401C387342F21449386939785A
:1028000008FB01F10844416838693A7808FB02F294
:1028100010448068411838693A7808FB02F2104485
:10282000806937F809208018301881420CD3B868C5
:1028300039693A7808FB02F21144C96937F809206E
:1028400089187118884202D23120287047E1029617
:102850000598019037F80900384410F1140A029ADB
:1028600001995046FBF7ECF937F80900301827F8C2
:10287000090037F8090039693A7808FB02F2114477
:10288000096988420CD23869397808FB01F108449B
:10289000C06937F809104018B968884240F01081C3
:1028A0003878002806D0022820D01FD3042857D01B
:1028B00030D37BE03869397808FB01F10844D0F85F
:1028C00010B017F114000190DFF8180739693A7851
:1028D00008FB02F21144896900EB010A5A4601998A
:1028E0005046FBF7ADF95FF0000A61E0FBF706F92F
:1028F00017F114023869397808FB01F108440169BD
:1029000038693B7808FB03F31844806902F0F8FF4C
:1029100082464DE0FBF7F2F89DF8010000280DD04B
:1029200017F1140237F8091038693B7808FB03F3F4
:102930001844806903F0CEF9824610E017F11402C2
:102940003869397808FB01F10844016938693B7836
:1029500008FB03F31844806903F0BCF9824627E0C2
:10296000FBF7CCF89DF8010000280DD017F11402F8
:1029700037F8091038693B7808FB03F3184480697D
:10298000FAF755FD824610E017F1140238693978DC
:1029900008FB01F10844016938693B7808FB03F33F
:1029A00018448069FAF743FD824601E05FF0040AAB
:1029B0003869397808FB01F1084400690490FF2068
:1029C000039017F1140BCDF804B0039A0499019801
:1029D000FAF72EFF01983869397808FB01F10844AD
:1029E0000069D0F5105002903869397808FB01F180
:1029F00008440069384414300190029A01995846FD
:102A0000FBF71EF93869397808FB01F108440069C1
:102A100037F80910884231D23869397808FB01F15A
:102A2000014438693A7808FB02F210448269386937
:102A30003B7808FB03F31844006982188A613869FF
:102A4000397808FB01F1014438693A7808FB02F251
:102A50001044C26938693B7808FB03F318440069E5
:102A60008218CA6137F8091038693A7808FB02F809
:102A700040440069091A27F8091023E038693978B9
:102A800008FB01F1084439693A7808FB02F2114465
:102A9000896937F80920891881613869397808FB14
:102AA00001F1084439693A7808FB02F84144C969E0
:102AB00037F809208918C161002027F8090001E0D2
:102AC0005FF0000A5046C0B2002804D10120B8735C
:102AD0000020287003E00020B8737220287007B02F
:102AE000BDE8F08FF8B504000D00160020680778E7
:102AF000DFF8D8044178032902D02420307011E097
:102B0000042141700121696000213170DFF8CC148B
:102B1000007851F82030DFF8D024DFF8AC1408201A
:102B2000FBF7F8FAF1BD2DE9F84304000025002673
:102B30000027DFF8988498F80100042801D00120CC
:102B400005005FF02409D8F8100098F8001009FB80
:102B500001F10844C069D8F80810884201D001206A
:102B600005002800C0B2002840F0A68098F80000B8
:102B7000002806D0022830D02FD304287AD059D389
:102B800098E021000420FBF749FD0700D8F8081061
:102B9000DFF85004FBF7C9F80600BE420ED0D8F8A3
:102BA000100098F8001009FB01F94844002180F852
:102BB000201002F0F7FD012005000DE0D8F810000C
:102BC00098F8001009FB01F94844012180F8201011
:102BD00002F0E4FD002005006EE0FAF78FFF02200E
:102BE000FAF7D8FE21000420FBF718FD0700D8F8FB
:102BF0000810D8F8040001F03EF80600BE420CD0E0
:102C0000D8F8100098F8001009FB01F94844002199
:102C100080F82010012005000BE0D8F8100098F88B
:102C2000001009FB01F94844012180F82010002020
:102C3000050041E0FAF762FF200003F056F90500B5
:102C40002800C0B200280AD1D8F8100098F8001067
:102C500009FB01F94844012180F8201009E0D8F867
:102C6000100098F8001009FB01F94844002180F891
:102C7000201021E0FAF742FF2000FAF721FD0500BD
:102C80002800C0B200280AD1D8F8100098F8001027
:102C900009FB01F94844012180F8201009E0D8F827
:102CA000100098F8001009FB01F94844002180F851
:102CB000201001E0012005002800C0B2002801D149
:102CC00081A001E0DFF824030090C44898F80010C8
:102CD00050F82130C64ABC490820FBF71BFA2800EF
:102CE000C0B2BDE8F2832DE9F84F040000255FF083
:102CF000000A5FF0000B00260027FAF7FFFEFEF740
:102D0000B5FF2078442801D00120DAE0611C0420BE
:102D1000FBF784FC8046611D0420FBF77FFC8146A5
:102D200000200100C9B205291BDA2422A7490B693A
:102D300084465FFA8CFC02FB0CFC53F80C3098457F
:102D40000DD10B6984465FFA8CFC02FB0CF21A442D
:102D500092684A4503D3087001210F0001E0401C2E
:102D6000DFE73800C0B2002801D10120A9E002F05D
:102D700024FD002801D10120A3E0DFF868A2D822B9
:102D800051469C4802F0C4FE002808D0B4225146A7
:102D9000994802F0BDFE002801D0012091E0DFF843
:102DA0002CA29AF8000001281DD05BD3032831D053
:102DB00002D3042842D055E0022001F0FFF924207C
:102DC000DAF810109AF80020424311448968DAF8C2
:102DD00010209AF8003000FB03F01044406802F025
:102DE0000BFD834640E0032001F0E8F92420DAF8E7
:102DF00010109AF80020424311448968DAF8102034
:102E00009AF8003000FB03F01044406802F0F4FC34
:102E1000834629E02420DAF810109AF80020424373
:102E200011448968DAF810209AF8003000FB03F0AA
:102E30001044406802F097FF834615E02420DAF83A
:102E400010109AF80020424311448968DAF81020E3
:102E50009AF8003000FB03F010444068FAF7A1FB39
:102E6000834601E05FF0040B5846C0B2002813D13E
:102E70002420DAF810109AF800204243114401226D
:102E80000A75DAF810109AF8002000FB02F00844E6
:102E900000214175002600E001263000C0B2002864
:102EA00001D109A000E0514800904C489AF8001068
:102EB00050F82130514A44490820FBF72BF93000E3
:102EC000C0B2BDE8F28F00006F6B000038B500257E
:102ED000FAF714FE3D4C2078012814D035D303288E
:102EE0001FD002D3042826D02FE0012000F02FFFAE
:102EF00005002800C0B2012804D1FEF7C9FE022057
:102F000001F076F921E0032000F021FF0500280000
:102F1000C0B2012804D1FEF7BBFE032001F068F91E
:102F200013E002F0E0FF05002800C0B2012801D143
:102F3000FEF7AEFE09E0FAF7C1FB05002800C0B2BB
:102F4000012801D1FEF7A4FEFFE72800C0B2012846
:102F500001D11FA000E0254800902048217850F8BA
:102F60002130274A18490820FBF7D4F8EDB2012D8B
:102F700001D1002000E00120C0B232BD38B50124EB
:102F8000FAF7BCFD01F050F9012805D00F4800699F
:102F900090F86800012805D1FAF7B0FD01F052F968
:102FA000002500E001252800C0B2002801D1154B02
:102FB00000E0154B154A04490820FBF7ABF8280040
:102FC000C0B232BDD4F74300CCF74300D00D00208F
:102FD0006F6B0000F4F7430018F84300D42F402033
:102FE0004CF843009C0040206CF84300C4F84300B8
:102FF00090F84300E8310020B4304020CCF8430082
:10300000F8F8430060F9430068F943002CF94300E5
:1030100080B5022018F052FB02BD80B5462018F0A2
:103020004DFB02BD70B501256D2018F047FB040073
:103030000D4E20003178C0B2884204D03470FAF7C7
:10304000A6FC0A490860FAF7A2FC084D2968401A54
:10305000152805DB307806490870FAF798FC2860D7
:103060000348007870BD00002A324020AC1F402089
:103070002B324020C9B202788A421AB11CBF10F824
:10308000012FF9E718BF002070470000F0B40300DB
:1030900002220024DFF8705820002E7BC0B2B0421C
:1030A0003FD20C2628682700FFB2774338440079C6
:1030B000002834D128682700FFB277433844C088FD
:1030C000884202D20320020029E028682700FFB2CC
:1030D000774338446F689C461FFA8CFC47F82C00F5
:1030E00028682700FFB206FB07F680594160686830
:1030F0001E00B6B250F826000126067168681E0050
:10310000B6B250F826000026467268681D00ADB2BF
:1031100050F82500002505720020020001E0641C23
:10312000B8E71000C0B2F0BC704770B403000220D2
:10313000DFF8D44762681D00ADB252F82520002A9E
:1031400002D1012210003FE062681D00ADB252F8CA
:1031500025201268556862681E00B6B252F8262013
:10316000127AAD1A0A0092B2954202D201221000E0
:103170002AE062681D00ADB252F825201279012ABA
:1031800010D162681D00ADB252F8252002251571DC
:1031900062681C00A4B252F8242000249472002219
:1031A000100011E062681D00ADB252F825201279BE
:1031B000042A07D062681C00A4B252F824201279B5
:1031C000022A01D100221000C0B270BC7047010079
:1031D000DFF834270800537B80B29BB2984201D3BA
:1031E00001202BE050680B009BB250F82300002810
:1031F00001D1002022E050680B009BB250F8230060
:103200000079062808D150680A0092B250F82200CE
:1032100005220271022011E050680B009BB250F8A9
:1032200023000079022808D150680A0092B250F8B1
:10323000220003220271022000E00020C0B2704789
:1032400010B402000120DFF8F43859681400A4B269
:1032500051F8241000291DD059681400A4B251F867
:1032600024100979042915D159681400A4B251F821
:10327000241000240C7159681400A4B251F82410D1
:1032800000248C7200215B681400A4B243F824105F
:1032900000210800C0B210BC70472DE9F0470400BF
:1032A0000D0016000027DFF898080068006821006C
:1032B00089B250F821805FF00009D8F81000494623
:1032C000C9B250F8210000280ED0D8F810004946A5
:1032D000C9B250F821A02900504602F043FE3843FD
:1032E000070019F10109E8E73800C0B2BDE8F0872E
:1032F0002DE9F04104000D0016002800C0B200289E
:103300004CD0200080B2FFF762FF0027DFF83018B2
:1033100008680068220092B250F8220000693A0062
:10332000D2B250F82200002800F0808008680068BF
:10333000210089B250F8210000693900C9B250F863
:10334000218098F80600002809D098F80600042883
:1033500005DA2900C9B2404602F037FE1CE0DFF86A
:10336000DC174868220092B250F82200002813D0DF
:103370004868220092B250F8220000220271486888
:10338000220092B250F82200002282720020496886
:10339000220092B241F822007F1CB7E70027DFF835
:1033A000A01708680068220092B250F82200006955
:1033B0003A00D2B250F82200002837D008680068DE
:1033C000210089B250F8210000693900C9B250F8D3
:1033D000218098F80600002809D098F806000428F3
:1033E00005DA2900C9B2404602F0EFFD1CE0DFF823
:1033F0004C174868220092B250F82200002813D0DF
:103400004868220092B250F82200002202714868F7
:10341000220092B250F822000022827200204968F5
:10342000220092B241F822007F1CB8E7BDE8F0818B
:103430002DE9F04104000D001600DFF804070068D4
:103440000068210089B250F82170B87B002808D0AC
:10345000B87B042805DA2900C9B2380002F0C6FD9D
:103460005BE0B87B052802DBB87B092805DBB87B6D
:103470000A2852DBB87B10284FDADFF8C01620008C
:103480004A7B80B292B2904247D24868220092B200
:1034900050F82200002840D04868220092B250F82C
:1034A00022000079042838D14868220092B250F8EE
:1034B00022004A6823009BB252F82320927A521CC1
:1034C00082725FF00008002238691300DBB250F806
:1034D0002300002813D038691300DBB250F8230012
:1034E0008079002807D038691300DBB250F8230038
:1034F0008079042801DB18F10108521CE4E74868D0
:10350000210089B250F82100807A4146C9B2884230
:1035100003D3200080B2FFF793FEBDE8F0810200E4
:10352000002000230100C9B2002911D152F8231054
:1035300000290DD052F8231089790A2906DB52F8A8
:1035400023108979102901DA012108005B1CE9E7C1
:10355000C0B2704770B504000D0016003200D2B240
:103560002900200080B2FFF798FE70BD2DE9FC4FC6
:1035700083B006000D00002D01D1012041E100279C
:10358000DFF8BC0500680068310089B250F821807E
:103590000024002001905FF00009D8F8100049468F
:1035A000C9B250F82100002830D0D8F810004946A0
:1035B000C9B250F821008079002824D0D8F8100032
:1035C0004946C9B250F82100807904281BDAD8F89E
:1035D00010004946C9B250F821A001AA290050465E
:1035E00002F018FD8DF801009DF80100002803D0BD
:1035F0009DF80100070006E00198A04201D3002CCD
:1036000001D10198040019F10109C6E7D8F81000AA
:10361000FFF785FF002800F0ED80696889B230006F
:1036200080B2FFF782FD07003800C0B201281CD12C
:10363000B5494868320092B250F82200002814D0F0
:103640004868320092B250F82200002202714868A5
:10365000320092B250F822000022827200204968A3
:10366000320092B241F82200C4E03800C0B2002813
:1036700040F0C08068680290D5F800A0DFF888921A
:10368000D9F80400310089B250F8210000680068C0
:10369000D9F80410320092B251F82210097A00EBE6
:1036A000010B029A51465846FAF7CAFAD9F80400B3
:1036B000310089B250F82100017A686841188DF80C
:1036C00000109DF80000DFF87814096809683200DE
:1036D00092B251F82210498880B2884210D3D9F8AA
:1036E0000400310089B250F821000079022807D186
:1036F000D9F80400310089B250F82100032101718A
:10370000D9F80400310089B250F82100007903286B
:103710004DD15FF0000AD8F810005146C9B250F8F8
:103720002100002843D0D8F810005146C9B250F803
:1037300021008079052808DBD8F810005146C9B26D
:1037400050F821008079092811DBD8F81000514683
:10375000C9B250F8210080790A2825DBD8F810007A
:103760005146C9B250F82100807910281CDAD8F8E7
:1037700010005146C9B250F821B0D9F80400310008
:1037800089B250F821000168584602F0EBFB00288E
:1037900002D00120070007E0D9F80400310089B207
:1037A00050F82100042101711AF1010AB3E7380031
:1037B000C0B200281ED1D9F80400310089B250F8F7
:1037C00021009DF800100172DFF8740300680068A2
:1037D000310089B250F82100408800280AD0D9F879
:1037E0000400310089B250F82100006844689DF857
:1037F0000000241A0398002801D0039804603800C0
:10380000C0B205B0BDE8F08F70B504000D00160021
:103810003200D2B22900C9B2200080B2FFF768FDA1
:1038200070BD2DE9FE4F06000F005FF00008C44890
:1038300000680068310089B250F8219000245FF0E0
:10384000000AD9F810005146C9B250F821000028EA
:103850002DD0D9F810005146C9B250F82100807916
:10386000002821D0D9F810005146C9B250F82100E3
:103870008079042818DAD9F810005146C9B250F8F6
:1038800021B06A463900584602F0EDFB05002800D9
:10389000C0B2002801D0A84606E00098A04201D39B
:1038A000002C01D1009804001AF1010AC9E7D9F8E7
:1038B0001000FFF734FE00281DD03900300080B220
:1038C000FFF7E4FB05002800C0B2002801D0A8469D
:1038D00011E09A484168320092B251F82210C9882A
:1038E000A14201D3002C06D14068310089B250F8C2
:1038F0002100C08804000198002801D001980460CC
:103900004046C0B2BDE8FE8F841744002DE9F84F51
:1039100086B007000C0015001E00002C01D101200C
:1039200008E15FF000088649086800683A0092B232
:1039300050F8229099F80E0000280AD099F80E004D
:10394000042806DA33002A002100484602F074FBFE
:10395000EFE099F80E00052803DB99F80E0009281E
:1039600009DB99F80E000A28C0F2E28099F80E00EF
:10397000102880F2DD80DFF8C4A1DAF804003A00F4
:1039800092B250F82200002800F0D280002D2CD0F6
:1039900028788DF8040068680290086800683A008A
:1039A00092B250F822004088002823D028780028BE
:1039B00020D0DAF804003A0092B250F82200002237
:1039C0000271DAF804003A0092B250F822000022A4
:1039D00082720020DAF804203B009BB242F82300F8
:1039E000002002900120804604E000208DF80400B1
:1039F000002002909DF80400012801D000200290D0
:103A000062680298121A0092DAF804003A0092B240
:103A100050F82200002801D101208AE0DAF80400E1
:103A20003A0092B250F8220000684068029A904230
:103A300009D3DAF804003A0092B250F82200C088A4
:103A4000009A904201D2012073E0086800683A00B1
:103A500092B250F822004088002813D0DAF804000F
:103A60003A0092B250F82200007ADAF804203B00C3
:103A70009BB252F82320527A009B9A18904201D2AE
:103A8000022056E008680068390089B250F8210029
:103A90004088002821D0DAF80400390089B250F8B3
:103AA000210000680068DAF804103A0092B251F878
:103AB0002210497A08440390DAF80400390089B2E8
:103AC00050F82110DAF804003A0092B250F82200BF
:103AD000427A009882184A720AE0DAF80400390043
:103AE00089B250F8210000680068029908440390E8
:103AF0000098059003980490D4F800B0059A0499B2
:103B00005846FAF79DF8002E10D0DAF80400390074
:103B100089B250F8210000684168DAF804003A00E0
:103B200092B250F82200407A091A3160002000E079
:103B30000120C0B207B0BDE8F08F00008417440038
:103B40004C26402070B504000D0016003200D2B2A1
:103B50002900C9B2200080B2FFF76AFC70BD0000E6
:103B600080B502F0D0FB02F0A2FA19F05FF801BDB7
:103B70002DE9F8430400002000212200D2B2002ADF
:103B800004D15FF48005DFF8FC6617E02200D2B2B2
:103B9000022A04D1DFF8F056DFF8F0660EE02200CA
:103BA000D2B2032A04D15FF49005DFF8E46605E0A1
:103BB0005FF48005DFF8CC66002214006A46042119
:103BC000280001F04FFF9DF80000A5280AD19DF8BC
:103BD00001005A2806D168468178A52902D1C0780B
:103BE0005A2800D017E002F08EFB02F060FADFF8EE
:103BF000A40606605FF000086A460421301D01F04B
:103C000031FF69460420FAF709FD81464846FAF774
:103C1000CFFC0700B847BDE8F1832DE9F843040065
:103C200000250021002200262000C0B2012804D077
:103C300012D303280BD005D30EE05FF48A07DFF818
:103C400058860BE0DFF84076DFF84C8606E05FF43C
:103C50009007DFF8488601E000200AE018EB07092A
:103C60006A460421484601F0FDFE69460420FAF741
:103C7000D5FCBDE8F2832DE9F04FADF5806D83B042
:103C800004000D00002000900021002200260020EA
:103C90008DF80400B4F5800F04D32819DFF800363E
:103CA000984201D300204DE005F2FF37BF0AA80576
:103CB000800D02905FF0FF3000905FF00008B84583
:103CC0003BD2781E804521D1029800281ED04FF4A7
:103CD00080694FF0FF0A0DF10C0B524649465846D9
:103CE000F9F7A6FD03AA029914EB882001F0BAFEA9
:103CF00006003000C0B2002801D0002022E0009A67
:103D0000029903A8F9F7F0FF009013E003AA4FF41B
:103D1000806114EB882001F0A5FE3000C0B20028BD
:103D200001D000200EE0009A4FF4806103A8F9F75B
:103D3000DBFF009018F10108C1E76846F9F7EEFFD4
:103D4000009000980DF5806D03B0BDE8F08F2DE96F
:103D5000F84F040000250026002700210022200043
:103D6000C0B2012804D012D303280BD005D30EE033
:103D70005FF48A08DFF820950BE0DFF80C85DFF8A8
:103D8000189506E05FF49008DFF8109501E0002038
:103D90001EE05FF0000A5046C0B2032816DA200089
:103DA000C0B2FFF73AFF060049464046FFF763FFFF
:103DB00083465846FAF7FCFB0700BE4204D00020B9
:103DC00005001AF1010AE6E7012005002800C0B24B
:103DD000BDE8F28F2DE9F84FA4B0050000260020C1
:103DE0000390002002900020019000200090002706
:103DF0005FF000082800C0B2002802D0012818D0C7
:103E000031E0DFF8A0440220207000206070012023
:103E1000E07001234FF6FF727E212000F9F7BFFF0B
:103E2000A4F87E005FF0800B5FF48309DFF878A4CC
:103E30001BE0DFF878440020207000206070002034
:103E4000A070FF20207101234FF6FF727E21200019
:103E5000F9F7A5FFA4F87E005FF0800BDFF850941F
:103E6000DFF850A401E000204AE0002C0CD004AAA6
:103E70008021484601F0F6FD5A4604A9200001F0D1
:103E800047FE002802D10FE0002039E001208046E3
:103E90005A462100484601F013FE06003000C0B229
:103EA000002801D07F1CFFE704AA8021504601F0C2
:103EB000D9FD5A4604A9200001F02AFE00280DD0A1
:103EC000012080465A462100504601F0F9FD0600C7
:103ED0003000C0B2002801D07F1CFFE74046C0B2CE
:103EE000002806D03800C0B2002802D10520F9F71A
:103EF00051FDFFB2002F01D1012000E00020C0B22F
:103F000025B0BDE8F08F2DE9F04104002000C0B2DB
:103F1000002802D0012822D03FE080250026DFF8CB
:103F20008473B846320029004046F9F781FC02202C
:103F30003870002078700020B8700120F8700020E0
:103F40003871002078710020B87101234FF6FF729C
:103F50007E213800F9F723FFA7F87E001DE08025B9
:103F60000026DFF84873B846320029004046F9F7CA
:103F70005FFC00203870002078700020B8700120AD
:103F8000F870FF20387101234FF6FF727E21380050
:103F9000F9F705FFA7F87E00FFE7BDE8F0812DE9FE
:103FA000F04FC5B0060000200490002003900020D0
:103FB0000290002001900020ADF802000020ADF832
:103FC00000005FF0000B00273000C0B2002802D0D4
:103FD00001281ED03AE0B34D2C005FF080082A0083
:103FE00080215FF4830001F03DFDB5F87E00ADF85F
:103FF000000025AD5FF0800925AA8021AA4801F0C4
:1040000031FDBDF812A1BDF80000514689B28842C9
:104010001DE0A64D2C005FF080082A008021A448F6
:1040200001F020FDB5F87E00ADF8000005AD5FF0B1
:10403000800905AA80219F4801F014FDBDF892A0D7
:10404000BDF80000514689B2884200E055E0002CDE
:1040500013D0002D11D04FF6FF7B01235A46B8F143
:1040600002012000F9F79BFEADF80200BDF8020046
:10407000BDF8001088421AD000E03EE001235A4605
:10408000B9F102012800F9F78AFE834658465146E5
:1040900080B289B2884206D03000C0B2FFF733FF49
:1040A000012007001FE02C00012007001BE0012376
:1040B0005A46B9F102012800F9F771FE83465846C5
:1040C000514680B289B2884203D025000120070002
:1040D00009E042462900200001F01AFD002802D024
:1040E0002500012007003800C0B2002805D00020BC
:1040F00007003000C0B2FFF76DFE45B0BDE8F08F9D
:1041000080B50020FFF74BFF0120FFF748FF01BDFE
:1041100080B50020634988710020FFF75BFE01BD78
:1041200060488079002801D0012000E00020C0B262
:10413000704780B501205B49C8710020FFF74AFE37
:1041400001BD80B500205749C8710020FFF742FE2D
:1041500001BD5448C079002801D0012000E00020B2
:10416000C0B2704710B504004E4804720020FFF73B
:1041700031FE10BD80B500204A4908720020FFF7CB
:1041800029FE01BD4748007A704710B5474CE078DA
:10419000012805D1002060700320FFF7E9FC0CE046
:1041A0000320FFF7D4FD012807D10120E070012092
:1041B000FFF710FE0320FFF7DBFC10BD10B5040075
:1041C0002000C0B2022808D13648002181700021A9
:1041D00001710020FFF7FEFD09E02000C0B20328B6
:1041E00005D100203149C8700120FFF7F3FD10BD53
:1041F00010B504002000C0B2022808D129480221CD
:104200008170012101710020FFF7E4FD0BE0200027
:10421000C0B2032807D12548002181700121C17057
:104220000120FFF7D7FD10BD80B50120FFF78FFDFE
:10423000012805D11B480079012801D1012000E0A7
:10424000002002BD80B500201B4988771548022157
:10425000817001210171012141710020FFF7BAFD38
:1042600001BD80B500200F4948710020FFF7B2FD65
:1042700001BD0C484079002801D0012000E0002059
:10428000C0B270470008400000C0410000C84100B3
:104290000008480008ED00E0FCFF0200FCBF03003E
:1042A000010080001C05402000A041009C0440202B
:1042B00000C0440000E044000C004020F8B5052098
:1042C0008DF8000068467121417001218DF80210BF
:1042D000FF218DF803100421017100214171552047
:1042E0008DF8060055208DF80700684602900820DA
:1042F000039002A90A200DF017FA05B000BD0000D6
:1043000010B5022001F076FC0400012001F072FCDF
:104310000100DFF8CC030460B02202FB01F0B0FB27
:10432000F4F0DFF8C033186010BDF0B401000020D5
:104330000522DFF8B43393F828401500EDB294FB62
:10434000F5F605FB164483F8284093F8284003EB64
:104350008404616193F82840641C83F828405E69F6
:104360003400350001271000C0B2874217D203EB9A
:1043700087004069854203D203EB8700406905004E
:1043800003EB87004069A04203D203EB870040693A
:10439000040003EB8700406986197F1CE3E7761B66
:1043A000361B1000C0B2801EB6FBF0F0F0BC7047A8
:1043B000020010001300DBB2012B07D067D3032BE0
:1043C0002BD017D3052B4ED03AD360E0BE2902D3B1
:1043D000052318000DE0B92902D30423180008E0D2
:1043E000502902D30323180003E04B2901D30223F1
:1043F000180062E0BE2902D30523180008E0B9299D
:1044000002D30423180003E0502901D3032318002A
:10441000472901D2012318004FE0BE2902D305230A
:10442000180003E0B92901D304231800472902D258
:104430000123180003E04C2901D2022318003CE0BC
:10444000BE2901D305231800472902D201231800F1
:1044500008E04C2902D20223180003E0B52901D25A
:104460000323180029E0472902D2012318000DE098
:104470004C2902D20223180008E0B52902D20323F6
:10448000180003E0BA2901D20423180015E0B92965
:1044900002D30523180010E0B52902D30423180025
:1044A0000BE04B2902D30323180006E0462902D370
:1044B0000223180001E001231800C0B2704710B5B4
:1044C000894C002084F828000020052805D200210E
:1044D00004EB80025161401CF7E7002020740020AB
:1044E000207002F0EDF9012802D10420E06001E023
:1044F0000320E06010BD80B5FFF7E1FF01F05FFB36
:104500007A4A7B490820F9F705FE01BD80B5FFF71F
:10451000D6FF01F06BFB01BD10B5734C207C012868
:1045200007D038D3032818D00DD3052829D01ED39F
:1045300031E002F0C5F9012802D10520E06001E078
:104540000420E06029E002F0BBF9012802D1072035
:10455000E06001E00420E0601FE002F0B1F9012812
:1045600002D10620E06001E00420E06015E002F0E6
:10457000A7F9012802D10420E06001E00320E060F7
:104580000BE002F09DF9012802D10420E06001E077
:104590000220E06001E00420E06010BD2DE9F84356
:1045A000514F97F80090FFF7ABFEFC6824182000ED
:1045B000FFF7BBFE05004F480168062906D20168D7
:1045C000491C016000203874387C7DE0AC4201D386
:1045D000661B00E02E1B062E01D3387C74E0BD6004
:1045E00029003878FFF7E4FE804640463978C0B2AB
:1045F000884203D087F80080002078607868401CEB
:104600007860387C002802D15FF0020910E0387C25
:10461000032805DB3878022802D15FF0050907E09E
:104620003878012802D15FF0050901E05FF0050943
:10463000786848450AD3C7F80490387C39788842AE
:1046400041D038783874FFF767FF3CE00020397CB0
:10465000012907D02DD3032913D009D3052922D04E
:1046600018D326E0B968482901DA0121080022E0C0
:10467000B968482904DBB9684D2901DA012108002D
:1046800019E0B9684D2904DBB968B62901DA0121BE
:10469000080010E0B968B62904DBB968BB2901DA63
:1046A0000121080007E0B968BB2901DB01210800EE
:1046B00001E0002108000100C9B2002903D0397CC3
:1046C0003970C7F80490387CBDE8F28306488068EA
:1046D00070470548C068704703488068704700000D
:1046E000B81F4020BC1F4020A0314020A01644002D
:1046F00098164400C01F40202DE9F843040000250F
:10470000DFF85C622000317AC0B2884201D000201C
:1047100030703078002803D0022816D013D318E068
:1047200014275FF00008B146424639004846F9F7C1
:104730007FF8012030703472F9F729F97060002099
:1047400070720A2008E00A2006E000203070002085
:1047500002E0002030700020C0B2BDE8F28338B51E
:1047600000257F4C207801283AD1207A012806D0F4
:1047700017D303280DD007D304280ED011E02069E9
:10478000FEF7B1FA05000CE02069FEF7CCF9050050
:1047900007E0FEF79BFB050003E0FEF7EFFB0500DB
:1047A000FFE72800C0B2002804D100206072022078
:1047B000207015E02800C0B2012804D101206072E9
:1047C000022020700CE0F9F7E2F86168401A42F22A
:1047D0001171884204DB0120607202202070FFE723
:1047E00031BD00205F49087070475E48007870470F
:1047F0002DE9FF4180460C001500002028705A4E1C
:1048000000F048FA3077307F012802D10020207074
:1048100019E001202070554E554F388802F0BAF843
:10482000544A554B02F0C4F802F098F90290B87857
:10483000019096F85200009096F851304F4A504936
:104840000820F9F767FC002004B0BDE8F0812DE9ED
:10485000F04104000D0016000027DFF80481C8F8BD
:1048600010400220FFF748FF0100C9B2002905D11E
:1048700098F809102970002131700AE00100C9B2CE
:104880000A2902D17821317003E0222131700121FF
:104890000800C0B2BDE8F081F8B504000D001600B4
:1048A00000270320FFF728FF0100C9B2002905D126
:1048B0002B49497A2970002131700AE00100C9B200
:1048C0000A2902D17821317003E0222131700121BF
:1048D0000800C0B2F2BD2DE9F04104000D00160041
:1048E0000027DFF87C80C8F810400120FFF704FFA4
:1048F0000100C9B2002905D198F8091029700021DA
:1049000031700AE00100C9B20A2902D17821317060
:1049100003E02221317001210800C0B2BDE8F0811E
:10492000F8B504000D00160000270420FFF7E4FE90
:104930000100C9B2002905D10949497A297000212D
:1049400031700AE00100C9B20A2902D17821317020
:1049500003E02221317001210800C0B2F2BD000045
:1049600034004020572740200C00402088040020BD
:10497000C0320020CDCCCCCCCCCCAC3F98EF4300A7
:1049800090EF43000020AA490870002070470120E2
:10499000A749087000207047A5480078002801D07A
:1049A000012000E00020C0B270470020A0494870FC
:1049B0000020704701209E494870002070479C48A5
:1049C0004078002801D0012000E00020C0B27047EC
:1049D00080B501F066FD01000800C0B2052803D0D3
:1049E0000800C0B2012801D1002000E0012002BD72
:1049F00080B5002002F00FF902F09FFC02F0CBFC22
:104A000001BD80B50021002003F01AF9894900207A
:104A100003F08DF8FFF7BBFFFFF7CCFFFFF7E8FFD0
:104A200001BD83488168012902DB8168491E8160DC
:104A3000704780B502F039FF01BD80B5002002F05B
:104A4000B4F801280AD1FFF7C3FF012806D10020DE
:104A500003F00BF9012801D1FFF7EBFF01BD0100C5
:104A60000800C0B2012810D0022810D0042810D0AD
:104A7000052810D0062810D0072810D0082810D0FC
:104A8000092810D00A2810D011E062A010E062A01E
:104A90000EE062A00CE062A00AE062A008E06648B6
:104AA00006E0664804E0664802E0664800E05EA072
:104AB00070476548007870477CB50400624D2878DF
:104AC0002100C9B288420FD02000C0B2FFF7C7FF53
:104AD00006002878FFF7C3FF030000965B4A53A146
:104AE0000820F9F717FB2C7073BD10B504002000E7
:104AF000C0B2002803D0022806D001D307E006E0A8
:104B00000820FFF7D9FF02E00920FFF7D5FF10BD0D
:104B100080B501204C494870FFF783FF002002F068
:104B2000B9F8FFF78AFF002003F0DAF9002003F05C
:104B30009CF801BD80B50120434988704448017943
:104B4000012902D00079022804D14FF4807001F0CD
:104B50001DFC03E04FF4807001F041FC01BD70B515
:104B600004000D002E00307800280AD0012809D05A
:104B700002280BD003280FD0052811D0062810D00A
:104B800010E00FE00120FFF797FF0BE0FFF739FF80
:104B90000A20FFF791FF05E00120FFF78DFF01E0FC
:104BA00000E0FFE770BD03000800C0B2012801D09B
:104BB000112000E01120704710B5234C60780128C7
:104BC0000ED100206070002003F04FF8012807D1BB
:104BD000002001F0EAFF012802D1002003F07BFA57
:104BE000A078012801D10020A070002003F03BFA3A
:104BF00002F00AFCFFF75DFF01280AD0FFF759FF1A
:104C0000022806D0FFF7E4FE012802D1002002F0BE
:104C100039F910BD4F46460042535300524D5300E0
:104C20004E4F530052535300554E4B0063616E007C
:104C30000000402070F94300D8ED4300E0ED430050
:104C4000ECED4300F8ED4300E82D402000EE43007A
:104C5000C032002080B5FFF72CFF022809D0FFF7F3
:104C600028FF012813D1F8F792FE40F6B9318842A7
:104C70000DDB6D2001F00BFA6E2001F008FA6F20B9
:104C800001F005FA002003F08AF8012000E000207E
:104C900002BD000010B5AD4C208801F07BFEAC4A8F
:104CA000AC4B01F085FE03F0B5FC00EE100AAA48FB
:104CB00090F85100002809D0A078002806D1DFED37
:104CC000A20AB4EE600AF1EE10FA01DB002000E067
:104CD000012010BD01000020704701000020704736
:104CE00070B5282400259D4E2A0021003000F8F7D9
:104CF0009FFD70BD99498868401C8860087E401CF3
:104D00000876887E401C8876887F401C88774878A3
:104D1000002801D1012048700869401C0861086919
:104D2000C92806D300200861C878002801D10120D5
:104D3000C8704869401C4861486940F2F5129042C9
:104D400006D3002048610879002801D101200871AC
:104D5000086AB0F57A7F02D2086A401C0862486A85
:104D6000B0F5FA6F02D2486A401C486270477B492E
:104D70008878002801D1012088707047F8B50400B8
:104D80000D002E000027307800280AD0012809D015
:104D9000022808D003286AD005286CD006287AD0CB
:104DA0007AE079E078E0FFF79BFF6D4804F040FC83
:104DB0006C4804F0C1FF6C48F8F73EFEFFF7B0F90D
:104DC00001280DD1FFF7A4F900210020FAF773F8AC
:104DD0000220F9F7E3FCF9F7ADFC0220F8F7D2FE68
:104DE000FFF747FA01280FD100210020FAF763F8F6
:104DF0000220F9F7D3FCF9F79DFC0520F9F7B4FC84
:104E0000FFF72FFAFFF75AFAFFF7A3F9012812D19B
:104E1000FFF797F900210020FAF74DF80120F9F784
:104E2000BDFCF9F787FC514A51490820F9F772F99E
:104E30000120F8F7A7FEFFF7A5F907003800C0B278
:104E4000002813D0FFF796F900210020FAF733F875
:104E50000120F9F7A3FCF9F76DFC464A4449082004
:104E6000F9F758F93800C0B2F8F7C8FE14E000208E
:104E70003A49087010E03079002803D00120374902
:104E8000087007E03C4A3A490820F9F743F9002046
:104E90003249087000E0FFE7F1BD03000800C0B22E
:104EA000022801D0112000E00020704710B52B4CE3
:104EB0006078012813D100206070207801280ED17D
:104EC000607E00280BD1E07E002808D1607F00289A
:104ED00005D1F8F7BDFD04F0B1FEFFF740FC2078E6
:104EE000012828D1A078012801D10020A070E07805
:104EF000012801D10020E0702079012801D1002093
:104F00002071607E012802D1207E15280BDAE07E18
:104F1000012802D1A07E152805DA607F01280AD178
:104F2000A07F152807DB002060760020E0760020B7
:104F30006077FEF715FE10BD0020084909780029AA
:104F400001D101210800704701000040C03200205B
:104F5000CDCCCCCCCCCCAC3F880400200C00402085
:104F60002CFB430010184400B009440064EE4300D9
:104F70005CEE430084EE43009CEE430038B5040031
:104F80000D002900200000F037FC32BD70B5040090
:104F90000D0016002A003100200000F0B1FC70BDA9
:104FA00070B504000D0016002A003100200000F04A
:104FB00059FD70BD38B504000D002B009BB22200D6
:104FC000DFF844170820F9F7F3F931BD70B4030096
:104FD0004FF6FF7000258D420ED20600B6B2360A9B
:104FE000B6B25A5D56403400DFF8202752F824202C
:104FF00092EA00206D1CEEE780B270BC704710F59D
:10500000AE73186800FB021111F5006108007047CB
:10501000F0B4040000258D4217D2665D0027082FEA
:1050200011DA5FF0010C1CFA07FC3000C0B210EA84
:105030000C0F06D015601F601268186810EBC200D4
:1050400004E07F1CEBE76D1CE5E70020F0BC704737
:1050500010B504004A202070462060704520A070E2
:105060004520E070DFF8A826DFF89C160820F9F745
:1050700051F814F5A87108684FF40051FFF77EFF4E
:1050800014F5A871086808222100FFF77FFF14F5C6
:10509000AA71086808222100FFF778FF14F5A870AC
:1050A000016800234FF4D862200000F0B4F814F532
:1050B000AC70016814F5A27314F5A472C908491CF8
:1050C00014F10800FFF7A4FF14F5A071086014F5AF
:1050D000A070026814F5A87001682000FFF78FFF28
:1050E00014F5A6710860002010BD2DE9F64F83B0BD
:1050F00005000026002700200190002000905FF0AE
:10510000000915F5AC7001686B4601AAC908491C75
:1051100015F10800FFF77CFF0400DFF8EC852300A1
:10512000DFF8F02541460820F8F7F4FF002C01D005
:10513000641E00E00024A146B9F1010F3BDB15F528
:10514000A87001684A462800FFF759FF07004FF48E
:10515000807215F140013800FFF722FFFE2115F1A2
:105160004200FFF733FF06003000B5F8401080B270
:1051700088421DD115F5AE7108680499884204D2A1
:1051800015F5AE70D0F800A001E0DDF810A015F123
:1051900042000290DDF80CB0524602995846F8F7EA
:1051A0004FFDDFF8742541460820F8F7B3FF02E011
:1051B000B9F10109C0E7002005B0BDE8F08F76B570
:1051C00082B004000D001E003000C0B2002809D0DB
:1051D00014F5A4710868082203A940190830FFF7E4
:1051E000D5FE15E06846DFF83415D1E90023C0E9A3
:1051F000002314F5A471086814F5A2710B68082245
:10520000694613EBC00315EBC3000830FFF7BEFE81
:10521000002004B070BD2DE9FE4F04000D00160003
:105220001F003800C0B2002805D04022210028000D
:10523000FFF7B6FE3DE0082221002800FFF7B0FE90
:1052400008210022E8464046F8F7F2FA5FF000082D
:10525000B0452ED2C1465FEAD909CA465FEADA0AEA
:1052600019F0070B0822694618EB05000830FFF714
:1052700097FE9DF80000FE280CD104EB0A00007A8E
:10528000012111FA0BFB30EA0B0B04EB0A0080F84A
:1052900008B00BE004EB0A00007A012111FA0BFBC5
:1052A0005BEA000B04EB0A0080F808B018F108086C
:1052B000CEE70020BDE8FE8F2DE9FF4104000D0080
:1052C000160015F5005714F5A870076014F5AE70B8
:1052D000066014F5AA70056014F5AC70D721016062
:1052E00014F5A870016800234FF4D8622000FFF77E
:1052F00092FF0A212000FFF75DFEDFF824840422DC
:105300004146200000F004FC00285AD014F5AA7091
:10531000016800234FF4D8622000FFF77CFF0422CD
:105320004146200000F0F4FB002803D02000FFF7E6
:105330008FFE46E014F5A87108684FF40051FFF79E
:105340001DFE14F5AC70016814F5A27314F5A47277
:10535000C908491C14F10800FFF75AFE14F5A071A2
:105360000860DFF8C00307F60801016014F5A072B9
:1053700011680068D0F50050B1EB102F0CD214F575
:10538000A070026814F5AA7001682000FFF737FECC
:1053900014F5A67108600BE014F5A070026814F50E
:1053A000A87001682000FFF72AFE14F5A6710860B6
:1053B00014F5A67108684FF4807214F14001FFF7EC
:1053C000EFFD14F5AC70016814F5A27314F5A47226
:1053D000C908491C14F10800FFF71AFE14F5A07162
:1053E000086014F5A070026814F5A8700168200028
:1053F000FFF705FE14F5A671086014F5A2710868A0
:1054000014F5A472116814F5A0731A6814F5A67C3B
:10541000DCF80030029001910092C34ABA4908209A
:10542000F8F778FE002004B0BDE8F0813EB5040036
:10543000FE2114F14200FFF7C9FDA4F8400014F565
:10544000A0710868D72821D3B84AAF490820F8F7D7
:1054500061FE14F5AA7108684FF40051FFF78EFD44
:1054600014F5AA70016800222000FFF7C8FD0500AE
:105470004FF4807214F140012800FFF787FD14F506
:10548000B070012101602000FFF7E2FD14F5A67164
:105490000868C0040ED114F5A671086814F5A87246
:1054A0001168884206D014F5A67108684FF40051BF
:1054B000FFF764FD14F5A6710868B0F50050B0F56B
:1054C000005F20D214F5B071086800281BD114F5D4
:1054D000A671086814F5A6710B68B0F5005001902C
:1054E0004FF400500090924A87490820F8F712FEC6
:1054F00014F5A67108684FF4807214F14001B0F5FC
:105500000050FFF743FD14F5A67108684FF4807250
:1055100014F14001FFF73AFD14F5A471086814F581
:10552000A472116814F5A2731A682144097A012340
:1055300013FA02F231EA02022044027214F5A47155
:10554000086814F5A872116800232044027A20002C
:10555000FFF735FE14F5A471086814F5AA721168F6
:1055600000232044027A2000FFF729FE14F5AC70D6
:10557000016814F5A27314F5A472C908491C14F14A
:105580000800FFF745FD14F5A071086014F5A07040
:10559000026814F5A87001682000FFF730FD14F5CB
:1055A000A671086014F5B0700021016000203EBDB6
:1055B0002DE9F84304000D00160014F5AE710868DB
:1055C000801EB04204D214F5AE700768BF1E00E022
:1055D0003700A84614F142093A0041464846F8F718
:1055E0002FFB2000FFF722FF0020BDE8F2832DE90A
:1055F000FE4F04000D00160000275FF0000814F5B0
:10560000AC70016814F5A27314F5A472C908491CA2
:1056100014F10800FFF7FCFC14F5A071086014F504
:10562000A070026814F5A87001682000FFF7E7FC7D
:1056300014F5A671086014F5A0710868002804D05C
:1056400014F5A0700268521E00E0002214F5A87044
:1056500001682000FFF7D3FC81464FF4807214F1FB
:1056600040014846FFF79CFC14F5A271086814F548
:10567000A472116814F5A0731A68DFF88CA0029068
:10568000019100924B462B4A51460820F8F742FD03
:10569000FE2114F14200FFF799FC83465846B4F806
:1056A000401080B2884213D1009614F14207A846F8
:1056B000009A39004046F8F7C3FA1F4A51460820BD
:1056C000F8F728FD0A2114F14200FFF773FC17E0F8
:1056D0001A4A51460820F8F71DFD32002900200023
:1056E000FFF703FD00280BD14FF400511448FFF7DA
:1056F00045FC4FF400511348FFF740FCFCF783FAD8
:105700000020BDE8FE8F00001C0A4400580B440036
:10571000240A4400380A4400500A4400640A440041
:105720006C0A44003C1F4020740A4400BC0A440038
:10573000CC0A4400F80A4400400B4400480B4400E3
:1057400000404C0000604C00F8B50024DFF848032E
:10575000016811F1010F02D00168491C0160DFF8F6
:105760003C633078012801D1012016E0CC4F0123A1
:105770004FF6FF72D8213800F8F711FB050028001A
:1057800043F6E53180B2884201D0002005E03800C0
:105790000AF0C3FA012030700120F2BD80B5FFF796
:1057A000D3FF02BDBC480168491E016000680028A3
:1057B00002D10020B94908707047B8480078704796
:1057C0007047704738B5B74D2878012801D10020BF
:1057D0000400B54809F046FF0100080045F6A5227F
:1057E00080B2904203D101202870002002E0002006
:1057F00028700120C0B232BD2DE9FE4F04000D001B
:1058000045F6A52A564620000AF04EFD070005F58C
:10581000F85818F1FF085FEA58385FF00009A1480E
:105820000078002801D1FFF7CDFFFFF78DFFFFF7CC
:10583000C4FF002806D19D4A9D490820F8F76AFC5C
:1058400004205AE05FF0000BC3450FD21BEB0700AA
:105850000AF0D2F84EF6B801884204D100211BEBC1
:1058600007000AF024F91BF1010BEDE772B65FF0B7
:105870000009C14523D2002119EB07000AF052FAB2
:1058800006000AF0AFFA060030004EF2427180B214
:105890008842F6D03000514680B288420CD03000A9
:1058A00080B2019019EB070000902300814A8049E3
:1058B0000820F8F72FFC02E019F10109D9E762B6D8
:1058C0005FF0000BC3450FD21BEB07000AF094F802
:1058D0004EF6B801884204D100211BEB07000AF004
:1058E0000DF81BF1010BEDE7FFF75CFF300080B214
:1058F000504501D0012000E00020BDE8FE8F0000EF
:105900002DE9F74F88B045F6A527ADF80C7008983B
:105910000AF0CAFC0400099D05F5F855FF356D0B2A
:10592000099EF61DF608099810F0070004905FF034
:1059300000085C480078002801D1FFF743FFFFF71B
:1059400003FFFFF73AFF002806D15B4A58490820B9
:10595000F8F7E0FB042082E05FF00009A9450FD2D0
:1059600019EB04000AF048F84EF6B801884204D159
:10597000002119EB04000AF09AF819F10109EDE78A
:1059800072B65FF00008B0454BD2701E80451BD147
:105990000498002818D05FF008094FF0FF0A0DF1B5
:1059A000140B524649465846F7F742FF04980190B7
:1059B0000A9800EBC80000900DF1140B019A0099B1
:1059C0005846F8F73DF90BE05FF008090A9800EB3C
:1059D000C80A0DF1140B4A4651465846F8F730F9FB
:1059E000002305AA0821089810EBC8000AF0F6FA6F
:1059F000ADF80C00BDF80C00B8420FD0BDF80C009B
:105A00000290089810EBC800019009980090089B3C
:105A10002A4A27490820F8F77DFB02E018F101081F
:105A2000B1E762B65FF00009A9450FD219EB040097
:105A300009F0E2FF4EF6B801884204D1002119EBCB
:105A4000040009F05BFF19F10109EDE7FFF7AAFE79
:105A5000BDF80C00B84201D0012000E000200BB0DE
:105A6000BDE8F08F70B504000D0016000D480078F9
:105A7000002801D1FFF7A6FE32002900200009F01E
:105A8000A0FE45F6A52180B2884201D1002000E0A9
:105A90000120C0B270BD0000A81F40206227402036
:105AA000E831002061274020681944007415440043
:105AB0006C154400A4154400EC1544001C16440069
:105AC0002DE9F04704000D0016000027A2465FEA0A
:105AD0005A3A5FEA4A39FFF737FEF8F758FD4FF4B4
:105AE00000514846FFF788FE8046F8F750FD4046D3
:105AF000C0B2002805D12A0031004846FFF700FF58
:105B00008046FFF74FFE4046C0B2BDE8F087000078
:105B10000300002013F0030F09D0521E22BF13F818
:105B2000010B11F801CBB0EB0C00F3D0704711F072
:105B3000030F14D1121F22BF53F8040B51F804CBEA
:105B40006045F7D0121D0AD200BA9CFA8CFCB0EB6B
:105B50000C0038BF6FF0000088BF01207047521E54
:105B600022BF13F8010B11F801CBB0EB0C00F6D0FB
:105B7000521C08BF1046704780B50020234908809A
:105B8000002007F070F901BD20480088002801D0EE
:105B9000012000E000207047F8B51D49002007F003
:105BA000A6F904002000C0B2002807D10625194E2E
:105BB000194F2A0031003800F8F742F8F1BD80B5DE
:105BC00000221649B42017F05FFD0121B42017F020
:105BD0001BFD002007F070F80E49002007F0D0F8F8
:105BE000002007F0C3F9FFF7C7FF01BD80B507F03C
:105BF000F0F801BD01000800C0B2032801DB00205D
:105C000003E00548C9B230F8110070475027402022
:105C1000501F4020401F4020481F40200DEA4300F5
:105C200080B5FFF7B1FF002803D0FFF7B5FFFFF7FE
:105C3000A3FF01BDF0B52349234AD1F88070536812
:105C40001078224D224E6FF0004418BB082006FB4E
:105C500003532746B3FBF7F7401E04FB1733F6D177
:105C60000F46102006FB0353A446B3FBFCFC04FBC9
:105C70001C333B60A64657F8043B06FB0353B3FBBB
:105C8000FEFE04FB1E33401E47F8043BEAD1CF6FF3
:105C90000120107006FB0353254607F01F07B3FBD6
:105CA000F5F551F8270004FB153341F82730C1F80A
:105CB0008000536020F04040F0BD034900220A708C
:105CC00048607047C82640201C3240205FF36E3C7D
:105CD0000D6619002DE9FE4305000E0017005FF068
:105CE00000083400DFF84492D9F83C003018C9F8B5
:105CF0003C00D9F8342031003800F7F7F5FFC9F837
:105D0000340015F58030C9F83800002C1DD0B4F5EA
:105D100080708046B8F1000F10D43A004FF48071C3
:105D2000D9F8380004F03CFCD9F8380010F5807040
:105D3000C9F8380017F580774446E6E73A002100B5
:105D4000D9F8380004F02CFCDFE7D9F83C000190CA
:105D5000009615F58033764A73A10820F8F7DAF932
:105D60000020BDE8FE832DE9FC4704000D0000265D
:105D700000208DF800006F4FDFF8BC81D8F80000DC
:105D8000386038686D49086068485FF0FF314163EA
:105D9000002181630021C16301216F2015F0A3FC64
:105DA0003220F7F7F7FD0121882015F09CFC322006
:105DB000F7F7F0FD0121012015F095FC6420F7F7BD
:105DC000E9FD04F092F83220F7F7E4FD04F0E0FA80
:105DD0000A20F7F7DFFDF7F7DAFD03000FF24819A5
:105DE000574A49460820F8F795F95FF0000ABAF1DA
:105DF000030F24DA684604F0F0FA06003000C0B25F
:105E000000281CD03000C0B202280BD153464D4AA6
:105E100049460820F8F77EF904F070FC0F20F7F7E8
:105E2000B9FD09E03000C0B2012805D15346464A09
:105E300049460820F8F76EF91AF1010AD7E7F7F793
:105E4000A6FD0300414A49460820F8F763F90A20F5
:105E5000F7F7A0FDF7F79BFD03003D4A49460820F0
:105E6000F8F758F95FF0000ABAF1030F23DA04F0EB
:105E700021FB06003000C0B200281CD03000C0B2A8
:105E800002280BD15346334A49460820F8F742F915
:105E900004F034FC0F20F7F77DFD09E03000C0B2BC
:105EA000012805D153462C4A49460820F8F732F913
:105EB0001AF1010AD8E7F7F76AFD0300274A4946B5
:105EC0000820F8F727F9D8F8003038681B1A244A58
:105ED00049460820F8F71EF94FF47A70F7F75AFD93
:105EE0000020BDE8F687012070472DE9F843040043
:105EF000002500275FF000080C4EF16B5FF4803046
:105F000004F09FFB814616F13400F7F707FF060007
:105F100021000420F8F782FB01008E4201D100200D
:105F200000E00120BDE8F28373797300CC430020C8
:105F300058F64300980040202C2240209400402036
:105F400094F64300ACF64300D4F64300E8F6430071
:105F5000FCF6430014F743003CF7430050F74300BE
:105F600064F7430070B504000D000126A0790128F4
:105F700018D0032821D005280ED0062813D00728D2
:105F800018D008281AD00A280ED00C2813D00E28B2
:105F900012D00F2813D013E02900608802F040F8D7
:105FA00006000FE00EE00DE02900608803F080FAA3
:105FB000060007E006E005E004E003E002E001E09F
:105FC000012006003000C0B270BD38B504000D00DD
:105FD000A079012802D0022801D006E005E02900BE
:105FE000C9B26088F7F753FDFFE731BD38B504004B
:105FF0000D00A07B012804D00BD3032808D001D3C7
:1060000007E006E02900C9B2A089F7F760FD00E0CB
:10601000FFE731BDF8B504000D0016000127A07997
:10602000022806D1320029006088F7F725FD070015
:10603000FFE73800C0B2F2BD2DE9F04104000D00C9
:1060400016001F005FF00108A07B022807D13B006B
:1060500032002900A089F7F744FD8046FFE740465B
:10606000C0B2BDE8F081F8B504000D0016000127AC
:10607000A079022806D1320029006088F7F7F0FCE9
:106080000700FFE73800C0B2F2BD00007047010012
:1060900009B200290AD4012210F01F018A40DFF85A
:1060A000901703001BB25B0941F82320704710B51D
:1060B0000424200000B2C52809DA2000C0B217F07D
:1060C00057FA200000B2FFF7E2FF641CF1E710BDB1
:1060D00010B5DFF8604717F0E9F920702378DFF892
:1060E0005827A9A11020F8F715F810BDDFF84407CC
:1060F0000078704738B5DFF844070468A2A5DFF8D8
:10610000402729000820F8F705F8600705D5DFF8D3
:10611000342729000820F7F7FDFFA00705D5DFF891
:10612000282729000820F7F7F5FFE00705D5DFF855
:106130001C2729000820F7F7EDFF31BD2DE9F84FA6
:106140009AB016A8DFF808171022F7F789FD00208B
:106150008DF84B0000208DF84A0001208DF8450095
:1061600000208DF844000DF14500F8F729FB11A837
:10617000F8F701FBF9F70DF98DF84900F9F71EF969
:106180008DF84800FEF795FCC0B2FEF768FC15904C
:1061900004F0C4FA8DF8470000F087F9149000F07D
:1061A00080F98DF8460000F030F9040000F02DF978
:1061B000050000F02AF9060000F027F9070000F0BA
:1061C00024F9804600F021F9814600F01EF982464C
:1061D00000F01BF9834600F018F91390FFF786FFD3
:1061E00003009DF8490010909DF848000F909DF81D
:1061F00044000E909DF845000D9015980C909DF868
:1062000047000B9014980A909DF846000990A40945
:1062100014F0010408942D0A15F00105079576097C
:1062200016F001060696FF0917F0010705975FEAC9
:10623000D80818F00108CDF810805FEA990919F024
:106240000109CDF80C905FEA1A1A1AF0010ACDF88C
:1062500008A05FEA5B0B1BF0010BCDF804B01398AC
:1062600010F001000090DBB2DFF8E82546A1102015
:10627000F7F750FF1BB0BDE8F08FDFF8C005002135
:1062800081600021017500218161002101770021D9
:106290004177002101620021C16000210161704746
:1062A00080B562B604F05CFA04F0AEFAFDF728FFA0
:1062B000FDF7DFFF002805D1FDF732FF002801D1EF
:1062C000FDF763FFF7F7BEFDDFF88C252EA1082050
:1062D000F7F720FFFBF7AAFCFFF7D8FEFFF7CDFF8B
:1062E000FEF709F9DFF8541591F82500002802D1CE
:1062F000FFF7EEFE05E091F82500032801D1FFF736
:10630000F9FE002002BD80B5FFF7B7FFF7F790FB5D
:1063100004F07BFAFEF7FAF8002001F071FCF7F7C1
:10632000A0FDF8F72CF901BD0100080001280FD0ED
:10633000022810D0082811D0102812D0202813D0FD
:10634000402814D0802815D0B0F5807F15D017E0F4
:10635000DFF8080516E0DFF8080513E0DFF80405AC
:1063600010E0DFF804050DE0DFF800050AE0DFF8D3
:10637000000507E0DFF8FC0404E0DFF8FC0401E0BE
:10638000DFF8F804704700007379730070B50500FA
:1063900001262E407540DFF8A444A06828421DD194
:1063A000DFF8DC14087800280BD1202D02D1022060
:1063B000087006E0022D02D10120087001E00320E0
:1063C00008702800FFF7B0FF0300DFF8B82486A1AB
:1063D0000820F7F79FFEA0682843A06070BD38B57D
:1063E0000400DFF85854A8682040A0420CD12000D7
:1063F000FFF79AFF0300DFF890247BA10820F7F74E
:1064000089FEA868A043A86031BDDFF83004806829
:1064100070477FB50026FFF7F8FF0400DFF81C5433
:10642000A869844214D0FFF7F0FF002801D10020B2
:1064300000E001202875AC6105208DF80000287D62
:106440008DF80400A86902906946002004F04FFA14
:106450007FBD3EB5DFF8E453FEF738F92862FEF75A
:106460009DF80400E868642803D27820286203209D
:1064700004002000297FC0B2884211D0287F6877AD
:106480002C7706208DF80000687F8DF80400287FA7
:106490008DF80500286A02906946002004F027FA6A
:1064A00037BDDFF89803007F7047DFF89003006A7C
:1064B000704701000800C0B2002808D002280CD0A4
:1064C00008D304280FD00BD305280FD011E0DFF834
:1064D000BC0310E0DFF8B8030DE0DFF8B8030AE012
:1064E000DFF8B40307E0DFF8B40304E0DFF8B0033B
:1064F00001E0DFF8AC0370477CB50400CF4D95F8A0
:1065000024002100C9B2884212D02000C0B2FFF797
:10651000D0FF060095F82400FFF7CBFF030000969C
:10652000DFF88023C1A10820F7F7F4FD85F82440A7
:1065300073BDC24890F82400704710B54FF6FF7045
:10654000BE4CE18C814202D0E18C491CE184E168BF
:10655000814202D2E068401CE060FFF756FF8006EF
:1065600003D4FFF752FFC00507D5206910F1010FD2
:1065700008D02069401C206104E02069002801D077
:1065800000202061606B401C606310BD80B5FFF788
:10659000D0FF042803D0FCF745FD002807D1F7F70A
:1065A000F6FFFFF73DFBFFF734FFFFF752FF01BD9A
:1065B00010B40200D2B2002A12D10A001378012BC3
:1065C00006D0022B09D0032B08D0062B07D007E0FA
:1065D00000239A4C84F8253002E001E000E0FFE758
:1065E00010BC7047000000007379730003000800BE
:1065F000C0B2002801D0112000E0112070472DE921
:10660000F04F99B0FFF795FF8DF83E00FFF791FF2F
:10661000002806D0012808D0032836D004281DD031
:10662000EEE00120FFF768FFEDE0FFF739FE119083
:106630001198002802D00320FFF75EFF02208DF89A
:10664000580016A9002004F052F9974A77A10820B3
:10665000F7F760FD0420FFF74FFFD4E07748C18CC7
:10666000B1F57A7F03DB0021C184FFF767FDFCF7FA
:10667000D9FC002802D12020FFF788FE4020FFF738
:1066800085FE04F0DCF81590BDE0FCF7CBFC00289B
:1066900040F0A280FFF705FF8DF84200FEF71CF8DE
:1066A0004C2806D3FEF718F8B92802D2FDF758FA9D
:1066B000A9E0F7F76CF97D4C2168401A40F2E93106
:1066C0008842C0F2888001208DF83D0000208DF8BE
:1066D0003C00F7F75CF92060F7F759FF53A4744AC0
:1066E00021000820F7F716FD0DF13D00F8F768F8D6
:1066F0000FA8F8F740F8FEF7DCF9C0B2FEF7AFF9E3
:10670000149004F00BF88DF84100FDF7E2FF1390B0
:1067100000F0D6F88DF84000FFF7C7FE1290FFF7A3
:10672000C0FE8DF83F00FFF770FE0500FFF76DFE1D
:106730000600FFF76AFE0700FFF767FE8046FFF7D7
:1067400064FE8146FFF761FE8246FFF75EFE8346E8
:10675000FFF75BFE03009DF83C000E909DF83D00A6
:106760000D9014980C909DF841000B9013980A908E
:106770009DF840000990129808909DF83F000790FE
:10678000AD0915F001050695360A16F001060596C5
:106790007F0917F0010704975FEAD81818F001087D
:1067A000CDF80C805FEAD90919F00109CDF80890FD
:1067B0005FEA1A1A1AF0010ACDF804A05FEA5B0B2F
:1067C0001BF0010BCDF800B013F00103394A210092
:1067D0001020F7F79FFC16E0F7F7D9FE364A13A111
:1067E0000820F7F797FC00216E2014F07CFF0920A9
:1067F00014F096FF1920F7F7CDF816F017FA02E01B
:106800000020FFF779FE9DF83E40FFF792FE84429C
:1068100006D00A489DF83E1080F825100021C1845A
:10682000F7F791FB19B0BDE8F08F000073797300A2
:1068300080E200E02832402048F143005800402028
:1068400064F1430098F14300B4F14300D0F14300F8
:10685000A8F5430020F24300DCF2430024F3430098
:1068600034F3430044F3430054F3430064F3430020
:1068700074F3430084F3430094F34300A8F343000C
:1068800058274020BCF34300D0F34300E8F3430013
:10689000F8F3430008F4430020F4430030F44300CD
:1068A00040F443004CF4430074F443009000402053
:1068B000A0F44300BCF4430068F543000020704797
:1068C000002070477047704770B504000D002E001F
:1068D000307800280AD0012809D0022808D00328DF
:1068E00015D0052814D0062813D013E012E011E0CB
:1068F00023480178012909D00178022906D0012115
:106900000170204A1DA10820F7F704FC02E001E015
:1069100000E0FFE770BD10B403000800C0B2032818
:1069200001D0112019E01800C0B2012814D11400C0
:106930002078002803D0022807D003D308E01248AB
:10694000606007E01148606004E01148606001E0A9
:10695000112002E0002000E0112010BC70477047B9
:1069600007480178022901D1042101700078052827
:1069700001D1012000E000207047000054500000C9
:10698000CC430020B8F54300B0430020BC430020B6
:10699000C843002050B1B0FA80F18840C91CC1F54D
:1069A0008461090501EBD02140057047014670471D
:1069B00030B540F2FF7C1CEA11541DBF1CEA135590
:1069C000644565453FE0641981EA030C6FF35F534A
:1069D0000CF0004C43F48013C90241F0004141EA3D
:1069E000505EC5021100A5FB020200284FF0000016
:1069F000EEFB01204FF00001E3FB052118BF42F040
:106A00000102401800214941E3FB0E01A4F5806416
:106A10000D0302D292184041494154F1010470DD46
:106A2000450872F1004250F1000051EB0451A1F50C
:106A3000801102D441EA0C0130BD40F2FF7E4CEAE5
:106A40000E51002030BD0CEA1355644518BF654552
:106A500081EA030C0CF0004C41D050EA410E1CBFFF
:106A600052EA430E02E06146002030BD24422C442D
:106A70001BD15FEA050EF6D0090302BF01460020D4
:106A8000AEF1140EB1FA81F5AEEB050401FA05FE84
:106A90000C35C5F1200100FA05F5C8404EEA000E9C
:106AA0006FF35F5343F480139CE733F00043B3FA72
:106AB00083F504BFB2FA82FE75440B3D641BB5F149
:106AC000200E2FBF02FA0EF3AB40C5F1200E22FAC2
:106AD0000EFE38BF43EA0E03AA40641C7CE750EA6E
:106AE000410E14BF52EA430E6FF000014FF400153F
:106AF00015EB430F8EBF194615EB410F9DE7B4D838
:106B000030BDD4F10104B4F120050FDAC4F1200541
:106B1000520828BF42F0010210FA05FE01FA05F5FD
:106B20007244E2BFE0402843E1400FE0352C9ADC9C
:106B3000C5F1200452EA400220FA05F218BF42F0E3
:106B4000010231FA05F0A1400A43002172F100422E
:106B500050F1000051EB0C0130BD0000400D40F23F
:106B60001E4C40EAC120BCEB115C40F0004003D455
:106B70008CF30701C84070476FEAE170704700006E
:106B800010B504002000C0B2002801D1012000E0AF
:106B90000020C0B203F07CFF0121DFF8EC252300C8
:106BA000DBB214204343D15410BD10B504002000C3
:106BB000C0B2002801D1012000E00020C0B203F0E3
:106BC00067FFDFF8C8054078002801D0022000E008
:106BD000012010BD38B5040001252000C0B20028F6
:106BE00001D1012000E00020C0B203F051FF1420C9
:106BF000DFF894152200D2B242438A5C012A07D101
:106C000000222300DBB200FB03F00A54022000E064
:106C10000120C0B232BD10B504002000C0B200286F
:106C200001D1012000E00020C0B203F031FF1420A8
:106C3000DFF854152200D2B242430A4400235370B5
:106C40002200D2B242430A440023D3602200D2B2CF
:106C500042430A44002393602200D2B242430A44D2
:106C6000002313742200D2B242430A4400239370DB
:106C70002200D2B242430A440123D3702200D2B28E
:106C800000FB02F00844002101710020DFF8FC1431
:106C9000487010BD10B504002000C0B2002801D11A
:106CA000012000E00020C0B203F0F2FE1420DFF863
:106CB000D8142200D2B242430A442300DBB2434339
:106CC0000B445B785B1C53702200D2B242430A44EF
:106CD0002300DBB243430B44DB685B1CD360220020
:106CE000D2B242430A442300DBB200FB03F0084463
:106CF0008068401C906010BD10B504002000C0B238
:106D0000002801D1012000E00020C0B203F0C0FE45
:106D10001420DFF874142200D2B242430A44002344
:106D200093602200D2B242430A440023137422002B
:106D3000D2B242430A440223D3702200D2B2424369
:106D40000A441279FF2A0AD02200D2B242430A44EE
:106D50002300DBB243430B441B795B1C13712200FD
:106D6000D2B242430A440023D36000222300DBB2A4
:106D70004343CA542200D2B200FB02F00844007917
:106D8000DFF80814087010BD38B504000025200095
:106D9000C0B2002801D1012000E00020C0B203F001
:106DA00077FE1420DFF8E0132200D2B242430A44F7
:106DB000002393602200D2B242430A44002313749A
:106DC0002200D2B242430A44002353712200D2B2BD
:106DD00042430A440123D3702200D2B242430A4400
:106DE000002393702200D2B200FB02F0084400217D
:106DF00001710020DFF8941348700A20FDF75CFE53
:106E00002300DBB2DFF888231DA10820F7F782F901
:106E100031BD7FB504000D000821002202AE300014
:106E2000F6F706FDDFF86C03D0E90023CDE9002377
:106E300002A800902000C0B2002801D1012000E08B
:106E40000020C0B203F024FE1420CF492200D2B2A9
:106E500042430A44002393602200D2B200FB02F0B6
:106E60000844012101746946280080B20AF05CFCE4
:106E70002300DBB2C84A02A10820F7F74BF97FBD17
:106E800063616E002DE9FF41040001252000C0B2BE
:106E9000002801D1012000E00020C0B203F0F8FD7D
:106EA0002000C0B2FFF796FE06001427DFF8D88254
:106EB0002000C0B2784340448078002807D00228E0
:106EC00000F0C0804ED3032800F00D812DE130008A
:106ED000C0B2022845D12000C0B2FFF70DFF01204B
:106EE000FDF703FE0120A94948708020FFF74EFA04
:106EF0000220FFF774FA0820FFF771FA1020FFF75D
:106F00006EFA2000C0B27843404401218170002114
:106F10002000C0B200F094FEA0492000C0B200F0F2
:106F200006FE2000C0B27843404400799C4922000C
:106F3000D2B2895C884205D32000C0B27843404475
:106F400001214171C32001902000C0B27843404428
:106F5000007900902300DBB2924A8AA10820F7F75B
:106F6000D9F8E6E0904D2000C0B278434044C068B4
:106F70002100C9B2695C884263D389482100C9B243
:106F8000405C2100C9B279434144097988420FD35A
:106F900086482100C9B230F811102000C0B2FFF7B6
:106FA00038FF2000C0B2784340440021817048E09F
:106FB0002000C0B2FFF7A0FE0220FDF796FD0220E0
:106FC000724948708020FFF7E1F90220FFF707FAC5
:106FD0000820FFF704FA1020FFF701FA0021200033
:106FE000C0B200F02DFE6D492000C0B200F09FFD40
:106FF0002000C0B2784340442100C9B2695CC1603E
:107000002000C0B278434044032181702000C0B208
:107010007843404401214171E32002902000C0B236
:1070200078434044407901902000C0B27843404406
:10703000007900902300DBB25D4A52A10820F7F7E7
:1070400069F876E03000C0B202284BD12000C0B20F
:10705000FFF752FE0220FDF748FD02204B49487021
:107060008020FFF793F90220FFF7B9F90820FFF716
:10707000B6F91020FFF7B3F92000C0B278434044BE
:107080000321817000212000C0B200F0D9FD4349E6
:107090002000C0B200F04BFD2000C0B27843404455
:1070A00000793F492200D2B2895C884205D3200092
:1070B000C0B27843404401214171FA20029020007F
:1070C000C0B278434044407901902000C0B2784378
:1070D0004044007900902300DBB2354A29A1082002
:1070E000F7F718F825E02000C0B278434044C068A4
:1070F00030492200D2B251F82210884214D3200025
:10710000C0B2784340440021C16028482100C9B280
:1071100030F811102000C0B2FFF77BFE2000C0B293
:10712000784340440221817003E02000C0B2FFF7A1
:1071300072FD3000C0B2012822D12000C0B27843D5
:107140004044007C01281BD12000C0B207FB00F79F
:1071500008EB0700806818492200D2B251F82210CB
:1071600088420DD32300DBB2144A06A10820F6F7AB
:10717000D1FF2000C0B2FFF707FE8020FFF72FF9F4
:10718000BDE8FF8163616E00A00540204C274020D0
:1071900080F9430080FA4300A4F9430070F94300EA
:1071A0002D184400D0F943002C184400281844003E
:1071B00008FA430078FA43007CFA43004CFA430093
:1071C000FEB507000C0000250026601C009094F816
:1071D000410001903800C0B2002816D120780E2856
:1071E00002D00F2805D009E06946002002F04CFAD1
:1071F0000BE06946012002F047FA06E094F84120CE
:10720000611C207880B200F001F8F7BD2DE9F84F3D
:1072100005000E0017005FF0000A280080B2102859
:1072200003D23800C0B2412800D384E05FF0600888
:10723000DFF8FC97280080B208FB00F048442900E2
:1072400089B208FB01F14944896C491C816428001A
:1072500080B208FB00F0484490F85100002810D19B
:10726000280080B208FB00F04844012180F851104A
:10727000280080B208FB00F009EB0004F6F787FB5A
:10728000E065280080B208FB00F0484490F8520006
:10729000012808D1280080B208FB00F009EB0004A7
:1072A000F6F775FBE065280080B208FB00F0484463
:1072B00080F844703A00D2B23100280080B208FB56
:1072C00000F04844001DFEF723FC0400002C32D0DF
:1072D000BA465FFA8AFA0096280080B208FB00F0EE
:1072E000484410F1040B524600995846F6F7A8FCA2
:1072F0003800C0B2402815D23800C0B2D0F14000EA
:1073000000905FF0000A280080B208FB00F04844BB
:107310003900C9B2084410F1040B5246009958468E
:10732000F6F786FA280080B208FB00F809EB08009F
:10733000012180F85010BDE8F18F2DE9F8430024B9
:107340002000C0B20A2824D2402500265427DFF8A6
:10735000E4862000C0B27843404410F101093200B5
:1073600029004846F6F764FA2000C0B2784308EBDB
:107370000009F6F70CFBC9F848002000C0B207FB73
:1073800000F708EB07002100C9B2A0F84E10641CFA
:10739000D6E7BDE8F1832DE9F84300200024200062
:1073A00080B210282ED2402500266027DFF8808684
:1073B000200080B27843404410F1040932002900D3
:1073C0004846F6F735FA200080B278434044002161
:1073D00080F85210200080B278434044002180F8A9
:1073E0005110200080B278434044002180F85010B2
:1073F000200080B207FB00F74744F6F7C8FAF865AB
:10740000641CCCE7BDE8F1832DE9F843002000249B
:10741000200080B2102880F089806025DFF8106697
:10742000200080B26843304490F8520000281DD1FB
:10743000200080B26843304490F85100012815D1F3
:10744000F6F7A5FA210089B2694331448A6D21001B
:1074500089B269433144C96D401A824206D2200084
:1074600080B268433044012180F85210200080B27D
:107470006843304490F85200012831D1F6F787FA7A
:10748000210089B2694331444A6D210089B26943C0
:107490003144C96D401A824222D240275FF0000871
:1074A000200080B26843304410F10409424639009C
:1074B0004846F6F7BDF9200080B268433044002109
:1074C00080F85110200080B268433044002180F8D9
:1074D0005210200080B268433044012180F85010DF
:1074E000200080B26843304490F8500001281BD13E
:1074F000200080B268433044002180F85010FDF72E
:107500005EFA012810D1200080B26843304490F820
:107510004420200080B205FB00F506EB0500011DAC
:10752000200080B200F004F8641C71E7BDE8F1832C
:1075300070B504000D001600200080B2002818D09D
:1075400001281ED0022824D003282AD0042830D0B5
:10755000052836D006283CD0072842D0082848D035
:107560000A284ED00B2854D00C285AD00D2860D0B1
:1075700067E03200D2B22900DFF8BC0403F08DFAD4
:107580005FE03200D2B22900DFF8B00403F0DCFA89
:1075900057E03200D2B22900DFF8A40403F056FB12
:1075A0004FE03200D2B22900DFF8980403F088FAE5
:1075B00047E03200D2B22900DFF88C0403F0E5FB8B
:1075C0003FE03200D2B22900DFF8800403F0D1FBA3
:1075D00037E03200D2B22900DFF8740403F0FEFB7A
:1075E0002FE03200D2B22900DFF8680403F0D9FBA3
:1075F00027E03200D2B22900DFF85C0403F0CEFEAF
:107600001FE03200D2B22900DFF8500403F0FEFE82
:1076100017E03200D2B22900DFF8440403F006FB81
:107620000FE03200D2B22900DFF8380403F083FA09
:1076300007E03200D2B22900DFF82C0403F094FAFC
:10764000FFE770BDF0B589B0040020780A2805D2A4
:107650002078002802D020780A2800D123E1601C7D
:1076600000902078012810D0C0F01881032818D08D
:1076700011D3052838D01AD307286FD051D3092841
:1076800000F0EC80C0F0E58008E16946DFF8DC033B
:1076900003F08EFE03E16946DFF8D40303F0A4FD96
:1076A000FDE06946DFF8CC0303F05EFCF7E0DFF8AD
:1076B000C803D0E90023CDE9072307AA032101204D
:1076C00003F035F9C0B2002808D10C25089EDFF878
:1076D000AC732A0031003800F6F7B2FA6946DFF8D9
:1076E0009C0303F0CCFADAE0DFF89403D0E900233E
:1076F000CDE9052305AA0321012003F018F9C0B242
:10770000002808D10C25069EDFF878732A00310086
:107710003800F6F795FA6946DFF8680303F0A1FB35
:10772000BDE0DFF86403D0E90023CDE9032303AA19
:107730000321012003F0FBF8C0B2002808D10C257A
:10774000049EDFF848732A0031003800F6F778FA13
:107750006946DFF8380303F022FAA0E00025DFF8DD
:107760000C63F6F714F9306302F0D8FFB086DFF847
:1077700020034178007850EA0120F086DFF81403F6
:107780004178007850EA01203087FBF74BFC002855
:1077900001D1012000E0002086F83A00DFF89802CD
:1077A0000179012902D00079022801D1012000E0ED
:1077B000002086F83B00FEF728FE400810F001008C
:1077C00086F83C00002086F83D00FEF71EFEC0084B
:1077D00010F0010086F83E00012086F83F00FCF71B
:1077E00075FFA6F84000FEF75CFE86F8420086F8BA
:1077F0004850DFF8A402017886F84910407886F8EE
:107800004A000020706400210800C0B210281AD27B
:107810006022874B0800C0B25043184490F85200D1
:1078200000280ED10800C0B202FB00F203EB0200F8
:1078300090F85300002804D1706C01228A40104354
:107840007064491CE0E7694616F1300003F0C4FBA0
:1078500025E06946914803F071FB20E0834D8D4897
:107860004178007850EA0120A5F8A40002F056FF04
:10787000A5F8A0008A484178007850EA0120A5F8D0
:107880009E0083484178007850EA0120A5F8A200C4
:10789000694615F19E0003F01FFD00E003E09DF82E
:1078A000080084F8410009B0F0BD2DE9F041002442
:1078B000002500260A2E80F0B880082E40F0B38004
:1078C000002004005427DFF86C8107FB06F04044D9
:1078D00090F84200002800F0A68007FB06F0404424
:1078E00090F8430001280ED107FB06F0404490F8C1
:1078F0005100002807D1002007FB06F708EB07011D
:1079000081F850008FE007FB06F04044B0F84E00CD
:10791000002813D007FB06F04044B0F84E00401E8C
:1079200007FB06F14144A1F84E0007FB06F0404476
:10793000B0F84E00002876D101200400F6F727F8B1
:1079400007FB06F14144896C401A050007FB06F06D
:10795000404490F84300002803D002281ED009D3E9
:107960003CE007FB06F04044406CA84201DA0120ED
:10797000040033E007FB06F04044406CA8420CDAF8
:1079800007FB06F0404490F85100401E07FB06F14B
:10799000414481F85100012004001FE007FB06F07C
:1079A000404490F8500001280FD107FB06F04044F6
:1079B000B0F84C00A84208DA002007FB06F1414469
:1079C00081F850000120040007E007FB06F0404466
:1079D000406CA84201DA01200400FFE72000C0B299
:1079E000002820D0F5F7D3FF07FB06F14144886457
:1079F000FCF7D2FF01280BD107FB06F04044FFF74C
:107A000021FE07FB06F708EB0701002000F092FAC1
:107A100024490878002806D101200870224A234909
:107A20000820F6F777FB761C44E7BDE8F0810000FC
:107A300088040020880A0020C0320020C4320020C0
:107A4000C8320020D0320020E8320020E932002085
:107A5000EA320020F8320020FC320020FD32002003
:107A6000FE320020003300200233002008430020B3
:107A70000A4300201A43002044EE43001C43002028
:107A80004CEE43002843002054EE430034430020D2
:107A9000FABF4B00F8BF4B004C2740205C4300204E
:107AA000FABF4400562740202CEE430024EE43004A
:107AB00010B504002000C0B2002801D1012000E070
:107AC0000020C0B202F0E4FF2000C0B200282DD197
:107AD000002008F01DFF2000C0B200F066FB00226D
:107AE000DFF8E41A6D2014F03BFF0022DFF8DC1A07
:107AF0006E2014F035FF0022DFF8D41A6F2014F046
:107B00002FFF04216D2015F09DFD05216E2015F03D
:107B100099FD06216F2015F095FD6D2014F02BFFC7
:107B20006E2014F028FF6F2014F025FF10BD2DE902
:107B3000F04704000D002000C0B2002801D1012050
:107B400000E00020C0B202F0A3FF3426DFF8847A00
:107B50002000C0B27043385C00284FD12300DBB254
:107B6000DFF8742ACBA10820F6F7D4FA5FF03408C6
:107B70005FF000092000C0B2704307EB000A4A46DC
:107B800041465046F5F754FE2000C0B270433844D9
:107B9000296881612000C0B270433844A98881837C
:107BA0002000C0B270433844A96841622000C0B2CE
:107BB00070433844A98901852000C0B2704338441D
:107BC000002180F82E1001202100C9B271437854A1
:107BD0002000C0B270433844002141852000C0B26B
:107BE00006FB00F607EB0600002181852000C0B2ED
:107BF000FFF75EFF2000C0B200F0AAF8BDE8F087F2
:107C000038B50400DFF8CC192200D2B23420424348
:107C100001EB02052000C0B2002801D1012000E0E4
:107C20000020C0B202F034FF2878002807D02300DB
:107C3000DBB2DFF8A82997A10820F6F76BFA31BD6F
:107C400038B504000D002000C0B2002801D1012089
:107C500000E00020C0B202F01BFFDFF8781922001C
:107C6000D2B2342042438D5431BD10B504002000FF
:107C7000C0B2002801D1012000E00020C0B202F013
:107C800007FFDFF85019E4B234204443085D10BD0B
:107C90000100481E89B20029FAD1704738B50400A6
:107CA0000D002000C0B2002801D1012000E000201A
:107CB000C0B202F0EDFE2000C0B2002847D128007B
:107CC000C0B2012804D042D3032827D015D33EE008
:107CD0004FF47A70FFF7DCFF0121202013F003FD41
:107CE00001214E2013F0FFFC2300DBB2DFF8F02867
:107CF00068A10820F6F70EFA29E00021202013F0F1
:107D0000F2FC00214E2013F0EEFC2300DBB2DFF882
:107D1000D42860A10820F6F7FDF918E000214E20D4
:107D200013F0E1FC0121202013F0DDFC4FF47A7008
:107D3000FFF7AEFF0021202013F0D5FC2300DBB2BB
:107D4000DFF8A42853A10820F6F7E4F9FFE731BDD6
:107D500038B50400DFF87C182200D2B23420424348
:107D600001EB02052000C0B2002801D1012000E093
:107D70000020C0B202F08CFE2878012801D001203A
:107D800028702300DBB2DFF8642842A10820F6F750
:107D9000C1F905212000C0B200F072FA31BD38B53A
:107DA0000400DFF830182200D2B23420424301EB45
:107DB00002052000C0B2002801D1012000E000200F
:107DC000C0B202F065FE2878012815D12000C0B2AB
:107DD00000F062F82878022801D0022028702300E1
:107DE000DBB2DFF80C2852A10820F6F793F9002146
:107DF0002000C0B200F044FA31BD38B50400DFF80D
:107E0000D4172200D2B23420424301EB02052000F5
:107E1000C0B2002801D1012000E00020C0B202F071
:107E200037FE287801280DD12000C0B200F034F8C8
:107E300008F09AFD2300DBB2DFF8B8273CA1082048
:107E4000F6F768F931BD38B50400DFF8881722006D
:107E5000D2B23420424301EB02052000C0B2002818
:107E600001D1012000E00020C0B202F011FEE98B38
:107E7000491C0800AA8B80B2904201D30020010067
:107E800008002A8C80B2904201D1012000E000203D
:107E9000C0B232BD63616E0070B50400DFF8341704
:107EA0002200D2B23420424301EB02052000C0B2CE
:107EB000002801D1012000E00020C0B202F0E8FD5E
:107EC0000026300080B20E2805DA300080B208F0BB
:107ED00076FE761CF5E7002068850020A88570BD39
:107EE00038B50400DFF8EC162200D2B23420424349
:107EF00001EB02052000C0B2002801D1012000E002
:107F00000020C0B202F0C4FD95F82E0001280DD16A
:107F1000286B002803D0286B401E286306E0002051
:107F200085F82E002000C0B2FFF7B6FF31BD00007B
:107F300063616E002DE9F04104000D00DFF8941636
:107F40002200D2B23420424301EB0206778D20009A
:107F5000C0B2002801D1012000E00020C0B202F030
:107F600097FD3078002801D1012057E0DFF888160E
:107F70002000C0B201EB40008078002806D020002D
:107F8000C0B201EB40008078012801D1012045E01A
:107F90002000C0B201EB40004078012801D0012050
:107FA0003CE02000C0B201EB40008078042806D0FD
:107FB0002000C0B201EB40008078052806D10021E6
:107FC000287880B200F0E7FA002027E02000C0B255
:107FD000FEF7EBFD012801D001201FE07F1C308D52
:107FE000874201D300200700B08D874201D10720CE
:107FF00014E0716A728D4220424301EB0208404650
:1080000029004222F5F71CFE708D401C7085708D92
:10801000318D884201D3002070850020BDE8F081B9
:108020002DE9F84191B004000D002868002802D025
:108030006868412801D3012012E020008DF800007B
:1080400068688DF841006E682F680DF101083200F4
:1080500039004046F5F7F4FD69460020FFF76AFF56
:1080600012B0BDE8F0812DE9F84191B00400DFF8CD
:1080700064152200D2B23420424301EB02052000F5
:10808000C0B2002801D1012000E00020C0B202F0FF
:10809000FFFCE88B298C88421AD04226A9692A8CD9
:1080A0004220424301EB0207E846320039004046D5
:1080B000F5F7C6FD69462000C0B2FFF781F8288CAD
:1080C000401C2884288CA98B884201D30020288456
:1080D00012B0BDE8F081FEB50500DFF8F8142A0003
:1080E000D2B23420424301EB02062800C0B200287D
:1080F00001D1012000E00020C0B202F0C9FC96F8D6
:108100002E00012850D0708DB18D88424CD0716AFC
:10811000B28D4220424301EB0207012086F82E0077
:108120004A203063781C009097F84100019038781D
:108130000A2826D1787805281CD1B878712819D159
:10814000F878012816D13879FF2813D178790428D6
:1081500010D1B87900280DD1FCF78BF8012803D194
:108160000120DFF898144877022001F097FB0020E7
:1081700004000CE06946387880B209F0D5FA0400B2
:1081800005E06946387880B209F0CEFA0400200094
:10819000C0B2002808D1B08D401CB085B08D318DA3
:1081A000884201D30020B085F7BD38B50400200017
:1081B000C0B2002801D1012000E00020C0B202F0CE
:1081C00067FCDFF8345402202100C9B205EB4101FD
:1081D000487000202100C9B205EB410188700020E1
:1081E00009F09EFA0120287031BD70B504000D0021
:1081F0002000C0B2002801D1012000E00020C0B260
:1082000002F046FC00262800C0B2012802D0032854
:1082100013D025E001212000C0B208F0E8FB0121C5
:108220002000C0B2FFF73AFD2300DBB2DFF8D02315
:108230008AA10820F5F76EFF14E003212000C0B2E8
:1082400008F0D5FB03212000C0B2FFF727FD230073
:10825000DBB2DFF8B02381A10820F5F75BFF01E076
:10826000012006003000C0B2002806D1DFF88803E4
:108270002100C9B200EB410045703000C0B270BDB2
:108280002DE9F84305000C002800C0B2002801D1F8
:10829000012000E00020C0B202F0FAFB0026DFF867
:1082A00058732800C0B207EB400090F80280C14626
:1082B0002000C0B2002809D0022822D00CD3042804
:1082C00060D033D3062847D003D374E00020814622
:1082D00073E00320814670E04046C0B2032802D11B
:1082E000022081460CE04046C0B2012802D10020A5
:1082F000814605E04046C0B2052801D104208146F0
:108300005BE04046C0B2022802D1032081460CE067
:108310004046C0B2002802D10120814605E0404617
:10832000C0B2042801D10520814646E04046C0B2D3
:10833000032803D04046C0B2052802D1012081465F
:1083400009E04046C0B2022803D04046C0B204282B
:1083500001D10020814630E04046C0B2002803D061
:108360004046C0B2022802D10420814609E04046BE
:10837000C0B2032803D04046C0B2012801D1052075
:1083800081461AE04046C0B2002802D10220814650
:1083900010E04046C0B2012803D04046C0B20528D4
:1083A00002D10320814605E04046C0B2042801D135
:1083B0000220814601E0012006004846C0B20028A4
:1083C00003D04846C0B2042805D103212800C0B21A
:1083D000FFF70BFF04E001212800C0B2FFF705FF03
:1083E0002800C0B207EB400080F802903000C0B215
:1083F000BDE8F28338B504000D002000C0B20028AB
:1084000001D1012000E00020C0B202F041FB31BDEB
:1084100038B504002000C0B2002801D1012000E0DE
:108420000020C0B202F034FB6A492200D2B23420EC
:10843000424301EB0205287801280ED12300DBB26C
:10844000714A06A10820F5F765FE2000C0B2FFF7CB
:10845000D4FC2000C0B2FEF793FB31BD63616E0017
:108460002DE9F84F04000D005A4E0027B169F28B38
:108470004220424301EB020888F80040D5F80490FE
:10848000D5F800A018F1010B4A4651465846F5F7B9
:10849000D7FB686888F841000020FFF7D4FC00286B
:1084A00008D1F08B401CF083F08BB18B884201D354
:1084B0000020F083BDE8F18F2DE9F14F94B00C005E
:1084C00015001E00434803905FF0000900275FF08D
:1084D0000008002C01D500205AE04C482040B0F59F
:1084E000806F08D12800C0B2082804D109200700F5
:1084F000012080462AE0002081464846C0B210286C
:1085000024D243484946C9B250F83110A1421AD189
:108510004946C9B20F0014F4E061B1F5E06F06D12D
:108520002800C0B208280DDB012080460AE0494639
:10853000C9B200EBC10000792900C9B2884201D15B
:108540000120804602E019F10109D6E74046C0B299
:10855000002801D100201BE02800C0B2412801D32F
:10856000002015E0AA465FFA8AFA00960DF1100B7A
:10857000524600995846F5F763FB04A8019028007D
:10858000C0B2029001A9380080B2FFF769FF012054
:1085900015B0BDE8F08F0F4A002382F82E307047E7
:1085A0000C4A002382F82E30704770B504000D008D
:1085B000084E002086F82E00200080B20A2802D142
:1085C000022001F06BF970BDE3EA4300EDEA4300DD
:1085D000FDEA4300581F4020581344006C13440028
:1085E00084134400B0134400E0134400101444000A
:1085F00020144400381444008C1F40200C004020FC
:10860000501444007C144400A414440000F7FFFFFD
:108610000804002001F000428B1AA3F16051B1F56B
:10862000801F0ADBB1F17F6F1FD242EAC102C10095
:1086300071F1004142EB507070470B15C3F1090313
:10864000212B10D2890241EA905180020128494130
:1086500041F0004121FA03F0C3F12003994071F188
:10866000004150417047100070476FF0000013EB5D
:10867000103F5CBF000E42EAC0507047DFF8941B09
:10868000096809680968B0FBF1F0704710B402008E
:10869000002000231478002C05D0012C07D10C6891
:1086A0002478230003E00C6864782300FFE713F0CC
:1086B000F004E4B2002C06D0102C07D0202C08D0F7
:1086C000302C09D01BE00124200018E002242000F7
:1086D00015E00324200012E013F00F04002C03D057
:1086E000022C07D003D308E00424200007E0042470
:1086F000200004E00424200001E004242000C0B293
:1087000010BC7047F0B40400002300262078002835
:1087100003D0012803D1002503E0012501E000205A
:1087200033E00020087010682E00F6B23044407824
:1087300016682F00FFB2F65D16F00F06360256FAE5
:1087400080F0002821D113682E00F6B233449B78C4
:1087500016682F00FFB23E44F678360456EA0366E8
:1087600013682F00FFB23B441B7956EA03261368B7
:108770002F00FFB23B445B791E433000B0F5805FB1
:1087800001D20023180001230B70F0BC70470121B7
:1087900001740021C172002141800021018000216B
:1087A0004161002181610021C1610021A0F86610B2
:1087B000002180F864104FF6FF71A0F86810704730
:1087C000012101740021C17200214180002101803A
:1087D00000214161002181610021C161022180F8F5
:1087E00064104FF6FF71A0F8681070472DE9F0474C
:1087F00004000D0016001F00DDF820800020C8F8DE
:108800000000287C032807D015F11C026969A088A4
:1088100002F01FFE81460BE0DFF8441C0020486098
:108820000020086015F11C02A08802F0FBFD8146C3
:108830004846C0B200281FD1DFF824ACCAF8006057
:10884000E869B84209D3CAF8047015F11C02514610
:10885000A08802F0E7FD814601E0022081464846FB
:10886000C0B2002808D1DAF80400C8F80000A969ED
:10887000DAF804004118A9614846C0B2BDE8F087A3
:10888000F0B403000020002440252E00F6B2B242CE
:108890000CD20024944206D20E5D03EB040787F845
:1088A0002060641CF6E71A6601242000C0B2F0BC08
:1088B000704770B504000D001600A07C01284AD155
:1088C00040207168092901D2082138E0716809291E
:1088D00004D371680C2901D20C2130E071680C2995
:1088E00004D37168102901D2102128E07168102981
:1088F00004D37168142901D2142120E0716814296D
:1089000004D37168182901D2182118E07168182958
:1089100004D37168202901D2202110E07168202938
:1089200004D37168302901D2302108E07168302900
:1089300004D37168412901D2402100E07168706858
:108940000A00D2B2904204DA552233681A54401C0D
:10895000F6E7C9B271602089E8600120E872310051
:108960006088FFF75DFB70BDF8B504000D001600D0
:1089700040207168092901D2082738E07168092967
:1089800004D371680C2901D20C2730E071680C29DE
:1089900004D37168102901D2102728E071681029CA
:1089A00004D37168142901D2142720E071681429B6
:1089B00004D37168182901D2182718E071681829A2
:1089C00004D37168202901D2202710E07168202982
:1089D00004D37168302901D2302708E0716830294A
:1089E00004D37168412901D2402700E07768A07C58
:1089F00001280CD170683900C9B2884204DA5521C7
:108A000032681154401CF6E73800C0B2706020890B
:108A1000E8600120E87231002088FFF701FBF2BD19
:108A20002DE9F04792B005000E00170000245FF01A
:108A300001085FF0000902A80090A879002805D17C
:108A4000307A02A92200D2B28854641C3800C0B225
:108A5000002805D0022837D035D303285FD072E034
:108A600002A930202200D2B28854641CA8790028C0
:108A700006D1F069727CB0FBF2F0401C814605E043
:108A8000F069727CB0FBF2F0401C8146E8794A46FE
:108A900080B292B2904201D2E8798146E879B07210
:108AA0002000C0B201F80090641CE88A2200D2B213
:108AB0008854641CA6F800902000C0B201900020E9
:108AC000A6F866003FE03EE002A931202200D2B2C3
:108AD0008854641CA879002806D1F069727CB0FB28
:108AE000F2F0401C814605E0F069727CB0FBF2F0C8
:108AF000401C814686F80A902000C0B201F8009020
:108B0000641CE88A2200D2B28854641C2000C0B2DF
:108B10000190B6F86600401CA6F8660013E002A8B3
:108B200032212200D2B28154641C49212200D2B2E7
:108B30008154641CE98A2200D2B28154641C200052
:108B4000C0B20190FFE76A4631002800FFF7B1FE8E
:108B500082465046C0B200280CD00121A88802F0FD
:108B60006DFC012030744FF6FF70A6F868000020FD
:108B700086F8640012B0BDE8F0872DE9F84F86B0A2
:108B800004000D0016005FF0000A00208DF80400BC
:108B90000027002004905FF00008002003900020D0
:108BA00002905FF00109A07900280DD10020316802
:108BB0005246D2B2895C1AF1010A0A00D2B2E369C4
:108BC0001B689A4240F01381287C032840F00F81F3
:108BD0007068697C884213D0697C6A69A869121A36
:108BE00091420DD20121A08802F028FC01202874B6
:108BF0004FF6FF70A5F86800002085F86400F6E0E5
:108C000030685146C9B2405C10F00F008DF8040086
:108C10001AF1010A9DF80400022801D101208146C1
:108C20009DF80400A97811F00F0188420DD00521AC
:108C3000A08802F003FC012028744FF6FF70A5F80D
:108C40006800002085F86400D1E071685046C0B229
:108C5000091A03916969A869091A0F0003988742E4
:108C600001D2B84601E00398804602A8009043462E
:108C700030685146C9B200EB010229002000FFF71D
:108C8000B5FD81464846C0B201280DD10121A0881A
:108C900002F0D4FB012028744FF6FF70A5F868009D
:108CA000002085F86400A2E04846C0B202286DD1D9
:108CB0000020A179012905D1082F01D3012006E068
:108CC000002004E0072F01D3012000E0002000284D
:108CD00002D05FF0010B01E05FF0000B2888012853
:108CE00046D15846C0B2002842D000208DF800007E
:108CF0000298B8EB00000590A079012816D1059ADA
:108D0000306802990844411C2800FFF7B9FD01288A
:108D100018D0012028744FF6FF70A5F868000020D5
:108D200085F8640001208DF800000BE00120287414
:108D30004FF6FF70A5F86800002085F86400012058
:108D40008DF800009DF80000002850D16888401C74
:108D500068806089401C686005202874012085F8BF
:108D600064004A46D2B229002000FFF759FE3EE0D7
:108D70000121A08802F062FB012028744FF6FF70E9
:108D8000A5F86800002085F8640030E04846C0B2CD
:108D900000282CD16969A869091A0491049800284F
:108DA00018D06888401C68802888002802D028884D
:108DB000401E28802888002808D1A87A002805D0DD
:108DC000002229002000FFF72BFE10E0A089401CA4
:108DD00068600CE0012028744FF6FF70A5F8680069
:108DE000002085F864000021A08802F027FB07B06E
:108DF000BDE8F08F2DE9FE4304000D005FF000098F
:108E000000212E6E3000C0B2284420300090402750
:108E10003A00D2B23000C0B2121A6B69A8691B1AAC
:108E20009A4206D23900C9B23000C0B2091A019183
:108E300003E06969A869091A019115F11C03002270
:108E40006946608802F011FB8046296E019841183E
:108E50002966A96901984118A9614046C0B2002855
:108E600016D115F120000090019850FA86F001907B
:108E70002089401C6860092028746A462900200067
:108E8000FFF772FD0100C9B2002901D00121884617
:108E90004046C0B2BDE8FE8370B504000D0068888E
:108EA000401C688001202866A079002802D1286E25
:108EB00040002866A87810F00F002030296E294461
:108EC000C8772888002802D02888401E2880A869F2
:108ED000696988420DD30021608802F0D5FA01202B
:108EE00028744FF6FF70A5F86800022085F864002A
:108EF0004FE02888002808D1A87A002805D060898A
:108F0000401C68600820287443E0687A002820D15B
:108F100029002000FFF76EFF06003000C0B20028D5
:108F200037D03000C0B2022805D1A089401C68604B
:108F3000072028742DE00121608802F0A5FA0120A5
:108F400028744FF6FF70A5F86800022085F86400C9
:108F50001FE0687A802805DA687AFFF78FFB401CEB
:108F6000686014E0687AF1280CDB687AFA2809DA7C
:108F7000687AF0380A2190FBF1F0FFF77FFB401C84
:108F8000686004E07F20FFF779FB401C68600620E2
:108F9000287470BDF8B504000D0016000027A079F4
:108FA000002809D100203168C95D7F1C0A00D2B2B7
:108FB00063691B689A4248D1287C082845D138004B
:108FC000471C3168085C10F00F00002803D002280D
:108FD00020D019D32CE03068C05D7F1CA872C0B2CD
:108FE00028803800471C3168085C002802D1012025
:108FF000687203E03068C05D68727F1CA089401C05
:1090000068600720287420E06089401C68600820A0
:1090100028741AE00A21608802F036FA01202874C8
:109020004FF6FF70A5F86800022085F864000CE098
:109030000621608802F028FA012028744FF6FF709C
:10904000A5F86800022085F86400F1BD2DE9FC4711
:1090500005000E00170098465FF00009307C0128DB
:1090600016D0307C052813D0307C042810D0DFF8CF
:10907000BC0C00684168B6F868202820424301EB28
:109080000200B0F808A00121504680B202F0D6F9E3
:10909000A87900280DD10020396809780A00D2B2D9
:1090A000EB691B689A4204D00800C0B2FF2840F068
:1090B000AD803000FFF76BFBA87901281BD1386821
:1090C000007800280AD1386840780400386810F128
:1090D000020A3F2C01D2002C10D197E038680078AA
:1090E00010F00F000400386810F1010A082C01D2BA
:1090F000002C03D18AE0386810F1020A7868082849
:109100000ED00C280FD0102813D0142817D01828F0
:109110001BD020281FD0302823D0402827D02CE077
:10912000082C73D22AE00B2C01D2082C00D26DE05F
:1091300024E00F2C01D20B2C00D267E01EE0132C90
:1091400001D20F2C00D261E018E0172C01D2132CB1
:1091500000D25BE012E01F2C01D2172C00D255E0A8
:109160000CE02F2C01D21F2C00D24FE006E03F2C48
:1091700001D22F2C00D249E000E047E074610220C8
:109180003074012086F864006889401C7060A6F87D
:10919000688001A800902300524631002800FFF7A4
:1091A00025FB81464846C0B200280DD10021A88881
:1091B00002F044F9012030744FF6FF70A6F8680001
:1091C000002086F8640021E04846C0B2022814D18D
:1091D000A879012803D13868401C824602E038682B
:1091E000801C8246220051463000FFF749FB0420D4
:1091F0003074012086F8640008E0012030744FF6D6
:10920000FF70A6F86800002086F86400BDE8F387C8
:1092100000000000840940202DE9FF4704000D00F4
:1092200016001F005FF0000A5FF0000800208DF8B4
:1092300004007068412880F01081A079002809D1CD
:109240003068007880464046C0B2E16909688842CB
:1092500040F00381287C012816D0287C052813D0F3
:10926000287C042810D0DFF8C40A00684168B5F8EB
:1092700068202820424301EB0200B0F80890012149
:10928000484680B202F0DAF82800FFF780FA320090
:1092900001A9A01DFFF736FA8146B9F1080FC0F009
:1092A000DC80A07901280DD19DF80400002804D1AC
:1092B0007068801E484513D3CFE07068801F484512
:1092C0000ED3CAE09DF80400002804D17068C01EC7
:1092D000484505D3C1E07068C01F484580F0BD8097
:1092E00070686874C5F81490A5F8687001206880EB
:1092F00002202874012085F8640060896860A079E4
:1093000001281BD19DF8040000280BD102A8009071
:1093100073689B1E3068821C29002000FFF766FAE4
:10932000824629E002A8009073689B1F3068821D66
:1093300029002000FFF75AFA82461DE0A069006864
:1093400028729DF8040000280BD102A800907368D1
:10935000DB1E3068C21C29002000FFF747FA824656
:109360000AE002A800907368DB1F3068C21D290064
:109370002000FFF73BFA82465046C0B200280ED1CB
:10938000A089401C686003202874012085F86400CF
:109390005246D2B229002000FFF742FB5DE0504662
:1093A000C0B2022838D1A079012813D19DF8040059
:1093B000002807D17268921E3068811C2800FFF7D0
:1093C0005FFA1AE07268921F3068811D2800FFF76B
:1093D00057FA12E09DF80400002807D17268D21EE7
:1093E0003068C11C2800FFF74BFA06E07268D21FF4
:1093F0003068C11D2800FFF743FA6089401C68608F
:1094000005202874012085F864005246D2B2290054
:109410002000FFF705FB20E05046C0B203280FD123
:109420005246D2B229002000FFF7FAFA0120287430
:109430004FF6FF70A5F86800002085F864000CE086
:109440005046C0B2012808D1012028744FF6FF70A1
:10945000A5F86800002085F86400BDE8FF870000DB
:109460008809402030B4030000209A79002A0ED1E8
:109470003E221400E4B24D69AC4202D30124200024
:1094800013E0DC7C012C10D1022420000DE03F22EF
:109490001400E4B24D69AC4202D30124200004E080
:1094A000DC7C012C01D102242000C0B230BC70470A
:1094B0002DE9F84305000E0000275FF000085FF07B
:1094C00000090620DFF864180A6892682B009BB236
:1094D00043431A4452884FF6FF739A4200F0A48027
:1094E0000A6892682B009BB200FB03F0104440888E
:1094F000040008684168220092B22820424301EB30
:109500000200001D0700DFF82818BA7B4FF4A27094
:10951000424301EB0200001D804698F8100001282C
:1095200040F080800020C8F860000020C8F81800D3
:109530000020A8F802007068C8F81400B889401C20
:10954000C8F80400032088F86400A8F86840414681
:109550003800FFF787FF0100B879002809D1D8F853
:109560006000421CC8F86020BA691268404480F864
:1095700020200800C0B2012802D002282AD04BE0E7
:10958000D8F81400C0B200280ED098F814000828AB
:109590000ADAD8F86000421CC8F86020D8F8142015
:1095A000404480F8202012E0D8F86000421CC8F83F
:1095B00060200022404480F82020D8F86000421C3F
:1095C000C8F86020D8F81420404480F820200020FB
:1095D000814623E0D8F86000421CC8F86020D8F823
:1095E0001420120A12F00F0252F01002404480F8C8
:1095F0002020D8F86000421CC8F86020D8F8142059
:10960000404480F820200120A8F80000012088F8BC
:109610000A000020814601E001208146072088F8E9
:10962000100001E0012081464846C0B2BDE8F28347
:10963000F8B50400DFF8F406046000252800C0B285
:1096400003281CDA4FF4A276DFF8E4762800C0B2D3
:1096500070433844001DFFF7B3F82800C0B27043D0
:1096600038447030FFF793F82800C0B206FB00F6CC
:1096700007EB0600DC30FFF78AF86D1CDEE70120FF
:10968000DFF8AC164870F1BD2DE9FE4F06000F0063
:10969000002002904FF6FF742500DFF8908630001E
:1096A00080B2D8F8001009688968884280F0F48098
:1096B000DFF87C9699F80100012840F0ED80786889
:1096C0000828C0F0E9805FF0060AD8F8000080683A
:1096D000310089B20AFB01F1084401903900019878
:1096E000FEF7D4FF8DF800009DF80000042834D167
:1096F000D8F800008068310089B20AFB01F1084403
:10970000B0F802B0D8F800008068310089B20AFBD6
:1097100001F108448088A0421ED0D8F8000080687B
:10972000310089B20AFB01F108448088ADF80200DB
:10973000D8F800004168BDF802202820424301EB20
:109740000200051DA97B4FF4A270414309EB010003
:1097500010F1040900243EE09EE0D8F80000806883
:10976000310089B20AFB01F108444088A04231D09F
:10977000D8F800008068310089B20AFB01F1084482
:10978000B0F802B0D8F8000041685A4692B22820DA
:10979000424301EB0200041DE07C00280CD1A17BB8
:1097A0004FF4A270414309EB010010F1DC090020E5
:1097B000DFF8801508700BE0A17B4FF4A2704143E5
:1097C00009EB010010F170090120DFF8681508703D
:1097D000002500E060E09DF8000000285BD0022832
:1097E0001DD003D3042844D031D355E0002C15D02C
:1097F0003868007802280AD1386840783E2806D1B7
:1098000038688078802802D1F4F794FF44E05B4602
:109810009BB23A0049462000FFF718FC3CE03000BC
:1098200080B2012838D0D8F800008068310089B2B1
:109830000AFB01FA504440888346002C06D05B4660
:109840009BB23A0049462000FFF7E6FC24E0D8F836
:1098500000008068310089B20AFB01FA5044408858
:109860008346002C04D03A0049462000FFF785F9D2
:1098700012E0D8F800008068310089B20AFB01FAD2
:10988000504440888346002D04D03A0049462800C1
:10989000FFF780FB00E0FFE7BDE8F78F2DE9F0411F
:1098A0000400002600270620DFF880140A6892686A
:1098B00023009BB243431A4452884FF6FF739A42E7
:1098C00041D00A68926823009BB200FB03F0104469
:1098D000408805002822086840682B009BB253434B
:1098E000C05C00281BD108684068290089B202FBCF
:1098F00001F21044001D0700DFF83414BA7B4FF466
:10990000A270424301EB020010F1040898F8100025
:10991000092818D141463800FFF7BEFA13E008685D
:109920004068290089B202FB01F21044001D0600C4
:10993000DFF8FC13B27B4FF4A270424301EB02004C
:10994000002180F87B10BDE8F0817CB504000D009B
:109950006868002802D06868401E686001A800900E
:109960002B6E15F1200229002000FEF73FFF0600B4
:109970003000C0B200280DD10021A08801F05EFDAA
:10998000012028744FF6FF70A5F86800002085F8C4
:10999000640013E03000C0B2022802D168680028D9
:1099A00003D03000C0B2012808D1012028744FF63E
:1099B000FF70A5F86800002085F8640073BD70B5DD
:1099C00004000D00287C062806D06FD3082843D059
:1099D00010D3092857D069E06868002802D0686869
:1099E000401E68606868002860D107202874A0893C
:1099F000401C686029002000FFF7FCF906003000D9
:109A0000C0B2002827D03000C0B2022816D1686842
:109A1000002802D06868401E6860686800281AD173
:109A2000012028744FF6FF70A5F86800022085F821
:109A300064000121608801F027FD0CE001202874FA
:109A40004FF6FF70A5F86800022085F86400012138
:109A5000608801F019FD29E06868002802D0686874
:109A6000401E6860686800280CD1012028744FF6F9
:109A7000FF70A5F86800022085F864000321608863
:109A800001F002FD12E06868002802D06868401EFC
:109A900068606868002808D1012028744FF6FF70BC
:109AA000A5F86800022085F86400FFE770BD2DE985
:109AB000FC4104000D00287C032806D0C0F0B080D3
:109AC000052819D0C0F0A780AAE06868002802D055
:109AD0006868401E6860686800280CD10421A0886E
:109AE00001F0ACFC012028744FF6FF70A5F8680067
:109AF000002085F8640093E06868002802D0686858
:109B0000401E68605FF0000801A800902B6E15F100
:109B1000200229002000FEF769FE06006F69A8698F
:109B20003F1A3000C0B200281AD1002F0AD03200EC
:109B3000D2B229002000FEF773FFA08968600320DD
:109B4000287467E0012028744FF6FF70A5F86800BC
:109B5000002085F864000021A08801F06FFC59E026
:109B60003000C0B202283ED16868002821D1B5F883
:109B70006600217D89B2884207D202222900200096
:109B8000FEF74EFF6089686044E0012028744FF6BC
:109B9000FF70A5F86800002085F864000020A5F893
:109BA0006600A869002835D00121A08801F046FC94
:109BB00030E0B5F86600217D89B288422AD30120C1
:109BC00028744FF6FF70A5F86800002085F864003F
:109BD0000020A5F86600A86900281BD00121A088F4
:109BE00001F02CFC16E03000C0B2012812D1012097
:109BF00028744FF6FF70A5F86800002085F864000F
:109C00000020A5F86600A869002803D00121A088DB
:109C100001F014FC04E029002000FFF796FEFFE7A6
:109C2000BDE8F38138B504000D00287C042804D178
:109C300029002000FFF789FEFFE731BD2DE9FE4F27
:109C40000024002500260027DFF8E48098F80100B2
:109C5000012869D15FF00009B9F1030F64D24FF414
:109C6000A27A0AFB09F04044B0F86C00ADF8040099
:109C70000AFB09F04044B0F8D800ADF802000AFB36
:109C800009F04044B0F84401ADF800004FF6FF7B06
:109C9000BDF80400584513D0244800684168BDF859
:109CA00004202820424301EB0200001D06000AFBAD
:109CB00009F04044001D040021003000FFF77FFE42
:109CC000BDF80200584513D0184800684168BDF837
:109CD00002202820424301EB0200001D07000AFB7E
:109CE00009F040447030050029003800FFF7DFFE1E
:109CF000BDF80000584514D00C4800684168BDF814
:109D000000202820424301EB0200001D07000AFB4F
:109D100009FA08EB0A00DC30050029003800FFF7DB
:109D200081FF19F1010997E7BDE8F78F8409402009
:109D3000B40540205A2740202DE9F04704001A4D71
:109D4000287800282DD1002C2BD0184E3460306894
:109D50008068002823D03068C06800281FD0002702
:109D60001349C88987421AD23068C06850F8270062
:109D70000068002811D03068C06850F82700D0F87B
:109D800000803068806850F82790886850F827A0D5
:109D9000424649465046F3F753FF7F1CE0E7012057
:109DA0002870BDE8F0870000652740204C26402041
:109DB0008417440070B504000D0000200026AE4258
:109DC00008D204EB06004278A15D5C2001F068FB3C
:109DD000B61CF4E770BD70B504000D00002000262D
:109DE000AE4208D204EB06004278A15D5D2001F08E
:109DF00057FBB61CF4E770BD70B504000D000020E1
:109E00000026AE4208D204EB06004278A15D5F2036
:109E100001F046FBB61CF4E770BD80B51221DFF8F7
:109E2000AC01FFF7E9FF0C21DFF8A401FFF7E4FF25
:109E30000C21DFF8A001FFF7DFFF0C21DFF898010C
:109E4000FFF7DAFF3221DFF89401FFF7D5FF3E215B
:109E5000DFF88C01FFF7AEFF1021DFF88801FFF774
:109E6000BAFF0A21DFF88001FFF7B5FF0621DFF80E
:109E70007C01FFF7B0FF2021DFF87401FFF7ABFF93
:109E80000C21DFF87001FFF7A6FF0A21DFF8680157
:109E9000FFF7A1FF1021DFF86401FFF7ADFF0221FA
:109EA000DFF85C01FFF7A8FF0221DFF85801FFF798
:109EB00081FF0421DFF85001FFF78DFF002002BD74
:109EC00080B50522E0215C2001F0EAFA0022E221BF
:109ED0005C2001F0E5FA0022E3215C2001F0E0FAC9
:109EE0000020DFF82811087001BD10B50024200003
:109EF000C0B2062805DA2000C0B200F008F8641CE1
:109F0000F5E7902270215D2001F0CAFA10BD10B56E
:109F100004002000C0B2002809D0022815D009D3BF
:109F200004281AD014D3062819D017D318E0FFF745
:109F3000C7FF15E001210E2011F0D5FB01210F20F4
:109F400011F0D1FBFFF769FF0AE000F0E5F907E047
:109F50000021002000F005F802E001E000E0FFE74A
:109F600010BD38B504000D002200D2B204215E20DD
:109F700001F096FA05215E2001F0BBFA02002000F4
:109F800080B2000A10F00F0012F0F0020243D2B2C9
:109F900005215E2001F084FA2A00D2B206215E205B
:109FA00001F07EFA07215E2001F0A3FA290089B2B0
:109FB000090A11F00F0110F0F00008430200D2B2BC
:109FC00007215E2001F06CFA31BD0000F42D402025
:109FD000082E4020142E4020202E40202C2E4020E1
:109FE000602E4020A02E4020B02E4020BC2E4020CD
:109FF000C42E4020E42E4020F02E4020FC2E402095
:10A0000024324020263240200C2F40205927402067
:10A0100010B50400402297215C2001F041FA89210B
:10A020005C2001F066FA020052F08002D2B289216F
:10A030005C2001F035FA89215C2001F05AFA10F019
:10A040008000002010BDF8B504000D0016002200AD
:10A05000D2B280215C2001F023FA002287215C200B
:10A0600001F01EFA3200D2B288215C2001F018FA09
:10A07000402289215C2001F013FA4FF4FA70FFF7B7
:10A08000C7FF012801D1012012E00027380031006C
:10A09000C0B2C9B288420AD2B7F17F01C9B25C200E
:10A0A00001F027FA3900C9B268547F1CEEE700209E
:10A0B000F2BDF8B504000D0016002200D2B28021D6
:10A0C0005C2001F0EDF9002738003100C0B2C9B2C0
:10A0D00088420AD23800C0B22A5CB7F17F01C9B207
:10A0E0005C2001F0DDF97F1CEEE7602287215C2017
:10A0F00001F0D6F9002288215C2001F0D1F9F200AC
:10A1000052F04002D2B289215C2001F0C9F94FF42B
:10A11000FA70FFF77DFFF2BD10B5040004222100A4
:10A120009F20FFF790FF10BD38B504000D002A00F6
:10A13000D2B221000520FFF786FF32BD38B50400FA
:10A140000D002A00D2B221000120FFF7B2FF32BD7C
:10A150001CB501A8FFF7E0FF002801D00120A2E014
:10A160009DF80400012854D01C2800F080809D2810
:10A1700006D0C22804D0C8281DD0EF281BD07AE012
:10A1800001216846FFF7D0FF002801D001208AE0B6
:10A190009DF8000040060DD49DF8000050F04000EE
:10A1A0008DF8000001216846FFF7C8FF002801D0A4
:10A1B000012078E061E0382292215C2001F070F902
:10A1C000FF2293215C2001F06BF901220DF10101C6
:10A1D0003520FFF738FF002801D0012063E001227D
:10A1E00069460520FFF72FFF002801D001205AE023
:10A1F0006846417889070BD4417851F002014170DB
:10A2000002216846FFF79AFF002801D001204AE0AA
:10A2100033E0382292215C2001F042F9F5229321AB
:10A220005C2001F03DF901220DF101013520FFF71D
:10A230000AFF002801D0012035E06C4660788007D5
:10A2400014D4012269460520FFF7FDFE002801D045
:10A25000012028E0607850F002006070022168461A
:10A26000FFF76CFF002801D001201CE005E0002072
:10A270008DF8000001E0012015E0BDF8060042F273
:10A280001801884204D046F21701884205D007E041
:10A290009DF8000000F056F805E000F06CF802E0D0
:10A2A00000F070F8002016BD70B5040000252000F5
:10A2B000C0B2012801D1982200E01822D2B29F2119
:10A2C0005F2001F0EDF84DF2C2169F215F2001F0F2
:10A2D00010F9C00608D54CF6CE71300080B2091ACC
:10A2E0000029F2D4012000E0002070BD38B5040040
:10A2F00000252800C0B205280ADA2800C0B2225C76
:10A30000B5F16801C9B25F2001F0CAF86D1CF0E731
:10A310000020FFF7C9FF32BD80B50122F7215C2084
:10A3200001F0BEF8E8228A215C2001F0B9F8FFF7BD
:10A330000FFF002804D1DFF84402FFF7D7FF00E049
:10A34000012002BD10B5040000F01CF8002010BD73
:10A3500038B5040001252800C0B204280ADA280014
:10A36000C0B2225CB5F17401C9B25C2001F098F86A
:10A370006D1CF0E731BD80B5DFF80402FFF7E8FFA0
:10A38000002002BD80B5DFF8FC01FFF7E1FF01BD51
:10A3900080B5002203215E2001F082F80022AA216C
:10A3A0005C2001F07DF818229F215F2001F078F8F1
:10A3B000402297215C2001F073F8802297215C20D5
:10A3C00001F06EF840229F215C2001F069F8E02244
:10A3D00086215C2001F064F801BD2DE9F84F0400EE
:10A3E0005FF0000800270025052280215C2001F095
:10A3F00057F8814619EB0809002287215C2001F0FB
:10A400004FF882461AEB090A012288215C2001F0EC
:10A4100047F883461BEB0A0BC02289215C2001F020
:10A420003FF8060016EB0B063000C0B2002801D042
:10A4300001203DE0DFF85081D8F8009089215C20B0
:10A4400001F057F800062CD5504FD8F800A0386816
:10A45000BAEB000A40F6AC5082450FD3F3F74EFB3F
:10A46000F4F795F8D8F8000000905346484A42A106
:10A470000820F3F74FFED8F800003860D8F80050F5
:10A48000B5EB090541F289308542D7D3D8F80000F1
:10A4900000902B003F4A38A10820F3F73BFE022032
:10A4A000060081215C2001F024F820703000C0B249
:10A4B000BDE8F28F2DE9FC47002700260024C722C3
:10A4C00080215C2000F0ECFF804618EB070860223A
:10A4D00087215C2000F0E4FF814619EB0809002287
:10A4E00088215C2000F0DCFF82461AEB090AC022BA
:10A4F00089215C2000F0D4FF050015EB0A05280037
:10A50000C0B2002801D0012033E01F4FD7F80080EF
:10A5100089215C2000F0EDFF000628D51B4ED7F8FE
:10A5200000903068B9EB000940F6AC5081450DD37E
:10A53000F3F7E4FAF4F72BF8386800904B46164A24
:10A540000DA10820F3F7E6FD386830603C68B4EBF5
:10A55000080444F621608442DAD33868009023006E
:10A560000E4A05A10820F3F7D5FD022005002800BA
:10A57000C0B2BDE8F687000073797300102F402049
:10A58000182F40201C2F40202C22402094004020D7
:10A59000CCF54300ECF5430010F6430030F64300E1
:10A5A000F8B504000D001600022280215C2000F0A6
:10A5B00077FF2200120CD2B281215C2000F070FFE4
:10A5C0002200120AD2B282215C2000F069FF220030
:10A5D000D2B283215C2000F063FFE02287215C205F
:10A5E00000F05EFF002288215C2000F059FF2A0065
:10A5F000120CD2B298215C2000F052FF2A00120AFD
:10A60000D2B299215C2000F04BFF2A00D2B29A21ED
:10A610005C2000F045FF0027AF4206D2F25D9B218F
:10A620005C2000F03DFF7F1CF6E7DC2289215C20E6
:10A6300000F036FF89215C2000F05BFF0006F9D4B2
:10A64000F1BDF8B504000D000B2280215C2000F064
:10A6500027FF2200120CD2B281215C2000F020FFE3
:10A660002200120AD2B282215C2000F019FF2200DF
:10A67000D2B283215C2000F013FF802287215C206E
:10A6800000F00EFF162288215C2000F009FF2A004E
:10A69000120CD2B298215C2000F002FF2A00120AAC
:10A6A000D2B299215C2000F0FBFE2A00D2B29A219E
:10A6B0005C2000F0F5FED82289215C2000F0F0FE3D
:10A6C00089215C2000F015FF0006F9D403229721B0
:10A6D0005C2000F0E5FE84215C2000F00AFF06000B
:10A6E00085215C2000F005FF56EA00270022972113
:10A6F0005C2000F0D5FE380080B2F2BD10B5892193
:10A700005C2000F0F6FE0400200604D5802297218C
:10A710005C2000F0C5FE2000C0B210BD38B5002599
:10A720000020FBF767FA010000221000C0B20C28DD
:10A7300010DA0A481300DBB230F82330994207D30D
:10A740001300DBB200EB83004088814200D214008A
:10A75000521CEAE72000C0B232BD00BF6831402081
:10A7600080B5002012F0ACF9002012F0F5F912F0DB
:10A770004CFA0028FBD112F032FA0B2012F078FAD2
:10A780002049884200D0FEE7002004F071FC002040
:10A7900012F005FA00200CF05FFA002012F01CFF06
:10A7A000002012F099FFF3F7D5FE01216E2010F082
:10A7B0009AFF00200AF0AAFD00216F2010F093FFFD
:10A7C0000021882010F08FFF0021802010F08BFFE7
:10A7D00000218A2010F087FF00210D2010F083FF58
:10A7E0000021012010F07FFF0021202010F07BFFCE
:10A7F00000214E2010F077FFF3F716F9FAF7E2FF89
:10A8000001BD00BF00B4C4047047704710B40020FD
:10A8100094490A68052A00D3401C00220B689A421A
:10A8200009D2914B1C2404FB02F41B5D934200D01F
:10A83000401C521CF2E70028FDD110BC704738B50F
:10A840000124002587480068854212D21C21864ACF
:10A8500001FB05F010448069002806D001FB05F1DA
:10A8600002EB0100806980470400002C01D06D1CC0
:10A87000E8E7200032BD38B5F3F7A5F80400002C56
:10A8800016D0F3F7A8F800257648006885420FD265
:10A890001C21754A01FB05F010444068002805D0D2
:10A8A00001FB05F102EB0100406880476D1CEBE7FE
:10A8B00031BD38B5F3F799F80400002C16D0F3F742
:10A8C0009EF800256748006885420FD21C21664A21
:10A8D00001FB05F010448068002805D001FB05F15C
:10A8E00002EB0100806880476D1CEBE731BDF8B5D5
:10A8F00004000D005B4E2000C0B23168884215D2C2
:10A9000000273068874211D21C22574B02FB07F008
:10A910001844C068002807D029002000C0B202FBFC
:10A9200007F21A44D26890477F1CEAE7F1BDF8B5F8
:10A9300004000D0016004B482100C9B20268914284
:10A9400004D22900C9B20068814201D3712017E006
:10A950001C23454F2800C0B25843384400690028E2
:10A960000DD032002900C9B22000C0B2AC465FFA57
:10A970008CFC03FB0CF33B441B69984700E07120FF
:10A98000F2BD7FB5F0240025384E2A0021003000AA
:10A99000F2F74EFFFFF73AFF01208DF800006946FD
:10A9A0000020FFF7A4FFFFF766FFFFF782FF0024F8
:10A9B0002C4800688442F6D21C212B4A01FB04F08B
:10A9C00010444069002805D001FB04F102EB0100AE
:10A9D00040698047641CEBE7FEB5002770462449B8
:10A9E0000968814206D023490968814202D0EFF309
:10A9F000088401E0EFF3098414F130051E4E2B6842
:10AA00001E4A31000820F3F785FB1D49086800281D
:10AA100001D0086808601B48006801904FF40240AC
:10AA20000290684605F07CFC07003800C0B202289E
:10AA300013D128682860019B134A31000820F3F7DE
:10AA400069FB4FF400510198FAF7D6FE019B0F4ABB
:10AA500031000820F3F75EFB02E0F3F774FAFCE73D
:10AA6000F7BD000044F14300D4F0430000E400E0EF
:10AA7000500040205400402050F0430058F0430064
:10AA80002CED00E038ED00E094F04300B4F043001A
:10AA90000100C9B20029FBD0704778B4030000243C
:10AAA00000258879CE79F6B2F608F6B256EA401655
:10AAB0001E80C879C0F380009870962072BC7047E1
:10AAC000F0B484460B0000240025187810F0030031
:10AAD0008CF800001878C0F381008CF80100187819
:10AAE000C0B200098CF80200587800210102002051
:10AAF0009E7800273700002630433943DE7836063B
:10AB00000027304339431E79360400273043394348
:10AB10005E793602002706430F43987900213043BF
:10AB20003943CCE90201D87910F03F008CF81000CD
:10AB30009E20F0BC704730B4030000240025C87983
:10AB40001870C22030BC704730B4030000240025C8
:10AB50004878C0F3411018704878C0B2C0095870E6
:10AB600040F2092030BC704778B40300002400256F
:10AB700008784E78F6B23609F6B256EA00161E800C
:10AB80004E78360216F47066887806435E804879FF
:10AB9000C0B24009187140F2393072BC70472DE9DB
:10ABA000F04107000E00072400255FF00008404632
:10ABB000C0B2082814D2200029004246F6F758FDFA
:10ABC000C00705D5002031684246D2B2885404E05F
:10ABD000002031684246D2B2885418F10108E6E7F5
:10ABE000306801783878C0F380100143787851EAF2
:10ABF00040013068017030684178387851EA80014E
:10AC0000B878C0F3411001433068417030688078F3
:10AC1000B97850EAC1003168887040F27F307060C6
:10AC20000821317200217172BDE8F08130B4030057
:10AC3000002400254878C0B2000918708878C0B296
:10AC40000009587040F2973030BC704778B4030068
:10AC5000002400258878CE78360256EA0046087926
:10AC600006431E608879400010F00200CE79F6B2EB
:10AC700050EAD610187140F29D3072BC70472DE931
:10AC8000F04107000E00FF2400255FF00008404659
:10AC9000C0B2082814D2200029004246F6F7E8FC8A
:10ACA000C00705D5002031684246D2B2885404E07E
:10ACB000002031684246D2B2885418F10108E6E714
:10ACC00030680078398889B2090A08433168087009
:10ACD0003068417838880143306841703068807846
:10ACE000798889B2090A0843316888703068C17868
:10ACF000788801433068C17030680079397911F083
:10AD0000070108437979C90011F038010843B9797E
:10AD100050EA81103168087130684079F97911F092
:10AD200007010843397AC90011F038010843797ADC
:10AD300050EA81103168487130688179B87AC0F37F
:10AD400080000143F87A51EA40013068817130682F
:10AD5000C079B97A50EA81103168C8714FF46E70C9
:10AD6000706008203072002070724FF46E70BDE881
:10AD7000F08130B4030000240025C87FC0F3C10077
:10AD8000187040F2EF3030BC704730B4030000243C
:10AD90000025087FC0B24009187040F2FF3030BC77
:10ADA000704778B40300002400250878C00010F034
:10ADB00018004E78F6B250EA561018700878C0B2F3
:10ADC00080085870487810F01F0098708878C0B2DA
:10ADD0008008D87040F26F5072BC704778B403009E
:10ADE0000024002508784E7856EA00261E808878D0
:10ADF00010F0070098708878C0F3C200D870887887
:10AE0000C0B280091871C87810F007005871C8786E
:10AE1000C0F3C2009871C878C0B28009D8710879AF
:10AE2000800010F004004E79F6B250EA96101872C5
:10AE30000879C0B2400858724879400010F07E008E
:10AE40008E79F6B250EAD6109872887910F07F00A9
:10AE5000D872C879C0B24008187340F2AE5072BCC4
:10AE600070472DE9F04107000E00FF2400255FF038
:10AE700000084046C0B2082814D2200029004246EB
:10AE8000F6F7F6FBC00705D5002031684246D2B27E
:10AE9000885404E0002031684246D2B2885418F148
:10AEA0000108E6E7306801783878014330680170BE
:10AEB00030684078798889B2090A08433168487057
:10AEC0003068817878880143306881703068C07854
:10AED000B98889B2090A08433168C87030680179B5
:10AEE000B88801433068017130684179B879C0F39E
:10AEF000C0000143F87951EA40013068417130687F
:10AF00008079B97950EA4110397A11F00301084388
:10AF1000797A890011F01C01084331688871306822
:10AF2000C179B87A01433068C17140F2FA5070605B
:10AF30000821317200217172BDE8F0812DE9F041E4
:10AF400004000D0040262700D5F8008032003900AB
:10AF50004046F2F775FE40F20960686040212972B0
:10AF600000216972BDE8F0812DE9F04107000E0073
:10AF7000032400255FF000084046C0B2082814D220
:10AF8000200029004246F6F773FBC00705D50020D4
:10AF900031684246D2B2885404E00020316842460B
:10AFA000D2B2885418F10108E6E730680078398891
:10AFB00089B2090A084331680870306841783888D6
:10AFC00001433068417040F21660706008213172B0
:10AFD00000217172BDE8F0812DE9F04107000E00FB
:10AFE000012400255FF000084046C0B2402814D27A
:10AFF000200029004246F6F73BFBC00705D500209C
:10B0000031684246D2B2885404E00020316842469A
:10B01000D2B2885418F10108E6E730680078396840
:10B02000090E084331680870306840783968090CA7
:10B03000084331684870306880783968090A0843E5
:10B04000316888703068C178386801433068C170F1
:10B0500030680079B98889B2090A084331680871F3
:10B0600030684179B888014330684171306880792F
:10B07000F98889B2090A0843316888713068C17952
:10B08000F88801433068C1713068007A398989B223
:10B09000090A0843316808723068417A38890143E7
:10B0A000306841723068807AB97A11F00101084342
:10B0B000F97A490011F002010843397B890011F047
:10B0C00004010843797BC90011F008010843B97BEA
:10B0D000090111F010010843F97B490111F0200129
:10B0E0000843316888723068C07A398A89B2090A9F
:10B0F00008433168C8723068017B388A0143306880
:10B1000001733068417BB87C01433068417330681B
:10B11000807B7969090E0843316888733068C07B89
:10B120007969090C08433168C8733068007C796913
:10B13000090A0843316808743068417C7869014322
:10B14000306841743068817C387E01433068817496
:10B150003068C17C787E01433068C1743068017DFD
:10B16000B87E0143306801753068407DB98B89B283
:10B17000090A0843316848753068817DB88B0143FE
:10B18000306881753068C07DF98B89B2090A08433F
:10B190003168C8753068017EF88B014330680176EC
:10B1A0003068407E396A090E084331684876306855
:10B1B000807E396A090C0843316888763068C07E21
:10B1C000396A090A08433168C8763068017F386AED
:10B1D00001433068017740F217607060402131729E
:10B1E00000217172BDE8F0812DE9F04107000E00E9
:10B1F000FF2400255FF000084046C0B2082814D2A2
:10B20000200029004246F6F733FAC00705D5002092
:10B2100031684246D2B2885404E000203168424688
:10B22000D2B2885418F10108E6E73068007839880E
:10B2300089B28908084331680870306840783988D5
:10B2400050EA8110B97811F0010108433168487063
:10B2500030688078B98889B2890808433168887075
:10B260003068C078B98850EA8110B97911F00101CD
:10B2700008433168C87030680079398989B2890813
:10B2800008433168087130684079398950EA811083
:10B29000B97A11F00101084331684871306880794A
:10B2A000B98989B289080843316888713068C079E2
:10B2B000B98950EA8110B97B11F001010843316866
:10B2C000C8714FF4C5607060082030720020707241
:10B2D0004FF4C560BDE8F0812DE9F04107000E0094
:10B2E000FF2400255FF000084046C0B2082814D2B1
:10B2F000200029004246F6F7BBF9C00705D500201B
:10B3000031684246D2B2885404E000203168424697
:10B31000D2B2885418F10108E6E73068007839881D
:10B3200089B2090A08433168087030684178388862
:10B3300001433068417030688078798889B2090AA1
:10B340000843316888703068C17878880143306874
:10B35000C17030680079B98889B2090A0843316838
:10B36000087130684179B8880143306841713068AC
:10B370008079F98889B2090A084331688871306890
:10B38000C179F88801433068C17140F22B60706068
:10B390000821317200217172BDE8F08130B40300E0
:10B3A000002400250020187040F2F16030BC704786
:10B3B0002DE9F04107000E00012400255FF0000890
:10B3C0004046C0B2402814D2200029004246F6F779
:10B3D0004FF9C00705D5002031684246D2B28854E3
:10B3E00004E0002031684246D2B2885418F10108C6
:10B3F000E6E7306800783168087040F2F26070600B
:10B400004021317200217172BDE8F08130B4030037
:10B41000002400250878C0B20009187040F2F660D8
:10B4200030BC704770B504000D00160004233200D4
:10B430002900200080B2F8F799F870BD38B50400F3
:10B440000D0005222900C9B2200080B2F8F7DCF90E
:10B4500031BD70B504000D0016000623320029002E
:10B46000200080B2F8F7DDF970BDF8B504000D00DA
:10B4700016001F00072000903B003200290020002A
:10B4800080B2F8F743FAF2BD38B504000D00082287
:10B490002900C9B2200080B2F8F754FB31BD00008A
:10B4A0002DE9F84185B004000D001600002701A821
:10B4B0001021F2F7B9F904210022E8464046F2F7DC
:10B4C000B7F98DF800508DF801602000C0B2ADF8DA
:10B4D00004000220ADF80A0000208DF80C00684638
:10B4E000049001A900200AF026F8C0B206B0BDE819
:10B4F000F0812DE9F84185B004000D0000264FF6DB
:10B50000FF7701A81021F2F78FF904210022E84605
:10B510004046F2F78DF98DF800502000C0B2ADF82A
:10B5200004000120ADF80A0000208DF80C00012075
:10B530008DF809006846049001A9002009F0FBFF7E
:10B540003F208DF800002000C0B2ADF804000120BB
:10B55000ADF80A0001208DF80C006846049001A99E
:10B56000002009F0E8FF04980078C0B206B0BDE8FA
:10B57000F0817CB504000D0000952300334A344966
:10B580000220F2F7C7FD00210C2012F0C7F80021BD
:10B590000D2012F0C3F800211B2012F0BFF800218B
:10B5A0001C2012F0BBF80026092E29D201214820C8
:10B5B00010F099F80121492010F095F801214F2051
:10B5C00010F091F80121502010F08DF84FF44870E0
:10B5D000F2F7ECF90021482010F085F8002149200D
:10B5E00010F081F800214F2010F07DF8002150204C
:10B5F00010F079F84FF44870F2F7D8F9761CD3E7D9
:10B600000121482010F06FF80121492010F06BF85B
:10B6100001214F2010F067F80121502010F063F84D
:10B6200001210C2012F07AF801210D2012F076F899
:10B6300007211B2012F072F807211C2012F06EF86F
:10B6400009F0BCFE002009F061FE73BD78164400CD
:10B65000701644000100002008700020704710B5EB
:10B6600004002000F6F734FB002010BD10B50400E4
:10B67000F9F7BBF8002803D131202070012002E047
:10B6800000202070002010BDF8B504000D00160049
:10B6900000272000F6F70EFB01000800C0B20128C9
:10B6A00002D10020307001E0722030700020F2BD25
:10B6B0000100002008700020704710B504000F2220
:10B6C0002100C7A0F2F7C0FF002010BD010031200B
:10B6D00008700020704710B504000F222100DFF829
:10B6E0000405F2F7B1FF002010BD01000020087032
:10B6F0000020704710B5040000202070FFF70EF8FE
:10B700006070002010BD01003120087000207047DB
:10B710000100DFF8D40442780A70007848700020F5
:10B7200070470100312008700020704710B50400F8
:10B730002000F6F7E7FA002010BD10B50400F9F775
:10B7400054F8002803D131202070012002E00020AD
:10B750002070002010BDF8B504000D001600002771
:10B760002000F6F7C1FA01000800C0B2012802D19A
:10B770000020307001E0722030700020F2BD010026
:10B78000312008700020704710B504002000F6F743
:10B79000D3FA002010BD010000200870002070477F
:10B7A000F8B504000D00160000272000F6F7B6FAE1
:10B7B00001000800C0B2012802D10020307001E071
:10B7C000722030700020F2BD01003120087000208E
:10B7D000704710B504002000F6F7C8FA002010BD2D
:10B7E00010B50400F9F701F8002803D131202070CA
:10B7F000012002E000202070002010BDF8B50400F8
:10B800000D00160000276078002808D060780D2809
:10B8100005DAA078002802D0A078202803DB3120A8
:10B82000307000200DE02000F6F792FA01000800C9
:10B83000C0B2012802D10020307001E072203070C7
:10B840000020F2BD0100312008700020704710B5C3
:10B8500004002000F6F7A4FA002010BD010000202B
:10B86000087000207047F8B504000D00160000278E
:10B870006078002808D060780D2805DAA0780028C4
:10B8800002D0A078202803DB3120307000200DE0AA
:10B890002000F6F777FA01000800C0B2012802D1B3
:10B8A0000020307001E0722030700020F2BD0100F5
:10B8B00000200870002070470100CC4842780A70D0
:10B8C00000784870002070470100002008700020B8
:10B8D000704710B504002000F6F7BCF9002010BD39
:10B8E00001000020087000207047F8B504000D002A
:10B8F000160000272000F6F79FF901000800C0B2EB
:10B90000012802D10020307001E072203070002048
:10B91000F2BD0100002008700020704710B504003F
:10B92000F6F7B2F90100080080B2000A20706170D9
:10B93000002010BD0100002008700020704710B5E5
:10B940000400F6F7B3F90100080080B2000A207085
:10B950006170002010BD01000020087000207047B9
:10B960000100A34842780A700078487000207047B0
:10B970000100002008700020704701009D480078F9
:10B9800008700020704701000020087000207047F8
:10B99000010003200870984802784A7042788A7043
:10B9A0008278CA70C2780A7102794A7140798871C6
:10B9B0000020C871914802780A7242784A728278EF
:10B9C0008A72C278CA720079087300204873002016
:10B9D00088730020C873002008740020704700009E
:10B9E00038444A0001000020087000207047010020
:10B9F0000C200870002048700020887000207047DC
:10BA00000100002008700020704710B504002000DD
:10BA1000F6F7E0F9002010BD0100002008700020BA
:10BA20007047F8B504000D00160000272000F6F757
:10BA3000C3F901000800C0B2012802D10020307013
:10BA400001E0722030700020F2BD0100002008707B
:10BA50000020704710B504002000F6F7D5F900204B
:10BA600010BD010000200870002070472DE9F04152
:10BA700004000D001600002794F802805FFA88F891
:10BA80005FEA98184046C0B2002807D04046C0B2CE
:10BA9000032803D03120307000200DE02000F6F79D
:10BAA000A5F901000800C0B2012802D100203070C1
:10BAB00001E0722030700020BDE8F081010000201C
:10BAC00008700020704738B504004D4D2300022255
:10BAD00028880021F2F77DFDA878A070002032BDF3
:10BAE0000100002008700020704710B50400F8F72E
:10BAF000EDFD01001E390800000A20706170002071
:10BB000010BD0100002008700020704701000020D7
:10BB100008703B4A0B78107903430B700878527910
:10BB200050EA820008700020704701000020087071
:10BB30000020704710B504002300032230488068BD
:10BB40000021F2F746FD002010BD01000020087022
:10BB50000020704738B50400294D23000622D5E99E
:10BB60000601F2F736FD0020A071A179687C01433F
:10BB7000A171A079297C50EA8100A071A079A97CEB
:10BB800050EA0110A071002032BD010000200870B1
:10BB90000020704701001A4890F84000087000200B
:10BBA0007047010000200870002070471CB5040099
:10BBB00001208DF800006846F2F702FE9DF80000B3
:10BBC0002070002016BD0100002008700020704782
:10BBD00010B50400102221000A48F2F735FD0020BC
:10BBE00010BD00007CEF4300FABF4B00FABF4400D9
:10BBF000F8BF4B00FA7F41001C0540209C04402008
:10BC0000C032002084EF430001B49DF800000028FA
:10BC100001D100BEFDE701B07047000070B504001F
:10BC20000D0001266A492800C0B2085C012806D030
:10BC3000042300220021FF2001F0BEF92EE0002C99
:10BC400006D0062300220021FF2001F0B5F925E0EF
:10BC5000604A2800C0B252F82000002808D028000E
:10BC60002B00DBB252F823301B78C0B2984206D0CA
:10BC70000F2300220021FF2001F09EF90EE0280092
:10BC8000C0B252F82000544A2B00DBB242F8230025
:10BC90000020060002202A00D2B288543000C0B230
:10BCA00070BD2DE9F04105000C0016001F005FF08B
:10BCB000010847483100C9B2405C022807D001237F
:10BCC0003A00D2B20021FF2001F076F92EE02800E0
:10BCD000C0B2022807D302233A00D2B20021FF20CB
:10BCE00001F06AF922E0002C07D103233A00D2B216
:10BCF0000021FF2001F060F918E0300036493200E1
:10BD0000D2B251F8221089682A00D2B201EBC201E6
:10BD10004978C0B2884207D00F233A00D2B200213E
:10BD2000FF2001F049F901E0002080464046C0B202
:10BD3000BDE8F0812DE9F04105000C0016001F0060
:10BD40005FF0010822483100C9B2405C022807D0E8
:10BD500001233A00D2B20021FF2001F02DF932E098
:10BD60002800C0B2022807D302233A00D2B2002131
:10BD7000FF2001F021F926E0002C0BD13800C0B2E1
:10BD8000052807D103233A00D2B20021FF2001F099
:10BD900013F918E0300010493200D2B251F82210E5
:10BDA00089682A00D2B201EBC2014978C0B2884248
:10BDB00007D00F233A00D2B20021FF2001F0FCF897
:10BDC00001E0002080464046C0B2BDE8F08100009E
:10BDD00000404020841D44004040402001B49DF8B4
:10BDE0000000002801D100BEFDE701B0704700004F
:10BDF00001B49DF80000002801D100BEFDE701B0AC
:10BE00007047000001B49DF80000002801D100BE79
:10BE1000FDE701B07047000001B49DF80000002864
:10BE200001D100BEFDE701B07047000001B49DF8EC
:10BE30000000002801D100BEFDE701B070470000FE
:10BE400001B49DF80000002801D100BEFDE701B05B
:10BE50007047000001B49DF80000002801D100BE29
:10BE6000FDE701B0704780B50B2010F001FF2349BA
:10BE700008602348002101607FF07F41214A116062
:10BE80000021214A11600521016001BD1E480068A2
:10BE900020F07F40704710B401001B48026822F078
:10BEA0007F4200230868904205D216480468A41A0D
:10BEB0000868001901E00868801A0A6010BC704721
:10BEC000F8B5060000270D480068A0FB06010F4AE0
:10BED000002300F01DF804000D00002001218D4218
:10BEE00004D801D3844201D2012000E00020C0B276
:10BEF000FFF7B0FF2000F2BD000000004822402004
:10BF000010E000E014E000E018E000E040420F0024
:10BF1000BBBBE1B1B2F5803F80F07E80022A1ED922
:10BF20008C46B1FBF2F102FB11C31B0443EA104340
:10BF3000B3FBF2FC02FB1C3380B240EA0343B3FBC9
:10BF4000F2F002FB103240EA0C4000237047022A54
:10BF500005D98446B0FBF2F002FB10C270474AB12B
:10BF600005D100F0010249085FEA30007047002265
:10BF70000023704700F0E4B80B000200002100200D
:10BF80007047904271EB030CF6D3B3F5803F2FD28C
:10BF9000F0B5B3FA83F7B1FA81F4A7F10F0E3D1BA8
:10BFA0005340CEF1200602FA0EF2F3415340B5F1B0
:10BFB0000F0746D80F3C2C444140C4F12006A04056
:10BFC000F1414140B1FBF3F603FB1611A2FB06451C
:10BFD000001BA94102D2761E8018594180EA010255
:10BFE00021FA0EF362FA0EF200215A403046F0BDFB
:10BFF00030B4B1FBF3FC03FB1C11A2FB0C45001B8E
:10C00000A94103D2ACF1010C8018594130BC024661
:10C010000B46604600217047B2F1807F65D3F0B5D2
:10C02000B2FA82F7B1FA81F4C7F10F063D1B22FA8A
:10C0300006F307F1110EF24120355A40B5F10F0712
:10C04000B8D94140C4F12006A040F1414140B1FBC4
:10C05000F3FC03FB1C11A2FB0C45001BA94103D2FE
:10C06000BCF1010C801859410F2F12D30F3FC903A7
:10C0700041EA5041B1FBF3F603FB1611A2FB064562
:10C08000D4EBC030A94102D2761E8018594146EA4D
:10C09000CC3C07B34140C7F12006B840F1414140D4
:10C0A000B1FBF3F603FB1611A2FB0645001BA941E9
:10C0B00002D2761E8018594180EA010221FA0EF35D
:10C0C000C7F1200462FA0EF20CFA07F05A402CFA7B
:10C0D00004F13043F0BD80EA010221FA0EF30021A1
:10C0E00062FA0EF260465A40F0BD8C46B1FBF2F1A6
:10C0F00002FB11C31B0243EA1063B3FBF2FC02FB19
:10C100001C331B024CEA002043EA1063B3FBF2FC31
:10C1100002FB1C331B024CEA002043EA1063B3FB12
:10C12000F2FC02FB1C331B024CEA002043EA1063C2
:10C13000B3FBF2FC02FB1C324CEA002000237047E8
:10C140007047000001B49DF80000002801D100BE36
:10C15000FDE701B07047000001B49DF80000002821
:10C1600001D100BEFDE701B07047000001B49DF8A9
:10C170000000002801D100BEFDE701B070470000BB
:10C180004EF68851CEF20001086840F47000086055
:10C19000BFF34F8FBFF36F8F4FF00170E1EE100AC6
:10C1A000704710B5044610460A4601462046F1F78E
:10C1B0003FFB204610BD000038B504000D002B00E9
:10C1C000DBB22200D2B200217B2000F0F5FE31BDAF
:10C1D00038B504000D002B00DBB22200D2B20021E2
:10C1E0007B2000F0FCFE31BD70B504000D00160090
:10C1F00001202070012060703100C9B22800C0B257
:10C20000FFF7DAFF70BD70B506000C000125DFF8FE
:10C210009C0A2100C9B2405C00280CD13000C0B299
:10C22000002802D10020050011E00A213000C0B230
:10C23000FFF7C2FF0BE03000C0B2002805D10D218E
:10C240003000C0B2FFF7B8FF01E000200500280071
:10C25000C0B270BD38B504000025002C05D0012007
:10C26000050014210020FFF7A7FF2800C0B232BD4F
:10C2700070B505000C000026002C06D10120060038
:10C2800014212800C0B2FFF797FF3000C0B270BD84
:10C2900070B504000D0016002800C0B202280FD1AE
:10C2A000DFF80C0A310089B20901084480680028CF
:10C2B00005D119222900C9B22000FFF795FFFFE739
:10C2C00070BD2DE9F04104000D0016001F00DFF8DD
:10C2D000E4093900C9B250F82110C968320092B29D
:10C2E00031F812802900C9B2891E012914D83900F9
:10C2F000C9B250F821004168424692B23020424310
:10C3000001EB0200C079002805D017222900C9B22C
:10C310002000FFF769FFFFE7BDE8F0812DE9F84352
:10C3200004000D0016001F000020DFF888193A00F5
:10C33000D2B251F82220D26833009BB232F8138077
:10C3400030223B00DBB251F823305B68C4461FFA51
:10C350008CFC02FB0CFC634493F802902B00DBB2D4
:10C36000022B1BD13800C0B251F820004068414672
:10C3700089B202FB01F21044407900280DD1DFF8A8
:10C38000FC094946C9B230F83100032805D3202200
:10C390002900C9B22000FFF727FFFFE7BDE8F183BE
:10C3A000F8B504000D0016001F0000208DF80000F5
:10C3B00000208DF80100E80706D5320092B2210076
:10C3C000C9B26846FFF764FFA8070CD59DF80000C6
:10C3D000002808D13B00DBB2320092B22100C9B282
:10C3E0006846FFF76EFF68070CD59DF8000000282F
:10C3F00008D13B00DBB2320092B22100C9B26846DC
:10C40000FFF78CFF9DF80100F2BD30B40300DBB2F2
:10C41000002B10D10B00DBB2012B06D10023DFF87B
:10C420008C481500EDB2635505E00223DFF87C4827
:10C430001500EDB2635530BC7047F8B504000D002F
:10C440000026DFF838092100C9B230F83170380011
:10C4500080B2002806D00B212800C0B2FFF7B8FE3A
:10C46000012006003000C0B2F2BD2DE9F041040009
:10C470000D0016000127DFF83808210089B20901F4
:10C4800010F801802800C0B2002808D14046C0B290
:10C49000002804D00B210220FFF79AFE12E02800AA
:10C4A000C0B201280CD14046C0B2002808D0404696
:10C4B000C0B2032804D00B210220FFF789FE01E05F
:10C4C000002007003800C0B2BDE8F0812DE9F84334
:10C4D00004000D005FF000085FF00009DFF8D407EA
:10C4E00049462A00D2B250F82220128989B29142DC
:10C4F00023D22900C9B250F8210041684A4692B2BD
:10C5000030204243885A0700DFF8A407390089B277
:10C510000901405C06003000C0B200280AD030009B
:10C52000C0B2032806D00B212000C0B2FFF750FE96
:10C530000120804619F10109D0E74046C0B2BDE8AC
:10C54000F283F8B5040000250126002000273800FA
:10C55000C0B2022819D2DFF85C072100C9B250F836
:10C56000210000683900C9B2084490F84000012851
:10C5700009D101213800C0B2FFF75FFF0500280094
:10C58000C0B2012801D07F1CE1E72800C0B200281A
:10C5900008D12100C9B20120FFF798FF002801D17E
:10C5A000002006003000C0B2F2BD38B504000125FD
:10C5B000DFF8FC06210089B20901405C002804D0A4
:10C5C0000B210C20FFF704FE01E0002005002800ED
:10C5D000C0B232BD2DE9F04104000D000026002755
:10C5E000DFF8D0162800C0B251F82000C068220041
:10C5F00092B230F8128030222800C0B251F82000E8
:10C60000406843469BB2534318440079002824D025
:10C610002800C0B251F82000406843469BB2534303
:10C620001844007901281AD12800C0B251F820001E
:10C63000406843469BB253431844C07801280ED14A
:10C640002800C0B251F820004068414689B202FB80
:10C6500001F21044007B002801D1012007002A00CC
:10C66000D2B23900C9B2200080B2FFF7FEFEC0B2DC
:10C67000BDE8F081F8B504000D0016000027200089
:10C68000C0B203281BD0042802D00B2827D036E0E4
:10C69000DFF81C16280080B20001085C00280DD1CC
:10C6A000280080B2000108444078002806D10C21FF
:10C6B0002000C0B2FFF78CFD012007001FE0DFF86B
:10C6C000F005290089B20901405C002806D10C213F
:10C6D0002000C0B2FFF77CFD012007000FE0DFF86B
:10C6E000D005290089B20901405C002806D10C213F
:10C6F0002000C0B2FFF76CFD01200700FFE7380003
:10C70000C0B2F2BD2DE9F04704000D00160001276C
:10C710005FF001085FF00009DFF898A53000C0B2B3
:10C720005AF82000002805D10A212000C0B2FFF7E6
:10C7300043FD3CE03100C9B23000C0B25AF82000DD
:10C7400000F0E0F880464046C0B200282AD1280018
:10C7500080B2002805D015212000C0B2FFF72CFDC3
:10C7600025E03000C0B25AF82000C068290089B224
:10C7700030F81100814629003000C0B25AF820007C
:10C7800042684B469BB230204343D05A89B2814223
:10C7900005D00E212000C0B2FFF70EFD07E00020FB
:10C7A000070004E00E212000C0B2FFF705FD3800AD
:10C7B000C0B2BDE8F0872DE9F04104000D0016007D
:10C7C000DFF8F0043100C9B250F82110C9682A001E
:10C7D00092B231F812705FF000082100C9B2C91F8F
:10C7E000012915D83100C9B250F8210041683A003A
:10C7F00092B23020424301EB02008068002806D14B
:10C800000120804618212000C0B2FFF7D5FCFFE7C9
:10C810004046C0B2BDE8F08130B4002100220023C0
:10C82000DFF890141C000500EDB251F825502D8959
:10C83000A4B2AC4231D20400E4B251F824104C68E6
:10C840001D00ADB230214D43615B0A00DFF85C177B
:10C8500000241500ADB22D014C5500241500ADB2D9
:10C860002D010D446C7000241500ADB22D010D4456
:10C87000AC8000241500ADB22D010D44AC60002445
:10C880001500ADB22D010D442C7300241500ADB27E
:10C890002D0129448C705B1CC2E730BC704730B45A
:10C8A0000023002100221300DBB2022B28D2DFF884
:10C8B00004340400E4B253F824301B681400E4B2DA
:10C8C000234493F84030012B18D1DFF8B034002412
:10C8D0001500EDB223F83540002421000C00A4B26D
:10C8E000032C0BD21400E4B203EBC4040D00ADB270
:10C8F00004EB450400256580491CEFE7521CD2E794
:10C9000030BC704770B40200002301200C00157C7D
:10C91000E4B2AC4213D1002423001C00157EE4B223
:10C92000AC420CD20C0055691E00F6B2AD5DE4B20B
:10C93000AC4202D10024200001E05B1CEDE7C0B254
:10C9400070BC70472DE9F04704000D0016005FF041
:10C95000000A0027DFF858030121220092B21201D9
:10C9600081540021220092B212011044818000F013
:10C970008DFBDFF808842800C0B238F830904846B4
:10C9800080B2002811D02800C0B208EBC000494690
:10C9900089B200EB410044802800C0B238F8300072
:10C9A000401C2900C9B228F8310000F089FB00F0D2
:10C9B0006DFB2800C0B238F830A02800C0B208EBE8
:10C9C000C0004088210089B2884203D0504680B21E
:10C9D00000281CD12800C0B238F8300000280DD142
:10C9E0002800C0B208EBC00044802800C0B238F86C
:10C9F0003000401C2900C9B228F8310000F060FB6B
:10CA00003100C9B22800C0B201F0AFF801E000F077
:10CA100057FBBDE8F087F8B504000D001600A548E7
:10CA20003100C9B250F82110C968220092B231F821
:10CA300012703100C9B250F8210041683A0092B238
:10CA40003020424301EB0200807E012808D13200F1
:10CA5000D2B22900C9B2200080B200F008F805E087
:10CA60003100C9B2200080B200F0B5F8F1BDF8B5D0
:10CA700004000D0016008F483100C9B250F8211093
:10CA8000C968220092B231F81270DFF82015012235
:10CA900023009BB21B010B445A702A00D2B2012A18
:10CAA0002DD130223300DBB250F823305B68BC4616
:10CAB0001FFA8CFC02FB0CFC63441B79012B05D193
:10CAC0000120220092B2120188542BE03300DBB225
:10CAD00050F8230040683B009BB202FB03F2104475
:10CAE000C07900281ED10020220092B21201885481
:10CAF0003100C9B2200080B200F015F812E0320017
:10CB0000D2B250F8220042683B009BB2302043432F
:10CB100002EB03000079002804D10120220092B228
:10CB200012018854F1BD2DE9F04706000F0061485D
:10CB30003900C9B250F82110C968320092B231F8F8
:10CB400012803900C9B250F821004168424692B2C1
:10CB50003020424301EB020090F80290DFF81CA263
:10CB60004846C0B23AF83000002832D04846C0B239
:10CB70003AF830000500002004002000290080B2AF
:10CB800089B2884215D230004946C9B20AEBC101C8
:10CB9000220092B201EB4201498880B2884206D15C
:10CBA000210089B24846C0B200F0B0FC01E0641C2C
:10CBB000E3E7200080B200280BD14846C0B23AF823
:10CBC0003000002805D03900C9B24846C0B200F094
:10CBD000CCFFBDE8F087F0B4364B0A00D2B253F870
:10CBE0002220D2680400A4B232F81440DFF8BC530B
:10CBF000020092B21201AA5C022A05D101220300AE
:10CC00009BB21B01EA544EE0020092B21201AA5CF0
:10CC1000032A48D130260A00D2B253F822205268A3
:10CC20002700BFB277433A44D279002A3BD10A00A9
:10CC3000D2B253F8222052682700BFB277433A4459
:10CC40001279002A24D00A00D2B253F82220526866
:10CC50002700BFB277433A441279012A1ED10A0055
:10CC6000D2B253F8222052682700BFB277433A4429
:10CC7000D278012A12D10A00D2B253F82220526887
:10CC800023009BB206FB03F63244127B002A05D137
:10CC9000002203009BB21B01EA5404E001220300BE
:10CCA0009BB21B01EA54F0BC70470000D82D402015
:10CCB0006C274020682740202DE9FC47040001F044
:10CCC000DFF88DF800009DF800709DF8001000203E
:10CCD000FFF799FA80464046C0B2002841D12000B3
:10CCE000FFF7B8FA80464046C0B2002839D1DFF8D5
:10CCF000C0923900C9B29DF8000059F82000FFF732
:10CD000001FE05002800C0B2002824D19DF80000D3
:10CD100059F82090DFF89CA29DF800004AF8209076
:10CD20009DF80000FFF7BBFD9DF80000FFF774FDC4
:10CD30003900C9B29DF800005AF82000006800F0E0
:10CD400083FE06003000C0B201280AD12B2100204A
:10CD5000FFF73EFA05E0012080460E210020FFF794
:10CD60002BFA4046C0B2002806D19DF800200021D1
:10CD70004046C0B2FFF749FBBDE8F3877C2740205F
:10CD80007CB504000D00012601F07AF88DF8000052
:10CD90009DF80020210089B20C20FFF7B3FC002889
:10CDA00014D129000C20FFF763FA00280ED12000CF
:10CDB00080B2FFF7FAFB002808D1DFF8F00121006C
:10CDC00089B2090108448560002006003000C0B225
:10CDD00076BD2DE9FC4101F053F88DF800009DF877
:10CDE00000609DF800100120FFF70DFA07003800E1
:10CDF000C0B200282ED1DFF8BC813100C9B29DF845
:10CE0000000058F82000FFF77DFD05002800C0B2A3
:10CE100000281BD19DF80000FFF793FB07003800A6
:10CE2000C0B2002816D19DF8000000F03DFE0400BD
:10CE30002000C0B2012803D12B210120FFF7C8F93F
:10CE400000209DF8001048F8210003E00E21012089
:10CE5000FFF7B2F99DF8002001213800C0B2FFF7BA
:10CE6000D4FABDE8F381F8B504000025002601F0EE
:10CE700007F88DF800009DF80020210089B20220FB
:10CE8000FFF740FC002831D14A4F9DF8000057F8C9
:10CE90002000C068210089B230F8110005009DF81B
:10CEA0000010200080B2FFF795FB00281ED19DF8EE
:10CEB0000030220092B207210220FFF771FA002809
:10CEC00014D19DF8000057F8200041682A0092B262
:10CED0003020424301EB0200807806009DF80020DC
:10CEE0003100C9B2200080B2FFF72CFDF1BD7CB546
:10CEF00004000D00012601208DF8000000F0C0FFA5
:10CF00008DF801009DF80120210089B20420FFF76F
:10CF1000F9FB002827D129000420FFF7A9F90028F0
:10CF200021D19DF80120210089B20420FFF7A2FB46
:10CF3000002818D19DF801306A462900200080B2EF
:10CF400000F0F0FE06003000C0B2002803D09DF8CB
:10CF50000000002807D19DF801209DF80010200056
:10CF600080B2FFF758FD3000C0B276BD1CB504009A
:10CF700000F086FF8DF800009DF80020210089B2A6
:10CF80000720FFF7BFFB00280FD19DF800202100EC
:10CF900089B20720FFF70FFC002806D101200349C2
:10CFA000220092B212011144887013BD6C274020F8
:10CFB0001419440068274020F8B504000D0016003D
:10CFC0001F0000F062FF01000E4820F811400E48DB
:10CFD00045540E4846540E4847540020F2BDF8B55B
:10CFE00004000D0016001F0000F04FFF010009486B
:10CFF00020F811400848455408484654084847540A
:10D000000020F2BD60404020484040204C4040207D
:10D01000504040206840402054404020584040202C
:10D020005C404020EFF310807047000070B500F0C6
:10D030002CFF0500DFF8F46256F82500002809D11E
:10D04000FFF7F0FF0400E00700D472B6DFF8E40257
:10D0500040F8254056F82500401C46F8250070BDD4
:10D0600080B500F012FFDFF8C41251F82020521EE4
:10D0700041F82020DFF8BC2252F82020D20704D447
:10D0800051F82010002900D162B601BD70B500F042
:10D09000FCFE0500DFF8986256F82500002809D14B
:10D0A000FFF7C0FF0400E00700D472B6DFF8880283
:10D0B00040F8254056F82500401C46F8250070BD74
:10D0C00080B500F0E2FEDFF8681251F82020521E11
:10D0D00041F82020DFF8602252F82020D20704D443
:10D0E00051F82010002900D162B601BD70B500F0E2
:10D0F000CCFE0500DFF8786256F82500002809D13B
:10D10000FFF790FF0400E00700D472B6DFF82403B5
:10D1100040F8254056F82500401C46F8250070BD13
:10D1200080B500F0B2FEDFF8481251F82020521E00
:10D1300041F82020DFF8FC2252F82020D20704D446
:10D1400051F82010002900D162B601BD70B500F081
:10D150009CFE0500DFF86C6356F82500002809D115
:10D16000FFF760FF0400E00700D472B6DFF8600349
:10D1700040F8254056F82500401C46F8250070BDB3
:10D1800080B500F082FEDFF83C1351F82020521EDB
:10D1900041F82020DFF8382352F82020D20704D4A9
:10D1A00051F82010002900D162B601BD70B500F021
:10D1B0006CFE0500DFF8106356F82500002809D141
:10D1C000FFF730FF0400E00700D472B6DFF8040375
:10D1D00040F8254056F82500401C46F8250070BD53
:10D1E00080B500F052FEDFF8E01251F82020521E08
:10D1F00041F82020DFF8DC2252F82020D20704D4A6
:10D2000051F82010002900D162B601BD70B500F0C0
:10D210003CFE0500DFF8B46256F82500002809D16D
:10D22000FFF700FF0400E00700D472B6DFF8B00299
:10D2300040F8254056F82500401C46F8250070BDF2
:10D2400080B500F022FEDFF8841251F82020521E33
:10D2500041F82020DFF8882252F82020D20704D499
:10D2600051F82010002900D162B601BD70B500F060
:10D270000CFE0500DFF8606256F82500002809D191
:10D28000FFF7D0FE0400E00700D472B6DFF85402C6
:10D2900040F8254056F82500401C46F8250070BD92
:10D2A00080B500F0F2FDDFF8301251F82020521E58
:10D2B00041F82020DFF82C2252F82020D20704D495
:10D2C00051F82010002900D162B601BD70B500F000
:10D2D000DCFD0500DFF8046256F82500002809D1BE
:10D2E000FFF7A0FE0400E00700D472B6DFF8F801F3
:10D2F00040F8254056F82500401C46F8250070BD32
:10D3000080B500F0C2FDDFF8D41151F82020521E84
:10D3100041F82020DFF8D02152F82020D20704D491
:10D3200051F82010002900D162B601BDE84040202C
:10D3300008414020D8404020F840402070B500F01F
:10D34000A4FD0500DFF8A46156F82500002809D1E6
:10D35000FFF768FE0400E00700D472B6DFF894011E
:10D3600040F8254056F82500401C46F8250070BDC1
:10D370002841402080B500F088FDDFF8701151F899
:10D380002020521E41F82020DFF8682152F820208A
:10D39000D20704D451F82010002900D162B601BD93
:10D3A00070B500F072FD0500DFF8446156F8250005
:10D3B000002809D1FFF736FE0400E00700D472B65A
:10D3C000DFF8380140F8254056F82500401C46F8A3
:10D3D000250070BD80B500F058FDDFF8141151F83C
:10D3E0002020521E41F82020DFF8102152F8202082
:10D3F000D20704D451F82010002900D162B601BD33
:10D4000070B500F042FD0500DFF8EC6056F825002D
:10D41000002809D1FFF706FE0400E00700D472B629
:10D42000DFF8E00040F8254056F82500401C46F89B
:10D43000250070BD1841402080B500F026FDDFF8C2
:10D44000B81051F82020521E41F82020DFF8B420F7
:10D4500052F82020D20704D451F82010002900D11E
:10D4600062B601BD70B500F010FD0500DFF89060F8
:10D4700056F82500002809D1FFF7D4FD0400E00785
:10D4800000D472B6DFF8800040F8254056F8250039
:10D49000401C46F8250070BD80B500F0F6FCDFF8B2
:10D4A000601051F82020521E41F82020DFF858204B
:10D4B00052F82020D20704D451F82010002900D1BE
:10D4C00062B601BD4841402068414020884140206B
:10D4D0003841402058414020A8414020C8414020C8
:10D4E0007841402098414020B8414020E841402008
:10D4F00008424020D841402028424020F8414020A6
:10D500004842402018424020384240202DE9F04156
:10D5100004000D0000265FF00008FFF787FDDFF82C
:10D5200054092100C9B230F83170390089B202299A
:10D5300005DA00212200D2B220F8321024E0691C62
:10D540000E0031003A0089B292B2914213D221000A
:10D55000C9B200EBC101320092B22300DBB200EB92
:10D56000C303B4461FFA8CFC03EB4C035B8821F821
:10D570001230761CE5E72100C9B230F83110491E9F
:10D580002200D2B220F83210FFF76AFDBDE8F08128
:10D59000F0B4DFF8E4481D00EDB254F82550ED6812
:10D5A0000E00B6B235F816501E00F6B254F82640FA
:10D5B00066682F00BFB23024674306EB07040026DD
:10D5C0003700FFB2032F07D20027B4465FFA8CFC66
:10D5D00042F82C70761CF3E700273E00F6B2032ECB
:10D5E0000BD23E00F6B204EB8606366ABC465FFA02
:10D5F0008CFC42F82C607F1CEFE7F0BC70472DE9F3
:10D60000FE4F04000D0016001F00DFF86C08390003
:10D61000C9B250F82110C9682A0092B231F81280BC
:10D6200030213A00D2B250F82220526843469BB2D1
:10D630004B431A4492F802903A00D2B250F822209A
:10D6400012684B46DBB21A4492F808A03A00D2B2F4
:10D6500050F822004068424692B201FB02F100EB12
:10D66000010BBBF81600ADF800000020ADF8080073
:10D6700000208DF8040000208DF8050000208DF8B2
:10D68000060001AB3200D2B2BDF800105046C0B265
:10D6900001F0CCFA200001A90622F0F7D1FABDE88A
:10D6A000F78F2DE9FA4F87B004001500129EDFF8BE
:10D6B000C8172800C0B251F82000C068220092B2FA
:10D6C00030F81200ADF808002800C0B251F8200070
:10D6D0004268BDF808303020434302EB030898F855
:10D6E00002008DF800002800C0B251F82000006848
:10D6F0009DF800201044007A8DF801002800C0B287
:10D7000051F8200000689DF8001050F821905FF05B
:10D71000000A5FF0010B98F814008DF806002B004A
:10D72000DBB29DF81C20210089B203A8FFF767FF38
:10D730009DF80D0001286ED10020070038009DF8EB
:10D740000610C0B2884268D2D8F810003900C9B2B9
:10D7500030F81100ADF80400D9F83C10BDF80420F1
:10D7600003204243885C9DF80C1088421BD005AB17
:10D770009DF81C20D9F83C10BDF804C0032000FB24
:10D780000CFC11F80C109DF8010001F04FFA9DF807
:10D790001500002802D1012082463EE0BDF81800A5
:10D7A000ADF8020003E0BDF81000ADF8020098F8F3
:10D7B0001D00012822D12B00DBB2BDF804209DF80A
:10D7C0000010BDF8020000F0BCFA3070307800287C
:10D7D0000CD10120DFF8A416220092B212011144EC
:10D7E0000873012082460020834607E00020DFF80E
:10D7F0008C16220092B21201114408735846C0B22E
:10D80000002806D0BDF8020008993A00D2B221F8EB
:10D8100012007F1C92E7012082465046C0B209B038
:10D82000BDE8F08F2DE9F24F82B0040015001E0014
:10D8300000208DF80600002700200090DFF8381641
:10D840003000C0B251F82000C068220092B230F817
:10D8500012803000C0B251F82000426843469BB2AB
:10D860003020434302EB030999F802008DF80500CC
:10D870003000C0B251F8200000689DF8051008443F
:10D8800090F808A05046C0B201F072F9834699F8AA
:10D8900005008DF804009DF80400002802D15FEA1D
:10D8A000CB7006D49DF80400012804D15FEA4B70C8
:10D8B00001D5012007003800C0B200280AD0009529
:10D8C000029B3200D2B29DF80410200080B2FFF714
:10D8D000E8FE00E00120C0B2BDE8FE8F2DE9F04176
:10D8E00004000D001600DFF890053100C9B250F8B1
:10D8F000210000682100C9B20844077AE86A00786C
:10D90000012806D1E86A427801213800C0B201F04E
:10D91000A9FAE86A10F1020841463800C0B201F0E5
:10D9200083FABDE8F0812DE9FF4105000E001700E4
:10D9300098460A9C3200D2B241462800C0B2FFF796
:10D94000CDFF3300DBB26A46390089B22800C0B28D
:10D95000FFF71EFE002269462000C0B201F0B3F8B6
:10D9600098F804102000C0B201F052FB0121200001
:10D97000C0B201F00AF998F81A00002804D1012178
:10D980002000C0B201F01EFA00212000C0B201F058
:10D99000CBF8BDE8FF812DE9F34F81B004001500FD
:10D9A000DFF8D4642800C0B256F82000C068BDF883
:10D9B000081030F811702800C0B256F82000006836
:10D9C0002100C9B2084490F808805FF030092800AF
:10D9D000C0B256F820004068390089B209FB01F155
:10D9E000084490F814A05FF0000B58465146C0B2AE
:10D9F000C9B2884226D22800C0B256F8200040683A
:10DA0000390089B209FB01F1084400695946C9B2DD
:10DA100030F81100ADF800002800C0B256F8200020
:10DA200000682100C9B250F82100C16BBDF8002088
:10DA300003204243895C4046C0B201F0D3F81BF199
:10DA4000010BD2E7BDE8F78F2DE9F04104000D008E
:10DA50000020002600275FF000084046C0B20228E0
:10DA60001ED24046C0B2204490F84000012814D194
:10DA70004046C0B22044007A06004046C0B254F886
:10DA800020103000C0B200F0ACFE002801D0012010
:10DA900007003800C0B2002802D118F10108DCE705
:10DAA0003800C0B2BDE8F0812DE9F8430400002041
:10DAB000002500265FF0000900275FF000084046BF
:10DAC000C0B2022826D2DFF8B0032100C9B250F854
:10DAD000211009684246D2B2114491F84010012940
:10DAE00015D12100C9B250F8210000684146C9B2E1
:10DAF0000844007A05002800C0B200F048FF002862
:10DB000001D0012007003800C0B2002802D118F16E
:10DB10000108D4E70021DFF860030A002300DBB22C
:10DB200050F823301B8992B29A421AD22200D2B204
:10DB300050F8220042680B009BB230204343D05A79
:10DB40000600DFF83803002233009BB21B010344B8
:10DB50009A60002233009BB21B0118448270491C5A
:10DB6000D9E73800C0B2BDE8F2832DE9F8430400DC
:10DB70000D0000275FF00008DFF8FC122800C0B29B
:10DB800051F8200000682200D2B2104490F80890AA
:10DB9000DFF8E0222000C0B232F83000002833D095
:10DBA0002000C0B202EBC000408807002800C0B2CD
:10DBB00051F82000C0683A0092B230F81200804656
:10DBC0002800C0B251F820004168424692B230208D
:10DBD000424301EB02000600DFF8A002390089B2DF
:10DBE00009010844007B012802D1307900280BD0BC
:10DBF0004846C0B2009033003A0092B22900C9B240
:10DC00002000C0B2FFF78FFEBDE8F1832DE9F74F8A
:10DC100004001D00002698482900C9B250F82110C0
:10DC2000C968220092B231F81210ADF80210290032
:10DC3000C9B250F821004168BDF8022030204243AB
:10DC400001EB0207B8788DF801005FF000085FF083
:10DC500000095FF0000A5FF0000BB87E01281FD1B9
:10DC6000787900280ED1F87900280BD1200081495D
:10DC70009DF8012001EBC201498880B2884201D0A1
:10DC8000012006003000C0B2002847D12B00DBB2D3
:10DC9000029A0199200080B2FFF7C4FD06003DE022
:10DCA000387D8DF800007549200080B20001085CC5
:10DCB000012802D10120060030E0200080B20001DE
:10DCC00008448088401E8346200080B2000108443A
:10DCD0008088002802D1F889401E8346200080B247
:10DCE000000108448068594689B200EB4100814632
:10DCF000F88982460020804640469DF80010C0B258
:10DD000088420BD2B9F8000001994246D2B221F8FC
:10DD1000120009EB4A0918F10108EDE73000C0B222
:10DD2000BDE8FE8FF8B504000D0016001F003B0093
:10DD3000DBB232002900200080B2FFF767FFC0B2DB
:10DD4000F2BD2DE9F04F04004B481D00EDB250F834
:10DD5000250000680D00EDB200EB8500C5681600D7
:10DD6000B6B20C20464305EB0600851D002095F851
:10DD70000180AE886F885FF0010C4FF6FF7EA146F0
:10DD8000F2461FFA8AFA5AFA0CFA1AEA0909C24646
:10DD90005FFA8AFABAF1000F0CD0BAF1020F21D063
:10DDA0000CD3BAF1040F3DD030D3BAF1060F51D0E5
:10DDB00044D35BE05FF0010A504657E0B246CB46E1
:10DDC0001FFA8AFA1FFA8BFBDA450AD2BA46CB460B
:10DDD0001FFA8AFA1FFA8BFBDA4502D35FF0010AB9
:10DDE000504643E0BA46CB461FFA8AFA1FFA8BFB2D
:10DDF000DA4507D3B246CB461FFA8AFA1FFA8BFBE5
:10DE0000DA4502D35FF0010A50462FE0BA46CB460E
:10DE10001FFA8AFA1FFA8BFBDA4502D35FF0010A78
:10DE2000504623E0B246CB461FFA8AFA1FFA8BFB14
:10DE3000DA4502D25FF0010A504617E0BA46CB46F7
:10DE40001FFA8AFA1FFA8BFBDA4502D25FF0010A49
:10DE500050460BE0B246CB461FFA8AFA1FFA8BFBFC
:10DE6000DA4502D35FF0010A5046FFE7C0B2BDE8D1
:10DE7000F08F00007C274020682740206C2740203E
:10DE80000020C0B27047FEE77047BC48006810F041
:10DE900003007047000000002DE9F04F85B000201E
:10DEA0000190FFF7F2FF8DF8000000208DF80100CF
:10DEB00000219DF80000002803D0022805D003D3DC
:10DEC00004E00120019003E002E001E00020019065
:10DED0000022F02A08D2AA4B33F8124001980443DA
:10DEE00023F81240521CF4E7A648036853F4700369
:10DEF0000360BFF34F8FBFF36F8FA34B00201860F9
:10DF0000A24CA3482060A3485860A3486060A3487F
:10DF10009860A34DA560A34DDD60A34DE5605FF063
:10DF2000D8551D61A14D2561A14D5D61A14D656172
:10DF3000A14D9D61A14DA24E56EA4506A661A14D97
:10DF4000DD61A14DA14E55EA4606E661A04E1E6276
:10DF5000A04E55EA460525625FF080455D629E4D04
:10DF600065629E4D9D620025A5625FF0CE45DD6233
:10DF70009B4DE5625FF0D0451D639A4D25635FF0D0
:10DF800060455D63984D656310F5800098630020DF
:10DF9000A063BFF34F8FBFF36F8F944D286880034A
:10DFA00002D42868C0037BD500275FF0000E5FF025
:10DFB000000B8F4E00203060BFF34F8FDFF834929C
:10DFC000D9F8000002900298C0F34E30029FC7F3C8
:10DFD000C907BB46884F43F6E07C1CEA401E5EEA58
:10DFE0008B7EC7F800E0BFF34F8FDE46BEF1010B1A
:10DFF000BEF1000FEED18646BEF10100BEF1000F6A
:10E00000E4D1D6F800E05EF0010EC6F800E0DFF8DB
:10E01000ECE15FF00008CEF80080BFF34F8F5FF0B7
:10E02000000ACDF810A05FF0000ACDF80CA05FF058
:10E0300000085FF0000AC6F800A0BFF34F8FD9F8C0
:10E040000090C9F34E3AC9F3C90080461CEA4A1051
:10E0500050EA88703860BFF34F8F4046B0F1010836
:10E060000028F3D15046B0F1010A0028EBD1306806
:10E0700050F0010030600020CEF80000BFF34F8F59
:10E08000286830F400302860BFF34F8FBFF36F8FE4
:10E09000286830F480302860BFF34F8FBFF36F8F54
:10E0A00000263000C0B20F2818D23000C0B254F899
:10E0B0002000C00710D50800C0B2514F38603000B2
:10E0C000C0B253F820004F4F38603000C0B254F84F
:10E0D00020004D4F3860491C761CE2E74B4803682E
:10E0E00053F003030360BFF34F8FBFF36F8F002024
:10E0F0005FF0000C002300243D4F3C60BFF34F8FC6
:10E100003C4C2468C4F34E37C4F3C900030043F603
:10E11000E07010EA471050EA8370DFF8F4C0CCF8E2
:10E120000000BFF34F8F1800431E0028EFD13800C6
:10E13000471E0028E8D1BFF34F8F286850F4803085
:10E140002860BFF34F8FBFF36F8FBFF34F8FBFF3C5
:10E150006F8F0020DFF8A4C0CCF80000BFF34F8F12
:10E16000BFF36F8F286850F400302860BFF34F8FE3
:10E17000BFF36F8F05B0BDE8F08F000004002640AC
:10E180008008264088ED00E0502640208C26402064
:10E190003F000410000000001F00080300C0410001
:10E1A00027000B070000001023000B1619000B16A8
:10E1B0000000002021000803000040200D000000A6
:10E1C00001000B030040402001000C130D00000073
:10E1D000007C4020090000002DC0041300006040B6
:10E1E0001300041335000B032700041314ED00E0A3
:10E1F00084ED00E080ED00E074EF00E050EF00E01F
:10E2000098ED00E09CED00E0A0ED00E094ED00E072
:10E2100060EF00E00021DFF8942A52F82020136814
:10E220005B085B00136070470021DFF8802A52F81A
:10E230002020136853F0010313607047D0F89C232B
:10E2400032F4C0220B00DBB2002B01D0032300E02C
:10E2500000235B0413F4C0231A43C0F89C237047C7
:10E26000F0B40024DFF8445A55F820501600B6B236
:10E27000DFF83C7A17EA06471E00B6B27604760C41
:10E280003E430F00FFB205EB87073E66F0BC7047C8
:10E2900010B4DFF8182A52F8202000230C00E4B252
:10E2A00002EB8404C4F8B03210BC704730B40100F3
:10E2B000DFF8F80950F82120D2F8A0331C00640FD1
:10E2C00014F00304DFF8EC092500EDB2405DC0B2A4
:10E2D00030BC704770B504000D00DFF8DC6906EB58
:10E2E000C400C078002804D12000FFF7DFFF02003F
:10E2F00000E00F2206EBC4004078012807D14FF65A
:10E30000FF71D2F11000814011EA05000CE04FF6D8
:10E31000FF71D2F10F0081404904490C11EA050058
:10E3200080B2D2F10F03184180B270BD70B4010009
:10E33000002400200025DFF8742952F821205368BA
:10E340001E00F60F50EA46101E00360E16F00106AB
:10E3500050EA86101E00F60D16F0010650EA06205F
:10E360001E00360D16F0010650EAC610DFF84C69A3
:10E3700016F82160760705D51C00240C14F0010462
:10E3800050EA44201C00640914F0010450EA84207F
:10E3900070BC704770B40200002000250026DFF832
:10E3A0000C1951F822301C692100490811F00101B3
:10E3B00050EA410014F0010108432100C90811F09E
:10E3C000010150EAC1002100890811F0010150EA61
:10E3D0008100DFF8E81811F82210490705D521005F
:10E3E000090911F0010150EA011070BC7047C0B278
:10E3F000400010F0060070472DE9F84305000E00BC
:10E4000017003C0034F000543078400710F0005002
:10E41000044334F00604F078FFF7E9FF804658EA39
:10E42000040838F0200800222021B07C00F0D3F945
:10E43000814659EA080929F0004900225FF00041AD
:10E44000F07C00F0C8F9010051EA090131F0804187
:10E45000307D800710F080400143DFF8600810F83D
:10E46000250040070FD531F44031B079012802D0A2
:10E47000022803D007E051F4003104E051F4803168
:10E4800051F40031FFE7F079012802D0022805D0CD
:10E4900009E031F4800151F4800104E031F4C0015D
:10E4A00051F4C001FFE731F08061307A022802D1D7
:10E4B0005FF0806000E000200143307A002816D031
:10E4C00031F000610C0000225FF00061707A00F012
:10E4D00082F9804658EA040838F0007800225FF09C
:10E4E0000071B07A00F077F9010051EA080131F4C7
:10E4F00000610C0000224FF40061707E00F06BF9A7
:10E50000204330F4C060B17E490211F4C061084379
:10E51000BDE8F2832DE9F24F8EB0040015000C2205
:10E5200000210BA8FDF73DFE0C22002108A8FDF7F5
:10E5300038FE0C22002105A8FDF733FE0C22002135
:10E5400002A8FDF72EFE5FF000085FF000094846C4
:10E550002900C0B2C9B2884234D20E994A46D2B21A
:10E560000320424301EB020007003878400906000F
:10E57000387810F01F0001905FF0010A0DF1140BC4
:10E580005BF826000090002201991AFA01F1B87890
:10E5900000F021F9009908434BF826000DF1080B13
:10E5A0005BF826000090002201981AFA00FA514602
:10E5B000787800F010F9009908434BF8260019F11B
:10E5C0000109C4E700200100DFF89428125DC9B2F8
:10E5D000914230D2DFF8D41651F8241088460BA9A6
:10E5E0000200D2B251F822100200D2B208EB82022D
:10E5F000516208A90200D2B251F822100200D2B230
:10E6000008EB8202C2F8E01205A90200D2B251F86A
:10E6100022100200D2B208EB8202516402A9020069
:10E62000D2B251F822100200D2B208EB8202C2F834
:10E630008410401CC7E70FB0BDE8F08F2DE9F04112
:10E64000040000210022DFF8640650F8245004265C
:10E6500000200100DFF86C28125DC9B2914210D28F
:10E6600000210200D2B205EB8202C2F8E0125FF094
:10E67000FF310200D2B205EB8202C2F8F012401C58
:10E68000E7E75FF0000840463100C0B2C9B28842F7
:10E690000AD200234FF6FF724146C9B22000FFF7AD
:10E6A000DFFD18F10108EEE700273800C0B20328AB
:10E6B00018D2DFF80C080C2101FB04F108443900E2
:10E6C000C9B2890850F82100FF21FA0012F018029F
:10E6D0009140084204D03900C9B22000FFF7D8FDAC
:10E6E0007F1CE2E7BDE8F08110B50400200000289F
:10E6F00000D0A04710BD2DE9F04704005FF0000EE8
:10E7000000220023002500265FF0000CDFF89C05A6
:10E7100050F8247017F1100817F13009D7F820A02D
:10E72000DFF8941511F83400002810D0D8F8000054
:10E7300010F001001AF00102104212D00120C8F8B6
:10E74000000001EBC4004068FFF7CEFF09E0D8F8F5
:10E7500000000500C8F80050D9F800000600C9F80C
:10E760000060BDE8F08730B40023DFF8402552F8A0
:10E77000204000221300DFF8E8562D5CDBB2AB42EC
:10E780000BD21300DBB251F823301500EDB204EBCD
:10E790008505C5F8A430521CECE730BC704730B496
:10E7A0000023DFF8082552F8204000221300DFF88C
:10E7B000B0562D5CDBB2AB420BD21300DBB251F88A
:10E7C00023301500EDB204EB8505C5F8B430521CBA
:10E7D000ECE730BC7047C0B2012800D0110008003F
:10E7E00070472DE9F04F85B004000D0000208DF832
:10E7F00008000020019000200390002000905FF0AE
:10E8000000095FF0000A5FF0000BDFF8A00450F889
:10E810002460370016F1C800039016F14000009004
:10E8200016F1C400049016F180000190002201212D
:10E83000200000F049FB386830F4003038602000D8
:10E8400000F07FFA80464046C0B2002840F09A802F
:10E850003A6829002000FFF7CFFD3860DFF85894B0
:10E86000287D09EBC4014870200000F029FA804699
:10E870004046C0B2002840F08580A879022803D124
:10E88000386850F48030386069793000FFF7D6FC82
:10E8900015F10B01200000F0C7FA287E03990860EB
:10E8A000DFF8180410F82400C00702D5E88A04999C
:10E8B000086015F120012000FFF755FF15F12C012C
:10E8C0002000FFF76CFF6978200000F012F9009833
:10E8D00000688008800000990860A87F00280AD09E
:10E8E00000980068E97F490011F00201084350F0E8
:10E8F000010000990860E86B002809D095F83800FD
:10E90000002805D095F83820E96B2000FFF702FEBB
:10E91000019800684008400001990860A87B002821
:10E9200001D0012000E000200199096810F00100E9
:10E93000084301990860EA7B0021200000F021FBD8
:10E940002A7C0121200000F01CFB6A7C02212000AF
:10E9500000F017FB286C09EBC4014860A87809EBAC
:10E96000C401C870287909EBC4018870E87EA98BBE
:10E97000DFF8E42612EA01421043C6F8A80301209A
:10E9800009F834004046C0B205B0BDE8F08F2DE96B
:10E99000F84191B00400002500208DF8000000200F
:10E9A0008DF8030001208DF8040000208DF805008B
:10E9B00000208DF8060000208DF8070000208DF85B
:10E9C000080000208DF8090000208DF80A000026BC
:10E9D000DFF8F074385D864209D21620694631446A
:10E9E000C872002069463144C873761CF0E70020E5
:10E9F0008DF80E0000208DF8120000208DF8130015
:10EA000000208DF814000020ADF8160000208DF8CD
:10EA1000180000208DF8190000208DF81A00002041
:10EA20008DF81B000020ADF81C0000208DF81E00A2
:10EA300000208DF81F0000208DF8380000200F9076
:10EA40000020109069462000FFF7CBFE804640462C
:10EA5000C0B2002832D1954850F8240005000020AB
:10EA60000600385D864213D2002005EB860148621D
:10EA70005FF0FF3005EB86014861002005EB860161
:10EA80004864002005EB8601C1F88400761CE8E7A5
:10EA90002000FFF7D3FD002068631F21200000F055
:10EAA00074F80121200000F024F80020DFF85C1544
:10EAB00001F83400200000F044F980464046C0B21E
:10EAC00012B0BDE8F08170B504000D0016003000F2
:10EAD000C0B2002802D0012805D009E0290020009A
:10EAE000FFF741FE04E029002000FFF758FEFFE792
:10EAF00070BD2DE9F04704000F00002500266B488B
:10EB000050F8249019F5687AFEF77AFCDAF800805C
:10EB100028F060483800C0B258EA4078CAF800804F
:10EB2000FEF78AFCBDE8F0872DE9F84304000D00EC
:10EB30005FF000095FF00008DFF8200550F824605E
:10EB40003700FEF7D3FA2800C0B2002802D001280F
:10EB500005D009E0386850F08070386004E038680B
:10EB600050F480103860FFE7FEF7DAFABDE8F18371
:10EB700070B5040000252000FFF7D8FB06002E43E7
:10EB80002000FFF707FC304370BDF0B400250023E0
:10EB90000024464A52F8206016F110070A00520875
:10EBA00012F0010255EA420511F0010215430A0074
:10EBB000D20812F0010255EAC2050A00920812F0CA
:10EBC000010255EA8205DFF8982412F82020520746
:10EBD00005D50A00120912F0010255EA02153D603E
:10EBE000F0BC70472DE9F04704000D00002600201E
:10EBF0002F007F0915F01F08DFF8601451F82490EA
:10EC000009EB8501D1F800A15FEA0A310AD5514626
:10EC10002000FFF75FFB0600012010FA08F009EB67
:10EC200087014861300080B2BDE8F0872DE9F84FD8
:10EC300004000D0016001F0000200021A8465FEA16
:10EC4000581815F01F0200920022BA803D70002271
:10EC50007A700022BA70DFF8042452F8249009EB8D
:10EC60008502D2F800A109EB880212F1140B3200E0
:10EC7000D2B2120412F440321AF440339A420ED146
:10EC80005046C00C10F0010078705046800C10F017
:10EC90000100B87051462000FFF71CFBB88001212D
:10ECA00000988140CBF80010BDE8F18FDC414400B2
:10ECB0000000FF7F2CEB43008C274020FC414400E8
:10ECC0002DE9FE4F04000025002600275FF0000814
:10ECD000012142F2107000F000FA8146012000F09C
:10ECE000D1F900905FF0000ADFF8700350F82400BB
:10ECF00002900298001D01900198D0F800B01BF01E
:10ED0000070BFEF723FA2000FFF784FAFEF738FA24
:10ED1000BB450ED0CA450CD20198006810F0070020
:10ED200083460121684600F0C1F910EB0A008246D3
:10ED3000EEE7CA4501D3022005002800C0B2BDE8B5
:10ED4000FE8F2DE9FE4F04000025002601275FF00D
:10ED50000008012142F2107000F0BFF98146012045
:10ED600000F090F900905FF0000ADFF8F00250F830
:10ED7000240002900298001D01900198D0F800B084
:10ED80001BF0070BFEF712FA2000FFF74DFAFEF713
:10ED900027FABB450ED0CA450CD20198006810F086
:10EDA000070083460121684600F080F910EB0A0055
:10EDB0008246EEE7CA4501D3022006003000C0B209
:10EDC000BDE8FE8F2DE9F04104000D0000265FF044
:10EDD000000815F0010050EA0808DFF8800250F83A
:10EDE0002470FEF7ABFA386A58EA00003862FEF782
:10EDF000C1FABDE8F0812DE9F04104000D000026C4
:10EE00005FF0000815F0010050EA0808DFF84C0236
:10EE100050F82470FEF7C4FA386A30EA0800386205
:10EE2000FEF7D8FABDE8F08130B40022DFF82C32CA
:10EE300053F8203000242200224D2D5CD2B2AA4289
:10EE40000AD22200D2B28A5C2500EDB203EB85051E
:10EE5000C5F89420641CEEE730BC70470000000049
:10EE6000446944002DE9F04704000D001600002716
:10EE70005FF00008DFF8E40150F82490CA46FEF77E
:10EE8000C5F9DAF8000030F46060CAF80000280024
:10EE9000C0B2002801D0012000E00020DAF8001004
:10EEA000C00210F4006008433100C9B2490211F4F5
:10EEB000C0610843CAF80000FEF7C2F9BDE8F08758
:10EEC000E4414400446944002DE9F04F85B004005A
:10EED0000D0016005FF0000A002000905FF0000BAC
:10EEE000012142F2107000F0F8F80700012000F054
:10EEF000C9F803905FF000085FF00009DFF85C01DB
:10EF000050F824000290029800900298001D04908E
:10EF1000FEF7ACF93000C0B2002805D100980068B7
:10EF200030F08070009908600098006850F0800010
:10EF300000990860FEF7B4F92800C0B200281BD081
:10EF40000498006810F0807001900198B0F1807F03
:10EF50000ED1B8450CD20498006810F08070019072
:10EF6000012103A800F0A2F810EB08008046ECE7AE
:10EF7000B84501D3022081464846C0B205B0BDE87D
:10EF8000F08F2DE9F84304000D0016000021002049
:10EF9000DFF8C82052F8248018F18009DFF8C0207B
:10EFA00012F8242092072ED5FEF75CFAD9F800005B
:10EFB00007002800C0B2002803D0022815D00AD3C9
:10EFC0001DE037F0020738003700FFB27F0017F06E
:10EFD0000207074313E037F0080738003700FFB295
:10EFE000FF0017F00807074309E037F02007380053
:10EFF0003700FFB27F0117F020070743FFE7C9F88A
:10F000000070FEF749FABDE8F18300008C2740202C
:10F010002DE9F84304000D005FF000095FF00008DF
:10F020000E4850F824603700FEF750F92800C0B2AF
:10F03000002802D0012805D009E0386830F00050DF
:10F04000386004E0386850F000503860FFE7FEF7A1
:10F0500057F9BDE8F18300000000FF03DC414400E4
:10F06000FC414400002070470100012070477047B8
:10F0700010B50400002C02D00020FCF7E1FEFCF7E4
:10F08000F2FE10BD38B5040000252000C0B20028F3
:10F0900002D0012804D007E0FFF7E4FF050003E0F9
:10F0A000FCF7F4FE0500FFE7280032BD70B5040050
:10F0B0000D0000262800C0B2002802D0012805D08B
:10F0C00009E02000FFF7D0FF060004E02000FCF775
:10F0D000E2FE0600FFE7300070BD70B504000D00D1
:10F0E00000262800C0B2002802D0012805D009E07F
:10F0F0002000FFF7BCFF060004E02000FCF7E0FE64
:10F100000600FFE7300070BD2DE9F54F87B00C0019
:10F110001D00DFF820252800C0B252F82000C0688A
:10F12000210089B230F81100ADF808000020002657
:10F13000002100272B00DBB252F823301B689DF81A
:10F140001CC063441B7A8DF806302B00DBB252F8EA
:10F1500023301B689DF81CC053F82C3005932B00FE
:10F16000DBB252F823205368BDF808C0302202FBFE
:10F170000CFC03EB0C0898F807208DF8052098F894
:10F1800014208DF80720D8F810200692DFF8A894F4
:10F19000220092B212014A44926823009BB21B01E2
:10F1A0004B449B8802EB430A5FF0000B58469DF8E6
:10F1B0000710C0B2884268D206985946C9B230F8E2
:10F1C000110006009DF80500002810D103AB98F847
:10F1D00005200598C16BB4461FFA8CFC032000FB88
:10F1E0000CFC11F80C109DF80600FFF71FFD9DF8B0
:10F1F0000D00012840D198F81D0001282AD12B00CC
:10F20000DBB2320092B29DF81C10BDF81000FEF780
:10F2100098FD8DF804009DF8040001280BD1BDF87D
:10F22000100000905B46DBB2BDF8202051464046FE
:10F2300000F006FA22E00120210089B209014944C8
:10F2400048700120210089B2090149440873012056
:10F25000070013E0BDF8100000905B46DBB2BDF87C
:10F2600020205146404600F0EBF90020210089B2F1
:10F2700009014944087301E0012007003800C0B2C9
:10F28000012802D01BF1010B90E73800C0B209B091
:10F29000BDE8F08FF0B4030000240D88C879002881
:10F2A0000CD0DFF894032E00B6B236010644B688BF
:10F2B000761C2F00BFB23F0138448680DE482E0006
:10F2C000B6B236013044808880B2F0BC704770B46A
:10F2D0000300D84A0800C0B252F82000C0681C00E1
:10F2E000A4B230F814400020D34D1E00B6B236014F
:10F2F0003544AD78012D0FD10D00EDB252F8252027
:10F3000055682600B6B23022564305EB06029268D5
:10F31000002A01D001221000C0B270BC704738B57D
:10F3200004000D0000212000C0B2FEF7EFF8C34832
:10F330002100C9B230F83100002805D02900C9B237
:10F340002000C0B2FEF711FC31BD2DE9FE4F82B0A6
:10F3500005000E000E9CB7492000C0B251F82000F5
:10F36000C068320092B230F81200ADF802002000FE
:10F37000C0B251F8200000682A00D2B21044077AC7
:10F380002000C0B251F820004268BDF802303020A1
:10F39000434302EB03080020ADF800002000C0B298
:10F3A00051F82000006801905FF000095FF0000A4A
:10F3B000002241460198FFF76DFFADF80000DFF82D
:10F3C00078B20120310089B20901594448703000F7
:10F3D00080B200011BF80000012805D10220310095
:10F3E00089B209010BF80100BDF80000BDF80C104E
:10F3F000884244D30320310089B209010BF801008F
:10F4000098F80C00002834D198F80300012830D176
:10F4100001208246002201213800C0B2FFF754FDCE
:10F4200000282CD12200D2B2310089B22800C0B20B
:10F43000FEF7B1FA01213800C0B2FFF7DCFC012170
:10F440003800C0B2FFF7A1FB2100C9B22800C0B24A
:10F45000FFF765FF2100C9B2300080B2FFF737FF28
:10F4600081464846C0B2012809D1D8F80800804733
:10F4700005E00020310089B20901594488805046D6
:10F48000C0B200282BD12100C9B2300080B2FFF7F2
:10F490001EFF814698F80400002814D10320310093
:10F4A00089B209010BF801009DF8100000280AD16B
:10F4B00001213800C0B2FFF79EFC2100C9B228002C
:10F4C000C0B2FFF72CFF01213800C0B2FFF75DFB8F
:10F4D0004846C0B2012802D1D8F80800804705B0DC
:10F4E000BDE8F08F2DE9F24F82B004001500002036
:10F4F000ADF802000020ADF8040000208DF80000F7
:10F500004C4F2800C0B257F8200000682100C9B253
:10F510000844067A49482100C9B200EBC10040887E
:10F52000ADF804002800C0B257F82000C068BDF84C
:10F53000041030F811805FF0300B2800C0B257F88B
:10F5400020004068414689B20BFB01F10844B0F845
:10F550000E902B00DBB24A4692B2BDF80410200098
:10F56000C0B2FFF7D1FD82465046C0B2012816D185
:10F570002800C0B257F820004068414689B20BFB12
:10F5800001FB58440079002804D101213000C0B2A9
:10F59000FFF731FC01213000C0B2FFF7F6FA504608
:10F5A000C0B200280BD12448BDF804100901014461
:10F5B0008988491CBDF804201201104481805046FE
:10F5C000C0B200280CD12800C0B200909DF80830CD
:10F5D0004A4692B2BDF804102000C0B2FFF7B5FE53
:10F5E000BDE8F78F7CB50500FEF74AFC8DF80000FA
:10F5F00010489DF8001050F8210000682900C9B299
:10F60000084490F842603000C0B2FF2810D00B4888
:10F610003100C9B230F831000400200080B2002867
:10F6200006D09DF8002000213000C0B2FFF75AFF3D
:10F6300073BD0000682740206C2740207C274020B5
:10F6400070B4039C1E00F6B21500ADB26E4321F8F3
:10F65000164070BC704710B500242000C0B2FFF700
:10F66000C1FF10BD38B5040042F2E475002C01D092
:10F67000012000E00020C0B2FCF7C6FA00F007F855
:10F6800000F0C4FADFF844190C6080B232BDDFF834
:10F6900040090168096951F0010100680161704782
:10F6A0002DE9F04705000E0042F2E477B846DFF896
:10F6B000240901684968DFF820490C40002C08D073
:10F6C00001684968214000684160DFF8EC09078063
:10F6D00019E0DFF8E499B9F80000B84213D045F614
:10F6E000A52A280000F0D0F8504502D0A9F80070F3
:10F6F00009E03000C0B2012804D043F2CC30A9F8B0
:10F70000000000E0D046404680B2BDE8F08738B542
:10F7100004000D002B0022000421012000F008FF4E
:10F7200031BD0068704700887047007870472DE948
:10F73000F84304000D001600A84658EA040919F021
:10F74000030F08D1042E06D304272000FFF7E9FF9A
:10F75000C8F8000010E05FEAC97008D4022E06D392
:10F7600002272000FFF7DFFFA8F8000004E00127D0
:10F770002000FFF7DAFF28703800BDE8F2830200AE
:10F7800042F6B450002904D0002A02D045F6A52341
:10F79000180080B2704770B5040045F6A526350004
:10F7A00000F08CFADFF870090460200000F0E6FD3C
:10F7B000010089B2B14202D0DFF8FC18088080B2A3
:10F7C00070BD2DE9FE4F07000D001600B846B1468A
:10F7D0002C00002D01D0012000E00020C0B2FCF779
:10F7E00013FA002E01D0012000E00020C0B2FCF787
:10F7F0000BFA2900380000F06FFEC0B2FCF704FAE3
:10F80000DFF8B4A831002800FFF7B9FFAAF800001C
:10F8100045F6A52BBAF80000584531D14EF242709A
:10F82000AAF8000021004046FFF771FF4046FFF7AD
:10F83000B2FFADF80000BDF8000058450FD100F050
:10F84000E0FD220049464046FFF771FF019000F0BD
:10F85000E2FD01214046FFF723FFADF80000BDF8AF
:10F860000000584508D1019810EB08080198814420
:10F870000198241A002CD9D1002C01D1AAF800B08B
:10F88000BAF80000BDE8FE8F2DE9F843050042F20A
:10F89000E4784646DFF83C773868D0F80490B9F150
:10F8A000000F1ED5B5F1805F1BD3DFF8F409854248
:10F8B00017D200F01CF800280AD015F00300281A0F
:10F8C0000068040014F1010F04D045F6A52801E0FA
:10F8D00045F6A5283868406810F00040396848604F
:10F8E00001E045F6A528404680B2BDE8F283DFF886
:10F8F000B4090068006910F00100704770B5040099
:10F900000D00882C01D2012000E00020C0B2FCF7DD
:10F910007BF9200000F070F80600300042F2E4713C
:10F9200080B2884218D030004EF6B80180B28842CA
:10F9300003D145F6A52006000EE02900C9B220003B
:10F9400000F00FFC0600300045F6A52180B2884289
:10F9500002D1200000F003F8300080B270BD70B416
:10F9600008280CD2DFF868562968D1F84863DFF818
:10F970008C1909680E432968C1F848633AE0872862
:10F980000CD1DFF84C562968D1F85863DFF86C19B0
:10F9900009680E432968C1F858632BE0B0F10801EB
:10F9A0000A00110089090B0012F03F010C00202C05
:10F9B00010D2DFF81C56296801EB8301D1F85C6393
:10F9C000DFF8381909680E43296801EB8301C1F893
:10F9D0005C630FE0DFF8F855296801EB8301D1F88B
:10F9E0004063DFF8181909680E43296801EB8301A9
:10F9F000C1F8406370BC704738B50500882D01D24E
:10FA0000012000E00020C0B2FCF7FEF8882D02D3F0
:10FA100042F2E4700AE0280000F00AF80400002C2A
:10FA200002D14FF6222001E04EF6B80080B232BD7E
:10FA30002DE9F0410400DFF8C888200000F06EFBDB
:10FA4000C8F80000DFF8B4180122D8F8000082409E
:10FA50000A60082C05D2DFF84C080068D0F848038B
:10FA600021E0872C05D1DFF83C080068D0F8580366
:10FA700019E0B4F10800050028008009060015F01F
:10FA80003F000700202F07D2DFF81808006800EBBE
:10FA90008600D0F85C0306E0DFF80808006800EB99
:10FAA0008600D0F8400309680840BDE8F08170B5D1
:10FAB00004000D00882C01D2012000E00020C0B21B
:10FAC000FCF7A2F82000FFF797FF0600300042F293
:10FAD000E47180B2884218D030004FF6222180B203
:10FAE000884203D145F6A52006000EE02900C9B2E0
:10FAF000200000F036FB0600300045F6A52180B25C
:10FB0000884202D1200000F003F8300080B270BDBE
:10FB100070B408280CD2DFF8B8542968D1F84863CB
:10FB2000DFF8D81709688E432968C1F848633AE0BE
:10FB300087280CD1DFF898542968D1F85863DFF88A
:10FB4000BC1709688E432968C1F858632BE0B0F1EF
:10FB500008010A00110089090B0012F03F010C0096
:10FB6000202C10D2DFF86854296801EB8301D1F80A
:10FB70005C63DFF8881709688E43296801EB83010D
:10FB8000C1F85C630FE0DFF84854296801EB83019A
:10FB9000D1F84063DFF8641709688E43296801EBE8
:10FBA0008301C1F8406370BC7047DFF8F81609683C
:10FBB000C1F800037047F8B505000E0045F6A5270B
:10FBC0002800FFF7F2FFDFF80C0400680068000C63
:10FBD00004000121DFF82C07FFF768FADFF8281787
:10FBE0000A68801808600868DFF8201709688842EA
:10FBF00003D342F6D430070005E020003100C0B244
:10FC0000C9B28842DCD1380080B2F2BD38B542F2C8
:10FC1000E47400F014F80500DFF8B803016809681F
:10FC200031F48051026811600168096831F40041C3
:10FC30000068016000F042F8280080B232BD2DE972
:10FC4000F04145F6A524DFF8C05600202860DFF813
:10FC5000BC66012142F21070FFF73FFA3060DFF816
:10FC6000A4760120FFF70EFA3860DFF86883D8F831
:10FC70000000006840084000D8F800100860D8F87C
:10FC80000000406800040DD401213800FFF70EFA8F
:10FC9000296840182860286831688842EFD342F606
:10FCA000D4300400D8F80000006830F49870D8F818
:10FCB00000100860200080B2BDE8F081C5490868E6
:10FCC0004268DFF85006024008684260704710B58D
:10FCD0000400892C02D342F6B4501CE0BD480168F0
:10FCE000096811F4887F02D042F2E47013E00068E2
:10FCF000D0F89400002802D542F2E4700BE0200016
:10FD0000FFF77AFE4FF62221884202D042F2E470D9
:10FD100001E045F6A52080B210BD411CDFF8F025BA
:10FD2000116070472DE9F84304000D00DFF8E0751D
:10FD30003868002802D142F2E47051E0882C01D2E8
:10FD4000012000E00020C0B2FBF75EFF0020DFF8DA
:10FD5000B8150860DFF8C0050078002802D142F22B
:10FD6000107001E042F210700121FFF7B6F9DFF8E0
:10FD70009C1508600120FFF785F9DFF888150860F9
:10FD80002000FFF7A4FF804645F6A52940464946D6
:10FD900080B2884216D1FFF791FF200000F01BFAD5
:10FDA0000600DFF8780506602900C9B23000FFF7C9
:10FDB00002FF8046404642F6D43180B2884201D1EB
:10FDC00000F0DAF8404680B2484507D100F019FB50
:10FDD0007FF07F4100203A6890478046404680B2DD
:10FDE000BDE8F28310B500F069F9040020004EF27E
:10FDF000427180B2884213D0764801680968490888
:10FE00004900026811600168096831F0100100685A
:10FE100001604FF40051DFF804050068FFF777FC3C
:10FE2000200080B210BD2DE9F04106000C00150045
:10FE30002100300000F050FBC0B2FBF7E5FE3000BF
:10FE400000F032FA070016F07F0816F0070F0AD10B
:10FE500014F0070F07D118EB0400812803D2002CFF
:10FE600001D0002D02D142F6B4501CE0594801687F
:10FE7000096811F4887F02D042F2E47013E0006850
:10FE8000D0F89400002802D542F2E4700BE038006C
:10FE9000FFF7B2FD4FF62221884202D042F2E47011
:10FEA00001E045F6A52080B2BDE8F081F8B5030079
:10FEB0000D000C001E00100011F00307002F15D1DB
:10FEC000444FD5F800C0D7F800E00EEB860ECEF810
:10FED00000C1D5F804C03F6807EB8607C7F804C126
:10FEE0000835B61C08380028EAD144E02778009786
:10FEF000009F94F801C057EA0C270097009F94F8E0
:10FF000002C057EA0C470097009F94F803C057EAD5
:10FF10000C6700972F4FDDF800C0D7F800E00EEB1C
:10FF2000860ECEF800C194F804E0CDF800E0DDF8CC
:10FF300000E094F805C05EEA0C2ECDF800E0DDF894
:10FF400000E094F806C05EEA0C4ECDF800E0DDF863
:10FF500000E094F807C05EEA0C6ECDF800E0DDF832
:10FF600000C03F6807EB8607C7F804C10834B61C19
:10FF700008380028BAD1F1BD7CB5164C00202168A4
:10FF8000C1F800012068006850F4807021680860A2
:10FF90000025012142F21070FFF79FF806000120B2
:10FFA000FFF770F8009020680068C00507D40121B1
:10FFB0006846FFF77BF840190500B542F3D3206887
:10FFC000006830F480702168086073BDC427402049
:10FFD0000842440004424400000010332DE9F84F69
:10FFE00004000D0016001F00DFF82493D9F800006C
:10FFF000002802D142F2E4705CE014F07F00DFF8E8
:020000040043B7
:10000000741308601120DFF8701308700020DFF807
:10001000F8120860DFF800030078002802D142F2ED
:10002000107001E042F210700121FFF756F8DFF87E
:10003000DC1208600120FFF725F8DFF8C81208601D
:10004000320029002000FFF7EEFE834645F6A52A80
:100050005846514680B288420FD1FFF72FFE390033
:10006000C9B22000FFF7A7FD8346584642F6D431B7
:1000700080B2884201D1FFF77FFF584680B25045D9
:1000800016D1DFF8A8030460DFF8E8030560C4F3C5
:10009000840080462A0031004046FFF707FF00F049
:1000A000B0F97FF07F410120D9F8002090478346C6
:1000B000584680B2BDE8F28FE432402038B5DFF810
:1000C000B80301684968090415D44EF2427501214C
:1000D000DFF83002FEF7EAFFDFF82C120A6880181A
:1000E00008600868DFF894130968884210D342F664
:1000F000D43005000CE00068406810F45030040073
:10010000B4F5804F02D145F6A52501E042F2E47531
:10011000280080B232BD0000BC27402010B401008E
:10012000082902D27648016017E0872904D1B1F18D
:100130008700734C206010E0B1F10800020012F05B
:100140003F000300202B04D21800C0086C4C206034
:1001500003E0B3F120006A4C20606948006810BCDD
:1001600070472DE9FC4104000D0045F6A526002747
:10017000002000905FF0000800200190872C09D03B
:100180005F480168026892087FF0030000FB0211DB
:10019000C9008846882C04D26A4601A9200000F0D4
:1001A0002FF8019855490968084210D00098002896
:1001B0000DD00098006830FA08F0070038002900D8
:1001C000C0B2C9B2884202D042F2E47006003000E8
:1001D00080B2BDE8F6810100082903D2480310F17E
:1001E00080500CE0872903D2480310F57C1006E00C
:1001F000872902D15FF0D85001E05FF0FF307047EF
:10020000F0B53F4BD3F800C05FEA9C0C5FEA8C0C62
:1002100008280AD2234B1B68D3F888330B60DFF819
:10022000603213EB0C03136038E0872808D11D4BB4
:100230001B68D3F898330B60DFF8483213602DE069
:10024000B0F108031C0023009B091D0014F03F03BC
:100250001E00202E11D2134B1B6803EB8503D3F82D
:100260009C330B602B011F001CEB070EDFF81832CC
:1002700013EB0E0EC2F800E010E00A4B1B6803EB14
:100280008503D3F880330B606B011F001CEB070E56
:10029000DFF8F83113EB0E0EC2F800E0F0BD0000FD
:1002A000000004100842440010B50400200000F0D3
:1002B000FDF8C0B2FBF7A8FCB4F1D85F05D3DFF8B6
:1002C000D001844201D2882016E0B4F1805F07D3C8
:1002D000DFF8C001844203D214F17040400B0BE000
:1002E000B4F5800F07D3B4F5A00F04D2B4F58000A5
:1002F000400B083000E0892010BD0000B8274020E6
:10030000B4274020A42740209C274020A02740203D
:100310009C054020000013F3E6324020B027402027
:100320002DE9F041040000255D4E37885D48D0F886
:100330000080002C01D0012000E00020C0B2FBF7BB
:1003400063FC38004EF2427180B288420DD1A06841
:1003500010F40240B0F5024F07D16068404504D167
:1003600042F2E4703080022005002800C0B2BDE8EF
:10037000F0810000C0274020D92D40202DE9F8430E
:10038000040045F6A5252000FFF70FFC3A4E00209B
:100390003168C1F800013068006850F4807031683D
:1003A00008603D4F00203860DFF8D080012142F224
:1003B0001070FEF792FEC8F80000DFF8E090012010
:1003C000FEF760FEC9F8000030680068C0050ED472
:1003D00001214846FEF76AFE3968401838603868DF
:1003E000D8F800108842EFD342F6D43005003068C8
:1003F000006830F4807031680860280080B2BDE881
:10040000F28380B5284908680068002802D008688F
:100410000068804701BD80B523490868406800280E
:1004200002D008684068804701BD0000A82740202E
:10043000B0F5800F04D3B0F5A00F01D2012000E089
:100440000020C0B27047B0F1805F04D311498842E8
:1004500001D2012000E00020C0B27047B0F1D85FA7
:1004600004D30B49884201D2012000E00020C0B231
:1004700070470000AC27402004424400A0274020E1
:10048000008426408084264084842640C083264001
:100490000020001B000001109C274020A4274020C2
:1004A000E4324020BC274020C427402010B504007F
:1004B0002000FFF7BDFF002809D12000FFF7C3FF90
:1004C000002804D12000FFF7C9FF002801D0012037
:1004D00000E00020C0B210BD70B504000D002E1960
:1004E000761E2000FFF7A4FF002806D03000FFF79B
:1004F0009FFF002801D0012018E02000FFF7A3FF94
:10050000002806D03000FFF79EFF002801D0012010
:100510000CE02000FFF7A2FF002806D03000FFF714
:100520009DFF002801D0012000E00020C0B270BD76
:100530002DE9F04104000D0016001F005FF00008D7
:1005400000F020F82000C0B2012811D12800C0B26C
:10055000032804D13900300000F048F807E02800F3
:10056000C0B2042803D13900300000F05DF8FFE785
:1005700000F022F84046C0B2BDE8F081EFF31080F1
:100580007047000070B5FDF780FC0500DFF854608F
:1005900056F82500002809D1FFF7F0FF0400E00716
:1005A00000D472B6DFF8400040F8254056F8250028
:1005B000401C46F8250070BD80B5FDF766FCDFF8ED
:1005C000241051F82020521E41F82020DFF8182076
:1005D00052F82020D20704D451F82010002900D16D
:1005E00062B601BDA84440209844402030B41D4A62
:1005F000136853F0010313601B4A126812F00702DC
:10060000521C12010300CC18A34207D2174D2B60D5
:10061000BFF34F8FBFF36F8FD318F5E7BFF34F8F43
:10062000BFF36F8F30BC704730B40E4A13685B085D
:100630005B0013600C4A126812F00702521C120190
:100640000300CC18A34207D2094D2B60BFF34F8F94
:10065000BFF36F8FD318F5E7BFF34F8FBFF36F8FE3
:1006600030BC704784ED00E080ED00E058EF00E022
:100670005CEF00E070B5040000250020002630008B
:10068000C0B200281CD1DFF87C0650F82400406975
:100690003100C9B250F8210000280FD0DFF86806F9
:1006A0003100C9B2405C002808D006230022002196
:1006B0005020FCF781FC0120050001E0761CDEE7FC
:1006C0002800C0B270BDF8B5040000250020002647
:1006D00000273800C0B2002839D1DFF8281651F8B9
:1006E000240040693A00D2B250F8220000282CD0F1
:1006F00051F8240040693900C9B250F821000600C1
:10070000307A012821D1308CDFF800163A00D2B2BD
:1007100021F812000020DFF8F8153A00D2B2885410
:10072000300000F092FD002806D10220DFF8D81535
:100730003A00D2B2885408E0092300220021502058
:10074000FCF73AFC0120050001E07F1CC1E728000E
:10075000C0B2002818D0002007003800C0B200281E
:1007600016D1DFF8A00550F8240040693900C9B25D
:1007700050F82100002805D00020DFF88C153A0041
:10078000D2B288547F1CE8E70120DFF888150855AD
:10079000F1BDF8B504000F0015000026DFF8740560
:1007A000005D002807D105232A00D2B20021502085
:1007B000FCF702FC0DE03800C0B2002807D004238B
:1007C0002A00D2B200215020FCF7F6FB01E0012004
:1007D00006003000C0B2F2BD70B504000E00002566
:1007E000DFF83005005D002806D105230622002130
:1007F0005020FCF7E1FB15E0300080B20E2808DA4B
:100800003000DFF8001551F82410898880B2884242
:1008100006D20223062200215020FCF7CDFB01E086
:10082000012005002800C0B270BD2DE9F843040086
:100830000D001600002100275FF00008DFF8CC044F
:10084000627830F81290626A4B469BB2182043439C
:1008500002EB0300807801280CD1287AB179884214
:1008600005D3B07909280AD33068400007D40120A5
:10087000804604E0B079092801D301208046404633
:10088000C0B2002806D00323062200215020FCF726
:1008900093FB0EE0B068002809D16879002806D1E2
:1008A0000123062200215020FCF786FB01E00120F5
:1008B00007003800C0B2BDE8F28370B50400002024
:1008C000002500263000C0B2002820D1DFF8341403
:1008D00051F8240040693200D2B250F822000028BA
:1008E00013D051F8240040693100C9B250F82100FA
:1008F0000500287A012808D10020DFF80C14320006
:10090000D2B28854280000F052FD761CDAE770BDA0
:1009100070B50400002000250026DFF8F813895D7B
:10092000012906D10623002200215020FCF744FBB8
:1009300019E0002C06D00923002200215020FCF7EA
:100940003BFB10E0DFF8D003DFF8B81341F82600D6
:100950003000FFF78FFE05002800C0B2002802D14A
:100960003000FFF7B0FE70BDF8B500240025002070
:100970000026DFF8A073B95D012906D006231022F6
:1009800000215020FCF718FB30E00020040020007C
:10099000C0B200281CD1DFF86C0350F82600406973
:1009A0002100C9B250F8210000280FD0DFF8580309
:1009B0002100C9B2405C012808D106231022002181
:1009C0005020FCF7F9FA0120050001E0641CDEE785
:1009D0002800C0B2002809D10020B8553000FFF728
:1009E0006CFF0020DFF81C1341F82600F1BD2DE953
:1009F000F84304000D0001265FF0000900275FF0B6
:100A0000000803222100C9B24046FFF7C2FE0128B8
:100A10007CD1DFF8F00250F8280040692100C9B20B
:100A200050F8210007002800C0B2012804D067D385
:100A300003284BD020D363E0DFF8CC922000C0B273
:100A400019F80000022810D1380000F0CEFC002870
:100A500011D101202100C9B209F801000121387823
:100A6000F7F7C8FC0020060005E00623032200215A
:100A70005020FCF7A1FA49E0DFF88C922000C0B2C8
:100A800019F80000401E03D0401E012811D91CE0B7
:100A9000380000F0F6FC00280AD102202100C9B27B
:100AA00009F8010002213878F7F7A4FC00200600BD
:100AB0000BE002202100C9B209F8010002213878B8
:100AC000F7F798FC00200600FFE71FE0DFF8380288
:100AD0002100C9B2415C891E01290AD803212200E4
:100AE000D2B2815403213878F7F784FC0020060045
:100AF00005E00623032200215020FCF75DFA05E003
:100B00000623032200215020FCF756FA3000C0B221
:100B1000BDE8F2832DE9F84F06000C0001275FF0D5
:100B20000008002000905FF0000900255FF0000A37
:100B30005FF0000BADF80060310089B25846FFF756
:100B40004BFE012837D1002C06D1012306220021BB
:100B50005020FCF731FA2EE06A4850F82B10C96893
:100B6000BDF80020895C884650F82B104969424640
:100B7000D2B251F822100D00002D1CD050F82B00DD
:100B80000169BDF800201820424301EB02008246B3
:100B9000220051462800FFF748FE01280BD15A4891
:100BA0004146C9B2405C012805D1220051462800C7
:100BB00000F0ADFC07003800C0B2BDE8F28F2DE9AF
:100BC000F8430500002100260022002400275FF0E2
:100BD0000008A9464F4810F80800002806D1052350
:100BE000192200215020FCF7E7F931E0280080B2FB
:100BF0000E2807DA4348290050F82820928889B245
:100C0000914206D20223192200215020FCF7D4F988
:100C10001EE050F82810C9684A4692B2895C0E005E
:100C200050F8281049693200D2B251F822100C0055
:100C3000002C0DD050F8280001694A4692B21820C5
:100C4000424301EB020007003900200000F033FDB1
:100C5000BDE8F1832DE9F84305000E0017005FF0B1
:100C60000008002200245FF00009264951F82900FD
:100C7000002819D051F8290080682A00D2B2805C7F
:100C8000804651F8290040694246D2B250F822000D
:100C90000400002C08D03B00DBB23200D2B251F885
:100CA0002910200000F018FDBDE8F183F8B505001B
:100CB0000026002100240027124A52F827000028AD
:100CC0001DD052F8270080682900C9B2405C060098
:100CD00052F8270040693100C9B250F821000400E1
:100CE000002C0CD0200000F0CCFB002807D1022003
:100CF00005493200D2B288542078F7F789FBF1BD5C
:100D000000000000C8274020DB2D4020D02D4020CF
:100D1000DA2D4020DC2D4020001C44002DE9F0415C
:100D200004000D0016001F00DDF8188070682060B8
:100D30003068800203D5206850F00040206098F8A9
:100D4000100000280BD1306810F07060B0F1C06F57
:100D500005D10123082200215020FCF740F998F822
:100D60001000012806D03068002803D5206850F014
:100D70008040206096F8480098F80810884203D315
:100D800098F80800686002E096F84800686016F17C
:100D900008036A68D2B22168B8F80000C0B2F7F759
:100DA0008BFB01280BD1B8F80000A0803878A07127
:100DB00016F1080028602900200000F034FDBDE88D
:100DC000F0812DE9F047ADF5806D05000E000020A3
:100DD0000027002400215FF00008B27A9208921DDB
:100DE000212A06D296F80A905FEA990919F10609B4
:100DF00001E05FF020095FF0000A50464946C0B2AA
:100E0000C9B2884280F0B3805046B17AC0B28842FD
:100E100080F0AD80287C00281CD1B07A07005FF0FC
:100E2000404100208046F078002809D00C00F0688E
:100E30005146C9B200EBC100406854EA40048DE05D
:100E40000C00F0685146C9B200EBC100406854EA9A
:100E5000C04483E0287C01282ED1B07A40000700EE
:100E60005FF0C02101208046F078002812D0F068A1
:100E70005246D2B2120110444068C00B51EA004100
:100E80000C00F0685146C9B209010844C06854EA30
:100E9000D03463E0F0685246D2B212011044406888
:100EA00051EAC0410C00F0685146C9B2090108443A
:100EB000C06854EAC00451E0B07A80000700002105
:100EC00002208046F078002824D0F0685246D2B242
:100ED000520110444068400D51EA0061F0685246EA
:100EE000D2B252011044C068400D51EA0041F0688E
:100EF0005246D2B2520110444069400D51EA0021DD
:100F00000C00F0685146C9B249010844C06954EA6E
:100F1000505423E0F0685246D2B252011044406867
:100F2000C00851EA0061F0685246D2B25201104442
:100F3000C068C00851EA0041F0685246D2B252017E
:100F400010444069C00851EA00210C00F068514685
:100F5000C9B249010844C06954EAD004220051468C
:100F6000C9B2A87802F079F81AF1010A45E7E968F0
:100F7000A87802F0D7F83800C0B2002833D000209B
:100F8000824650463900C0B2C9B2884225D2F068C4
:100F90005146C9B250F8310069465246D2B201EB0F
:100FA000C2014860F078002807D001206946524607
:100FB000D2B201EBC201487006E0002069465246F9
:100FC000D2B201EBC2014870002069465246D2B24B
:100FD00001F832001AF1010AD3E76A464146C9B264
:100FE000A87801F025FE0DF5806DBDE8F08778B595
:100FF00085B00400DFF82C06617830F8115018260F
:10100000606A290089B27143084400890390606ACC
:10101000290089B27143084400790090606A290070
:1010200089B27143084440790190606A290089B20D
:101030007143084480790290606A290089B2714343
:101040000844807A0490606A290089B27143425C46
:101050006946A07802F076F9606A290089B2714386
:101060000844807801283BD1606A290089B2714325
:101070000844008A0390606A290089B271430844D9
:10108000007B0090606A290089B271430844407B6C
:101090000190606A290089B271430844807B029004
:1010A000606A290089B271430844807C0490606AB8
:1010B000290089B27143084442786946A07802F059
:1010C000B2F9606A290089B271430844827D606A7E
:1010D000290089B271430844417DA07802F01AFAD0
:1010E000606A290089B206FB01F63044017DA078D0
:1010F00002F076FA06B070BDF8B504000D001600D7
:101100000020DFF824156278D20111443200D2B2F7
:1011100031F8127039004FF6FF7289B291421BD03C
:101120001821380080B2484328440079002813D1A0
:10113000380080B201FB00F105EB0100007C0328C0
:101140000AD1DFF8E8046178C90108443100C9B266
:1011500030F8110000F045FBF1BD2DE9F04385B0FA
:1011600004000D001600002000275FF00008DFF8E3
:10117000B8146278D20111443200D2B231F8129020
:1011800049464FF6FF7289B291425BD0182148461A
:1011900080B2484328440079002853D1484680B2A1
:1011A00001FB00F105EB01000700387C002817D196
:1011B000DFF87C04617850F821107A7C0C204243DF
:1011C0008858804600972300424601A903A8FFF7EC
:1011D000A5FD3B790022797CA07801F0B9FC31E0D3
:1011E000387C01282ED13000C0B207280BD1012352
:1011F000082200215020FBF7F2FEA069002821D030
:10120000A06980471EE03000C0B2062805D16069A1
:10121000002817D06069804714E0DFF81404617873
:1012200050F821107A7C0C20424388588046009761
:101230002300424601A903A8FFF770FD0021A07812
:1012400001F0C3FC05B0BDE8F0832DE9F0470400D0
:101250005FF0010A5FF00008002500265FF000093A
:10126000208CDFF8C013627821F81200A06A0268AF
:10127000DFF8BC03617850F82110A07801F03EFB44
:1012800007000120DFF8AC13627888543800C0B240
:10129000002827D1A07802F033FA5FF0180A606ABC
:1012A000218C0AFB01F10844807800280ED0606A86
:1012B000218C0AFB01F10844827D606A218C0AFBC3
:1012C00001F10844417DA07802F024F9606A218C84
:1012D0000AFB01FA5044017DA07802F081F9200058
:1012E00000F0AAF95FF0000A5046C0B240280DDABB
:1012F000DFF834036178C90108445146C9B24FF69A
:10130000FF7220F811201AF1010AEDE75FF00009E1
:10131000484694F82C10C0B2884242D2206B49460D
:10132000C9B250F821000600307C002818D00128EE
:1013300020D0032832D1002005002800B179C0B2A6
:1013400088420CD2DFF8E0026178C9010844717C60
:1013500051FA85F1328820F811206D1CEDE71DE06F
:10136000DFF8C4026178C9010844717C328820F832
:10137000112013E0DFF8B0026178C9010144727CEA
:10138000338821F812306178C901014432888A819A
:101390006178C90108443188C181FFE719F1010969
:1013A000B6E7A07801F055FFC0B2BDE8F08710B5F0
:1013B0000400A07801F005FF10BD38B50400002539
:1013C0009C486178405C01280AD1607A002804D1E9
:1013D00001220421A07802F0C9F9A07802F054F9A2
:1013E000A07801F018FFC0B232BDF8B504000025A6
:1013F0000026A06A02688E48617850F82110A07813
:1014000001F07CFA07003800C0B2002836D1A0787D
:1014100002F076F92000FFF7EAFD200000F00CF959
:1014200000200500280094F82C10C0B288421DD27C
:10143000206B2900C9B250F821000600307900283D
:1014400012D1307C002803D0022808D007D30BE04B
:1014500033790022717CA07801F07AFB04E000214E
:10146000A07801F0B2FBFFE76D1CDBE72000FFF77F
:10147000A4FF002801D1002700E001273800C0B2F6
:10148000F2BDF8B5050000260027A87801F0DAFDC6
:10149000002839D167486978405C01280AD1A878CA
:1014A00002F02EF9687A002804D100220421A878DD
:1014B00002F05CF900200600300095F82C10C0B254
:1014C00088421DD2286B3100C9B250F821000400B7
:1014D000207C03280ED100200700617C7918C9B256
:1014E000A87802F0CBF97F1C3800A179C0B28842FD
:1014F000F3D303E0617CA87802F0C0F9761CDBE747
:10150000A87801F0A6FE00E00120C0B2F2BD2DE9EE
:10151000F84185B004000D00160001275FF00008B7
:1015200000208DF804000020029000208DF80D00AE
:1015300000208DF80C0000208DF80E0000208DF8A2
:101540000F0000208DF81000287C032854D130684B
:10155000C00F8DF80400B079297A884202D3287A26
:10156000029001E0B0790290687A8DF80D00306841
:10157000800F10F001008DF80C00616A2948627834
:1015800030F812201820424301EB020040788DF819
:101590000E0000208DF80F0028798DF81000697C6E
:1015A00018EB0101C9B2A07801F095FB07003800E3
:1015B000C0B2002815D11D486178C9010844697C72
:1015C00051FA88F1B28820F81120B0680090336891
:1015D00001AA697C18EB0101C9B2A07801F005FAF3
:1015E000070018F101084046A979C0B2884203D229
:1015F0003800C0B20228D2D03800C0B2002805D0CE
:101600003800C0B2022801D0012007003800C0B263
:10161000022801D10227FFE73800C0B206B0BDE8BA
:10162000F0810000D22D4020742B4020F42A40206D
:101630000C424400DD2D4020F8B584B005000027A1
:101640000121A87801F02AFE0026300095F82C1020
:10165000C0B288422DD2286B3100C9B250F82100A7
:101660000400207C00281BD100208DF808000020F9
:101670000190E078002803D001208DF8000002E0FE
:1016800000208DF80000E06803686A46617CA87855
:1016900001F0FAF9E0684268617CA87801F0DDFCAD
:1016A000207C012803D121002800FFF78AFB761C4B
:1016B000CBE705B0F0BD70B504000D000026697CD5
:1016C0007118C9B2A07802F0D9F8761C3000A97957
:1016D000C0B28842F3D370BDF8B504000D00160007
:1016E0001F003800C0B200280AD001280FD00328FC
:1016F00014D13200D2B229692000FFF7FDFC0DE0C1
:101700003200D2B229692000FFF727FD06E032003F
:10171000D2B229692000FFF720FDFFE7F1BDFEE707
:101720006549664A116070472DE9FF4704000D00C6
:10173000012600275FF000085FF000095FF0000A53
:101740005E490868002847D020000A68527880B2B5
:1017500092B2904240D20868C168220092B214202E
:10176000424301EB0200804698F80C008146544841
:1017700040684946C9B200EBC1008246B8F80A0089
:101780000700D8F80400009098F80800002804D05A
:10179000012807D003280AD00EE0009850F000403E
:1017A000009009E0009850F04040009004E000985C
:1017B00050F080400090FFE768688DF806002868C8
:1017C0000290ADF804406946380080B2DAF804208F
:1017D00052681268904706003000C0B204B0BDE8FD
:1017E000F08770B50400002634490868002819D035
:1017F00020000A68527880B292B2904212D20868F1
:10180000C168220092B21420424301EB020006009C
:101810003069002806D0308805000021280080B2F9
:101820003269904770BD2DE9FC4105000E0000278C
:1018300000245FF000082149086800283AD02048B9
:10184000AA7903789A4235D2AA88436895F806C0E7
:1018500003EBCC035B685B889A422BD24068AA7981
:1018600000EBC20040680078804608684068414646
:10187000C9B250F821000068A98850F8210004007E
:10188000002C17D0A068002814D020880700A0786A
:10189000012806D1A0887168884202D2A0880190F0
:1018A00001E070680190306800906946380080B2AD
:1018B000A2689047BDE8F381501D4400F42B4020FE
:1018C0002C1C44008164704710B4D0F8003C33F401
:1018D0001F430C00E4B2002C08D053F400431C005A
:1018E0001300DBB21B0213F4F8532343C0F8003C8F
:1018F00010BC704710B4D0F8FC4BDFF8183A1C400D
:101900000B00DBB2002B08D054F00044230014007D
:10191000E4B2240414F4FE041C43C0F8FC4B10BCD5
:1019200070470068C00F90F00100C0B27047416B73
:1019300051F0005141630021C0F8E01A0021C0F8C5
:10194000E01AD0F8E01A51F48071C0F8E01A416B47
:1019500031F000514163704710B403680C00E4B2E9
:10196000002C01D0012400E0002464F3CB230360A9
:10197000D0F8003C1400E4B2002C01D0012400E0B7
:10198000002423F0004353EAC473C0F8003CD0F8AD
:10199000003C33F41F43C0F8003C10BC7047816822
:1019A0007047012311F01F029340202901D20363E5
:1019B00002E0402900D2C362704730B40300002027
:1019C00020290AD21C6B012511F01F0295402C40E2
:1019D00011F01F02D44020000BE0402909D2DC6A3C
:1019E000012511F01F0295402C4011F01F02D44038
:1019F0002000C0B230BC704738B505000C00002C88
:101A000001D0012000E00020C0B2FAF7E7F9D5F8D4
:101A1000041CDFF8FC090140C5F8041CD5F8040CCF
:101A20002168890211F4F8410843217A11F0070175
:101A300008436168490111F0E0010843E168DFF8FB
:101A4000DC2A12EA015210432169090411F4E02151
:101A50000843C5F8040C31BD38B505000C00002C56
:101A600001D0012000E00020C0B2FAF7B7F96968A0
:101A70004FF6F870014069606868217811F007013D
:101A80000843A168090411F4E02108436168C9040E
:101A900011F460110843E16850EA01602169890589
:101AA00011F440010843686031BD38B505000C00F1
:101AB000002C01D0012000E00020C0B2FAF78EF91E
:101AC000286D10F000402865286D2168890211F406
:101AD0007C410843217A11F01F01084361684901E4
:101AE00011F478710843E168DFF8342A12EA4152B0
:101AF00010432169090411F4F8110843286531BD28
:101B000038B505000C00002C01D0012000E00020B9
:101B1000C0B2FAF763F9D5F8F41BDFF8D00A014038
:101B2000C5F8F41BD5F8F41B626820688218521CB3
:101B300002F0FF021143A068000310F4FE200143ED
:101B40002069800510F0FE500143C5F8F41BD5F85C
:101B5000F00B800A8002C5F8F00BD5F8F00BE168B5
:101B60008905890D0843C5F8F00B31BD38B505006E
:101B70000C00002C01D0012000E00020C0B2FAF7D8
:101B80002DF9D5F8F81BDFF8A80A0140C5F8F81BB5
:101B9000D5F8F81B62682068821812F01F02114302
:101BA000A068000310F4704001432069800510F024
:101BB00070700143C5F8F81BD5F8F00B6FF31940AE
:101BC000C5F8F00BD5F8F00BE168DFF8682A12EAE7
:101BD00001421043C5F8F00B31BD006DC00FC0B21B
:101BE0007047406B400B10F001007047426B0B00D8
:101BF000DBB2002B01D0012300E0002363F34D3260
:101C000042637047026D0B00DBB2002B01D0012351
:101C100000E0002322F0004252EAC37202657047DE
:101C200002680B00DBB2002B01D0002300E001238F
:101C300063F35142026070470068C00A10F001006F
:101C400070474068C00810F001007047C0B2400003
:101C5000C01D704730B40200002020290AD2946AC7
:101C60002300146B1C4011F01F05EC4014F001041C
:101C700020000BE0402909D2546A2300D46A1C409A
:101C800011F01F05EC4014F001042000C0B230BC7C
:101C9000704700EB8103C3F8802870470068000E8E
:101CA00010F001007047426B61F3D7424263704706
:101CB0000A00D2B2002A04D1026832F480320260F3
:101CC00003E0026852F4803202607047D0F80C0CD6
:101CD000C00FC0B270470A00D2B2012A04D15FF02F
:101CE0007042C0F8102C02E00022C0F8102C70479F
:101CF000D0F8140C012311F01F029340184011F08A
:101D00001F01C840C0B2704701228A40C0F8142C9D
:101D10007047D0F8100C012311F01F0293401840B7
:101D200011F01F01C840C0B2704710B50400200078
:101D300002F04AFF012809D15FF07840C4F8140C82
:101D40000020C4F8100C0020C4F80C0C0020C4F8CB
:101D5000040CDFF8C80AC4F8000C5FF00D10C4F8DA
:101D6000FC0A0020C4F8EC0A0020C4F8E80A0020AD
:101D7000C4F8E40A606B50F000506063D4F8E00AE5
:101D800020F00040C4F8E00ADFF8940AC4F8E00A42
:101D9000D4F8E00A50F00040C4F8E00A606B30F07C
:101DA00000506063200001F0FFFE212804D35FF0A3
:101DB000FF30E062002060625FF0FF3020630020AF
:101DC000A062002020655FF480106063DFF8240BC0
:101DD00020620020E0610020A06000206060002000
:101DE000C4F8F00B0020C4F8F40B0020C4F8F80B82
:101DF0000020C4F8FC0BDFF8000B206010BD70B5AC
:101E000004000D0000266879002804D029792000FC
:101E100002F041F806003000C0B2002809D1287D48
:101E2000002806D02B69EA68A968200002F0E4FEC9
:101E300006003000C0B270BDF8B504000D000027E8
:101E4000687D022803D000212000FFF7E9FE290069
:101E50002000FFF7D4FF06003000C0B2002806D0F3
:101E6000200001F0B4FE200001F03FFF13E015F167
:101E70001C01200002F03DF82968200002F08AFBD6
:101E800006003000C0B2002805D0200001F09FFEFF
:101E9000200001F02AFF3000C0B2F2BDF8B5040006
:101EA0000D00160000272800FFF73BFD00280BD08F
:101EB000280001F08CFE07003800C0B2002803D1D2
:101EC000280001F012FF07003800C0B2002828D116
:101ED000286820F000402860280001F077FF070004
:101EE0003800C0B2002806D0280001F070FE28009B
:101EF00001F0FBFE15E02800FFF719FD96F8202001
:101F0000B17F2800FFF728FDB169280002F0C5FE67
:101F10002000C0B202F015FF31002800FFF78CFF4F
:101F200007003800C0B2F2BD38B504000D00A97F2B
:101F30002000FFF767FEE87F002811D0606B50F4A7
:101F40000050606315F124012000FFF7D9FDA87F40
:101F500000281CD015F138012000FFF707FE16E01D
:101F6000606B30F400506063A87F00280AD015F140
:101F700024012000FFF799FD15F138012000FFF73B
:101F80003BFD04E015F124012000FFF765FD31BDA4
:101F900070B50400DFF8EC0A2100C9B250F82150F6
:101FA000DFF8A40B2100C9B250F821602000C0B2B4
:101FB000032801D2012000E00020C0B2F9F70EFF93
:101FC000280002F001FEC0B2F9F708FF96F80503F9
:101FD000002806D1012086F8050300212800FFF71C
:101FE0007AFE0020C6F80003002086F8040370BDC6
:101FF0002DE9F04105000C00DFF8880A2900C9B27C
:1020000050F82160DFF8400B2900C9B250F8217068
:102010005FF000082800C0B2032801D2012000E0D0
:102020000020C0B2F9F7DAFE97F80403012802D1C4
:10203000022080461AE0012087F80403C7F8004315
:1020400097F81C0300280AD1002087F8050397F8A9
:102050002403012803D101213000FFF73CFE97F84B
:102060001C03012802D1012087F805034046C0B2B5
:10207000BDE8F0812DE9F04704000D0016001F00B7
:102080005FF00008DFF8FC092100C9B250F8219088
:10209000DFF8B40A2100C9B250F821A02000C0B274
:1020A000032801D2012000E00020C0B2F9F796FE1B
:1020B000DAF820339AF81D232900C9B2484602F005
:1020C0005BFD012802D1042080461CE00C21280081
:1020D000C0B2484350440079002802D00220804614
:1020E00011E02800C0B24843504401220271280088
:1020F000C0B248434AF800602800C0B201FB00F1BA
:102100000AEB010047714046C0B2BDE8F0872DE9F7
:10211000F84F86B005000E001400109F5FF0000815
:10212000DFF8240A2900C9B250F82190DFF81C0A10
:102130002900C9B250F8210001905FF0000A280080
:10214000C0B2032801D2012000E00020C0B2F9F79C
:1021500045FE002C01D0012000E00020C0B2F9F7BC
:102160003DFE3100C9B2019801F01BFF6168C0B2A9
:10217000C9B2884201D3012000E00020C0B2F9F7C3
:102180002DFED9F8203399F81D233100C9B20198EA
:1021900002F0F2FC012802D10420804652E05FF0F8
:1021A0000C0B3000C0B20BFB00F048440079002853
:1021B00002D00220804645E03100C9B20198FFF705
:1021C000F0FB3000C0B20BFB00F04844022101716B
:1021D0003000C0B20BFB00F04844002181603000A9
:1021E000C0B20BFB00F04844217B41713000C0B20B
:1021F0000BFB00FB09EB0B00E17A81716068049036
:1022000020788DF80C00207A8DF81400607A8DF813
:102210001500A07A8DF81600E07A002802D01C2064
:10222000029001E00C2002903100C9B2019801F047
:102230006BFC8246002000903B00069A02A95046A3
:1022400002F0C9F84046C0B207B0BDE8F08F2DE9F2
:10225000FC4704000D005FF000095FF0000A002653
:102260002000C0B2032801D2012000E00020C0B24B
:10227000F9F7B4FDDFF80C082100C9B250F821705D
:10228000DFF8A8092100C9B250F8218098F81D0391
:10229000002802D10120060037E098F80400012848
:1022A00002D10220060030E0012088F8040098F8EE
:1022B0001C03012802D1012088F80500C8F800504D
:1022C00098F81C03002820D1002088F8050098F811
:1022D00024030090012306222100C9B2380001F036
:1022E00097FE98F824030090012307222100C9B229
:1022F000380001F08DFE98F8240300900123052298
:102300002100C9B2380001F083FE3000C0B2BDE840
:10231000F6870000FFFF807F2DE9F84795B00400A5
:102320000D00DFF860072100C9B250F82160DFF826
:10233000FC082100C9B250F821705FF0000A5FF07C
:102340000C0808FB05F03858002803D101A808FB49
:1023500005F178502900300001F051FE08FB05F02E
:102360003A582900300001F0ABFF29003000FFF798
:1023700018FB3000FFF713FB002008FB05F1394480
:10238000087108FB05F0384490F80590D7F80C0365
:10239000002807D03B002A0000212000C0B2D7F857
:1023A0000CC3E04708FB05F038440079002816D13B
:1023B00008FB05F038444079002810D1012008FBC3
:1023C00005F807EB0801487197F8240300900023F3
:1023D0002A002100C9B2300001F01AFE14E048467C
:1023E000C0B2002810D108FB05F807EB08004079BF
:1023F000012809D197F82403009000232A00210026
:10240000C9B2300001F004FE16B0BDE8F08700004C
:10241000188308C02DE9F84195B004000D00DFF8DD
:102420002C072100C9B250F82160DFF81C072100F9
:10243000C9B250F8217000200190002014905FF084
:102440000C0808FB05F03844807900281AD02900D0
:10245000300001F0D4FD01AA2900300001F030FF66
:102460003000FFF79CFA149808FB05F139448860A6
:102470000198C0F30360042813D129003000FFF74E
:1024800090FA0EE02900300001F00EFF08FB05F184
:10249000394488603000FFF782FA29003000FFF7E6
:1024A00080FA002008FB05F139440871D7F80C03C5
:1024B000002807D03B002A0004212000C0B2D7F832
:1024C0000CC3E04708FB05F038440079002810D120
:1024D000012008FB05F807EB0801487197F8240371
:1024E000009000232A002100C9B2300001F090FDC5
:1024F00010E008FB05F807EB08004079012809D136
:1025000097F82403009000232A002100C9B230006C
:1025100001F07EFD16B0BDE8F08100000000F03F44
:102520000000E07FF8B594B004000D00DFF854051A
:102530002100C9B250F82160DFF80C062100C9B2B1
:1025400050F821703868002801D168463860052DA0
:1025500004D048D3072D35D023D344E0387901285F
:102560001ED13968300002F01FFA29003000FFF751
:1025700018FA00203871D7F80C03002807D03B0068
:10258000002201212000C0B2D7F80CC3E0473879FF
:10259000002805D1012078712000C0B200F0D7FBDF
:1025A00021E029003000FFF7FCF9D7F80C030028E0
:1025B00007D03B00002202212000C0B2D7F80CC394
:1025C000E04710E029003000FFF7EBF9D7F80C03E3
:1025D000002807D03B00002203212000C0B2D7F81A
:1025E0000CC3E047FFE715B0F0BD0000000F38E076
:1025F00070B50400DFF88C042100C9B250F82150F6
:1026000000201F261C2E12D331002800FFF770FB7C
:1026100000280AD031002800FFF77BFB002804D0F7
:1026200031002000C0B200F007F8761EEAE770BD66
:10263000E00F3FFC0000FF03F8B594B004000D006C
:10264000DFF840042100C9B250F82160DFF8F80437
:102650002100C9B250F821701C2D06D06CD31E2D5C
:1026600048D036D31F2D56D066E097F804030128D2
:102670002ED1D7F80003002802D16846C7F800031E
:10268000D7F80013300002F0E9F929003000FFF715
:102690003BFB1D213000FFF737FB1E213000FFF709
:1026A00033FB002087F80403D7F80C03002807D079
:1026B0003B00FF2205212000C0B2D7F80CC3E04741
:1026C00097F80403002803D12000C0B2FFF760FC94
:1026D00032E029003000FFF717FBD7F80C03002881
:1026E00007D03B00FF2206212000C0B2D7F80CC360
:1026F000E04721E029003000FFF706FBD7F80C0384
:10270000002807D03B00FF2207212000C0B2D7F8E5
:102710000CC3E04710E029003000FFF7F5FAD7F8C6
:102720000C03002807D03B00FF2208212000C0B284
:10273000D7F80CC3E047FFE715B0F0BD2DE9F84F1F
:1027400084B004000D00DFF804042100C9B250F881
:1027500021000290DFF8D4042100C9B250F8210012
:1027600003900026002001900027002000905FF0D9
:1027700000085FF000092900C9B2029801F0C4F90D
:102780008246DAF8000030F0706050F0106000907F
:102790000098CAF800000121DFF88C07FCF79DFCC7
:1027A00083460120FCF76EFC01902900C9B2029813
:1027B000FFF703F9002809D1012101A8FCF776FCF5
:1027C000C01907005F45F0D3032006003000C0B2F7
:1027D000032810D0DAF8000000900098C0F30360DE
:1027E000082801D1052006000098C0F303600928DD
:1027F00001D1002006002900C9B20298FFF7D1F8E4
:102800000021039A2B00DBB20C20434302EB0300B0
:1028100001713000C0B205B0BDE8F08F004100800A
:1028200080000C002DE9F84F04000D00C74821007E
:10283000C9B250F82160DFF8F4032100C9B250F8A2
:1028400021705FF000085FF000095FF0000A5FF0A0
:10285000000B00212A00D2B20C20424307EB0200F9
:10286000017197F81D0301282BD1706B000E10F039
:102870000F0080464046C0B2FFF7E8F981462800C5
:10288000C0B2814510D22900C9B2300001F03CF934
:102890008346DBF8000030F07060CBF8000050F0A9
:1028A00080608246CBF800A02800C0B2002819D171
:1028B00097F8243305222100C9B2300001F02DFC25
:1028C00010E02900C9B2300001F01EF98346DBF8A0
:1028D000000030F07060CBF8000050F0806082465D
:1028E000CBF800A02900C9B23000FFF75AF8BDE8C4
:1028F000F18F000006B003000F0090D82DE9F047DB
:1029000006000F0014005FF0000890483100C9B2C3
:1029100050F821903000C0B2032801D2012000E01D
:102920000020C0B2F9F75AFA002C01D0012000E0D3
:102930000020C0B2F9F752FA220049463000C0B276
:10294000FFF7ACFA82465046C0B2002849D12100B8
:102950004846FFF7E9FA617D484601F09AFE0020FB
:102960000500402D15D20C20012100FB05F23A4450
:102970005171002100FB05F2B950002100FB05F266
:102980003A441171002100FB05F0384481606D1C50
:10299000E7E7012087F80503002087F8040394F88F
:1029A0004C0087F81C03206DC7F80C030020C7F803
:1029B0001003606DC7F814030020C7F8180360798E
:1029C00087F81D03207D87F81E032068C7F82003C1
:1029D000012087F82403DFF854023100C9B240F81F
:1029E00021705046C0B2BDE8F0872DE9FC470500D4
:1029F0000E0014001F005FF0010854482900C9B2FE
:102A000050F82190DFF824022900C9B250F821A023
:102A10002800C0B2032801D2012000E00020C0B28B
:102A2000F9F7DCF9002C01D0012000E00020C0B251
:102A3000F9F7D4F94846FFF704F900281DD10A98A0
:102A400000903B0022003100C9B22800C0B2FFF75D
:102A50005EFB80464046C0B200280ED1207B002895
:102A60000BD19AF82403009001233200D2B229003E
:102A7000C9B2484601F0CCFA80464046C0B2BDE833
:102A8000F6870000C05544002DE9FF4705000E0001
:102A900014001F005FF000082C482900C9B250F84C
:102AA0002190DFF888012900C9B250F821A0280040
:102AB000C0B2032801D2012000E00020C0B2F9F723
:102AC0008DF9002C01D0012000E00020C0B2F9F700
:102AD00085F9DAF820339AF81D233100C9B2484647
:102AE00002F04AF8012802D10420804627E0310094
:102AF000C9B24846FEF755FF6068029020788DF80D
:102B00000400207A8DF80C000F2000903B006A46EC
:102B10003100C9B2484601F064FB002000903B0040
:102B20006A463100C9B2484601F05BFB04200090C0
:102B30003B006A463100C9B2484601F052FB4046AC
:102B4000C0B204B0BDE8F087802C4020C0554400DE
:102B50002DE9FC4704000D0016001F00DFF8C0053A
:102B60002100C9B250F8218030482100C9B250F884
:102B700021902000C0B2032801D2012000E00020F3
:102B8000C0B2F9F72BF93B00DBB232002900C9B221
:102B90002000C0B2FFF76EFA82465046C0B200284D
:102BA0000FD13800C0B200280BD199F8240300904F
:102BB00001232A00D2B22100C9B2404601F028FA0E
:102BC00082465046C0B2BDE8F687F8B506000C0054
:102BD00000253000C0B2032801D2012000E000200F
:102BE000C0B2F9F7FBF8DFF838053100C9B250F888
:102BF0002170380001F0E8FF012810D13800FFF7FC
:102C000065F8012805D121003000C0B2FFF7F0F9C6
:102C10000AE021003000C0B2FFF719FB04E02100F8
:102C20003000C0B2FFF713FBC0B2F2BD802C4020D1
:102C30002DE9F84F04000D0016002000C0B2032853
:102C400001D2012000E00020C0B2F9F7C7F8002748
:102C50005FF00008DFF8C8042100C9B250F82190E5
:102C60004846FEF75EFE002802D15FF0010A01E04F
:102C70005FF0000A5046C0B2002803D0484600F07A
:102C8000DCFF07004846FFF709F883465846C0B204
:102C9000002805D13800C0B2002801D1012007006A
:102CA0003800C0B2002805D132002900C9B2484618
:102CB00001F016FD5046C0B2002808D0484601F089
:102CC00014F880464046C0B2002800D0474638007D
:102CD000C0B2BDE8F28FF8B504000D00DFF8B8050A
:102CE0002100C9B250F8216001272000C0B203289A
:102CF00001D2012000E00020C0B2F9F76FF82800EF
:102D0000C0B2402803DB2800C0B2FF2801D1012057
:102D100000E00020C0B2F9F761F82800C0B24028F6
:102D20000CDA2900C9B20C20414306EB01000079FE
:102D3000002801D1002008E0022006E096F80403F4
:102D4000002801D1002000E00220C0B2F2BD7CB515
:102D50000400DFF8CC032100C9B250F82150DFF89D
:102D600038052100C9B250F821602000C0B2032804
:102D700001D2012000E00020C0B2F9F72FF896F848
:102D80001C0300281DD196F824030090002305227F
:102D90002100C9B2280001F03BF996F82403009005
:102DA000002306222100C9B2280001F031F996F86B
:102DB00024030090002307222100C9B2280001F05B
:102DC00027F9002030600020307173BD2DE9FE4FDF
:102DD00005000E0017005FF000080024DFF8400334
:102DE0002900C9B250F82190DFF8AC042900C9B21B
:102DF00050F821000090BA462800C0B2032801D242
:102E0000012000E00020C0B2F8F7E8FF402F01D217
:102E1000012000E00020C0B2F8F7E0FF0098002891
:102E200062D051464846FEF715FF0400002C09D138
:102E3000564507D2BAF1010A51464846FEF70AFF45
:102E40000400F3E7002C3CD0D046009890F81D0316
:102E500001280AD1BAF1080F07D251462800C0B2A2
:102E6000FFF760FB002080460CE000980C2101FB7E
:102E700008F108440079012804D151462800C0B265
:102E8000FFF74AFA5FF00C0B00980BFB08F10844BF
:102E90000079022804D151462800C0B2FFF7BAFADF
:102EA00051464846FEF7D6FE00280AD000980BFB94
:102EB00008FB58440079002803D151464846FEF7E4
:102EC00070FD9DF8080001282CD14846FEF7FEFE53
:102ED000012827D1009890F81C03002822D128004F
:102EE000C0B2FFF785FB1DE0B246574506D35146F9
:102EF0004846FEF756FD1AF1010AF6E79DF808006C
:102F000001280FD11C214846FEF7FEFE1D21484630
:102F1000FEF7FAFE1E214846FEF7F6FE1F21484640
:102F2000FEF7F2FEBDE8F78F40420F00F8B505004E
:102F3000DFF8EC012900C9B250F82160DFF858032E
:102F40002900C9B250F8214000272800C0B2032848
:102F500001D2012000E00020C0B2F8F73FFF002CB2
:102F60006CD0306A0700B80712D5706840040FD5DE
:102F700002203062D4F81403002809D023003A005C
:102F800009212800C0B2D4F814C3E047306A070012
:102F9000F80213D5706B002810D55FF480103062F2
:102FA000D4F81403002809D023003A000A2128008D
:102FB000C0B2D4F814C3E047306A0700B80313D591
:102FC0007068000510D55FF400303062D4F8140347
:102FD000002809D023003A000D212800C0B2D4F8FF
:102FE00014C3E047306A0700F80313D57068400542
:102FF00010D55FF480303062D4F81403002809D073
:1030000023003A000C212800C0B2D4F814C3E047D2
:10301000306A0700780714D57068000411D50420C1
:103020003062D4F8140300280BD023003A000B219F
:103030002800C0B2D4F814C3E04702E0DFF89C05D2
:103040003062F1BD38B5040035482100C9B250F8EE
:103050002150280000F0BBFD32BD2DE9F84F0400DF
:103060000D00160000275FF000082D482100C9B2AE
:1030700050F821905FF0000A2000C0B2032801D26E
:10308000012000E00020C0B2F8F7A8FED9F8000047
:1030900010F07F002900C9B2884203D32800C0B2D3
:1030A000402802D30420070036E04846FEF739FCEA
:1030B000002802D15FF0010B01E05FF0000B5846E1
:1030C000C0B2002803D0484600F0B7FD07004846CC
:1030D000FEF7E4FD82465046C0B2002805D1380014
:1030E000C0B2002801D1012007003800C0B200287A
:1030F00005D132002900C9B24846FEF7CAFD58463C
:10310000C0B2002808D0484600F0EFFD8046404697
:10311000C0B2002800D047463800C0B2BDE8F28FE8
:10312000C05544002DE9F04705000C002800C0B24E
:10313000032801D2012000E00020C0B2F8F74EFEC3
:1031400000260027DFF830072900C9B250F8218097
:103150004046FEF7E6FB002802D15FF0010901E0DE
:103160005FF000094846C0B2002803D0404600F096
:1031700064FD06004046FEF791FD82465046C0B20F
:10318000002805D13000C0B2002801D1012006007E
:103190003000C0B2002803D121004046FEF792FB68
:1031A0004846C0B2002808D0404600F09EFD070007
:1031B0003800C0B2002800D03E003000C0B2BDE8E8
:1031C000F08770B50400DFF8B0062100C9B250F8EE
:1031D00021502000C0B2032801D2012000E00020CD
:1031E000C0B2F8F7FBFD280000F0F1FC060030004B
:1031F000C0B200280CD12800FEF797FD280000F08F
:1032000074FD0020DFF808132200D2B241F822003A
:103210003000C0B270BD38B504002000C0B2032831
:1032200001D2012000E00020C0B2F8F7D7FDDFF89E
:1032300018072100C9B250F8215001F097FE286804
:1032400020F00040286001F0ABFE280000F01FFDD8
:1032500032BD70B504002000C0B2032801D20120A5
:1032600000E00020C0B2F8F7B9FDDFF8DC0621006D
:10327000C9B250F82160300000F0A9FC0500280018
:10328000C0B2002803D1300000F02FFD0500280057
:10329000C0B270BD00000000802C40202DE9F04736
:1032A00005000C002800C0B2032801D2012000E074
:1032B0000020C0B2F8F792FD00260027DFF888064C
:1032C0002900C9B250F821804046FEF72AFB0028A9
:1032D00002D15FF0010901E05FF000094846C0B289
:1032E000002803D0404600F0A8FC06004046FEF748
:1032F000D5FC82465046C0B2002805D13000C0B28D
:10330000002801D1012006003000C0B2002808D1F9
:1033100001F05CFE2100C9B24046FEF7C9FC01F095
:103320006FFE4846C0B2002808D0404600F0DDFCE1
:1033300007003800C0B2002800D03E003000C0B204
:10334000BDE8F0872DE9F84F05000C0016002800B5
:10335000C0B2032801D2012000E00020C0B2F8F77B
:103360003DFD002C01D0012000E00020C0B2F8F7A4
:1033700035FD00275FF00008DFF8CC052900C9B251
:1033800050F82190D9F800A05FEADA7A5046C0B22E
:10339000002803D0484600F050FC0700D9F800B0E0
:1033A0005FEA1B6B1BF0010B5846C0B2002805D129
:1033B0003800C0B2002801D1012007003800C0B297
:1033C00000281FD101F08EFE3100C9B24846FEF739
:1033D0000DFC3000C0B2012804D121004846FEF7A0
:1033E0008FFB0DE04846FEF7F8FB012804D12100D1
:1033F0004846FEF75AFB03E021004846FEF72CFB47
:1034000001F088FE5046C0B2002808D0484600F0BF
:103410006CFC80464046C0B2002800D047463800C9
:10342000C0B2BDE8F28F2DE9F74F05000C0028006F
:10343000C0B2032801D2012000E00020C0B2F8F79A
:10344000CDFC002C01D0012000E00020C0B2F8F734
:10345000C5FC00260027DFF8F0042900C9B250F8A7
:1034600021804046FEF7E8FB8146D8F800A05FEADD
:10347000DA7A5046C0B2002803D0404600F0DDFBA7
:103480000600D8F800B05FEA1B6B1BF0010B484642
:10349000C0B2002807D05846C0B2002805D130007D
:1034A000C0B2002801D1012006003000C0B20028BF
:1034B0001CD14046FEF795FB8DF8000001F03EFE62
:1034C0009DF808204946C9B24046FEF745FA9DF8E6
:1034D0000000012804D121004046FEF747FB03E02D
:1034E00021004046FEF788FA01F040FE5046C0B287
:1034F000002808D0404600F0F8FB07003800C0B2B2
:10350000002800D03E003000C0B2BDE8FE8F0000B1
:10351000802C40202DE9F84F04000D0016002000FB
:10352000C0B2032801D2012000E00020C0B2F8F7A9
:1035300055FC00275FF00008DFF80C042100C9B239
:1035400050F821904846FEF7ECF9002802D15FF0D0
:10355000010A01E05FF0000A5046C0B2002803D023
:10356000484600F06AFB07004846FEF797FB834693
:103570005846C0B2002805D13800C0B2002801D199
:10358000012007003800C0B2002816D101F002FE69
:10359000D9F83400800407D53200D2B22900C9B26C
:1035A0004846FEF7A7F906E03200D2B22900C9B2B8
:1035B0004846FEF789F901F005FE5046C0B20028E2
:1035C00008D0484600F091FB80464046C0B2002833
:1035D00000D047463800C0B2BDE8F28F06003B007D
:1035E0002DE9F04705000C002800C0B2032801D2E5
:1035F000012000E00020C0B2F8F7F0FB0026002711
:10360000DFF844032900C9B250F821804046FEF794
:1036100088F9002802D15FF0010901E05FF000099C
:103620004846C0B2002803D0404600F006FB060022
:103630004046FEF733FB82465046C0B2002805D113
:103640003000C0B2002801D1012006003000C0B215
:10365000002808D101F0CAFD2100C9B24046FEF79A
:1036600022FB01F0DBFD4846C0B2002808D04046EE
:1036700000F03BFB07003800C0B2002800D03E003D
:103680003000C0B2BDE8F087F8B504007A482100E8
:10369000C9B250F821500126DFF8B0022100C9B2AA
:1036A00050F821702000C0B2032801D2012000E0B0
:1036B0000020C0B2F8F792FB2800FEF732F901288B
:1036C0001BD12100C9B2280000F075FD97F8050351
:1036D00000280DD1280001F077FA012808D1280030
:1036E000FEF7F4FA012803D101212800FEF7F3FACE
:1036F000012087F82403002006003000C0B2F2BD8C
:10370000F8B504005C482100C9B250F821500126E8
:10371000DFF838022100C9B250F821702000C0B291
:10372000032801D2012000E00020C0B2F8F756FBC8
:103730002800FEF7F6F8012815D1280000F02FFD2B
:10374000280001F041FA012808D12800FEF7BEFA4E
:10375000012803D100212800FEF7BDFA002087F8D8
:103760002403002006003000C0B2F2BD2DE9F0476E
:1037700006000C0015003000C0B2032801D2012061
:1037800000E00020C0B2F8F729FB00275FF0000836
:10379000DFF8B4013100C9B250F821904846FEF775
:1037A000C0F8002802D15FF0010A01E05FF0000AD2
:1037B0005046C0B2002803D0484600F03EFA070049
:1037C0003800C0B2002845D12000C0B200281ED069
:1037D00002280CD02BD3042801D010D337E02A00C4
:1037E000D2B24FF40041484600F0ADFA32E02A0070
:1037F000D2B24FF48041484600F0A5FA2AE02A00F0
:10380000D2B244F20101484600F09DFA22E0484657
:10381000FEF744FA012802D00120070006E02A0042
:10382000D2B24FF48061484600F08DFA12E048466B
:10383000FEF734FA012802D00120070006E02A0032
:10384000D2B24FF40061484600F07DFA02E0002059
:10385000F8F7C4FA5046C0B2002808D0484600F035
:1038600044FA80464046C0B2002800D0474638009F
:10387000C0B2BDE8F0870000C05544002DE9F84310
:1038800004000D002000C0B2032801D2012000E096
:103890000020C0B2F8F7A2FA2800C0B2402803DB2B
:1038A0002800C0B2FF2801D1012000E00020C0B2F2
:1038B000F8F794FA23482100C9B250F82160234850
:1038C0002100C9B250F821705FF000082800C0B292
:1038D000402833DA5FF00C092800C0B209FB00F081
:1038E00038440079002802D10520804626E097F868
:1038F00024332A00D2B22100C9B2300000F00DFCFE
:103900002800C0B209FB00F038440079022806D133
:103910002900C9B22000C0B2FEF710FF804628007F
:10392000C0B209FB00F907EB09000079012805D1B5
:103930002900C9B22000C0B2FEF774FF4046C0B2F1
:10394000BDE8F283C0554400C0554400802C40209F
:1039500002680B00DBB2002B01D0002300E0012342
:1039600063F35142026070470068C00A10F0010022
:103970007047426B0B00DBB2002B01D0012300E04B
:10398000002363F30C3242637047426B0B00DBB2DF
:10399000002B01D0012300E0002363F310424263B7
:1039A0007047426B0B00DBB2002B01D0012300E01B
:1039B000002363F38E3242637047426B0B00DBB22D
:1039C000002B01D0012300E0002363F35142426346
:1039D000704742680B00DBB2002B01D0002300E0EF
:1039E000012363F3861242607047426B0B00DBB227
:1039F000002B01D0002300E0012363F3CB224263BC
:103A0000704742680B00DBB2002B01D0012300E0BD
:103A1000002363F3C712426070470100FF200A00D1
:103A2000D2B2412A05D2DFF85C2B0B00DBB2D25CAC
:103A30001000C0B27047F8B50400200000F0B4F8E0
:103A40000500AD00200000F0AFF8010014F1800681
:103A50000020A84204D2002246F82020401CF8E7AB
:103A600014F5086200238B4204D2002042F82300A0
:103A70005B1CF8E7606B50F08050606314F18007C6
:103A80003E00002020610020A06400206061002032
:103A9000A0610020002804D1002246F82020401C0C
:103AA000F8E7626B32F080526263F1BD01000820DA
:103AB0000A00D2B2092A01D2080023E00A00D2B2D9
:103AC000092A0AD01ED30B2A0DD009D30D2A10D0F3
:103AD0000CD30F2A13D00FD314E00C22100011E0E6
:103AE000102210000EE0142210000BE0182210002B
:103AF00008E02022100005E03022100002E0402201
:103B00001000FFE7C0B270472DE9F24F84B0040007
:103B100008208DF8000000254FF400765FF00009C2
:103B2000DDF810A000200027002103915FF00008BD
:103B300014F180010191002102915FF0000B5846C1
:103B4000C0B202281CDA5946C9B2200000F005FABA
:103B500080469DF8000010EB080005002800C0B268
:103B6000B6FBF0F0070050463900C0B2C9B2884237
:103B700006D319F18009BAEB070A1BF1010BDEE746
:103B80005046C0B23900C9B2B0FBF1F201FB1200DD
:103B90002900C9B28908484310FA89F1019800EB5D
:103BA000810005B0BDE8F08F010000200022032A4B
:103BB0000CD2DFF8D43953F82230994204D1DFF81F
:103BC000CC3953F822301800521CF0E77047F8B592
:103BD00004000020009000250121DFF8B409FBF764
:103BE0007CFA0600002701F0D1F8206850F08040F0
:103BF0002060206850F0805020602068C00F0028AE
:103C000003D0206820F00040206001F0D9F80120A6
:103C1000FBF738FA00902068C0F30060002809D153
:103C200001216846FBF742FA40190500B542F2D37C
:103C3000032007003800C0B2F2BDF8B50400002030
:103C4000009000250121DFF85C0DFBF746FA060025
:103C5000002701F0CBF8206820F00040206001F040
:103C6000DFF80120FBF70EFA00902068C0F3006037
:103C7000002809D101216846FBF718FA4019050010
:103C8000B542F2D3032007003800C0B2F2BDF8B548
:103C900004000020009000250121DFF8080DFBF74B
:103CA0001CFA0600002701F0D1F8206830F080509F
:103CB0002060206830F08040206001F0E1F80120B1
:103CC000FBF7E0F900902068C0F30060002809D0FD
:103CD00001216846FBF7EAF940190500B542F2D325
:103CE000032007003800C0B2F2BDF8B50400002080
:103CF000009000250121DFF8AC0CFBF7EEF906007F
:103D000000272068C00F00281AD101F0CFF82068E2
:103D100050F00040206001F0E3F80120FBF7B2F919
:103D200000902068C0F30050002809D101216846A6
:103D3000FBF7BCF940190500B542F2D30320070098
:103D40003800C0B2F2BDF8B504000F0015003E0007
:103D5000B6B201F0DBF82800C0B200281CD0380051
:103D600044F2010180B2884204D1606B50F00040FF
:103D7000606328E0380080B2B0F5806F04D038006E
:103D800080B2B0F5006F03D1206850F400102060BD
:103D900060683043606016E0380044F2010180B290
:103DA000884204D1606B20F0004060630BE06068E3
:103DB000B04360606068060016F4406F03D120686D
:103DC00030F40010206001F0BBF8F1BD2DE9FC419A
:103DD00004000020009000250121DFF8B407FBF764
:103DE0007CF906000027206850F000702060012058
:103DF000FBF748F900902068C0F34060002809D024
:103E000001216846FBF752F940190500B542F2D38B
:103E1000032007003800C0B2002838D1206850F4D1
:103E2000805020602000FFF706FE5FF0FF38C4F8E6
:103E30001080C4F81480C4F818800020A062C4F870
:103E400030802000FFF7B0FE212803D300206062FD
:103E5000C4F82C80DFF81C0D2062002060605FF445
:103E600080106063002020650020C4F8F00B002063
:103E7000C4F8F40B0020C4F8F80B0020C4F8FC0BC5
:103E80000020C4F8040CDFF8680DC4F8000C3800FA
:103E9000C0B2BDE8F68170B504000D002000FFF748
:103EA00083FE020000202168C1F3C021002901D057
:103EB000012108000100C9B2002918D1216851F080
:103EC00000512160616B65F31B6161635FF0FF313D
:103ED000A16400210E00110089B28E4207D27FF04A
:103EE000604104EB8603C3F88018761CF3E7C0B288
:103EF00070BD70B504000D002000FFF735FD0028EF
:103F000002D12878002801D1012000E00020C0B2B1
:103F1000F7F76EFF2000FFF727FD002802D1687831
:103F2000002801D1012000E00020C0B2F7F760FFB7
:103F30002000FFF719FD00280ED0D4F8000C30F453
:103F40004030297850EA014030F4C010697850EAD6
:103F5000C1400600C4F8006C70BD10B4020000231C
:103F60000800C0B2002802D0012808D00FE00820C5
:103F7000D2F8004C240C14F00304A0400EE00820FA
:103F8000D2F8004CE40C14F00304A04006E0082032
:103F9000D2F8004C240C14F00304A040C0B210BCB2
:103FA00070472DE9F84F04000D0008264FF4007704
:103FB0005FF008085FF0000B00205FF000095FF081
:103FC000000A5046C0B2022815DA5146C9B2200094
:103FD000FFF7C3FF804616EB080081464846C0B293
:103FE000B7FBF0F010EB0B0B5846C0B2854202D382
:103FF0001AF1010AE5E74046C0B2BDE8F28F38B5D4
:1040000004000D0029002000FFF77EFD016831BD8E
:104010002DE9F04705000E0017009846089C5FF058
:1040200000095FF0010A17F01F001AFA00FA202FAA
:1040300032D24046C0B2002819D001F003F9DFF8AF
:10404000B40B3100C9B250F831105AEA0101320004
:10405000D2B240F832102100C9B2012904D1310096
:10406000C9B250F83100A86201F004F914E001F07F
:10407000E9F8DFF8800B3100C9B250F8311031EAAD
:104080000A013200D2B240F832103100C9B250F801
:104090003100A86201F0EEF8202F3AD3402F38D239
:1040A0004046C0B200281CD001F0CCF8DFF8440B29
:1040B0003100C9B200EBC10149685AEA010132007E
:1040C000D2B200EBC20251602100C9B2012905D170
:1040D0003100C9B200EBC1004068686201F0CAF863
:1040E00017E001F0AFF8DFF80C0B3100C9B200EBBC
:1040F000C101496831EA0A013200D2B200EBC202C2
:1041000051603100C9B200EBC1004068686201F043
:10411000B1F84846C0B2BDE8F0872DE9F04104008F
:104120000D0016001F005FF0010816F01F0018FABE
:1041300000F8202E15D200F079FFDFF8B80AA16A46
:1041400031EA08012A00D2B240F832103900C9B26F
:10415000012904D12900C9B250F83100A06200F051
:104160007FFF202E19D3402E17D200F05FFFDFF81B
:10417000840A616A31EA08012A00D2B200EBC20265
:1041800051603900C9B2012905D12900C9B200EB3B
:10419000C1004068606200F063FFBDE8F08110B5C7
:1041A00004002000FFF700FD0021A162212801D3B7
:1041B0000021616210BD38B504000D002000FFF73A
:1041C000F3FCDFF8301A2A00D2B251F83220A26292
:1041D000212805D32A00D2B201EBC20149686162ED
:1041E00031BD2DE9F84305000E0014001F00310019
:1041F0002800FFF789FC804618F10409002C01D043
:10420000012000E00020C0B2F7F7F2FD0020C8F85E
:1042100000000020C9F800002079012818D1D8F842
:10422000000050F40010C8F80000D8F8000030F486
:104230008000C8F80000D9F8000010F06040C9F80C
:104240000000D9F8001027F060400143C9F80010C1
:104250002079002814D1D8F8000030F4C000C8F844
:104260000000D9F800006FF39C40C9F80000D9F8AD
:104270000000DFF8F81A11EA87410843C9F8000086
:1042800020680F280ED0D8F8000030F07060C8F811
:104290000000D8F800002168090611F07061084399
:1042A000C8F80000BDE8F18370B504000D000026D9
:1042B00029002000FFF728FC0100086880B270BDCB
:1042C0002DE9F84F84B006000F00140039003000CB
:1042D000FFF71AFC804618F10400009018F108005E
:1042E000039018F1080002905FF00009D8F800A0D0
:1042F0005FEA1A4A1AF00F0A5046C0B2FFF7D6FB1F
:104300008346002C01D0012000E00020C0B2F7F766
:104310006FFD14F10800019039003000FFF741FEF5
:104320005946C9B2884204D239003000FFF739FE3D
:10433000834684F848B0D8F80000206020688002E6
:1043400003D500980068606003E000980068800C66
:104350006060206880B2E06400200100C9B25A4663
:10436000D2B29208920091421AD202990200D2B2BD
:1043700032F0030289580D002900090A11F47F4127
:1043800051EA15612A0212F47F02114351EA0561D4
:10439000019A0300DBB233F00303D150001DDCE7C8
:1043A00001005A46C9B2D2B2914211D20399020019
:1043B000D2B292089200D21C0300DBB213F00303C6
:1043C000D21A895C0200D2B222441172401CE7E783
:1043D00005B0BDE8F08F2DE9F54F85B00C001D004C
:1043E0005FF0000A059801900198061D01980830B9
:1043F00002900198083003902F00002C01D001207A
:1044000000E00020C0B2F7F7F3FC5FF00060019914
:10441000086000203060A068C0B2FFF7FEFA804656
:10442000002D53D05FF0000BA0688008800083450A
:1044300022D25846800857F820105846800857F86E
:104440002000000A10F47F4050EA116059468908A4
:1044500057F82110090211F47F01084359468908D1
:1044600057F8211050EA016003995A46920841F822
:1044700022001BF1040BD7E7A06883450DD20299F7
:104480005FEA9B029200D21C1BF00300121A15F87F
:104490000B0088541BF1010BEEE74046C0B2FFF75A
:1044A00005FB8DF80000D4F808909DF800008145C8
:1044B0000CD202995FEA99029200D21C19F0030013
:1044C000121A607B885419F10109EEE7207901285E
:1044D0000BD1306810F0604030603068069921F0F0
:1044E0006041084330605AF4C00A207900280DD199
:1044F00030686FF39C40306030680699DFF86C28B4
:1045000012EA8142104330603AF4C00A3AF4702A49
:104510004046C0B2000410F4702050EA0A0A206835
:104520000F282CD020681C2802D15AF4801A05E0EC
:104530009DF84000012801D15AF4801A3AF0706ABF
:10454000207B00280AD02068000610F0706050EA36
:104550000A0A5AF0004A3AF4801A08E05046D4F8A1
:1045600000A05FEA0A6A1AF0706A5AEA000AA07BA1
:10457000002801D05AF0804A0198C0F800A007B086
:10458000BDE8F08FBC094400000A44000C0A440056
:1045900040420F002DE9F84F86B005000C0015F1E0
:1045A00080000590002003905FF000080020049038
:1045B0005FF0000908208DF80000611E2800FFF759
:1045C000F0FC824600200290002001905FF0000B7A
:1045D000002C01D0012000E00020C0B2F7F708FC59
:1045E000611E2800FFF790FA0390039850FA8AF0B2
:1045F0009DF8001050FA81F002902800FFF7D4FADD
:10460000000105990844019001980299884204D359
:104610002800FFF7C9FAA04201D204208346584679
:10462000C0B2002830D1601E296860F306012960FD
:104630002868C0F34070002826D100200600A6425A
:1046400022D231002800FFF75FFA804618F10400FB
:10465000049018F1080081460020C8F800000020EE
:104660000499086031002800FFF79BFC8246002077
:1046700007005046C0B2874204D2002009F8070064
:104680007F1CF6E7761CDAE75846C0B207B0BDE8F3
:10469000F08F38B504000D002800C0B2002803D008
:1046A00002280FD009D31AE0606830F0080060607B
:1046B000606830F48050606011E0606850F008007D
:1046C00060600CE0606850F480506060606830F0BA
:1046D0000800606001212000FFF73AF9FFE731BDD3
:1046E0002DE9F34F81B0050014005FF000085FF082
:1046F0000009002715F1E006002C03D19DF8080001
:10470000032801D1012000E00020C0B2F7F770FBC0
:10471000686BC0F3036000909DF80800002807D084
:10472000022800F0A7803AD3032800F02F8136E159
:1047300000F0ACFC286830F44070286000F0BEFC4B
:10474000002083460098401CBBEBC00F26D20020FF
:10475000070014F83B00002802D05FF0004007007B
:1047600004EBCB00407800280BD057F0804704EBD7
:10477000CB004068400020F04040C01946F82B00B4
:1047800009E004EBCB004068DFF8E41511EAC04112
:10479000C91946F82B101BF1010BD3E7FFE000F01D
:1047A00075FC0120296860F30921296000F086FC6E
:1047B00000208246002083460098401CBBEBC00FBF
:1047C00057D2002080460020814614F83A00002885
:1047D00002D05FF00040804604EBCA00007A002857
:1047E00002D04FF40040814604EBCA004078002814
:1047F0000DD058F0804804EBCA004068DFF874150B
:1048000011EA400111EB080146F82B100AE004EB15
:10481000CA004068DFF8581511EAC04111EB0801E1
:1048200046F82B1004EBCA00407A00280ED059F449
:10483000804956F82B0004EBCA01C968C1F3CD3199
:1048400011EB0901084346F82B000DE056F82B0048
:1048500004EBCA01C96843F6F87212EAC10212EB0E
:104860000902104346F82B001AF1020A1BF1010B52
:10487000A2E794E000F00AFC0220296860F3092115
:10488000296000F01BFC002082460020834600982F
:10489000401CBBEBC00F78D204EBCA004078002864
:1048A00008D004EBCA004068400D18EB006046F8E1
:1048B0002B0007E004EBCA004068C00818EB00605A
:1048C00046F82B0004EBCA00407A00280DD056F8B9
:1048D0002B0004EBCA01C968490911F47F0111EBEF
:1048E0000801084346F82B000CE056F82B0004EBB7
:1048F000CA01C968490311F47F0111EB080108439B
:1049000046F82B0004EBCA00407C00280DD056F876
:104910002B0004EBCA014969490B11F47F4111EBEB
:104920000801084346F82B000CE056F82B0004EB76
:10493000CA014969490111F47F4111EB080108439B
:1049400046F82B0004EBCA00407E00280CD056F835
:104950002B0004EBCA01C969C1F3475111EB0801EF
:10496000084346F82B000BE056F82B0004EBCA0175
:10497000C969C1F3C70111EB0801084346F82B00D0
:104980001AF1040A1BF1010B81E708E000F07EFB3D
:10499000286850F44070286000F090FBFFE7BDE805
:1049A000F78F000040420F002DE9F84F05000C0082
:1049B00015F18007381D009017F108085FF0000915
:1049C000D7F800A05FEA1A4A1AF00F0A5046C0B2A0
:1049D000FFF76CF88346002C01D0012000E0002096
:1049E000C0B2F7F705FA14F108005946C9B209290F
:1049F00001D308218B4684F848B0396821602168CA
:104A0000890203D500990968616003E0009909688B
:104A1000890C6160E96C84F84910216889B2E1640D
:104A200000215A46D2B2914216D20A00920858F892
:104A3000222016003200120A12F47F4252EA166255
:104A4000330213F47F031A4352EA06620B009B08F9
:104A500040F82320091DE4E7BDE8F18F2DE9FE4F62
:104A600005000C0015F5005000900098001D029004
:104A700000980830019000275FF000085FF00009FF
:104A80000098D0F800A05FEA1A4A1AF00F0A5046C0
:104A9000C0B2FFF70BF88346002C01D0012000E0E4
:104AA0000020C0B2F7F7A4F914F1080084F848B068
:104AB0000099096821602168890203D50299096873
:104AC000616003E002990968890C61602168C9028C
:104AD00001D500218B461BF0030F01D0012100E01E
:104AE00000215A46D2B211EB9201019A0B00DBB2BF
:104AF00052F8232012F07F0223689B0206D4D5F8D7
:104B00000C3C1B0C13F07F03D31800E01300DFF8FC
:104B100068729C465FFA8CFC17F80C7084F8497038
:104B20002768BFB2E7640027DC465FFA8CFC674564
:104B30001DD2DDF804C0BE465FEA9E0E5CF82EC0B2
:104B40006646B4465FEA1C2C1CF47F4C5CEA166C8B
:104B50005FEA062E1EF47F0E5EEA0C0C5CEA066C21
:104B6000BE465FEA9E0E40F82EC03F1DDCE7BDE862
:104B7000F78F000006003B00F0B404000020002581
:104B800000260F009C46FFB25FFA8CFC674502D3FB
:104B90000127380015E01700FFB2012F0FD1676B16
:104BA000C7F303673D006F1CFF00BF087F1D3E0079
:104BB0000F00FFB2BE4204D30127380001E00027F6
:104BC0003800C0B2F0BC7047020000230020002172
:104BD00000290AD1DFF8A43153F821309A4202D1DA
:104BE0000123180001E0491CF2E7C0B27047000041
:104BF000004100808C2C40202DE9F84304000D007A
:104C000016001F005FF000085FF000092000FFF7AA
:104C1000DBFF00283BD016EB5500401E814656EACC
:104C20000500002801D101208046E80701D50120B8
:104C300080462068800001D5012080464046C0B2F1
:104C4000002826D1D4F80C0C50F00040C4F80C0C0D
:104C5000D4F8140C50F00060C4F8140CD4F8140C00
:104C600020F07040C4F8140CD4F80C0C69F30D203B
:104C7000C4F80C0CD4F80C0C66F31640C4F80C0CF9
:104C8000D4F80C0C67F30400C4F80C0C01E001200C
:104C900080464046C0B2BDE8F28338B504000D003E
:104CA000A80604D501212000FEF763FE03E00021E1
:104CB0002000FEF75EFE680604D501212000FEF705
:104CC00064FE03E000212000FEF75FFE280704D504
:104CD00001212000FEF765FE03E000212000FEF721
:104CE00060FEA80707D52068000504D40121200034
:104CF000FEF787FE03E000212000FEF782FE680732
:104D000004D501212000FEF764FE03E0002120000D
:104D1000FEF75FFEE80704D501212000FEF74DFEF7
:104D200003E000212000FEF748FEE80604D501213B
:104D30002000FEF75AFE03E000212000FEF755FE9A
:104D400031BD10B4002100221100C9B202290BD2DA
:104D50000B490300DBB201EBC3011300DBB20024FB
:104D600041F82340521CEFE710BC70470000FC1FC5
:104D70000000F83F0000FF3FA42C4020180A440028
:104D80008C2C4020EFF310807047000070B5F9F7CD
:104D90007CF80500DFF8046556F82500002809D1E5
:104DA000FFF7F0FF0400E00700D472B6DFF8F0046C
:104DB00040F8254056F82500401C46F8250070BDF7
:104DC00080B5F9F762F8DFF8D41451F82020521EAC
:104DD00041F82020DFF8C82452F82020D20704D45C
:104DE00051F82010002900D162B601BD70B5F9F765
:104DF0004CF80500DFF8AC6456F82500002809D10E
:104E0000FFF7C0FF0400E00700D472B6DFF8980493
:104E100040F8254056F82500401C46F8250070BD96
:104E200080B5F9F732F8DFF87C1451F82020521ED3
:104E300041F82020DFF8702452F82020D20704D453
:104E400051F82010002900D162B601BD70B5F9F704
:104E50001CF80500DFF8546456F82500002809D135
:104E6000FFF790FF0400E00700D472B6DFF84004BB
:104E700040F8254056F82500401C46F8250070BD36
:104E800080B5F9F702F8DFF8241451F82020521EFB
:104E900041F82020DFF8182452F82020D20704D44B
:104EA00051F82010002900D162B601BD70B5F8F7A5
:104EB000ECFF0500DFF8FC6356F82500002809D157
:104EC000FFF760FF0400E00700D472B6DFF8E803E4
:104ED00040F8254056F82500401C46F8250070BDD6
:104EE00080B5F8F7D2FFDFF8CC1351F82020521E1E
:104EF00041F82020DFF8C02352F82020D20704D444
:104F000051F82010002900D162B601BD70B5F8F744
:104F1000BCFF0500DFF8A46356F82500002809D17E
:104F2000FFF730FF0400E00700D472B6DFF890030B
:104F300040F8254056F82500401C46F8250070BD75
:104F400080B5F8F7A2FFDFF8741351F82020521E45
:104F500041F82020DFF8682352F82020D20704D43B
:104F600051F82010002900D162B601BD70B5F8F7E4
:104F70008CFF0500DFF84C6356F82500002809D1A6
:104F8000FFF700FF0400E00700D472B6DFF8380333
:104F900040F8254056F82500401C46F8250070BD15
:104FA00080B5F8F772FFDFF81C1351F82020521E6D
:104FB00041F82020DFF8102352F82020D20704D433
:104FC00051F82010002900D162B601BD70B5F8F784
:104FD0005CFF0500DFF8F46256F82500002809D1CF
:104FE000FFF7D0FE0400E00700D472B6DFF8E0025D
:104FF00040F8254056F82500401C46F8250070BDB5
:1050000080B5F8F742FFDFF8C41251F82020521E95
:1050100041F82020DFF8B82252F82020D20704D42B
:1050200051F82010002900D162B601BD70B5F8F723
:105030002CFF0500DFF89C6256F82500002809D1F6
:10504000FFF7A0FE0400E00700D472B6DFF8880284
:1050500040F8254056F82500401C46F8250070BD54
:1050600080B5F8F712FFDFF86C1251F82020521EBD
:1050700041F82020DFF8602252F82020D20704D423
:1050800051F82010002900D162B601BD70B5F8F7C3
:10509000FCFE0500914E56F82500002808D1FFF7C8
:1050A00071FE0400E00700D472B68D4840F8254038
:1050B00056F82500401C46F8250070BD80B5F8F76D
:1050C000E4FE864951F82020521E41F82020844AEF
:1050D00052F82020D20704D451F82010002900D122
:1050E00062B601BD70B5F8F7D0FE05007D4E56F8EA
:1050F0002500002808D1FFF745FE0400E00700D492
:1051000072B6794840F8254056F82500401C46F80C
:10511000250070BD80B5F8F7B8FE724951F820201F
:10512000521E41F82020704A52F82020D20704D4A1
:1051300051F82010002900D162B601BD70B5F8F712
:10514000A4FE0500694E56F82500002808D1FFF797
:1051500019FE0400E00700D472B6654840F8254007
:1051600056F82500401C46F8250070BD80B5F8F7BC
:105170008CFE5E4951F82020521E41F820205C4AE6
:1051800052F82020D20704D451F82010002900D171
:1051900062B601BD70B5F8F778FE0500554E56F8B9
:1051A0002500002808D1FFF7EDFD0400E00700D43A
:1051B00072B6514840F8254056F82500401C46F884
:1051C000250070BD80B5F8F760FE4A4951F82020EF
:1051D000521E41F82020484A52F82020D20704D419
:1051E00051F82010002900D162B601BD70B5F8F762
:1051F0004CFE0500414E56F82500002808D1FFF767
:10520000C1FD0400E00700D472B63D4840F82540D7
:1052100056F82500401C46F8250070BD80B5F8F70B
:1052200034FE364951F82020521E41F82020344ADD
:1052300052F82020D20704D451F82010002900D1C0
:1052400062B601BD70B5F8F720FE05002D4E56F888
:105250002500002808D1FFF795FD0400E00700D4E1
:1052600072B6294840F8254056F82500401C46F8FB
:10527000250070BD80B5F8F708FE224951F82020BE
:10528000521E41F82020204A52F82020D20704D490
:1052900051F82010002900D162B601BD68424020BB
:1052A000584240208842402078424020A842402076
:1052B00098424020C8424020B8424020E842402066
:1052C000D842402008434020F84240202843402054
:1052D0001843402048434020384340206843402042
:1052E000584340208843402078434020A843402032
:1052F00098434020C8434020B8434020E843402022
:10530000D843402008444020F8434020F8B504002A
:1053100000273900C9B22000F6F780FC06003000F3
:10532000C0B2002849D1002005002800C0B20228E0
:1053300043D2DFF8E00239003A00D2B250F822201E
:1053400092682B00DBB202EBC3025278C9B29142E1
:1053500031D10021DFF8C0222B00DBB2D154DFF8BD
:10536000BC123A00D2B250F8222092682B00DBB275
:1053700012F833208D54DFF8A8123A00D2B250F858
:10538000222092682B00DBB212F833208F543900B0
:10539000C9B250F8211089682A00D2B201EBC201CB
:1053A0003A00D2B250F8220080682A00D2B210F837
:1053B000320000F063F96D1CB7E7F1BDF8B50024C9
:1053C000DFF860522000C0B2285C022806D001231A
:1053D00001220021FF20F7F7EFFD4FE0002006003B
:1053E0003000C0B2022845D2DFF828022100220096
:1053F000D2B250F8222092683300DBB202EBC30233
:105400005278C9B2914233D15FF0FF31DFF80C22FC
:105410002300DBB250F823309B683700FFB213F84B
:105420003730D154DFF8F8212300DBB250F82330B5
:105430009B683700FFB213F83730D1540021DFF8F2
:10544000D8213300DBB2D1542100C9B250F8211069
:1054500089683200D2B201EBC2012200D2B250F808
:10546000220080683200D2B210F8320000F024F935
:10547000761CB5E701202100C9B26854F1BD2DE9C1
:10548000F84F05000E0017005FF001085FF00009FB
:1054900005234A46D2B239002800C0B2F6F74AFCCA
:1054A00082465046C0B2002841D1DFF868B1484674
:1054B000C0B25BF8200080682900C9B200EBC100CF
:1054C000807800282DD04846C0B25BF82000806864
:1054D0002900C9B200EBC1014846C0B25BF8200008
:1054E00080682A00D2B210F8320000F073F904008C
:1054F0002000C0B201281AD02000C0B2022816D065
:105500003A003100C9B24846C0B25BF8200080685A
:105510002B00DBB210F8330000F022F900208046A7
:1055200005E0022305220021FF20F7F745FD404654
:10553000C0B2BDE8F28F2DE9F04705000E0001274B
:105540005FF0000802234246D2B231002800C0B208
:10555000F6F7A7FB81464846C0B2002855D1DFF8D0
:10556000B4A04046C0B25AF8200080682900C9B2F1
:1055700000EBC1008078012841D04046C0B25AF803
:10558000200080682900C9B200EBC1014046C0B2CA
:105590005AF8200080682A00D2B210F8320000F0D9
:1055A00019F904002000C0B201282ED02000C0B29A
:1055B00002282AD0307A002805D1012016492A0075
:1055C000D2B2885404E0022013492A00D2B288548F
:1055D0004046C0B25AF8200080682900C9B200EBEA
:1055E000C10231004046C0B25AF8200080682B004A
:1055F000DBB210F8330000F06FF8070005E002237B
:1056000002220021FF20F7F7D7FC3800C0B2BDE826
:10561000F087000040404020F82B40202C324020F2
:10562000343240200040402070B504000D002E00B0
:105630002000C0B2052802D0062806D00BE00120C9
:1056400060493200D2B2885405E002205D49320040
:10565000D2B28854FFE73100C9B22000C0B200F0D6
:10566000D3F870BD70B504000D002E00F6B2310005
:10567000C9B22000C0B200F0C7F870BD38B5040050
:105680000D00A87801280BD0686801682000C0B21E
:1056900000F0E6FE4C492000C0B201F036FA0AE004
:1056A000686841682000C0B201F03EF94749200017
:1056B000C0B201F046FA31BD38B504000D00A8783B
:1056C000012804D02000C0B200F042FF03E0200017
:1056D000C0B201F08DF931BDF8B504000D0016001F
:1056E000AA7829882000C0B200F05CFFE978200089
:1056F000C0B201F042FA287A002811D16879002856
:1057000001D1012300E0002341F288300090DBB298
:10571000EA88E9682000C0B200F074FF070010E0DA
:105720006879002801D1012300E0002341F288308C
:105730000090DBB2EA88E9682000C0B201F014F8FA
:1057400007003800C0B2002807D03900C9B22000D5
:10575000C0B2F5F70EFF012007003800C0B2F2BD5D
:1057600070B504000D0016002A00D2B231002000EE
:10577000C0B201F076F970BD10B402000800002834
:1057800002D002280CD017E00E48114B1400E4B2EE
:105790001B57C05C002801D1002000E003200CE072
:1057A00008480B4B1400E4B21B57C05C012801D120
:1057B000012000E0022000E00420C0B210BC7047CD
:1057C00000000000F82B4020655643002956430096
:1057D0002C32402070B504000D00A878012806D0B6
:1057E00000212000C0B201F031F8060005E00021E0
:1057F0002000C0B201F065F9060031002000C0B2FF
:10580000FFF7BAFF70BDFEE738B504000D002000B9
:10581000C0B2052808D006280DD1074A0821280063
:10582000C0B2FFF72CFE06E0044A08212800C0B2EF
:10583000FFF725FEFFE731BDB01F40209831402023
:1058400001004868C0F30320012212FA00F080B280
:1058500070470100486810F00F00012212FA00F0B2
:1058600080B27047016931F4007151F40071016137
:105870007047016931F4807151F4807101617047A2
:105880000269520852000B00DBB2012B01D1012347
:1058900000E0002313F001031A43026170474169DD
:1058A000C1F34001012901D1012000E00020C0B274
:1058B0007047416911F00101012901D1012000E087
:1058C0000020C0B270474169C1F30031012901D104
:1058D000012000E00020C0B270474169C1F3C0213F
:1058E000012901D1012000E00020C0B270474169C8
:1058F000C1F38021012901D1012000E00020C0B2C4
:1059000070474FF48051416170474FF4006141612D
:1059100070474FF480614161704710B4836914008F
:10592000E4B2012C01D10B4300E08B43836110BC36
:105930007047426A32F0E0620B00DBB21B0613F0E4
:10594000E0631A4342627047826A32F070620B066B
:1059500013F070631A4382627047826A32F47022D5
:105960000B0413F470231A4382627047D0F8282185
:1059700032F070620B0613F070631A43C0F82821EE
:105980007047D0F8282132F470220B0413F47023EE
:105990001A43C0F828217047C26A6FF31322DFF858
:1059A000983913EA01231A43C2627047426A32F4FB
:1059B00080620B00DBB2012B01D1012300E0002348
:1059C0009B0213F480631A4342627047836A1B0B85
:1059D0001B030A05120D134383627047426A32F4B7
:1059E00000720B00DBB25B0213F400731A434262D5
:1059F0007047426AD208D2000B00DBB213F00703F3
:105A00001A4342627047826C32F47C520B00DBB264
:105A10001B0213F47C531A4382647047826C32F089
:105A20007C520B00DBB21B0613F07C531A438264DA
:105A30007047826C32F47C120B00DBB21B0413F44F
:105A40007C131A4382647047826C920992010B00A6
:105A5000DBB213F03F031A4382647047026D32F0E9
:105A60007C520B00DBB21B0613F07C531A43026519
:105A70007047026D32F47C120B00DBB21B0413F48E
:105A80007C131A4302657047026D32F47C520B009E
:105A9000DBB21B0213F47C531A4302657047026D9C
:105AA000920992010B00DBB213F03F031A43026527
:105AB0007047826D32F440320B009BB21B0413F42A
:105AC00040331A43826570470100886DC0F301407E
:105AD00080B27047826D920892000B009BB213F067
:105AE00003031A43826570470100C86DC0F302408A
:105AF00080B270470100C86D10F0070080B2704797
:105B00000B00DBB21B0253FA82F3036670470100FD
:105B1000086F00F0FF00C0B27047D0F810215208A3
:105B200052000B00DBB2012B01D1012300E0002366
:105B300013F001031A43C0F81021704710B4D0F8D5
:105B400018311400E4B2012C01D10B4300E08B4367
:105B5000C0F8183110BC7047D0F81C2132F0020296
:105B60000B00DBB2012B01D1012300E000235B001D
:105B700013F002031A43C0F81C217047D0F81C210F
:105B8000520852000B00DBB2012B01D1012300E0CF
:105B9000002313F001031A43C0F81C217047D0F80A
:105BA000242132F4E0220B00DBB21B0413F4E023C7
:105BB0001A43C0F824217047D0F8242132F400524F
:105BC0000B00DBB2012B01D1012300E000235B03BA
:105BD00013F400531A43C0F824217047D0F824214D
:105BE00032F480520B00DBB21B0313F480531A43D0
:105BF000C0F824217047D0F8242132F008020B00AD
:105C0000DBB2012B01D1012300E00023DB0013F004
:105C100008031A43C0F824217047D0F8242132F039
:105C200004020B00DBB2012B01D1012300E00023B1
:105C30009B0013F004031A43C0F824217047D0F8E6
:105C4000242132F002020B00DBB2012B01D101232F
:105C500000E000235B0013F002031A43C0F8242184
:105C60007047D0F82421520852000B00DBB2012B00
:105C700001D1012300E0002313F001031A43C0F80F
:105C80002421704710B4D0F840216FF34A020B0072
:105C90009BB240F2FE7414EA43042243C0F8402150
:105CA00010BC7047D0F85421520852000B00DBB2F0
:105CB00013F001031A43C0F85421704710B50400D3
:105CC000002C01D0012000E00020C0B2F6F7A4F8BB
:105CD000A07AE17A884201D1012000E00020C0B220
:105CE00010BD10B50400002C01D0012000E0002000
:105CF000C0B2F6F791F80020E0720020A07210BD4B
:105D00002DE9F84304000D0016001F00002D01D0FE
:105D1000012000E00020C0B2F6F77EF8002C01D090
:105D2000012000E00020C0B2F6F776F82000FFF76F
:105D3000E1FE80462000FFF78CFD81464046494643
:105D400080B289B2884207D23A00D2B23100C9B2D9
:105D50002000FFF7D5FE10E0A87A052801D2012027
:105D600000E00020C0B2F6F757F8A87A2E54A87ABF
:105D700028444771A87A401CA872BDE8F183F8B5A1
:105D800004000D00002D01D0012000E00020C0B271
:105D9000F6F742F8002C01D0012000E00020C0B24C
:105DA000F6F73AF82000FFF7A5FE06002000FFF7FF
:105DB00050FD07002800FFF781FF002815D13000B3
:105DC000390080B289B288420FD2E87A28444279F9
:105DD000E87A295C2000FFF793FEE87A401CE8721D
:105DE0002000FFF787FE0600E4E72800FFF766FFC4
:105DF000002802D02800FFF774FFF1BD2DE9F84319
:105E000004000D001600002D01D0012000E000204C
:105E1000C0B2F6F701F8002C01D0012000E000200C
:105E2000C0B2F5F7F9FFA87E03280CD195F8200041
:105E3000002808D1EB7F052229002000FFF760FF32
:105E4000012085F8200095F82000012801D10627BF
:105E500000E0042795F8220000282BD0A88B80B200
:105E6000C00910F00600B0F110094B46DBB23A0051
:105E7000D2B229002000FFF743FFB5F81C8043464B
:105E8000DBB2002229002000FFF73AFF3000C0B249
:105E9000012822D1A88B80B2C00910F006000F386B
:105EA00080464346DBB23A00D2B229002000FFF719
:105EB00027FF12E03000C0B2012801D1012000E02C
:105EC0000020A98B490051FA80F84346DBB23A0022
:105ED000D2B229002000FFF713FFBDE8F1832DE9BE
:105EE000F04104000D00002D01D0012000E0002051
:105EF000C0B2F5F791FF002C01D0012000E0002096
:105F0000C0B2F5F789FF2000FFF7F4FD060020007E
:105F1000FFF79FFC07002800FFF7D0FE002821D0E4
:105F2000E86800281ED03000390080B289B288426B
:105F300018D22869027800212000FFF7E1FD2869C6
:105F4000401C2861E868401EE8605FF00008404699
:105F5000C0B2FF28E4D02000FFF7CCFD060018F106
:105F60000108F4E7BDE8F081F8B504000D00160063
:105F70001F00002D01D0012000E00020C0B2F5F785
:105F80004BFF002C01D0012000E00020C0B2F5F74B
:105F900043FF002243F603412000FFF7BEFC380018
:105FA000C0B2012805D12000FFF763FC2000FFF7F5
:105FB00059FC3000C0B2012807D100220221200084
:105FC000FFF79EFD002085F82000002028610020BA
:105FD000E8600120A877F1BDF8B506000D00DFF8F4
:105FE0007C073100C9B250F82170DFF87407310026
:105FF000C9B250F82140002C01D0012000E000205F
:10600000C0B2F5F709FF00213800FFF792FC00212C
:106010003800FFF7E3FCA576F1BD10B504000021C0
:106020002000FFF7DBFD00212000FFF73BFE0021F1
:106030002000FFF7E0FD01212000FFF7EEFD012128
:106040002000FFF7FCFD01212000FFF70AFE10BD34
:106050002DE9F04105000E000027DFF800072900B8
:10606000C9B250F82180DFF8FC062900C9B250F807
:106070002140002C01D0012000E00020C0B2F5F743
:10608000CBFE4046FFF7C9FF3000C0B2032801D164
:10609000012007003900C9B24046FFF78DFD267385
:1060A000BDE8F08138B504000D002000FFF729FCA1
:1060B000A87E032802D1002085F820000120687600
:1060C0000123002229002000FFF74EFFE86A002884
:1060D00004D095F830100B20EA6A904731BD38B5EE
:1060E00004000D00002085F82000032068760123BD
:1060F000002229002000FFF737FFE86A002804D0BB
:1061000095F830100B20EA6A90472000FFF701FC59
:1061100031BD38B504000D002000FFF7F6FB012368
:10612000002229002000FFF71FFF06206876E86A9A
:10613000002804D095F830100B20EA6A904731BD52
:1061400038B504000D002000FFF7BDFB002803D088
:1061500029002000FFF7A6FF2000FFF7BEFB002864
:1061600003D029002000FFF7D4FF2000FFF7BFFB7A
:10617000002803D029002000FFF7B1FF31BDF8B59A
:10618000050000262800C0B2022801D2012000E04C
:106190000020C0B2F5F740FEDFF8C0052900C9B203
:1061A00050F82170DFF8B8052900C9B250F8214035
:1061B000002C01D0012000E00020C0B2F5F72CFE39
:1061C0003800FFF776FB00280BD02000FFF776FDA4
:1061D000002804D121003800FFF7D1FD01E00120A3
:1061E00006003000C0B200281BD02069002818D05B
:1061F000E068002811D1002394F821202100380004
:10620000FFF7B2FE00206076E06A002809D094F81B
:1062100030100B20E26A904703E021003800FFF7BE
:106220005EFE21003800FFF78BFFF1BD38B504009A
:106230000D002000FFF758FC002811D0E868002866
:106240000ED02000FFF763FC296908702869401C04
:106250002861E868401EE8606869401C6861E8E7FA
:1062600031BD70B505002800C0B2022801D201205E
:1062700000E00020C0B2F5F7CFFDDFF8E004290010
:10628000C9B250F82160DFF8D8042900C9B250F82B
:106290002140002C01D0012000E00020C0B2F5F721
:1062A000BBFD3000FFF7FBFA00283FD02100300093
:1062B000FFF7BCFFE068002811D1002394F82120EB
:1062C00021003000FFF750FE00206076E06A0028D1
:1062D0002CD094F830100B20E26A904726E0300072
:1062E000FFF7F2FB80B2E168884206D3E068411E06
:1062F00089B23000FFF7DDFB18E06069001D000681
:1063000014D1E068001F40F20111884206D3FF2338
:10631000012221003000FFF7F3FC07E0E068431F93
:10632000DBB2012221003000FFF7EAFC210030003F
:10633000FFF706FF70BD000000FF0F0038B5040036
:106340000D0029782000FFF754FBE968C9B220004E
:10635000FFF76FFB2969C9B22000FFF75FFB69688F
:10636000C9B22000FFF74FFBA968C9B22000FFF7B0
:106370006BFB31BD38B504000D00E969C9B22000DE
:10638000FFF76CFB296AC9B22000FFF772FB69694D
:10639000C9B22000FFF778FBA969C9B22000FFF756
:1063A0007EFB31BD2DE9F84307000C0015000226E5
:1063B0003800C0B2022801D2012000E00020C0B2A3
:1063C000F5F72AFDDFF898033900C9B250F82180AB
:1063D000DFF888033900C9B250F8219098F81E0000
:1063E000002817D000214846FFF74AFA29004846FE
:1063F000FFF7A4FF29004846FFF7BCFF2100C9B200
:106400003800C0B2FFF7E8FD01214846FFF738FA2F
:10641000002006003000C0B2BDE8F28338B50400A9
:106420000D002800FFF75DFC200000F0F5FB31BDFA
:1064300038B504000D0029692000FFF785FA696965
:106440002000FFF78AFAE9682000FFF7BFFA012170
:106450002000FFF7ABFAA9682000FFF79DFA31BDD5
:10646000F8B505000C00002C01D0012000E0002050
:10647000C0B2F5F7D1FC2800C0B2022801D2012039
:1064800000E00020C0B2F5F7C7FCDFF8D4622800B6
:10649000C0B256F82000002801D1012000E0002001
:1064A000C0B2F5F7B9FCDFF8B4022900C9B250F860
:1064B0002170DFF8101794F829203820424301EBAF
:1064C00002002900C9B246F821002800C0B256F8DF
:1064D000206000203076002030610020F060002035
:1064E00070760120B0772088B083A07886F82200EB
:1064F000607E86F82300E0697062206AB062606A9C
:10650000F06294F8280086F83000207E50F00800F1
:10651000F077002086F82000606870633100380052
:10652000FFF77CFF21003800FFF782FF726BE178F4
:106530002800C0B2FFF736FFA27821882800C0B239
:1065400000F030F801213800FFF79AF90020F2BD81
:10655000F8B505002800C0B2022801D2012000E0F1
:106560000020C0B2F5F758FC7C482900C9B250F8A9
:106570002160DFF8EC712800C0B257F82040002CF1
:1065800001D0012000E00020C0B2F5F745FC00205A
:106590002900C9B247F8210000213000FFF770F947
:1065A0000020F2BDF8B507000D0016003800C0B29B
:1065B000022801D2012000E00020C0B2F5F72CFC37
:1065C00067483900C9B250F82140002C01D00120A1
:1065D00000E00020C0B2F5F71FFCA58384F822601C
:1065E000F1BD38B504000D00002229002000FFF79E
:1065F00005FC29002000FFF772FC00212000FFF7B6
:1066000069FA31BD2DE9FE4F07000C001500DDF8D9
:106610003080002000905FF0000900214046F8F72C
:106620005CFD82465FF0020B3800C0B2022801D246
:10663000012000E00020C0B2F5F7EEFB002C01D0F5
:10664000012000E00020C0B2F5F7E6FB002D01D0EC
:10665000012000E00020C0B2F5F7DEFB3F48390022
:10666000C9B250F8210001903D483900C9B250F834
:106670002160002E01D0012000E00020C0B2F5F71B
:10668000CBFBB07F00282DD0F56034610020307640
:106690009DF8080086F821000020B077022070766F
:1066A00031000198FFF79DFF0020F8F7EBFC009008
:1066B0003800C0B2FFF763FD00216846F8F7F6FC2A
:1066C00010EB0900814600213800C0B200F0BEF88E
:1066D000022801D1D145EBD3D14501D309207076F1
:1066E000707E83465846C0B2BDE8FE8F2DE9F0416A
:1066F00005000C0019482900C9B250F8216018485B
:106700002900C9B250F82180012241463000FFF72C
:1067100075FB40F20110844206D3FF23012241465B
:106720003000FFF7EDFA07E014F1FF03DBB20122BE
:1067300041463000FFF7E4FA3000FFF781F8070028
:10674000380080B2844202D22000C0B20700791E15
:1067500089B23000FFF7ADF9BDE8F081CC554400B7
:106760009C2D4020A42D40202DE9FE4F07000C0059
:106770001500DDF83080002000905FF00009002156
:106780004046F8F7AAFC82465FF0020B3800C0B220
:10679000022801D2012000E00020C0B2F5F73CFB46
:1067A000002C01D0012000E00020C0B2F5F734FB3E
:1067B000002D01D0012000E00020C0B2F5F72CFB35
:1067C000DFF808043900C9B250F82160002E01D06A
:1067D000012000E00020C0B2F5F71EFBB07F0028CA
:1067E00030D0F5603461012030769DF8080086F8DD
:1067F00021000020B0770220707629003800C0B256
:10680000FFF774FF0020F8F73DFC00900020706156
:106810003800C0B2FFF725FD00216846F8F746FCB6
:1068200010EB0900814600213800C0B200F00EF8DC
:10683000022801D1D145EBD3D14501D3092070768F
:10684000707E83465846C0B2BDE8FE8F70B5060024
:106850000C003000C0B2022801D2012000E000206C
:10686000C0B2F5F7D9FADFF864033100C9B250F8C5
:106870002150002D01D0012000E00020C0B2F5F72A
:10688000CBFA002C05D095F82300012801D1E86847
:106890002060687E70BD70B50400DFF82C03210015
:1068A000C9B250F82150DFF828032100C9B250F8CE
:1068B0002160707C002805D1012240F60471280077
:1068C000FFF73CF9707C012805D1012240F60671E2
:1068D0002800FFF733F901212800FFF71EF970BDEA
:1068E00070B504000D001600290089B22000FFF7E2
:1068F000C9F93000C0B2002804D001212000FFF700
:106900004EF903E000212000FFF749F970BD70B592
:1069100004000D00160029002000FFF727F83100C1
:106920002000FFF72EF870BDF8B505000C00002C14
:1069300001D0012000E00020C0B2F5F76DFA280078
:10694000C0B2022801D2012000E00020C0B2F5F759
:1069500063FADFF87C622800C0B256F820000028F5
:1069600001D1012000E00020C0B2F5F755FADFF8B0
:1069700058022900C9B250F821702800C0B256F858
:10698000206000203070A069F061207F86F8200030
:106990000020B06000207060002086F8210060793F
:1069A0007074206970616069B06100207070A078B7
:1069B00070730020B073E078F073380000F02CF9A9
:1069C000A27821883800FFF78BFF21792800C0B218
:1069D000FFF73EFBE268A1683800FFF798FFF07B05
:1069E000002803D02800C0B2FFF755FF0020F2BDF9
:1069F000F8B505002800C0B2022801D2012000E04D
:106A00000020C0B2F5F708FADFF8BC012900C9B2CE
:106A100050F82160DFF8B8712800C0B257F8204064
:106A2000002C01D0012000E00020C0B2F5F7F4F9FD
:106A3000607C00280AD1E07B012807D100213000CA
:106A4000FFF78AF800213000FFF798F800202900AE
:106A5000C9B247F8210000213000FFF75EF800209E
:106A6000F2BDF8B507000C0015003800C0B20228CE
:106A700001D2012000E00020C0B2F5F7CDF9002CD2
:106A800001D0012000E00020C0B2F5F7C5F9002DCB
:106A900001D0012000E00020C0B2F5F7BDF9DFF819
:106AA00030013900C9B250F82160002E01D0012018
:106AB00000E00020C0B2F5F7AFF9B46075600020C7
:106AC000F2BD70B506000C003000C0B2022801D241
:106AD000012000E00020C0B2F5F79EF9DFF8F000D9
:106AE0003100C9B250F82150002D01D0012000E042
:106AF0000020C0B2F5F790F9002C04D0687C012882
:106B000001D168682060287870BD70B505000E005E
:106B10002800C0B2022801D2012000E00020C0B24B
:106B2000F5F77AF929482900C9B250F82140002C1C
:106B300001D0012000E00020C0B2F5F76DF9E66257
:106B400070BD70B505000E002800C0B2022801D249
:106B5000012000E00020C0B2F5F75EF91C482900D2
:106B6000C9B250F82140002C01D0012000E00020E3
:106B7000C0B2F5F751F9E66170BD70B505000E00C1
:106B80002800C0B2022801D2012000E00020C0B2DB
:106B9000F5F742F90D482900C9B250F82140002C00
:106BA00001D0012000E00020C0B2F5F735F9300037
:106BB000C0B2012802D10320A07601E00020A07617
:106BC00070BD00002C2D4020CC5544009C2D402051
:106BD000A42D4020026932F002020B00DBB2012B2F
:106BE00001D1012300E000235B0013F002031A43EC
:106BF00002617047D0F8102132F002020B00DBB2C4
:106C0000012B01D1012300E000235B0013F00203FC
:106C10001A43C0F81021704710B50400012120006C
:106C2000FFF7D8FF01212000FFF7E4FF00202061DB
:106C30000020C4F8100110BD38B504000025002C58
:106C400007D0012005000B2300220021FF20F6F7CA
:106C5000B3F92800C0B232BD38B504002000FFF7F8
:106C6000EBFF05002800C0B200280CD106490868D7
:106C7000002802D10548086005E000230022002119
:106C8000FF20F6F799F931BD44404020881D4400AB
:106C90002DE9F04704000D0016001F00DDF82080EC
:106CA0005FF0010900212800C0B200F009FC824613
:106CB0005046C0B2012806D1062304220021FF203D
:106CC000F6F77AF913E043463A0031002800C0B2E3
:106CD00000F080FB81464846C0B2062807D1082351
:106CE00004220021FF20F6F77AF901208146484668
:106CF000C0B2BDE8F0872DE9F84304000D0016008E
:106D00001F005FF0010800212800C0B200F0F9FB6D
:106D100081464846C0B2012806D106230722002139
:106D2000FF20F6F749F906E03A0031002800C0B22A
:106D300000F082FB80464046C0B2BDE8F2832DE9F8
:106D4000F84304000D0016001F005FF00108002149
:106D50002800C0B200F0B4FB81464846C0B201280A
:106D600006D1062305220021FF20F6F725F906E0CB
:106D70003A0031002800C0B200F080FB8046404657
:106D8000C0B2BDE8F2832DE9F04105000E00170006
:106D90009846069C2000C0B2002806D14246390021
:106DA0003000C0B200F0E4FA05E04246390030009D
:106DB000C0B200F0F6FABDE8F0812DE9F843050015
:106DC0000C000027DFF8AC843800C0B208EB4000AC
:106DD0002900C9B2405C002806D00423002200210B
:106DE000FF20F6F7E9F85BE0002C06D0092300222B
:106DF0000021FF20F6F7E0F852E0DFF87C94DFF89E
:106E00007C043900C9B250F821003900C9B249F8F0
:106E10002100002006003000C0B2022840D2380015
:106E2000C0B259F820003100C9B250F82100002842
:106E300034D028003900C9B259F821103200D2B23A
:106E400051F822100978C0B2884227D13800C0B268
:106E500059F820003100C9B250F82100816828009B
:106E6000C0B200F00FFADFF818043900C9B200EB25
:106E7000C1002900C9B23A00D2B259F82220330029
:106E8000DBB252F82320526840F821203800C0B20B
:106E900008EB40002900C9B201224254761CBAE72F
:106EA000BDE8F1832DE9F8430600002700205FF0DC
:106EB0000008DFF8C0934146C9B209EB4101320036
:106EC000D2B2895C012906D0012301220021FF20D2
:106ED000F6F772F847E0002007003800C0B2022839
:106EE00041D2DFF894134046C0B251F820003A0076
:106EF000D2B250F82200002833D030004246D2B23D
:106F000051F822103A00D2B251F822100978C0B2DA
:106F1000884226D100213000C0B200F0F2FA04000D
:106F200000213000C0B200F0CBFA05002000C0B252
:106F3000012803D02800C0B2012806D11023012265
:106F40000021FF20F6F74BF80DE03000C0B200F052
:106F5000B6F94046C0B209EB40003100C9B2002288
:106F600042547F1CB9E7BDE8F183F8B504000D0079
:106F700001260027DFF8FC023900C9B200EB41000E
:106F80002100C9B2405C002806D10123082200215B
:106F9000FF20F6F711F819E02000C0B2022806D34E
:106FA000022308220021FF20F6F706F80EE0280051
:106FB000C0B2002805D12000C0B200F0A1F906003F
:106FC00004E02000C0B200F0B7F906003000C0B203
:106FD000F2BD2DE9FC4106000C0015001F005FF01A
:106FE0000008A4484146C9B200EB41003100C9B2D3
:106FF000405C002806D101230B220021FF20F5F779
:10700000DBFF27E03000C0B2022806D302230B22A8
:107010000021FF20F5F7D0FF1CE0002C06D1032350
:107020000B220021FF20F5F7C7FF13E0002D06D14A
:1070300007230B220021FF20F5F7BEFF0AE03800EE
:10704000C0B200902B0022003100C9B24046C0B24D
:10705000FFF799FEBDE8F3812DE9F84306000C0027
:1070600015001F005FF001085FF0000981484946E4
:10707000C9B200EB41003100C9B2405C002806D122
:10708000012304220021FF20F5F796FF26E03000BF
:10709000C0B2022806D3022304220021FF20F5F704
:1070A0008BFF1BE0002C06D1032304220021FF20CC
:1070B000F5F782FF12E0002D06D1072304220021FC
:1070C000FF20F5F779FF09E000972B00220031003F
:1070D000C9B24846C0B2FFF7DBFD80464046C0B2A9
:1070E000BDE8F2832DE9F04106000C0015000127F0
:1070F0005FF000085F484146C9B200EB4100310033
:10710000C9B2405C002806D1012307220021FF20DC
:10711000F5F752FF25E03000C0B2022806D3022363
:1071200007220021FF20F5F747FF1AE0002C06D1C7
:10713000032307220021FF20F5F73EFF11E0002D79
:1071400006D1072307220021FF20F5F735FF08E0CD
:107150002B0022003100C9B24046C0B2FFF7CBFD80
:1071600007003800C0B2BDE8F0812DE9F04106000B
:107170000C00150001275FF000083E484146C9B2E7
:1071800000EB41003100C9B2405C002806D1012368
:1071900005220021FF20F5F70FFF25E03000C0B2E7
:1071A000022806D3022305220021FF20F5F704FF61
:1071B0001AE0002C06D1032305220021FF20F5F759
:1071C000FBFE11E0002D06D1072305220021FF2040
:1071D000F5F7F2FE08E02B0022003100C9B240466C
:1071E000C0B2FFF7ACFD07003800C0B2BDE8F081C7
:1071F0002DE9F04105000C00160004275FF000089F
:107200001C484146C9B200EB41002900C9B2405CAC
:10721000002806D1012309220021FF20F5F7CCFE2A
:1072200024E02800C0B2022806D30223092200214C
:10723000FF20F5F7C1FE19E0002C06D10323092237
:107240000021FF20F5F7B8FE10E03000C0B20028A2
:1072500006D121002800C0B200F032F9070005E095
:1072600021002800C0B200F04CF907003800C0B27D
:10727000BDE8F081D42D4020082C4020BC1D4400E6
:10728000002C402070B504000D002E68DFF8840348
:107290002100C9B240F821502100C9B250F82100A4
:1072A000007900280AD1DFF870033100C9B24454D4
:1072B000E86801683000C0B200F00FFB70BD70B527
:1072C0000400DFF850532000C0B255F820000668D3
:1072D0002000C0B255F82000007900280AD15FF0E4
:1072E000FF30DFF834133200D2B288543000C0B21D
:1072F00000F08DFB00202100C9B245F8210070BDCF
:1073000070B504000125DFF80C032100C9B250F864
:1073100021100E682100C9B250F821000079002820
:1073200007D13000C0B200F034FD002801D10020A8
:1073300005002800C0B270BD70B504000125DFF85B
:10734000D4022100C9B250F821100E682100C9B240
:1073500050F821000079002807D13000C0B200F0B9
:1073600021FE002801D1002005002800C0B270BD18
:10737000F8B506000C001500DFF898023100C9B21C
:1073800050F821100F683100C9B250F8210000797F
:10739000002805D12A0021003800C0B200F05AFEB2
:1073A000F1BDF8B506000C001500DFF868023100E9
:1073B000C9B250F821100F683100C9B250F821004D
:1073C0000079002805D12A0021003800C0B200F061
:1073D00068FEF1BD2DE9F84304000D0016001F0002
:1073E0005FF00108DFF82C022100C9B250F821102B
:1073F000D1F800902100C9B250F82100007900288E
:1074000016D13B00320029004846C0B200F06FFBA5
:107410000100C9B2002902D10021884608E001001C
:10742000C9B2032902D10621884601E0012188461C
:107430004046C0B2BDE8F2832DE9F04104000D00E2
:107440001600012773482100C9B250F82110D1F865
:1074500000802100C9B250F821000079002809D12C
:10746000320029004046C0B200F0E6FC002801D1FD
:10747000002007003800C0B2BDE8F0812DE9F041DE
:1074800004000D001600012762482100C9B250F81F
:107490002110D1F800802100C9B250F821000079F4
:1074A000002809D1320029004046C0B200F0BBFBE1
:1074B000002801D1002007003800C0B2BDE8F081EB
:1074C0002DE9F04104000D00062652482100C9B202
:1074D00050F821100F682100C9B250F8210000793E
:1074E00000280AD129003800C0B200F008FC80460C
:1074F0004046C0B200F026F806003000C0B2BDE839
:10750000F0812DE9F04104000D00062641482100DC
:10751000C9B250F821100F682100C9B250F82100FB
:10752000007900280AD129003800C0B200F0F0FC30
:1075300080464046C0B200F005F806003000C0B2F8
:10754000BDE8F081010000200A00D2B2002A10D06C
:10755000022A11D0032A15D0052A19D0062A0ED0E6
:10756000072A12D0082A19D0092A14D0102A18D0B4
:107570001AE00022100017E00122100014E002229D
:10758000100011E0062210000EE0032210000BE0B4
:107590000422100008E00722100005E00522100078
:1075A00002E008221000FFE7C0B2704701000800A7
:1075B000C0B2002803D0022805D002D305E0002085
:1075C00004E0012002E0022000E00320C0B2704786
:1075D0002DE9F04106000C0015000F483100C9B23A
:1075E000475C2000C0B2FFF7E1FF8046094A38003F
:1075F000C0B252F820008068002809D04146C9B2C4
:107600003800C0B23B00DBB252F8232092689047AA
:10761000BDE8F081C82D4020D8324020DFF82C1A78
:107620000161DFF82C1A4161002181617047826994
:107630000B00DBB2002B01D0012300E0002332F469
:10764000002252EAC3428261704782690B00DBB2BA
:10765000002B01D0012300E0002332F4802252EA03
:10766000834282617047026961F30C0202617047D4
:10767000026961F31C6202617047016951F40031D3
:107680000161704710B40B00DBB21400E4B2002CAF
:1076900000D05B1C032B04D1046954F00054046136
:1076A0001CE00C00E4B2002C0DD11400E4B2002C5C
:1076B00004D0846934F4016484610BE0846954F477
:1076C0000064846106E05B1E846934F0100454EAAF
:1076D00003148461046934F00054046110BC7047E1
:1076E000826932F002020B00DBB25B085B001A43D6
:1076F00082610A00D2B2836962F30003836170473A
:10770000026932F400520B00DBB252EA43320261EA
:10771000704730B483691400E4B2002C01D0012416
:1077200000E0002401258D40AB438C40234383615E
:1077300030BC7047020000239069C84010F001007F
:10774000C0B2704710F11C021170704730B410F1D4
:107750001C030A0092B2120A12F00102846934F08A
:1077600080441500EDB254EA85748461197030BC10
:10777000704770B410F11C050A0092B2120A12F0A0
:1077800001020B009BB25B0A13F00103846934F021
:1077900080441600F6B254EA86741E00F6B266F310
:1077A000DF748461297070BC7047C069C0B27047D3
:1077B00002009069C00F0002D169C9B2084380B2CB
:1077C000704702009069400D10F400709169C90F74
:1077D00050EA0120D169C9B2084380B27047020063
:1077E00000235069C84010F00100C0B270470A0081
:1077F000D2B2102A1DD024D3122A0AD011D3132AB0
:107800001FD14369DFF8E828134053F40023436194
:1078100017E04369DFF8D828134053F4802343610D
:107820000FE04369DFF8C828134053F40033436185
:1078300007E04369DFF8B828134053F4803343610D
:10784000FFE770475FF470224369DFF8A4180B402C
:10785000134343617047F8B504000D0016001F0084
:107860003800C0B2F7F70EFC20603900C9B2300012
:10787000F7F733FC2860F1BD2DE9F04104000D005D
:1078800016001F005FF000083900C9B22000F7F7AA
:107890000DFC01002868081828602868B04201D350
:1078A000012080464046C0B2BDE8F081816A51F4B3
:1078B000004181627047816A51F480418162704762
:1078C000082181627047C06A000E10F01F007047E7
:1078D000C16A31F0F851C16270472DE9F8430500E3
:1078E0000C002800C0B2042801D2012000E00020D2
:1078F000C0B2F4F79BFA002C01D0012000E0002078
:10790000C0B2F4F793FADFF8EC672800C0B256F87B
:107910002000002801D1012000E00020C0B2F4F7CF
:1079200085FA207A212801D2012000E00020C0B28F
:10793000F4F77CFA6068B0F5005F04D26068002854
:1079400001D0012000E00020C0B2F4F76FFADFF8A8
:1079500098082900C9B250F82170A0692900C9B25D
:1079600046F821002800C0B256F82060DFF8100960
:107970002900C9B240F82140B046E07A032802D17C
:10798000607A002801D1012000E00020C0B2F4F7A5
:107990004DFA5FF00009B9F1180F05D2002008F880
:1079A000090019F10109F6E73800FFF737FE207AE0
:1079B000082802D23800FFF760FE217A491E3800FD
:1079C000FFF756FE61683800FFF74DFE607A002829
:1079D00005D00122E17A3800FFF754FE04E00022CE
:1079E000E17A3800FFF74EFE617A3800FFF778FE43
:1079F000A17A3800FFF784FE3800FFF761FF00200E
:107A0000B0750020F07520683060BDE8F183FEB5E8
:107A100004002000C0B2042801D2012000E00020B0
:107A2000C0B2F4F703FA00200090DFF8BC07210091
:107A3000C9B250F82150DFF8BC762000C0B257F828
:107A400020602000C0B257F82000002801D001209B
:107A500000E00020C0B2F4F7E9F9012342F210720D
:107A600001A902A8FFF7F7FE307D002802D1707D42
:107A7000002807D00123019A694602A8FFF7FCFEFF
:107A80000028F1D00123019A694602A8FFF7F4FE0D
:107A9000002801D0012028E0002217212800FFF74C
:107AA00038FE002216212800FFF733FE00221521A0
:107AB0002800FFF72EFE00221B212800FFF729FED9
:107AC000002218212800FFF724FE00221A21280096
:107AD000FFF71FFE002219212800FFF71AFE0020E1
:107AE0002100C9B247F821000020C0B2FEBD2DE937
:107AF000FE4F07000C00150098463800C0B204285D
:107B000001D2012000E00020C0B2F4F78FF9002C70
:107B100001D0012000E00020C0B2F4F787F9002D69
:107B200001D0012000E00020C0B2F4F77FF900206E
:107B300000905FF000095FF0000ADFF8AC06390042
:107B4000C9B250F821B0DFF8AC053900C9B250F81D
:107B50002160002E01D0012000E00020C0B2F4F727
:107B600065F900F035FE307D002805D000F048FEB4
:107B700002208246012081464846C0B200284ED1EC
:107B80000120307500F03CFE7460F5600220B07595
:107B9000002217215846FFF7BCFD00221621584647
:107BA000FFF7B7FD01215846FFF741FD012342468B
:107BB00001A902A8FFF74FFEF06800281AD00123A0
:107BC000019A694602A8FFF757FE002812D1380033
:107BD000C0B200F032FD17215846FFF700FE002822
:107BE000EAD10123019A694602A8FFF745FE002861
:107BF000E2D1F0E700215846FFF719FD0123019A71
:107C0000694602A8FFF738FE002802D00320B075AD
:107C100001E00020B07500203075B07D82465046EE
:107C2000C0B2BDE8FE8F2DE9F04780460C0015007C
:107C30004046C0B2042801D2012000E00020C0B2BA
:107C4000F4F7F4F8002C01D0012000E00020C0B2CD
:107C5000F4F7ECF8002D01D0012000E00020C0B2C4
:107C6000F4F7E4F85FF00009DFF814064146C9B202
:107C700050F82160DFF87C044146C9B250F8217009
:107C80005FF0000A002F01D0012000E00020C0B208
:107C9000F4F7CCF800F0C8FD387D002805D000F0DE
:107CA000DBFD02208146012082465046C0B20028FA
:107CB00021D10120387500F0CFFD002E01D0012028
:107CC00000E00020C0B2F4F7B1F8307B012802D008
:107CD000307B002801D1012000E00020C0B2F4F781
:107CE000A5F8307B012806D12A0021004046C0B209
:107CF00000F0A1FB81464846C0B2BDE8F0872DE9FF
:107D0000F04107000C003800C0B2042801D2012065
:107D100000E00020C0B2F4F789F8DFF8D80339009A
:107D2000C9B250F82150DFF8E0073900C9B250F865
:107D30002160002D01D0012000E00020C0B2F4F746
:107D400075F8002E01D0012000E00020C0B2F4F749
:107D50006DF8002C13D0307B012810D100F0E8FD25
:107D600095F81680287D002804D0E868206000F08F
:107D7000F7FD0AE00020206000F0F2FD05E000F0D1
:107D8000D7FD95F8168000F0EBFD4046C0B2BDE887
:107D9000F0812DE9F84306003000C0B2042801D27A
:107DA000012000E00020C0B2F4F740F8DFF838040A
:107DB0003100C9B250F821705FF000085FF000098F
:107DC000DFF830033100C9B250F82140DFF838073E
:107DD0003100C9B250F82150002C01D0012000E040
:107DE0000020C0B2F4F722F8002D01D0012000E0FD
:107DF0000020C0B2F4F71AF8207D002803D100203B
:107E00008146012080464046C0B200280BD10620A2
:107E1000A075287B012803D13000C0B200F02EFBF2
:107E20003800FFF743FDA07D032801D101208146E2
:107E30004846C0B2BDE8F2832DE9F04780460C0009
:107E400015004046C0B2042801D2012000E0002005
:107E5000C0B2F3F7EBFF002C01D0012000E00020BE
:107E6000C0B2F3F7E3FF002D01D0012000E00020B5
:107E7000C0B2F3F7DBFF5FF00009DFF8040441460E
:107E8000C9B250F82160DFF86C024146C9B250F81F
:107E900021705FF0000A002F01D0012000E00020D7
:107EA000C0B2F3F7C3FF00F0EBFC787D002805D0EB
:107EB00000F0FEFC02208146012082465046C0B2FE
:107EC000002821D10120787500F0F2FC002E01D0AD
:107ED000012000E00020C0B2F3F7A8FF307B0128AA
:107EE00002D0307B002801D1012000E00020C0B288
:107EF000F3F79CFF307B012806D12A002100404681
:107F0000C0B200F003FB81464846C0B2BDE8F0872E
:107F10002DE9F04107000C003800C0B2042801D25E
:107F2000012000E00020C0B2F3F780FFDFF8C401B9
:107F30003900C9B250F82150DFF8CC053900C9B278
:107F400050F82160002D01D0012000E00020C0B2D7
:107F5000F3F76CFF002E01D0012000E00020C0B23A
:107F6000F3F764FF002C13D0307B012810D100F010
:107F7000B3FC95F81780687D002804D0286920603C
:107F800000F0C2FC0AE00020206000F0BDFC05E02B
:107F900000F0A2FC95F8178000F0B6FC4046C0B295
:107FA000BDE8F0812DE9F84306003000C0B2042896
:107FB00001D2012000E00020C0B2F3F737FFDFF864
:107FC00028023100C9B250F821704A483100C9B2C4
:107FD00050F82140DFF830053100C9B250F8215087
:107FE000002C01D0012000E00020C0B2F3F71EFFFA
:107FF000002D01D0012000E00020C0B2F3F716FFF1
:108000005FF000095FF00008607D002801D10120C9
:1080100081464846C0B200280ED10620E075287B74
:10802000012803D13000C0B200F0AFFA3800FFF7EA
:1080300009FC3800FFF73FFCE07D032801D1012057
:1080400080464046C0B2BDE8F28300000400000F45
:1080500000C01FC070B506000C0015003000C0B293
:10806000042801D2012000E00020C0B2F3F7DEFEB8
:10807000002C01D0012000E00020C0B2F3F7D6FEB2
:10808000002D01D0012000E00020C0B2F3F7CEFEA9
:10809000DFF828073100C9B250F821004460C560FC
:1080A00070BD70B506000C0015003000C0B2042889
:1080B00001D2012000E00020C0B2F3F7B7FE002C8F
:1080C00001D0012000E00020C0B2F3F7AFFE002D88
:1080D00001D0012000E00020C0B2F3F7A7FEDFF8D6
:1080E000DC063100C9B250F821008460056170BD22
:1080F000FF3FE03FB0404020F8B505002800C0B287
:10810000042801D2012000E00020C0B2F3F78EFE67
:1081100035482900C9B250F82160DFF8A0062900CF
:10812000C9B250F821400027002C06D13000FFF7DB
:108130003CFB3000FFF786FB55E02800C0B200F0A2
:10814000F6F813213000FFF74AFB00280FD01B215F
:108150003000FFF7EFFA002803D02800C0B200F08B
:1081600045F813213000FFF742FB012007001521DD
:108170003000FFF734FB00280BD015213000FFF74B
:10818000D9FA002803D02800C0B200F02FF801204F
:10819000070017213000FFF722FB00280FD038001E
:1081A000C0B200280BD117213000FFF7C3FA002816
:1081B00005D02800C0B200F065F8012007001621A4
:1081C0003000FFF70CFB00280DD03800C0B20028AB
:1081D00009D116213000FFF7ADFA002803D028009E
:1081E000C0B200F083F8F1BDD45544002DE9F0474A
:1081F0000400DFF8CC052100C9B250F821505FF02F
:10820000000ADFF8B8052100C9B250F821601C4807
:108210002100C9B250F821702800FFF754FB8046B6
:108220005FF0000948464146C0B2C9B2884212D246
:108230002000C0B200F067FA3069002808D1386920
:10824000002805D07A6900212000C0B23B69984718
:1082500019F10109E6E72800FFF73AFB3069002829
:108260000CD12000C0B200F090F93869002805D088
:108270007A6902212000C0B23B699847BDE8F087C7
:10828000A0404020F8B50400DFF834052100C9B251
:1082900050F82150DFF824052100C9B250F82160C0
:1082A00099482100C9B250F82170F06800281CD00C
:1082B0002000C0B200F0C1F9F068002808D1386988
:1082C000002805D07A6901212000C0B23B69984797
:1082D000F068002809D1002217212800FFF719FAB9
:1082E000012216212800FFF714FAF1BD70B5040031
:1082F000DFF8C8042100C9B250F82150824821009B
:10830000C9B250F82160E86800280FD1307B0128FD
:1083100003D12000C0B200F0B1F83069002805D0C8
:10832000726902212000C0B23369984770BD2DE9FF
:10833000F843060000240025DFF884043100C9B2A8
:1083400050F82170DFF874043100C9B250F8218070
:108350006D483100C9B250F8219011213800FFF763
:108360003EFA002811D019213800FFF7E3F9002860
:1083700002D10120050008E001200400072088F850
:10838000170011213800FFF732FA10213800FFF7EB
:1083900026FA002815D02800C0B2002811D11821D3
:1083A0003800FFF7C7F9002802D10120050008E0D6
:1083B00001200400082088F8170010213800FFF77A
:1083C00016FA12213800FFF70AFA002815D0280003
:1083D000C0B2002811D11A213800FFF7ABF90028EC
:1083E00002D10120050008E001200400092088F8DE
:1083F000170012213800FFF7FAF92800C0B2002850
:1084000017D12000C0B2002813D099F80C00012821
:1084100003D13000C0B200F0B8F8D9F8100000283D
:1084200007D0D9F8142003213000C0B2D9F8103099
:108430009847BDE8F1832DE9F04106000C001500D6
:10844000DFF87C033100C9B250F82170DB483100FD
:10845000C9B250F82180C8F80440C8F80C50022076
:1084600088F8160001213800FFF7E1F801221721F2
:108470003800FFF74EF90020BDE8F0817FB5040019
:1084800000200090CE482100C9B250F82150CB48BE
:108490002100C9B250F82160B07D022804D000222A
:1084A00017212800FFF735F9002216212800FFF7D1
:1084B00030F9012342F2107201A902A8FFF7CBF9AB
:1084C00016212800FFF78BF9002807D10123019A14
:1084D000694602A8FFF7D0F90028F1D00123019ADC
:1084E000694602A8FFF7C8F9002801D00320B0753B
:1084F00000212800FFF79BF8B07D022801D1002061
:10850000B075002030757FBDA04040202DE9F041BE
:1085100006000C001500AA483100C9B250F82170BD
:10852000A6483100C9B250F82180012088F8150012
:10853000C8F80840C8F81050022088F81700380022
:10854000FFF780F93800FFF7B6F901213800FFF78F
:108550007CF801221B213800FFF7DBF801221821EB
:108560003800FFF7D6F801221A213800FFF7D1F8BA
:10857000012219213800FFF7CCF80122152138001B
:10858000FFF7C7F80020BDE8F0817FB504000020A8
:1085900000908B482100C9B250F821508748210033
:1085A000C9B250F8216000221B212800FFF7B1F862
:1085B000002218212800FFF7ACF800221A21280019
:1085C000FFF7A7F8002219212800FFF7A2F80022E0
:1085D00015212800FFF79DF8F07D06281ED1012304
:1085E00042F2107201A902A8FFF735F915212800FF
:1085F000FFF7F5F8002807D10123019A694602A880
:10860000FFF73AF90028F1D00123019A694602A840
:10861000FFF732F9002801D00320F075002128006F
:10862000FFF713F82800FFF7C0F800207075F07D01
:10863000022801D10020F0757FBD2DE9F843060026
:108640005F483100C9B250F821705C483100C9B2AE
:1086500050F821805B483100C9B250F8219099F858
:108660000B00002803D099F80B00012813D1D8F88B
:10867000040000780500D8F80400401CC8F8040085
:10868000D8F80C00401EC8F80C002900C9B2380008
:10869000FFF758F835E0D8F8040000780400D8F85F
:1086A0000C0001280AD1D8F80400401CC8F80400C6
:1086B000D8F80C00401EC8F80C0013E0D8F80400ED
:1086C000401CC8F80400D8F80400007854EA0024DC
:1086D000D8F80400401CC8F80400D8F80C00801E2C
:1086E000C8F80C0099F80B00022805D1210089B2C6
:1086F0003800FFF72BF804E0210089B23800FFF7BB
:1087000038F8BDE8F1832DE9F04104002C48210040
:10871000C9B250F8216029482100C9B250F821702F
:1087200028482100C9B250F8218098F80B00002891
:1087300003D098F80B00012815D13000FFF735F869
:10874000B968087098F80B00002805D1B86800785F
:1087500010F07F00B9680870B868401CB8603869CC
:10876000401E386128E098F80B00022804D1300040
:10877000FFF71EF8050003E03000FFF722F80500C0
:108780003869012808D1B8680570B868401CB8601D
:108790003869401E38610FE0B8680570B868401C41
:1087A000B860280080B2000AB9680870B868401C38
:1087B000B8603869801E3861BDE8F081B040402063
:1087C000D4554400A0404020EFF3108070470000D3
:1087D00070B5F5F75AFB05006B4E56F825000028DA
:1087E00008D1FFF7F1FF0400E00700D472B6674834
:1087F00040F8254056F82500401C46F8250070BD7D
:1088000080B5F5F742FB604951F82020521E41F82F
:1088100020205E4A52F82020D20704D451F82010BC
:10882000002900D162B601BD70B5F5F72EFB050039
:10883000574E56F82500002808D1FFF7C5FF040061
:10884000E00700D472B6534840F8254056F825009A
:10885000401C46F8250070BD80B5F5F716FB4C4965
:1088600051F82020521E41F820204A4A52F8202078
:10887000D20704D451F82010002900D162B601BDFE
:1088800070B5F5F702FB0500434E56F825000028A9
:1088900008D1FFF799FF0400E00700D472B63F4803
:1088A00040F8254056F82500401C46F8250070BDCC
:1088B00080B5F5F7EAFA384951F82020521E41F800
:1088C0002020364A52F82020D20704D451F8201034
:1088D000002900D162B601BD70B5F5F7D6FA0500E2
:1088E0002F4E56F82500002808D1FFF76DFF040031
:1088F000E00700D472B62B4840F8254056F8250012
:10890000401C46F8250070BD80B5F5F7BEFA244935
:1089100051F82020521E41F82020224A52F82020EF
:10892000D20704D451F82010002900D162B601BD4D
:1089300070B5F5F7AAFA05001B4E56F82500002879
:1089400008D1FFF741FF0400E00700D472B61748D2
:1089500040F8254056F82500401C46F8250070BD1B
:1089600080B5F5F792FA104951F82020521E41F8CF
:1089700020200E4A52F82020D20704D451F82010AB
:10898000002900D162B601BD68454020584540200D
:108990008845402078454020A84540209845402003
:1089A000C8454020B8454020E8454020D8454020F3
:1089B000704738B504000221DFF8C007006800F0F6
:1089C00045FD00252800E17BC0B288420ED2206B15
:1089D0002900C9B200EBC1004168206B2A00D2B265
:1089E00010F8320001F02FFA6D1CEBE700F011F8DF
:1089F00001200100E27CC9B2914209D2DFF8801760
:108A0000226C0300DBB212F833208854401CF0E7DC
:108A100031BD10B5DFF86C170878002842D101206D
:108A20000870DFF8644700210020626890474E20FC
:108A3000A16888470020DFF854170968884700209C
:108A4000DFF84C17096888470020DFF848170968E5
:108A50008847DFF844470020616888474E20A168B6
:108A60008847DFF8384700202168884700214E20DA
:108A7000626890470020DFF8281709688847DFF808
:108A800024470020616888474E20A168884700205D
:108A9000DFF814174968884700210020DFF80C2709
:108AA0001268904710BDF8B50600F47A002C1AD071
:108AB000DFF8FC16DFF8FC26306A00EB440010F803
:108AC000023C0920434302EB03004078085C0700A6
:108AD000306A00EB4400801EDFF8CC1651F83710E6
:108AE0008847641EE2E7B57B002D1ED00C21DFF81D
:108AF000C826DFF8C036F06A01FB05F4204410F800
:108B00000C4C0920444303EB04004078105C070040
:108B1000F06A01FB05F210440C38DFF87C2601FBFB
:108B200007F1515888476D1EDEE7B47A002C1CD03F
:108B3000DFF88816DFF87C26F0696301184410F826
:108B4000203C0920434302EB03004078085C070007
:108B5000F069610108442038DFF84816142202FB4E
:108B600007F289588847641EE0E7757A002D1ED009
:108B70001421DFF84C26DFF83C36B06901FB05F420
:108B8000204410F8144C0920444303EB04004078BF
:108B9000105C0700B06901FB05F210441438DFF8DF
:108BA000F42501FB07F1515888476D1EDEE7F1BD42
:108BB0002DE9F0410400DFF8C4753C60012120007C
:108BC00000F044FC386800281CD000200600A07C7F
:108BD000864217D2DFF8FC15DFF8D825E06B3301A9
:108BE000C35C0920434302EB03004078085C0500A6
:108BF000E06B31010844DFF890152A018958884755
:108C0000761CE4E72000FFF74EFF0027207A87421A
:108C100019D2DFF8B015DFF89C25606910F83730FD
:108C20000920434302EB03004078085C05006069BB
:108C300000EBC700DFF868150C2202FB05F289582B
:108C400088477F1CE2E70026607A86421CD2142106
:108C5000DFF86C25DFF85C35A06901FB06F7C75D1E
:108C60000920474303EB07004078105C0500A0692A
:108C700001FB06F21044DFF81C2501FB05F111444D
:108C800049688847761CDFE72000FFF792FE00273F
:108C9000607C87421BD21422DFF82C15DFF81435D4
:108CA000A06B02FB07F6865D0920464303EB060036
:108CB0004078085C05003900A06B02FB07F2104405
:108CC000DFF8E82452F8252090477F1CE0E70026D3
:108CD000607B86421BD2DFF80015DFF8D824A06A3B
:108CE000032303FB06F3C35C0920434302EB0300A9
:108CF0004078085C0500A06A032101FB06F10844E6
:108D0000DFF88C1451F835108847761CE0E700270F
:108D1000207B87421AD20C21DFF8B024DFF894348C
:108D2000606A01FB07F6865D0920464303EB0600F7
:108D30004078105C0500606A01FB07F10844DFF829
:108D40004C1451F8251088477F1CE1E70026607B12
:108D500086421CD2DFF88014DFF85824A06A03236F
:108D600003FB06F3C35C0920434302EB0300407896
:108D7000085C0500A06A032101FB06F10844DFF846
:108D8000101401EBC50149688847761CDFE700270E
:108D9000A07A87421AD2DFF82414DFF81824E06999
:108DA0007B01C35C0920434302EB03004078085C6D
:108DB0000500E06979010844DFF8E813142202FB9A
:108DC00005F21144496888477F1CE1E70026A07C32
:108DD000864219D2DFF8FC13DFF8D823E06B3301A9
:108DE000C35C0920434302EB03004078085C0500A4
:108DF0003100E06B32011044DFF88C232B011A4460
:108E000052689047761CE2E70027607A87421CD2BE
:108E10001421DFF8AC23DFF89C33A06901FB07F6CF
:108E2000865D0920464303EB06004078105C050090
:108E3000A06901FB07F21044DFF8582301FB05F19C
:108E40001144896888477F1CDFE70026A07A8642A4
:108E50001AD2DFF86813DFF85C23E0697301C35CA2
:108E60000920434302EB03004078085C0500E069F9
:108E700071010844DFF82C13142202FB05F211449F
:108E8000C9688847761CE1E70027A07B87421CD28F
:108E90000C21DFF82423DFF81C33E06A01FB07F61E
:108EA000865D0920464303EB06004078105C050010
:108EB000E06A01FB07F21044DFF8DC2201FB05F158
:108EC0001144496888477F1CDFE7DFF804830020EE
:108ED00088F80000002088F80100012088F80200CE
:108EE000002088F803000026E07A864225D2DFF8C9
:108EF000EC02216A01EB46014978405C032817D057
:108F0000DFF8AC12DFF8AC22206A10F81630092026
:108F1000434302EB03004078085C0500206A00EB45
:108F20004600DFF8841201EBC5014968884702E07A
:108F3000012088F80000761CD6E798F80000002889
:108F400037D10027207C874215D2DFF89412994A46
:108F5000606B10F827300920434302EB0300407890
:108F6000085C0500606B00EB87008C4951F83510F8
:108F700088477F1CE6E70026A07C864215D29549EB
:108F80008C4AE06B3301C35C0920434302EB0300CE
:108F90004078085C0500E06B310108447A492A01F9
:108FA0001144C9688847761CE6E70421200000F0D8
:108FB0004DFABDE8F0812DE9F84302275FF0000883
:108FC000DFF80C9299F80200804526D285497B4A49
:108FD000784B11F808C0092000FB0CFC03EB0C00D7
:108FE0004078105C060011F808006E49142202FB5C
:108FF00006F211448968884704002000C0B20128A5
:1090000002D10120070008E02000C0B2022801D1EF
:109010000020070018F10108D2E73800C0B200288C
:1090200026D10020804699F80300804520D26E4961
:10903000614A604B11F808C0092000FB0CFC03EBEF
:109040000C004078105C060011F8080052490C2210
:1090500002FB06F211448968884705002800C0B267
:10906000012802D10120070002E018F10108DAE727
:109070003800C0B2BDE8F283F8B5404D286800283A
:1090800067D0002006002868C07A864220D2534864
:109090002968096A01EB46014978405C032815D12B
:1090A0004349444A2868006A10F8163009204343AF
:1090B00002EB03004078085C04002868006A00EBBB
:1090C0004600394901EBC40149688847761CDAE754
:1090D0003F48007800283CD000272868007C874261
:1090E00016D23F49334A2868406B10F827300920D0
:1090F000434302EB03004078085C04002868406B9F
:1091000000EB8700254951F8341088477F1CE4E7BD
:1091100000262868807C864217D22E49254A286876
:10912000C06B3301C35C0920434302EB030040786A
:10913000085C04002868C06B310108441249220110
:109140001144C9688847761CE3E70421286800F0C9
:109150007DF9F1BD10B504002000C0B200F06AFE38
:1091600010BD38B504000D002900C9B22000C0B2FE
:109170001E4A1268904731BD00000000102C4020AC
:10918000142C4020DE2D40203C524400C04F4400AF
:10919000D04F4400E04F440008504400FC514400CC
:1091A0000C5244005C524400BC524400B45244008F
:1091B00064424400884244004C4244005842440007
:1091C00028424400344244007042440010424400AB
:1091D0000C2C40207C4244001C424400B446440015
:1091E000404244004869440049694400E82F402057
:1091F000F8B504000D0016001F000020F5F742FF2F
:1092000020600020286000213800F5F766FF3060FC
:10921000F1BDF8B504000D00160000270021200064
:10922000F5F744FF2968401828602868B04201D348
:10923000012007003800C0B2F2BDFEE73EB50024B1
:10924000764D2868C0012CD47548016851F08071B2
:1092500001607448016851F00101016072480168C1
:1092600051F00101016000F0B4F842F210736A4657
:1092700001A902A8FFF7BCFF009A01A902A8FFF705
:10928000C8FF04002868C00103D42000C0B2002831
:10929000F2D02000C0B2012803D106210120FFF73F
:1092A00060FF37BD3EB50024FFF7C8FF5B4D28685F
:1092B00080022CD45A48016851F4001101605948C9
:1092C000016851F0010101605748016851F0010146
:1092D000016000F07EF842F210736A4601A902A80C
:1092E000FFF786FF009A01A902A8FFF792FF04008A
:1092F0002868800203D42000C0B20028F2D02000E9
:10930000C0B2012803D105210120FFF72AFF2868F8
:1093100000042CD44248016851F4004101604148E6
:10932000016851F0010101603F48016851F00101FD
:10933000016000F04EF842F210736A4601A902A8DB
:10934000FFF756FF009A01A902A8FFF762FF040089
:109350002868000403D42000C0B20028F2D0200006
:10936000C0B2012803D14E210120FFF7FAFE2F4D94
:109370002868C0012CD42E48016851F0807101602A
:109380002848016851F0010101602748016851F047
:109390000101016000F01DF842F210736A4601A954
:1093A00002A8FFF725FF009A01A902A8FFF731FFE5
:1093B00004002868C00103D42000C0B20028F2D005
:1093C0002000C0B2012803D14E210120FFF7C9FEC1
:1093D00037BD184845F6F02101604AF20F5101608F
:1093E000704710B50400FFF75DFF10BD10B41449BD
:1093F000087800280FD1012008700C201149124A6A
:10940000CB78434313440D4C2360897800FB01F073
:1094100010440949086010BC7047000014C32D4077
:1094200034C32D4000C32D4004C32D4010C32D4034
:1094300030C32D4000C02D407C2C4020782C402093
:10944000DF2D4020344244000C52440038B5040063
:109450000D002800C0B2012804D0022806D1FFF771
:10946000C5FF03E02000FFF7BCFFFFE731BDFEE7CB
:1094700000207047DFF8D008DFF8A019DFF8EC29EA
:10948000126812F0030251F82210B0FBF1F070479D
:1094900080B5FFF7EFFFDFF89819DFF8D4291268DD
:1094A00012F0010251F82210084002BD4FF4FA40B8
:1094B000704780B5FFF7FAFFDFF87419DFF8B429B9
:1094C0001268C2F3002251F82210084002BDDFF8F2
:1094D000A8090068DFF8A4190968C90F002901D19B
:1094E00000210800DFF84819DFF894291268C2F358
:1094F000405251F822100840704738B5DFF884090F
:109500000468DFF884090568DFF88009016895EAD6
:109510000402914209D095EA04010160DFF8700964
:1095200000F014FCDFF86C190860DFF86C090068C3
:10953000C0F38000002803D0DFF85809006800E07D
:10954000002032BD80B5FFF7D8FF0200DFF83409F4
:109550000068C0F34561002902D0B2FBF1F000E0E1
:10956000002002BD80B5FFF7EDFFDFF83029DFF8FE
:1095700030191368DB0F51F8231008401168C1F34C
:109580000341491CB0FBF1F002BD80B5FFF7DAFFE3
:10959000DFF81029DFF808191368DB0F51F82310E2
:1095A00008401168C1F30341491CB0FBF1F002BD52
:1095B00080B5DFF8F4080068C0F30360082802D023
:1095C000FFF758FF01E0FFF7CDFF02BD80B5FFF7C1
:1095D000EFFFDFF8D828DFF8C8181368DB0F51F861
:1095E000231008401168C1F30241491CB0FBF1F09F
:1095F00002BD80B5FFF7DCFFDFF8B428DFF8A01864
:109600001368DB0F51F8231008401168C1F30241C1
:10961000491CB0FBF1F002BD80B5FFF7C9FFDFF8D0
:109620009428DFF87C181368DB0F51F823100840EA
:109630001168C1F30341491CB0FBF1F002BD80B5D4
:10964000FFF7B6FFDFF87028DFF854181368DB0F58
:1096500051F8231008401168C1F30241491CB0FBC6
:10966000F1F002BD80B5FFF7A3FFDFF85028DFF867
:1096700030181368DB0F51F8231008401168C1F34C
:109680000241491CB0FBF1F002BD80B5DFF83008A3
:10969000DFF830180968C1F3056150F821008047F0
:1096A000DFF82428DFF8F8171368DB0F51F82310D0
:1096B00008401168C1F30541491CB0FBF1F002BD3F
:1096C00080B5FFF783FFDFF86817DFF8002812681E
:1096D000C2F3002251F82210084002BD80B5FFF706
:1096E00075FFDFF84C17DFF8E4271268C2F3402259
:1096F00051F82210084002BD80B5FFF767FFDFF880
:109700003017DFF8C8271268C2F3400251F8221060
:10971000084002BD80B5DFF8A807DFF8B417096874
:10972000C1F3056150F821008047DFF8A827DFF872
:1097300070171368DB0F51F8231008401168C1F34C
:109740000541491CB0FBF1F002BD80B5FFF764FF95
:10975000DFF8DC16DFF880271268C2F3007251F8D8
:109760002210084002BD80B5FFF743FFDFF8C016A6
:10977000DFF86827126812F0010251F82210084041
:1097800002BD80B5FFF722FFDFF8A416DFF8F02650
:10979000126812F0010251F82210084002BD80B593
:1097A000FFF714FFDFF88816DFF8D4261268C2F33B
:1097B000400251F82210084002BD80B5FFF706FFB5
:1097C000DFF86C16DFF818271268C2F3C00251F8F0
:1097D0002210084002BD80B5FFF7F8FEDFF85016F2
:1097E000DFF8FC261268C2F3001251F8221008407C
:1097F00002BD80B5FFF7EAFEDFF83416DFF8E02699
:109800001268C2F3401251F82210084002BD80B520
:10981000FFF7DCFEDFF81816DFF8C4261268C2F383
:10982000801251F82210084002BD80B5FFF7CEFE2D
:10983000DFF8FC15DFF8A8261268C2F3C01251F851
:109840002210084002BD80B5FFF7C0FEDFF8E0152A
:10985000DFF88C261268C2F3002251F8221008406B
:1098600002BD80B5FFF7B2FEDFF8C415DFF8702641
:109870001268C2F3402251F82210084002BD80B5A0
:10988000FFF7A4FEDFF8A815DFF854261268C2F32C
:10989000802251F82210084002BD80B5FFF796FEE5
:1098A000DFF88C15DFF838261268C2F3C02251F8B1
:1098B0002210084002BD80B5FFF788FEDFF8701562
:1098C000DFF81C261268C2F3003251F8221008405B
:1098D00002BD80B5FFF77AFEDFF85415DFF80026E9
:1098E0001268C2F3403251F82210084002BD80B520
:1098F000FFF76CFEDFF83815DFF8E4251268C2F3D5
:10990000803251F82210084002BD80B5FFF75EFE9C
:10991000DFF81C15DFF8C8251268C2F3C03251F811
:109920002210084002BD80B5FFF763FEDFF8001586
:10993000DFF8AC251268C2F3805251F822100840BB
:1099400002BD80B5FFF742FEDFF8E414DFF87C25A6
:109950001268C2F3800251F82210084002BD80B59F
:10996000FFF734FEDFF8C814DFF860251268C2F391
:10997000C00251F82210084002BD80B5FFF74CFE2E
:10998000DFF8AC14DFF858251268C2F3C05251F862
:109990002210084002BD80B5DFF82405DFF8441529
:1099A0000968C1F3046150F821008047DFF83825C9
:1099B000DFF8EC141368DB0F51F82310084011682E
:1099C000C1F30141491CB0FBF1F002BD80B5FFF7C6
:1099D000E2FFDFF85C14DFF800251268C2F34002F2
:1099E00051F82210084002BD80B5FFF7D4FFDFF820
:1099F0004014DFF8E4241268C2F3800251F8221008
:109A0000084002BD80B5FFF7C6FFDFF82414DFF879
:109A1000C8241268C2F3C00251F82210084002BDE7
:109A200080B5FFF7E6FDDFF80814DFF8AC24126814
:109A3000C2F3402251F82210084002BD80B5FFF762
:109A4000D8FDDFF8EC13DFF898241268D20F51F834
:109A50002210084002BD80B5FFF7B8FDDFF8D01333
:109A6000DFF868241268C2F3801251F8221008400F
:109A700002BD80B5FFF7AAFDDFF8B413DFF84C2470
:109A80001268C2F3C01251F82210084002BD80B51E
:109A9000FFF7C2FDDFF89813DFF83C241268C2F329
:109AA000005251F82210084002BD80B5FFF7B4FD06
:109AB000DFF87C13DFF820241268C2F3405251F81B
:109AC0002210084002BD80B5FFF793FDDFF8601358
:109AD000DFF804241268C2F3805251F822100840C3
:109AE00002BD80B5FFF798FDD149DFF8EC2312687D
:109AF000C2F3C05251F82210084002BD80B5FFF7F2
:109B00008BFDCB49DFF8D0231268C2F3006251F815
:109B10002210084002BD80B5FFF77EFDC449DFF882
:109B2000B8231268C2F3406251F82210084002BD07
:109B300080B5FFF75EFDBE49DFF89C231268C2F3D3
:109B4000802251F82210084002BD80B5FFF764FD65
:109B5000B749DFF884231268C2F3C02251F82210FB
:109B6000084002BD80B5FFF757FDB149DFF8682313
:109B70001268C2F3003251F82210084002BD80B5CD
:109B8000FFF74AFDAA49DFF850231268C2F34032BA
:109B900051F82210084002BD80B5FFF72AFDA44904
:109BA000CF4A1268C2F3006251F82210084002BD89
:109BB00080B5FFF731FD9E49C44A1268C2F30032F6
:109BC00051F82210084002BD80B5FFF725FD9849E5
:109BD000BE4A1268C2F3403251F82210084002BD5A
:109BE00010B5002400F001F810BD80B5BF48C04991
:109BF0000968C1F3013150F82100804702BD80B5EA
:109C0000FFF7EEFF8A499E4A1268C2F3800251F8BC
:109C10002210084002BD80B5FFF7D8FC8449B04A45
:109C20001268C2F3405251F82210084002BD80B5BC
:109C3000FFF7F2FC7E49924A1268C2F3802251F883
:109C40002210084002BD80B5FFF7E6FC7849A34A20
:109C50001268C2F3002251F82210084002BD80B5FC
:109C60009748A4490968C1F3046150F8210080476E
:109C7000A14A8B491368DB0F51F823100840116883
:109C8000C1F30041491CB0FBF1F002BD80B5FFF704
:109C9000E6FF6749924A1268C2F3407251F82210F7
:109CA000084002BD80B5FFF701FC61498C4A12688B
:109CB000C2F3007251F82210084002BD80B5FFF7D0
:109CC00085FC5B49844A1268D20F51F82210084083
:109CD00002BD80B57A4889490968C1F3036150F82B
:109CE00021008047864A6E491368DB0F51F8231024
:109CF00008401168C1F30241491CB0FBF1F002BDFC
:109D000080B5FFF789FC4A49704A126812F00102D7
:109D100051F82210084002BD80B5FFF77DFC444990
:109D2000574A1268C2F3404251F82210084002BD5F
:109D300080B5FFF771FC3E49514A1268C2F34032C8
:109D400051F82210084002BD006CDC022DE9F047FA
:109D5000040000250026FFF7BAFB0100A068C0F34D
:109D60000237D4F808C00CF0FF0C22695204520CE0
:109D7000BCFBF7FE07FB1EC85FEAC72919EB873952
:109D8000B1FBF9F309FB131A00293ED001FB0EF0D9
:109D9000B0FBF1F0864503D101FB0EF0050001E0B8
:109DA0000120060008FB01F0B0FBF1F0804507D16F
:109DB0005448854204D2B1FBF7F008FB005501E09E
:109DC00001200600002B0DD002FB03F0B0FBF3F0E6
:109DD000824205D14B48854202D202FB035501E085
:109DE00001200600002A10D002FB0AF0B0FBF2F0BE
:109DF000824508D14348854205D202FB0AF0B0FBF8
:109E0000F9F0451901E0012006003000C0B2002839
:109E100001D0002005002800BDE8F087EC51440087
:109E20000200D2B2052A02D1134A1160FFE770473F
:109E3000E451440010B5040033482100C9B250F881
:109E40002100804710BD30B40022042A0CD22F4BD1
:109E5000040013F83250E4B2AC4203D103EBC20366
:109E6000596001E0521CF0E730BC704764C03940D3
:109E700008002D400C802C405C32402004402D40D6
:109E800014C32D4008002E4010002E4064324020A4
:109E900000002E406032402004002E4080002E4002
:109EA000DC51440084002E4004832D4008832D4063
:109EB0000C832D4010832D4014832D4018832D409A
:109EC0001450440084842D4088842D4014C12D40BA
:109ED00044842D4048842D4018C32D401CC32D4080
:109EE00010C32D40C4832D40C8832D40945044009E
:109EF0000480284044832D4048832D40C4852D4054
:109F0000C8852D4001404B4CA45044003C324020B9
:109F100070472DE9F84F86B004005FF00009002C6F
:109F200000F0A3807949227809204243885C06002A
:109F300022780920424301EB0200007907002278D1
:109F40000920424301EB020040798046704A2378A1
:109F50000920434301EB030080780001104480682E
:109F6000009023780920434301EB0300807800012F
:109F70001044C06805906068002822D05021654ACE
:109F800001FB06F0104450F8270000EB88008368BE
:109F900000988343D4F804C0BCF1010C05981CFA66
:109FA00000FC009810EA0C0C5CEA0303049301FB2C
:109FB00006F102EB010050F8270000EB880004993D
:109FC000816042F2107301AA02A903A8FFF710F9F9
:109FD0005FF0500ADFF83CB10AFB06F0584450F835
:109FE0002700C06B10F001000500019A02A903A828
:109FF000FFF70FF98146012D03D14846C0B2002872
:10A00000E6D04846C0B200282AD16068002813D0A4
:10A010000AFB06F0584450F8270000EB88000AFBC2
:10A0200006FA0BEB0A0151F8271001EB8801896849
:10A0300051F00041816018E00AFB06F0584450F8E6
:10A04000270000EB88000AFB06FA0BEB0A0151F827
:10A05000271001EB8801896821F00041816004E04C
:10A0600021780120FFF77DF8FFE707B0BDE8F08F0A
:10A0700070B4002828D0254D067809214E43A95DEB
:10A080000A00067809214E4305EB060149790B00C9
:10A090004168002918D0204D55F8321001EB83019A
:10A0A000D1F8801051F0004131F470214668761EDD
:10A0B000360416F4702631430C0055F8321001EBCB
:10A0C0008301C1F88040FFE770BC704770B400287E
:10A0D0001AD00E4D067809214E43A95D0A00416849
:10A0E000002901D0446800E001240B4D55F83210DE
:10A0F000896831F0FC41660616F0FC4631430B00DE
:10A1000055F832108B60FFE770BC704788424400FE
:10A11000C8464400E04544003C464400704730B423
:10A1200000282AD03A4C057809214D43615D0A0088
:10A13000057809214D4304EB050109790B004178AD
:10A14000002909D03349502404FB02F4214451F87A
:10A15000231001244C6310E050212E4C01FB02F52A
:10A16000254455F8235001FB02F1214451F82310F6
:10A17000496B490849006963FFE730BC70472DE926
:10A18000FF4704005FF00008002C3FD020492278F0
:10A1900009204243885C060022780920424301EBF3
:10A1A000020000790700607800282FD05FF0500986
:10A1B000DFF860A009FB06F0504450F827000121A9
:10A1C000816342F210736A4601A902A8FFF710F8F2
:10A1D00009FB06F0504450F82700C06B10F0010056
:10A1E0000500009A01A902A8FFF713F88046012D87
:10A1F00003D14046C0B20028EAD04046C0B2012890
:10A2000004D121780120FEF7ACFFFFE7BDE8FF870E
:10A2100088424400E04544007047704710B400286D
:10A220000FD0504B047809214C43195D0A004E4968
:10A2300051F822301B685B085B0051F822100B605C
:10A24000FFE710BC704738B50400002C24D0454906
:10A25000227809204243885C05002089002816D016
:10A26000207B6189090411F47F0151EAC071A07B50
:10A27000000110F0F0000143607B000610F08070D8
:10A28000014351F00101384850F825000160616830
:10A290002078FFF7C5FDFFE731BDFEB505000027BB
:10A2A000002D35D02F492A7809204243885C0600CA
:10A2B000288900282CD0687B002829D0287B0028FA
:10A2C00021D142F210736A4601A902A8FEF790FF5D
:10A2D000254850F826004068C00F0400009A01A9E4
:10A2E00002A8FEF796FF0700002C03D13800C0B289
:10A2F0000028EDD03800C0B2002809D0297801200C
:10A30000FEF72FFF04E029780220FEF72AFFFFE77F
:10A31000F7BD144A0300DBB209214B43D15C124A5A
:10A3200052F821301B685B085B0052F82120136053
:10A33000704710B4002812D00A4B047809214C430E
:10A34000195D0A000189012909D1074951F8223014
:10A350001B6853F0010351F822100B60FFE710BC9B
:10A3600070470000884244003446440070477047FC
:10A370002DE9FE4304005FF00009002C00F0A380EB
:10A380005249534A23780920434302EB0300807962
:10A3900001EBC000050028780600687807006868AF
:10A3A00080466088002847D04A4850F8261051F867
:10A3B000271011EA080F40F0868050F8261050F858
:10A3C000260050F8270058EA000041F827004248CC
:10A3D00050F82610096851F0010150F8262011604C
:10A3E00050F82610496851F0010150F826004160EC
:10A3F000FEF7EFFF42F210736A4601A902A8FEF7CA
:10A40000F7FE009A01A902A8FEF703FF8146334830
:10A4100050F8260050F8270010EA080F03D14846EC
:10A42000C0B20028EDD04846C0B201284BD12178F7
:10A430000120FEF796FE46E0264850F8261051F817
:10A44000271011EA080F3ED050F8261050F82600C9
:10A4500050F8270030EA080041F827001E4850F85D
:10A460002610096851F0010150F82620116050F8BB
:10A470002610496851F0010150F826004160FEF7AE
:10A48000A8FF42F210736A4601A902A8FEF7B0FEC7
:10A49000009A01A902A8FEF7BCFE81460F4850F8B9
:10A4A000260050F8270010EA080F03D04846C0B233
:10A4B0000028EDD04846C0B2012804D121780120FF
:10A4C000FEF74FFEFFE7BDE8F7830000E8484400D1
:10A4D0008842440084464400A44644009446440014
:10A4E00038B504000D008DF800402800C0B20128E6
:10A4F00003D10020ADF8020002E00120ADF8020017
:10A500006846FFF735FF31BD7047704700280DD012
:10A510004188002905D045490A6852F001020A60C5
:10A5200004E042490A68520852000A6070473F49F5
:10A530000A6852F001020A6070473C490A685208F2
:10A5400052000A60704700280DD04188002905D0CC
:10A5500037490A6852F480720A6004E034490A6894
:10A5600032F480720A60704731490A6852F480728E
:10A570000A6070472E490A6832F480720A60704798
:10A580002DE9FE43040000255FF00008002C4BD0AD
:10A590006079012804D00CD3032807D003D308E046
:10A5A0000320050005E00120050002E0022005006F
:10A5B000FFE7002D38D0DFF87C90D9F80000400F7D
:10A5C00005282CD142F210736A4601A902A8FEF7B1
:10A5D0000FFE1948006810F000400600009A01A91B
:10A5E00002A8FEF716FE8046B6F1004F03D04046A3
:10A5F000C0B20028EDD04046C0B200280AD1D9F838
:10A6000000108908890015F0030001430F00C9F804
:10A61000007009E021780120FEF7A3FD04E0217815
:10A620000A20FEF79EFDFFE7BDE8F78308002D40F6
:10A630000C802C4064C0394088C12D407047704761
:10A6400070472DE9FF410500B949BA4A2B00DBB23A
:10A650000920434302EB0300007A01EBC006776850
:10A660005FF0000800F09EF93878C00723D542F269
:10A6700010736A4601A902A8FEF7BAFD386910F006
:10A6800010000400009A01A902A8FEF7C2FD80464E
:10A69000002C03D14046C0B20028EFD04046C0B2E3
:10A6A000002804D02900C9B20120FEF75AFD3868FD
:10A6B0004008400038607869000900017861386915
:10A6C00050F00300386100F085F9BDE8FF8110B556
:10A6D0000400002C02D02078FFF7B3FF10BD2DE955
:10A6E000F04F88B00C000021002200230027002535
:10A6F0000026002800F0FA80DFF834E2DFF8348228
:10A7000090F800905FF0090C0CFB09F908EB090CBC
:10A710009CF808C00EEBCC0ECDF80CE0DDF80CC0B8
:10A72000DCF804E0CDF800E0DFF80CE25EF824800D
:10A7300090F80190D0F804C09CEA0909D0F808C04C
:10A740009CEA090990F800C09CEA0909C84500F094
:10A75000C68090F80180D0F804C09CEA0808D0F8C0
:10A7600008C09CEA080890F800C09CEA08084EF867
:10A770002480DFF8C8C1DFF8C8E1DEF80080D8F82F
:10A780004080DDF80C9099F801901CF8099008EBD6
:10A79000C908D8F804804FF47A79B8FBF9F8414633
:10A7A000DEF800E0DEF840E0DDF80C8098F802808A
:10A7B0001CF808C00EEBCC0CDCF804C04FF47A7E19
:10A7C000BCFBFEFC6346D0F808C04FF47A7EBCFBAD
:10A7D000FEFC6246002900F08280002B00F07F80A2
:10A7E000002A7CD05FF0030C0CFB01FCBCFBF3FEE9
:10A7F0001EF1010ECDF818E05FF0050C0CFB01FC1A
:10A80000BCFBF2FE1EF1090ECDF814E0DDF814C019
:10A81000DDF818E0F44501D2069F00E0059F07FB34
:10A8200002FE40F2F33C0CFB0EFECDF81CE040F2C1
:10A83000C73E0EFB01FEDDF81CC0BCFBFEF8DDF8D8
:10A840001C9008FB1E99CDF804905FF00A09DDF812
:10A8500004C009FB0CFCBCFBFEFC09FB08CC1CF192
:10A86000040C654607FB02FA40F2DD3C0CFB0AFAD9
:10A87000CDF81CA040F2094A0AFB01FACDF808A065
:10A88000DDF81CC0DDF808A0BCFBFAFACDF810A07A
:10A89000DDF81CA0DDF808B0DDF810C00CFB1BAA29
:10A8A000CDF804A0DDF810A0DDF804C009FB0CFC15
:10A8B000DDF808B0BCFBFBFC09FB0ACABAF1030ACD
:10A8C000564609FB07F9DDF800C0CCF80490DDF826
:10A8D00000C0CCF80850DDF800C0CCF80C60D0F80F
:10A8E00004C0DDF800E0CEF814C0FFE708B0BDE812
:10A8F000F08F70B4002819D00D4C0E4D0678092148
:10A900004E4305EB0601097A04EBC1010A005168C8
:10A910000B004178002904D0196851F00101196039
:10A9200004E01968490849001960FFE770BC7047E6
:10A930004C46440088424400642C4020142C4020A3
:10A94000102C4020EFF310807047000070B5F3F733
:10A950009CFA0500294E56F82500002808D1FFF77B
:10A96000F1FF0400E00700D472B6254840F8254006
:10A9700056F82500401C46F8250070BD80B5F3F759
:10A9800084FA1E4951F82020521E41F820201C4A0A
:10A9900052F82020D20704D451F82010002900D109
:10A9A00062B601BD70B5F3F770FA0500154E56F8A2
:10A9B0002500002808D1FFF7C5FF0400E00700D4F8
:10A9C00072B6114840F8254056F82500401C46F85C
:10A9D000250070BD80B5F3F758FA0A4951F82020D8
:10A9E000521E41F82020084A52F82020D20704D4F1
:10A9F00051F82010002900D162B601BDC8444020A2
:10AA0000B8444020E8444020D8444020704701002A
:10AA100002207047704730B400282CD0704C057865
:10AA200009214D43615D0A0000210B006D491C00A6
:10AA300001EBC2052D79E4B2AC4213D251F8324099
:10AA40001D00EDB204EB850451F832101D00EDB28B
:10AA500001EB8501D1F8801021F00041C4F880108D
:10AA60005B1CE3E751F83240246854F0004451F88D
:10AA700032100C60FFE730BC7047F0B4002856D0AD
:10AA8000574C057809214D43615D0A004188002932
:10AA90004DD0544C54F832108D6853490D40817993
:10AAA000090311F4E0410D43817B0D4354F832104A
:10AAB0008D6054F832100E694C490E40818949046A
:10AAC000490C0E43817D890711F080410E4354F8F3
:10AAD00032100E61C17B890711F08041077C7F072E
:10AAE00017F000573943878A7F057F0D3943478A1E
:10AAF000DFF8FCC01CEA074C5CEA01010B0054F8CB
:10AB00003210CB60C17B002901D0002100E001217F
:10AB1000C90111F4C07154F83250A96154F83210CF
:10AB2000096821F0004154F832402160FFE7F0BC91
:10AB300070472DE9FE4307000225002628493A0008
:10AB4000D2B20920424311F80280DFF8989059F8F8
:10AB500038000068002824D442F210736A4601A924
:10AB600002A8FEF745FB59F838004068C0F38000A2
:10AB70000400009A01A902A8FEF74BFB0600002C76
:10AB800003D13000C0B20028EDD03000C0B201289F
:10AB900009D1012005003900C9B20120FEF7E1FA10
:10ABA00001E0002005002800C0B2BDE8FE8310B41B
:10ABB000002812D00A4B047809214C43195D0A0081
:10ABC0004188012909D1074951F832301B6823F027
:10ABD000004351F832100B60FFE710BC70470000D3
:10ABE000884244003C464400008FFFFF0080FFBFC6
:10ABF0000000FF0370472DE9F04F88B05FF0000CB4
:10AC00005FF0000E5FF00008002800F02D81DFF8F3
:10AC10006092DFF860A2CDF800A090F80CB05FF071
:10AC2000090A0AFB0BFA19F80AA0DDF800B05BF874
:10AC30002AA0574690F800B05FF0090A0AFB0BFB08
:10AC4000D94499F807A0CDF808A0DFF82CA25AF84B
:10AC50002190CDF80090D0F810B0D0F8049099EA87
:10AC60000B0990F800B09BEA090B90F80C9099EA58
:10AC70000B09D0F808B09BEA090BDDF80090D94524
:10AC800000F0F280D0F810B0D0F8049099EA0B0BE5
:10AC900090F8009099EA0B0B90F80C9099EA0B0B46
:10ACA000D0F8089099EA0B0B4AF821B0D0F8109030
:10ACB000DFF8C8A1B9FBFAF9CC46DFF8C491D9F89E
:10ACC0000090D9F84090DFF8BCA19AF801A009EBF8
:10ACD000CA09D9F80490DFF8A4A1B9FBFAF9CE4665
:10ACE000D0F804A0D0F8089009FB0AFADFF8989190
:10ACF00009FB0AFA40F6381909FB0CF9BAFBF9F915
:10AD00004B469846DFF88491D9F800A0534505D208
:10AD1000DFF87C91D9F80090C8461BE0D9F814A060
:10AD20009A4505D2DFF86891D9F81490C84611E029
:10AD30005FF0010A5446062C0CD209EB840A5AF83B
:10AD400004AC9A4504D2DFF848A15AF824A0D046B2
:10AD5000641CF0E75FF4FA1909FB0CF908FB0EFA22
:10AD6000B9FBFAFA1AF5807A5FF4FA19B9FBF8F927
:10AD7000BAEB090A55465FF080494A465FF0000980
:10AD80004E46954201D29208FBE7002A0AD012EB08
:10AD900006094D4503D3AD1BAD1A16EB42067608E6
:10ADA0009208F2E75FEA860A1AF1BF0A5FEADA1A46
:10ADB000CDF804A0D0F808A00EFB0AFACDF81CA02C
:10ADC000DDF804A00AFB08FACDF818A0CDF814802D
:10ADD000DDF804A00AFB08FADDF8049019F1010976
:10ADE00009FB0AFA5FEA5A0A0AF2E73ACDF810A01C
:10ADF0004FF47A7909FB0CF9B9FBFEFABAF1010AB2
:10AE0000CDF80CA0DDF81C901FFA89F9C7F8009066
:10AE10005FF00C09DDF814A00AF0FF0ADDF818B0A5
:10AE20005AEA0B4ADDF808B009FB0BFBBB44CBF830
:10AE300004A0DDF80CA05FEA0A3A5FEA1A3ADDF8EE
:10AE400008B009FB0BFBBB44CBF808A0DDF810A051
:10AE50005FEA0A3A5FEA1A3ADDF808B009FB0BF933
:10AE6000B944C9F80CA0FFE708B0BDE8F08F0000B6
:10AE70008842440030464400742C402040420F0079
:10AE8000102C4020142C4020A08601008452440045
:10AE90009C5244007047F0B4002837D0DFF8C45605
:10AEA000067809214E43A95D0A00067809214E4320
:10AEB00005EB060109790B00DFF8AC66077809217C
:10AEC0004F4305EB07018978090171580C005021A7
:10AED000DFF8985601FB02F62E4456F8236001FB7A
:10AEE00002F72F4457F823703F6857F00807376080
:10AEF00001FB02F62E4456F8236001FB02F12944BF
:10AF000051F823100968A1433160FFE7F0BC704796
:10AF10002DE9F84F86B004005FF00008002C00F027
:10AF2000C580DFF84016227809204243885C05007E
:10AF300022780920424301EB020000790600DFF885
:10AF40003006627830F812000490DFF81C2623786F
:10AF50000920434301EB03008078000110580700EB
:10AF600023780920434301EB03008078000110445B
:10AF7000406803905FF05009DFF8F0A5049809FBE2
:10AF800005F1514451F8261049683940039AD140DF
:10AF9000884200F08B8042F2107B5B466A4601A932
:10AFA00002A8FEF725F9009A01A902A8FEF731F9D7
:10AFB000804609FB05F0504450F826004068C00365
:10AFC00003D54046C0B20028EDD04046C0B20028AC
:10AFD00067D109FB05F0504450F826000168B943D9
:10AFE000049A039882403A40114351F004010591BC
:10AFF00009FB05F0504450F82600059901605B46B6
:10B000006A4601A902A8FEF7F3F8009A01A902A86E
:10B01000FEF7FFF8804609FB05F0504450F8260083
:10B020004068400703D44046C0B20028EDD04046F7
:10B03000C0B2002830D15B466A4601A902A8FEF7DB
:10B04000D7F8009A01A902A8FEF7E3F8804609FBA9
:10B0500005F0504450F826004068C00303D5404630
:10B06000C0B20028EDD04046C0B200280FD109FB85
:10B0700005F90AEB090050F826004068C0F3424089
:10B08000012813D021780320FEF76BF80EE0217819
:10B090000120FEF766F809E021780120FEF761F84B
:10B0A00004E021780120FEF75CF8FFE707B0BDE877
:10B0B000F08FF0B4002837D0DFF8A85406780921C3
:10B0C0004E43A95D0A00067809214E4305EB0601AF
:10B0D00009790B00DFF89064077809214F4305EBED
:10B0E00007018978090171580C005021DFF87C5460
:10B0F00001FB02F62E4456F8236001FB02F72F44B1
:10B1000057F823703F6857F00807376001FB02F6D5
:10B110002E4456F8236001FB02F1294451F8231014
:10B120000968A1433160FFE7F0BC70472DE9F84F93
:10B1300086B004005FF00008002C00F0C580DFF846
:10B140002414227809204243885C050022780920D3
:10B15000424301EB020000790600DFF81404627834
:10B1600030F812000490DFF80024237809204343CC
:10B1700001EB0300807800011058070023780920B4
:10B18000434301EB030080780001104440680390C2
:10B190005FF05009DFF8D4A3049809FB05F151448E
:10B1A00051F8261049683940039AD140884200F08E
:10B1B0008B8042F2107B5B466A4601A902A8FEF72B
:10B1C00017F8009A01A902A8FEF723F8804609FBA8
:10B1D00005F0504450F826004068C00303D54046AF
:10B1E000C0B20028EDD04046C0B2002867D109FBAC
:10B1F00005F0504450F826000168B943049A0398BA
:10B2000082403A40114351F00701059109FB05F0D6
:10B21000504450F82600059901605B466A4601A932
:10B2200002A8FDF7E5FF009A01A902A8FDF7F1FFCA
:10B23000804609FB05F0504450F82600406840075E
:10B2400003D44046C0B20028EDD04046C0B200282A
:10B2500030D15B466A4601A902A8FDF7C9FF009AF2
:10B2600001A902A8FDF7D5FF804609FB05F050446F
:10B2700050F826004068C00303D54046C0B20028FD
:10B28000EDD04046C0B200280FD109FB05F90AEB0A
:10B29000090050F826004068C0F34240012813D04E
:10B2A00021780320FDF75DFF0EE021780120FDF7F6
:10B2B00058FF09E021780120FDF753FF04E02178D1
:10B2C0000120FDF74EFFFFE707B0BDE8F08F2DE945
:10B2D000F04F85B004005FF00009002C7CD0A1493C
:10B2E000227809204243885C0500227809204243E5
:10B2F00001EB0200007906009E482278805C0490F1
:10B30000994A23780920434301EB03008078000128
:10B310001058070023780920434301EB030080788D
:10B3200000011044406803905FF0500ADFF83CB21F
:10B330000AFB05F0584450F826000AFB05F1594471
:10B3400051F82610096851F00C01016042F21073A7
:10B350006A4601A902A8FDF74BFF009A01A902A8BD
:10B36000FDF757FF81460AFB05F0584450F82600C8
:10B370004068800303D54846C0B20028EDD0484657
:10B38000C0B2002823D10AFB05F0584450F826002B
:10B390000168B943049A039882403A4011438846B1
:10B3A0000AFB05F0584450F82600C0F800800AFB5C
:10B3B00005F0584450F826000AFB05FA0BEB0A0189
:10B3C00051F82610096831F00C01016004E0217881
:10B3D0000120FDF7C6FEFFE705B0BDE8F08F2DE9BF
:10B3E000F84F86B004005FF00008002C00F09E804B
:10B3F0005C49227809204243885C050022780920B4
:10B40000424301EB0200007906005948627830F8A7
:10B4100012000590544A23780920434301EB0300AE
:10B42000807800011058070023780920434301EB7E
:10B430000300807800011044406804905FF05009D8
:10B44000DFF828A109FB05F0504450F8260009FB5D
:10B4500005F1514451F82610096851F00C010160C2
:10B4600042F2107B5B466A4601A902A8FDF7C0FEC6
:10B47000009A01A902A8FDF7CCFE804609FB05F061
:10B48000504450F826004068800303D54046C0B2BF
:10B490000028EDD04046C0B2002842D109FB05F09B
:10B4A000504450F826000168B943059A0498824038
:10B4B0003A401143039109FB05F0504450F826002F
:10B4C0000399016009FB05F0504450F8260009FB80
:10B4D00005F1514451F82610096831F00C01016062
:10B4E0005B466A4601A902A8FDF782FE009A01A9FF
:10B4F00002A8FDF78EFE804609FB05F0504450F887
:10B5000026004068800303D44046C0B20028EDD036
:10B510004046C0B2012809D121780320FDF721FE61
:10B5200004E021780120FDF71CFEFFE707B0BDE82D
:10B53000F08F10B50400002C02D0200000F001F8BC
:10B5400010BD10B40C49427831F812200B4B196829
:10B5500031F44051140314F440542143196010BCD9
:10B560007047000088424400C8464400E04544005B
:10B570009845440048454400BC45440004802840A8
:10B5800038B5040001252000C0B2012803D02000F6
:10B59000C0B2002802D10020050005E021230122CD
:10B5A00000217820F1F708FD2800C0B232BD2DE956
:10B5B000F84305000E0001275FF000085FF09009D6
:10B5C0004846290080B289B2884225D338482900EC
:10B5D00089B2091130F8110015F00F0180B2C8408E
:10B5E000C00719D533488068290089B250F8210076
:10B5F0000400012010FA08F0204030FA08F0012879
:10B6000002D1002007000EE0F0233200D2B2002168
:10B610007820F1F7D1FC06E00A233200D2B20021F3
:10B620007820F1F7C9FC3800C0B2BDE8F2832DE9FB
:10B63000F84305000E0001275FF000085FF0900955
:10B640004846290080B289B2884225D31A48290089
:10B6500089B2091130F8110015F00F0180B2C8400D
:10B66000C00719D513488068290089B250F8210015
:10B670000400012010FA08F0204030FA08F00128F8
:10B6800002D1002007000EE0F0233200D2B20021E8
:10B690007820F1F791FC06E00A233200D2B20021B3
:10B6A0007820F1F789FC3800C0B2BDE8F2830000D1
:10B6B00098554400701F4400AC55440070B5040018
:10B6C00000250021200080B2FFF7B1FF0600300006
:10B6D000C0B2002804D1200080B200F052F805006A
:10B6E0002800C0B270BD70B504000D00012120001B
:10B6F00080B2FFF75CFF06003000C0B200280ED118
:10B700002800C0B2FFF73CFF06003000C0B200289E
:10B7100005D12900C9B2200080B200F04FF870BDF9
:10B7200070B5040000251121200080B2FFF73FFF13
:10B7300006003000C0B2002804D1200080B200F022
:10B7400063F805002800C0B270BDFEE730B4020007
:10B7500000234F481400E4B250F824000C00A4B2B7
:10B76000A408A4000D00ADB2ED4315F003052C4371
:10B77000201810F5A850007810F00100C0B230BCBD
:10B7800070472DE9F843040000252600B6B23609BB
:10B7900040483100C9B2475C3F483900C9B210F88F
:10B7A00001805FEA0818B4EB0809494689B23800FD
:10B7B000C0B2FFF7CBFFC0B2BDE8F283F0B4020025
:10B7C00092B21209334B1400E4B21B5D324C1D00DF
:10B7D000EDB2645D2401051B2D4E1F00FFB256F82B
:10B7E00027602F00BFB2BF08BF00AC461FFA8CFC19
:10B7F0007FEA0C0C1CF0030C5CEA0707BE1916F577
:10B8000098563170F0BC70472DE9F84304005FF0A2
:10B8100000092500ADB22D091E482900C9B2465CB9
:10B820001D483100C9B2475C3F01B4EB070800F086
:10B8300039F8414689B23000C0B2FFF787FF0100F6
:10B84000C9B2002902D15FF0010901E05FF00009EF
:10B850000F483100C9B250F82100414689B2890829
:10B860008900424692B2D24312F0030211430818F3
:10B8700010F5985080F8009000F02CF8414689B2FD
:10B880003000C0B2FFF762FFC0B2BDE8F283000033
:10B89000D4324020E45244004A694400EFF310805F
:10B8A0007047000070B5F2F7F0FA0500134E56F835
:10B8B0002500002808D1FFF7F1FF0400E00700D4BD
:10B8C00072B60F4840F8254056F82500401C46F84F
:10B8D000250070BD80B5F2F7D8FA084951F820204C
:10B8E000521E41F82020064A52F82020D20704D4E4
:10B8F00051F82010002900D162B601BD2844402033
:10B9000018444020F8B504000D0016000127DFF8A8
:10B910006C1551F82600002807D10A232200D2B264
:10B9200000216420F1F748FB1DE02800C0B2002888
:10B9300007D014232200D2B200216420F1F73CFB8F
:10B9400011E051F8260000692900C9B2405CFF28C7
:10B9500002D00020070006E018232200D2B2002106
:10B960006420F1F729FB3800C0B2F2BD70B50400C5
:10B970000D000126DFF8040550F8250000280ED13F
:10B980002000C0B2012802D10020060015E00A23E1
:10B990002200D2B200216420F1F70EFB0DE020005E
:10B9A000C0B2012807D10D232200D2B200216420A9
:10B9B000F1F702FB01E0002006003000C0B270BDCC
:10B9C0002DE9F04104000D0016000127DFF8AC045A
:10B9D00050F8261009692A00D2B211F8028050F8F6
:10B9E000260041684246D2B21420424301EB0200D5
:10B9F0004068002807D114232200D2B2002164201D
:10BA0000F1F7DAFA01E0002007003800C0B2BDE823
:10BA1000F0812DE9F04104000D0016000127DFF848
:10BA20005C0450F8261009692A00D2B211F802808D
:10BA30002100C9B20F290FD1DFF844142A00D2B275
:10BA400011F81210042907D0A0232200D2B200213D
:10BA50006420F1F7B1FA2DE02100C9B20F2913D10A
:10BA600050F8260041684246D2B21420424301EB0E
:10BA70000200007B012807D114232200D2B200214A
:10BA80006420F1F799FA15E02000C0B20F280FD01A
:10BA9000DFF8EC032900C9B210F81100042807D11F
:10BAA0000B232200D2B200216420F1F798FA01E0C2
:10BAB000002007003800C0B2BDE8F0812DE9F8434E
:10BAC00005000E0014001F005FF00108DFF8AC0352
:10BAD00050F8271009693200D2B211F8029050F8DC
:10BAE000270041684A46D2B21420424301EB0200CB
:10BAF0008068A04201D3002C07D115232A00D2B2BE
:10BB000000216420F1F758FA01E000208046404609
:10BB1000C0B2BDE8F28338B504000125002C06D080
:10BB20000E23012200216420F1F746FA01E00020F3
:10BB300005002800C0B232BD30B40200002003006E
:10BB4000DBB2002B0DD11300DFF8304354F8214055
:10BB500024690500EDB2645DDBB2A34201D0401C54
:10BB6000EDE7C0B230BC70472DE9F041040000277A
:10BB700039000120FFF7FAFE002847D12000FFF727
:10BB8000CAFF002842D1DFF8F482DFF8F80248F853
:10BB9000270058F8270000F07BF900200500280056
:10BBA00058F827100978C0B288422BD239002800F3
:10BBB000C0B2FFF7C1FF06003000C0B2002813D1A9
:10BBC000DFF8BC0200213200D2B200EB4202517019
:10BBD00001213200D2B200F812100020DFF8A812C2
:10BBE0003200D2B241F8220058F8270041682A00FA
:10BBF000D2B21420424301EB0200006900F06CF95C
:10BC00006D1CCCE70020DFF884120870BDE8F081DD
:10BC10002DE9F0410025002631000220FFF7A6FEA5
:10BC200000285FD100200700DFF85082380058F864
:10BC300026100978C0B2884218D231003800C0B24C
:10BC4000FFF77AFF04002000C0B2002806D13200BE
:10BC50002100C9B20220FFF7DCFE00E00120050050
:10BC60002800C0B2002801D17F1CDDE72800C0B247
:10BC7000002837D100200700380058F8261009782E
:10BC8000C0B288422BD231003800C0B2FFF754FF57
:10BC900004002000C0B200281FD1DFF8E401002119
:10BCA0002200D2B200EB4202517000212200D2B237
:10BCB00000F812100020DFF8D0112200D2B241F8B3
:10BCC000220058F8260041683A00D2B214204243BC
:10BCD00001EB0200006900F026F97F1CCCE7002090
:10BCE00048F82600BDE8F0812DE9F04704000D007A
:10BCF0005FF0000842462100C9B20520FFF702FEAE
:10BD000000284ED142462100C9B20520FFF781FE2E
:10BD1000002846D143462A002100C9B20520FFF77A
:10BD2000CDFE00283DD1DFF8549159F82800006974
:10BD30002100C9B2405C06005FF0140A59F82800DF
:10BD400040683100C9B20AFB01F10844007B0128B8
:10BD50000AD159F8280040683100C9B20AFB01F144
:10BD60000844006900F0D4F8042045492200D2B20A
:10BD700001F81200290059F8280040683200D2B2B8
:10BD80000AFB02FA5044006900F0B1F807003800DD
:10BD9000C0B2002805D02B23052200216420F1F732
:10BDA0001EF9BDE8F08770B5060000252A003100B5
:10BDB000C9B20720FFF7A6FD002826D12A003100CE
:10BDC000C9B20720FFF7FCFD00281ED12B4951F80E
:10BDD000250000693200D2B2805C04000120284AAC
:10BDE0003300DBB202EB4302507028480078002891
:10BDF0000BD151F8250041682200D2B214204243F1
:10BE000001EB0200006900F083F870BDF8B5040092
:10BE100000261A4951F8260000282DD051F8260096
:10BE200000692200D2B2805C0500142251F826007D
:10BE300040682B00DBB253431844007B012805D136
:10BE400003200F4B2700FFB203F817000F480078BC
:10BE5000002811D10A482300DBB200EB43004078F0
:10BE6000012809D151F8260040682900C9B202FB17
:10BE700001F2104440688047F1BD0000242D4020AD
:10BE8000D62D4020EC1F4400282D4020E7324020D2
:10BE900038B50400002000252800217AC0B288426D
:10BEA00019D20C22E0682900C9B25143405C002835
:10BEB0000FD1E0682900C9B2514308444168E068E5
:10BEC0002B00DBB202FB03F21044407800F04BFA87
:10BED000FFE76D1CE0E731BD10B5040020780028B5
:10BEE00004D16168607800F061FAFFE710BD70B5B9
:10BEF00004000D0001262078002806D12A00A17830
:10BF0000607800F0D8FA0600FFE73000C0B270BDDC
:10BF100010B504002078002804D1A178607800F0E2
:10BF20002DFBFFE710BD10B504002078002803D1D9
:10BF3000607800F093FAFFE710BDFEE7020008000A
:10BF4000C0B204280AD1DFF880061300DBB250F833
:10BF50002300D0F8FC0010F001000DE0DFF86806C7
:10BF60001300DBB250F823000B00DBB21B011844B6
:10BF7000D0F80C0110F00100C0B2704710B40A00F4
:10BF8000D2B2002A0DD1DFF840260300DBB252F80E
:10BF900023301B6833F002030400E4B252F824207B
:10BFA000136010BC704770B504000E00150000F05F
:10BFB00025FB2800C0B2012818D1DFF80C062100AB
:10BFC000C9B250F821103200D2B21201114422003D
:10BFD000D2B250F822003200D2B212011044D0F88E
:10BFE000080150F00100C1F8080117E0DFF8D8059A
:10BFF0002100C9B250F821103200D2B2120111440E
:10C000002200D2B250F822003200D2B21201104403
:10C01000D0F8080140084000C1F8080100F008FB12
:10C0200070BD10B40A00D2B2012A0ED1DFF89825F3
:10C030000300DBB252F823301B6853F00103040005
:10C04000E4B252F8242013600DE0DFF87C250300F1
:10C05000DBB252F823301B685B085B000400E4B2DB
:10C0600052F82420136010BC7047F0B500250C0076
:10C070001600F6B2012E22D1641EDFF84C650027AF
:10C0800084465FFA8CFC56F82CC0CCF8F870002778
:10C0900084465FFA8CFC56F82CC0CCF8F07001276F
:10C0A00084465FFA8CFC56F82C60C6F8FC701E00C3
:10C0B000F6B2002E01D1042608E0062606E01E0096
:10C0C000F6B2002E01D1002600E0022600252F0046
:10C0D000A446FFB25FFA8CFC674530D2DFF8E87403
:10C0E00084465FFA8CFC57F82CC0AE465FFA8EFE91
:10C0F0005FEA0E1EF4445FF0000ECCF808E18446BF
:10C100005FFA8CFC57F82CC0AE465FFA8EFE5FEAF1
:10C110000E1EF4445FF0000ECCF800E184465FFA96
:10C120008CFC57F82C70AC465FFA8CFC5FEA0C1C58
:10C1300067445FF0010CC7F80CC16D1CC7E7DFF85E
:10C1400088540700FFB255F827502E60F0BD10B498
:10C1500002000023DFF870041400E4B250F8240059
:10C160000C00E4B224012044D0F8080110F00100D2
:10C17000C0B210BC704710B4DFF84C340400E4B215
:10C1800053F824300C00E4B224012344C3F8002106
:10C1900010BC704770B504000E00150000F05EFA88
:10C1A0002800C0B2012818D1DFF81C042100C9B250
:10C1B00050F821103200D2B2120111442200D2B242
:10C1C00050F822003200D2B212011044D0F8080117
:10C1D00050F00200C1F8080117E0DFF8EC0321007D
:10C1E000C9B250F821103200D2B21201114422001B
:10C1F000D2B250F822003200D2B212011044D0F86C
:10C20000080130F00200C1F8080100F041FA70BDE9
:10C2100010B4DFF8B4230300DBB252F823300C0073
:10C22000E4B2240123440400E4B252F824200C00B8
:10C23000E4B224012244D2F80C2152F00102C3F8E6
:10C240000C2110BC70470200DFF87C031300DBB246
:10C2500050F823000B00DBB21B011844D0F8080192
:10C26000400810F00100C0B270472DE9F84F0400FB
:10C270000D002000C0B2022873D22800C0B20428EA
:10C280006FD200F01BFA2900C9B22000C0B2FFF73C
:10C29000DAFF06002900C9B22000C0B2FFF74EFE47
:10C2A00007003000C0B2002809D03800C0B2002812
:10C2B00005D02900C9B22000C0B2FFF7A9FF00F0E5
:10C2C00017FA3000C0B200284BD03800C0B20028A6
:10C2D00047D00C203021DFF8F4222300DBB24B439F
:10C2E0001344AC465FFA8CFC00FB0CFC13F80C30DA
:10C2F00098462300DBB24B431344AC465FFA8CFCF8
:10C3000000FB0CFC63445B6899462300DBB24B43A3
:10C310001344AC465FFA8CFC00FB0CFC63445B7A74
:10C320009B462300DBB201FB03F111442A00D2B289
:10C3300000FB02F00844007A82465846C0B2012849
:10C3400005D12900C9B22000C0B200F0F2F8404681
:10C35000C0B2012805D14846002802D05046C0B2DC
:10C36000C847BDE8F18F38B505000C002800C0B201
:10C37000022801D2012000E00020C0B2EFF7E2FE67
:10C38000002C01D0012000E00020C0B2EFF7DAFE5F
:10C390002078002804D000212800C0B2FFF7EEFD6D
:10C3A00061782800C0B2FFF73CFE31BDF8B505004A
:10C3B0000C002800C0B2022801D2012000E00020B9
:10C3C000C0B2EFF7BFFE002C01D0012000E000203A
:10C3D000C0B2EFF7B7FE2078042801D2012000E0B8
:10C3E0000020C0B2EFF7AEFE002221782800C0B2D4
:10C3F000FFF7D9FD002221782800C0B2FFF7CAFE5E
:10C4000021782800C0B2FFF703FF0C2030216F4ACB
:10C410002B00DBB24B4313442678464301279F553C
:10C420002B00DBB24B431344267846433344666803
:10C430005E602B00DBB24B43134426784643334403
:10C44000267A1E722B00DBB201FB03F11144227825
:10C4500000FB02F00844617A4172F1BDF8B50400B6
:10C460002000C0B2022801D2012000E00020C0B2AA
:10C47000EFF768FE0025002600272000C0B2002844
:10C4800002D0012807D00BE005200500012006009E
:10C490000120070004E00420050001200700FFE759
:10C4A0003B00DBB23200D2B22900C9B22000C0B2D8
:10C4B000FFF7DBFDF1BD2DE9F84306000C00150088
:10C4C0003000C0B2022801D2012000E00020C0B23A
:10C4D000EFF738FE2000C0B2042801D2012000E0AE
:10C4E0000020C0B2EFF72EFE5FF000090127210007
:10C4F000C9B23000C0B2FFF72AFE80464046C0B243
:10C50000002812D16A1E2100C9B23000C0B2FFF764
:10C5100032FE00202E49087001222100C9B23000ED
:10C52000C0B2FFF740FD002007003800C0B2BDE8F0
:10C53000F28338B504000D002000C0B2022801D2F9
:10C54000012000E00020C0B2EFF7FCFD2800C0B2DF
:10C55000042801D2012000E00020C0B2EFF7F2FD74
:10C5600000222900C9B22000C0B2FFF71CFD29003B
:10C57000C9B22000C0B2FFF74BFE31BD38B5040090
:10C580000D002000C0B2022801D2012000E00020EE
:10C59000C0B2EFF7D7FD2800C0B2042801D20120B5
:10C5A00000E00020C0B2EFF7CDFD2900C9B22000A5
:10C5B000C0B2FFF72DFE01222900C9B22000C0B28F
:10C5C000FFF7E8FD31BD0000E4554400683240202B
:10C5D000E32D402038B5002400252800C0B20428EF
:10C5E00007D22900C9B22000C0B2FFF73EFE6D1C81
:10C5F000F3E731BDEFF310807047000070B5F1F73D
:10C6000044FC0500DFF8146156F82500002809D124
:10C61000FFF7F0FF0400E00700D472B6DFF808016E
:10C6200040F8254056F82500401C46F8250070BD0E
:10C6300080B5F1F72AFCDFF8E41051F82020521EF3
:10C6400041F82020DFF8E02052F82020D20704D45F
:10C6500051F82010002900D162B601BD70B5F1F784
:10C6600014FC0500DFF8B86056F82500002809D151
:10C67000FFF7C0FF0400E00700D472B6DFF8AC009B
:10C6800040F8254056F82500401C46F8250070BDAE
:10C6900080B5F1F7FAFBDFF8881051F82020521E20
:10C6A00041F82020DFF8842052F82020D20704D45B
:10C6B00051F82010002900D162B601BD70B5F1F724
:10C6C000E4FB0500DFF85C6056F82500002809D17E
:10C6D000FFF790FF0400E00700D472B6DFF85000C7
:10C6E00040F8254056F82500401C46F8250070BD4E
:10C6F00080B5F1F7CAFBDFF82C1051F82020521E4C
:10C7000041F82020DFF8282052F82020D20704D456
:10C7100051F82010002900D162B601BD48444020E4
:10C7200068444020884440203844402058444020F9
:10C73000784440202DE9F04105000E0014002F0040
:10C740003FB2042F01DB012000E00020C0B2EFF770
:10C7500059FBD52F01DA012000E00020C0B2EFF72D
:10C7600051FBDFF85C81D8F800005649884201D3BC
:10C77000012000E00020C0B2EFF744FBD8F8000031
:10C78000002C05D0290009B200EB8101096C216061
:10C79000290009B200EB81010E64BFF36F8FBFF374
:10C7A0004F8FBDE8F08110B50400200000B20028D2
:10C7B00001D4012000E00020C0B2EFF723FB2000ED
:10C7C00000B2D52801DA012000E00020C0B2EFF766
:10C7D00019FB012114F01F0081403B48220012B2D6
:10C7E000520940F8221010BD10B50400200000B21C
:10C7F000002801D4012000E00020C0B2EFF702FBC6
:10C80000200000B2D52801DA012000E00020C0B2EB
:10C81000EFF7F8FA012114F01F0081402B482200A5
:10C8200012B2520940F8221010BD38B504000D00B4
:10C83000200000B2042801DB012000E00020C0B28B
:10C84000EFF7E0FA200000B2D52801DA012000E07D
:10C850000020C0B2EFF7D6FA2800C0B2102801DAE3
:10C86000012000E00020C0B2EFF7CCFA042029003C
:10C87000C9B28140164A23001BB2D15431BD10B554
:10C880000400200000B2002801D4012000E00020B4
:10C89000C0B2EFF7B7FA200000B2D52801DA0120C4
:10C8A00000E00020C0B2EFF7ADFA012114F01F0044
:10C8B00081400848220012B2520940F8221010BDEF
:10C8C00008ED00E00000002000E100E080E100E071
:10C8D00000E400E080E200E038B50400002C01D064
:10C8E000012000E00020C0B2EFF78CFA2068552844
:10C8F00001D2012000E00020C0B2EFF783FA00254A
:10C90000206885422AD2606830F9350000F04BF883
:10C91000606800EBC500C178606830F9350000F050
:10C9200038F80022606800EBC5004168606830F9A3
:10C93000350000F015F8606800EBC500807800282D
:10C9400005D0606830F9350000F015F804E0606843
:10C9500030F9350000F016F86D1CD1E7002032BD2B
:10C9600070B504000D00160032002900200000B24E
:10C97000FFF7E0FE70BD10B50400200000B2FFF725
:10C9800012FF10BD10B50400200000B2FFF72CFF0D
:10C9900010BD38B504000D002900C9B2200000B256
:10C9A000FFF743FF31BD10B50400200000B2FFF7D0
:10C9B00066FF10BD38B504000025002C07D001200B
:10C9C00005001123002200216520F0F7F5FA280068
:10C9D000C0B232BD38B504000025A0480068C06868
:10C9E000844207D3012005000B2302220021652089
:10C9F000F0F7E2FA2800C0B232BD38B504000025D5
:10CA0000964800688068844207D3012005000C2303
:10CA1000082200216520F0F7CFFA2800C0B232BD0D
:10CA200010B5002400F047F9002807D001200400C9
:10CA30000E23032200216520F0F7BEFA2000C0B2C9
:10CA400010BD0020C0B2704738B50400002520009A
:10CA5000C0B200280DD182480078032819D00120E7
:10CA6000050013232200D2B200216520F0F7A4FABA
:10CA70000FE07B480178032909D1012005000F232D
:10CA80002200D2B200216520F0F796FA01E00A21D7
:10CA900001702800C0B232BD0A00D2B2002A0BD108
:10CAA0000200D2B2002A03D10C226D4B1A7006E0AC
:10CAB00003226B4B1A7002E00C22694B1A7070470C
:10CAC00070B504000020FFF7BFFF06003000C0B2C1
:10CAD000002840D12000FFF76DFF06003000C0B2F3
:10CAE000002830D15D485F490160002102689268EA
:10CAF000914207D25C4A03685B690D015B59D154CE
:10CB0000491CF3E700220168C9688A4209D25749E3
:10CB100003689B69442505FB02F55B59CA54521C06
:10CB2000F1E70025016849688D4207D24A49026849
:10CB300012696B01D2588D546D1CF3E70068C0690F
:10CB400000F0A9F802E0002044490860002130000C
:10CB5000C0B2FFF7A1FF70BD70B504004348055D8A
:10CB600001260220FFF770FF002815D12000FFF7F3
:10CB700031FF00280CD13948006881692A00D2B2FF
:10CB80004420424301EB020000F08BF80020060035
:10CB900002210020FFF780FF3000C0B270BD38B521
:10CBA00004003148055D0820FFF74EFF002815D12D
:10CBB0002000FFF722FF00280CD1FDF7C7FE274811
:10CBC000006840692900C9B20901084400F089F8E9
:10CBD000FDF7D4FE08210020FFF75EFF31BD10B540
:10CBE00001240320FFF730FF00280BD1FFF718FFC7
:10CBF000002803D100F05BF800200400032100208E
:10CC0000FFF74AFF2000C0B210BD10B50224042077
:10CC1000FFF71AFF002806D100F04DF804000421A8
:10CC20000020FFF739FF2000C0B210BD80B50720FB
:10CC3000FFF70AFF00280CD1FFF703FF002804D1FB
:10CC400006480068C06900F052F807210020FFF78D
:10CC500023FF01BD00000000E22D4020AC2D40204C
:10CC6000E832402090234400E12D4020E02D402078
:10CC700038B5040000251920FFF7E6FE002808D18A
:10CC80002000C0B200F026F8050019210020FFF7AF
:10CC900003FF280032BD10B50400200000F098F812
:10CCA00010BD10B504002000FBF782FF10BD80B559
:10CCB000FCF7E2F901BD80B5FCF77DF9002802D050
:10CCC000012802D003E0002002E0012000E0022061
:10CCD000C0B202BD10B504002000C0B2FCF73AFAA1
:10CCE00010BD10B50400200000F024F810BD10B5F0
:10CCF0000400200000F066F810BDFEE710B5040047
:10CD0000E06800F06FF8E068007B012806D1E06879
:10CD10000078012802D1002000F07FF800F092F89E
:10CD2000002802D100F09AF803E00721012000F06A
:10CD30009FF810BD38B504002579A06800F09CFA72
:10CD4000A06800F04BFAA06800F0B5FA2800C0B265
:10CD5000002803D02800C0B2012804D12800C0B2A6
:10CD600000F0C8FA2DE02800C0B20D2803D1200041
:10CD700000F0D6FA25E02800C0B20E2803D0280023
:10CD8000C0B2112803D12000FFF7B8FF19E0280036
:10CD9000C0B20F2803D02800C0B2122803D120004F
:10CDA00000F0CCFA0DE02800C0B2102803D0280013
:10CDB000C0B2132805D12000FFF7A0FF200000F02B
:10CDC000BDFA31BD10B50400206800F0B1FB10BD04
:10CDD00010B50400206800F01FFB012000F01DF8D2
:10CDE00010BDFEE710B400220178012913D141786B
:10CDF000012905D1436841780B430F490B6002E0DC
:10CE000000210D4B19600D4C236833F078038168C5
:10CE10000B431A00226010BC704710B40021084B6D
:10CE20001A6832F480320400E4B2240414F480342A
:10CE300022431A6010BC704710C62A4004C62A401C
:10CE400000C62A40002004490968CA0701D501220A
:10CE50001000C0B2704700BF00C02E400020034A3F
:10CE6000116831F4407111607047000004802E4059
:10CE700038B504000D002900C9B22000C0B2024A32
:10CE80001268904731BD0000C83240207047F8B5A5
:10CE900004000D0016001F000020F2F7F3F82060D8
:10CEA0000020286000213800F2F717F93060F1BD4A
:10CEB000F8B504000D001600002700212000F2F74D
:10CEC000F5F82968401828602868B04201D301208D
:10CED00007003800C0B2F2BDDFF8900445F6F0213B
:10CEE000026811604AF20F5100680160704780B516
:10CEF0000120DFF8781409688860FFF7EDFF01BDB5
:10CF0000F8B504000D000026DFF8600401682A006F
:10CF1000D2B252021144D1F80471A74327430068EA
:10CF20002900C9B249020844C0F80471FFF7D4FFD0
:10CF3000F1BD70B505000024DFF8300401682A0057
:10CF4000D2B252021144D1F804617608760056F04C
:10CF5000010600682900C9B249020844C0F804610A
:10CF6000FFF7BAFF70BDF8B504000E000025DFF82A
:10CF7000FC0301682200D2B2520211443200D2B244
:10CF800052011144D1F844717F087F0057F0010726
:10CF900000682100C9B2490208443100C9B2490100
:10CFA0000844C0F84471FFF797FFF1BD2DE9FE4F2B
:10CFB000050000266F68D5F808805FF0000995F835
:10CFC00002A05FEAC87044D5DFF8A0B3DBF8000028
:10CFD0005146C9B249020844D0F800114908490035
:10CFE00017F0010001430E00DBF800005146C9B202
:10CFF00049020844C0F800615146C9B20120FFF758
:10D000007FFF42F210736A4601A902A8FFF73FFFB3
:10D01000009A01A902A8FFF74BFF8146DBF8000048
:10D020005146C9B249020844D0F80801040014F07E
:10D03000010017F00101884203D04846C0B2002821
:10D04000E6D04846C0B2002803D0FF210020FFF7F9
:10D050000FFFBDE8F78F2DE9FE4F05000E006F684A
:10D06000D5F808805FF0000995F801A0DFF8FCB260
:10D07000DBF800003100C9B2490208445146C9B288
:10D0800000EB8100C0F830713000C0B2FFF751FFF3
:10D0900042F210736A4601A902A8FFF7F8FE009A4F
:10D0A00001A902A8FFF704FF8146DBF80000310068
:10D0B000C9B2490208445146C9B200EB8100D0F818
:10D0C0001001040018EA0400874203D04846C0B2A9
:10D0D0000028E4D04846C0B2002803D0FF21002039
:10D0E000FFF7C6FEBDE8F78F2DE9FF4705000E00EC
:10D0F000AF685FF0000895F80190287AC00727D440
:10D1000042F210736A4601A902A8FFF7C0FE009A16
:10D1100001A902A8FFF7CCFE8046944800683100C0
:10D12000C9B2490208444946C9B249010844D0F885
:10D1300048010400002C03D44046C0B20028E6D0C9
:10D140004046C0B2002803D0FF210020FFF790FE28
:10D150004046C0B200283FD1DFF810A2DAF8000044
:10D160003100C9B2490208444946C9B249010844DC
:10D17000C0F840714946C9B23000C0B2FFF7F3FEB3
:10D1800042F210736A4601A902A8FFF780FE009AD6
:10D1900001A902A8FFF78CFE8046DAF800003100F2
:10D1A000C9B2490208444946C9B249010844D0F805
:10D1B0004801040014F0010017F00101884203D077
:10D1C0004046C0B20028E2D04046C0B2002803D09A
:10D1D000FF210020FFF74CFEBDE8FF872DE9F0415D
:10D1E000060000275FF000084046C0B2022841DA7E
:10D1F00071684246D2B21C20424301EB0200070094
:10D200003878012833D1002004002000397BC0B2D7
:10D21000884212D20C2039692200D2B24243895C82
:10D22000012908D1B9783A692300DBB200FB03F089
:10D230001044FFF710FF641CE7E7002005002800FA
:10D24000397DC0B2884212D20C20B9692A00D2B20C
:10D250004243895C012908D1B978BA692B00DBB255
:10D2600000FB03F01044FFF73FFF6D1CE7E718F1E8
:10D270000108B9E7BDE8F08170B50400002500267B
:10D280003000C0B2022815DA61683200D2B21C2028
:10D29000424301EB020005002878012808D1687894
:10D2A000012805D12879C00702D52800FFF77EFEA6
:10D2B000761CE5E770BD70B504000025002630003F
:10D2C000C0B2022815DA61683200D2B21C20424393
:10D2D00001EB020005002878012808D168780128B0
:10D2E00005D12879C00702D42800FFF75FFE761C1D
:10D2F000E5E770BD10B504002000C0B2002804D1DD
:10D3000001201A490968486007E02000C0B20128DE
:10D3100003D10220154909684860FFF7E8FD10BDF8
:10D3200010B50400BFF34F8F6079002801D000F0E2
:10D330000FF930BFBFF34F8F10BD000010B50400D0
:10D340000A48A168096802681161BFF34F8F4FF462
:10D35000004100684160FFF7CAFDBFF34F8F60795D
:10D36000002801D000F0F4F830BF10BDCC324020CE
:10D370007FB5050000262C00002C22D042F210734D
:10D380006A4601A902A8FFF782FD009A01A902A836
:10D39000FFF78EFD06005F4801688C6000688168B9
:10D3A0005D4801400C00002C03D03000C0B20028C2
:10D3B000EBD03000C0B2002803D0FF210020FFF7DF
:10D3C00057FD7FBD7FB5050000262C00002C22D024
:10D3D00042F210736A4601A902A8FFF758FD009AAD
:10D3E00001A902A8FFF764FD06004A4801680C6025
:10D3F00000680168494801400C00002C03D030004F
:10D40000C0B20028EBD03000C0B2002803D0FF210A
:10D410000020FFF72DFD7FBDF8B505000020002698
:10D420003C4F39688C68002C04D03D4804602000D3
:10D43000FFF79EFF68683968C86038680068002890
:10D4400002D0A9683A689161C10702D5E9683A68D3
:10D45000D161F1BDF0B504001D200027D2F800C055
:10D460000D00EDB2002D01D12E4D02E02E4D55F4F0
:10D4700080550026202E15D25FF0010E1EFA06FE02
:10D4800073462B420CD0234208D0E64670467F1CE0
:10D49000022F03D35FF01E0E704603E01CF1010C57
:10D4A000761CE7E7C2F800C0C0B2F0BDF8B50020B6
:10D4B00000210091174E31680968184C0C40002C6F
:10D4C00001D01A480460194805686A4600212800FE
:10D4D000FFF7C0FF07002000FFF774FF002D16D1F3
:10D4E000306881680C4801400C00002C01D00C48C9
:10D4F00004600B4800680500002D05D06A46012134
:10D500002800FFF7A7FF07002000FFF731FF3800D2
:10D51000C0B2F2BDD03240205902116059D7066026
:10D52000B42D402059D70760D9071160B02D402095
:10D5300010B5040020783C2805D05A2807D10120D6
:10D54000FFF7D8FE03E00020FFF7D4FEFFE710BD91
:10D550000248016851F002010160704710ED00E0DF
:10D5600002480188491C0180704700BF50274020B5
:10D57000012210F01F018A4003490300DBB25B095E
:10D5800041F823207047000080E100E038B5040036
:10D590000D002800C0B2002804D0200000B2FFF720
:10D5A000EAF903E0200000B2FFF7ECF931BD38B52D
:10D5B00004000D002900C9B2200000B2FFF7E9F90C
:10D5C00031BD70B504000D001600320029002000A6
:10D5D00000B2FFF7C5F970BD38B504000025002C76
:10D5E00006D0012320220021FF20EFF7E5FC07E011
:10D5F00004482900C9B250F82100006800F063F81F
:10D6000031BD0000C023440070B504000D000026A9
:10D61000200000B2D52803DA200000B2042808DA7E
:10D62000022321220021FF20EFF7C6FC0120060083
:10D6300005E02900C9B2200000B2FFF7A7FF3000C3
:10D64000C0B270BD70B504000D000026200000B20D
:10D65000D52807DA200000B2042803DB2800C0B276
:10D66000102808DB022322220021FF20EFF7A4FC70
:10D670000120060005E02900C9B2200000B2FFF732
:10D6800096FF3000C0B270BDF8B504000D00160062
:10D690000027200000B2D52803DA200000B20428B9
:10D6A00008DA022324220021FF20EFF785FC012065
:10D6B000070005E032002900200000B2FFF781FFDB
:10D6C0003800C0B2F2BD10B504002068002802D0B6
:10D6D0002068FFF701F910BD70B504002500002691
:10D6E000002C06D00C23002200217C20EFF764FCE4
:10D6F00013E01B480500E8693100C9B2405C01280D
:10D7000006D0F023002200217C20EFF755FC04E036
:10D71000280000F078F81348056070BD70B504006B
:10D720000D0000260F490868002806D10F230422A7
:10D7300000217C20EFF740FC10E00A682900C9B204
:10D74000200000F0F8FA06003000C0B20D2805D124
:10D750000D23042200217C20EFF72EFC70BD000079
:10D76000A82B4400C0404020F0B54388C468247909
:10D77000C5682D68002637009C46BFB21FFA8CFC96
:10D7800067453FD28768B4461FFA8CFC37F82C7087
:10D7900039008768B4461FFA8CFC07EB8C07BF780A
:10D7A0003A002700FFB2022F1BD0DFF8A87794467B
:10D7B0005FFA8CFC57F82C708C461FFA8CFC5FEAE1
:10D7C0009C0C5FEA8C0C8E461FFA8EFE7FEA0E0ED2
:10D7D0001EF0030E5EEA0C0C1CEB070717F59857BA
:10D7E0003C70DFF8707794465FFA8CFC57F82C7029
:10D7F0008C461FFA8CFC17EB8C0717F510773D60F1
:10D80000761CB8E7F0BD2DE9F8430400DFF84807BF
:10D8100080465FF000094946C9B2002932D1002193
:10D820000E0031004A46D2B204EB4202928889B21D
:10D83000914224D24946C9B204EB810149693200C0
:10D8400092B211F812100F003900C9B2FF2914D09A
:10D85000310089B240F27B12914200DA80463100F9
:10D8600089B2B1F5C87F08D2310089B2C905C90DA6
:10D8700008EB81010022C1F8402A761CD1E719F19A
:10D880000109C8E7216A2E2000F05AFC2000FFF7AA
:10D890006BFF00210800C0B2002816D1002005004F
:10D8A000280080B20A280EDADFF8B0260B00DBB2BF
:10D8B0001420434302EB03002A0092B2002320F815
:10D8C00012306D1CECE7491CE4E7BDE8F1832DE95B
:10D8D000F84F05000E0017001421386901FB05F20E
:10D8E000805AADF80000386901FB05F2104490F849
:10D8F00008805FF000095FF0000A3888854206D38F
:10D900000A23012200217C20EFF756FB73E001225D
:10D91000B86950F8253012FA0AF0034033FA0AF3D6
:10D92000012B06D0F023012200217C20EFF744FBDD
:10D9300061E0BDF8000010F00F008DF80200DFF884
:10D940001C064346DBB24B431844BDF800301B11A4
:10D95000DBB230F813B0386901FB05F10844007BF5
:10D96000012806D09DF802008240584680B210423D
:10D970003FD000F03BFCDFF8DC054146C9B250F86F
:10D980002110BDF8002011EB820111F5107109681A
:10D990003200D2B2012A05D131F400210C0054F436
:10D9A000001418E03200D2B2002A05D151F400214F
:10D9B0000C0034F400140EE03200D2B2022A05D179
:10D9C00051F400210C0054F4001404E031F400215F
:10D9D0000C0034F400144146C9B250F82100BDF8DF
:10D9E000001010EB810010F51070046000F018FCBE
:10D9F00001E0012081464846C0B2BDE8F28FF0B494
:10DA00000300002000242500DFF854651F00FFB24A
:10DA100036F81760ADB2B5421ED2DFF848551E0089
:10DA2000F6B255F826602700BFB236F837600F000F
:10DA3000BFB2BE420ED11E00F6B255F826502600E7
:10DA4000B6B205EBC605AD781600F6B2B54201D107
:10DA5000200001E0641CD6E780B2F0BC70472DE9DD
:10DA6000F84F84B004000D0016000020ADF802004D
:10DA700000275FF00008DFF8DC942000C0B259F8FE
:10DA80002000290089B210EB810010F51070D0F849
:10DA900000B03200D2B2290089B22000C0B2FFF734
:10DAA000AEFF824602A8DFF8BC142200D2B251F8C1
:10DAB0002210524692B201EBC2010822E0F7C0F8F0
:10DAC0009DF80F008DF80000BDF80C00ADF80200C5
:10DAD0009DF80E0001909DF8000059F82000BDF857
:10DAE000021010EB810010F52460019901605FEADB
:10DAF000DB0B5FEACB0B3000C0B2213850EA0B0BD6
:10DB00005BF4201B0022290089B22000C0B200F083
:10DB1000C9F92000C0B259F82000290089B210EBE1
:10DB2000810010F51070C0F800B005B0BDE8F08FAE
:10DB30002DE9F84F84B004000D0016000020ADF868
:10DB4000020000275FF00008DFF808942000C0B250
:10DB500059F82000290089B210EB810010F51070EF
:10DB60000168DFF804042200D2B250F822002A0033
:10DB700092B230F812A0DFF8F4032200D2B250F8CB
:10DB800022003200D2B212FA8AF200EB820050F880
:10DB90004C0C01909DF807008DF80000BDF804B012
:10DBA0009DF8060002909DF8000059F820005A46A2
:10DBB00092B210EB820010F52460029A0260DFF846
:10DBC000B003014051F4002103910022290089B2E1
:10DBD0002000C0B200F066F92000C0B259F8200061
:10DBE000290089B210EB810010F5107003990160D3
:10DBF00005B0BDE8F08F2DE9F04780460C00150018
:10DC00001E00DFF850734046C0B257F820002100D4
:10DC100089B210EB810010F51070D0F8009001224D
:10DC2000210089B24046C0B200F03CF930691421AD
:10DC300001FB05F1084490F80AA05FEAD9095FEA00
:10DC4000C9095046C0B2012806D159F40019310063
:10DC5000280000F056F913E05046C0B2002802D167
:10DC600059F400290CE05046C0B2022806D159F4FC
:10DC700020193100280000F044F901E039F420199E
:10DC800032005146C9B22800FFF721FE4046C0B21B
:10DC900057F82000210089B210EB810010F51070B8
:10DCA000C0F80090BDE8F087F8B505000C00A94E5B
:10DCB0002800C0B256F82000210089B210EB810084
:10DCC00010F510700768AA48074057F40027002293
:10DCD000210089B22800C0B200F0E4F82800C0B2E8
:10DCE00056F82000210089B210EB810010F5107069
:10DCF0000760F1BD30B4974D0300DBB255F8233017
:10DD00000C00A4B213EB840313F510731C68E40831
:10DD1000E4001300DBB21C4354F400140300DBB234
:10DD200055F823300D00ADB213EB850313F51073D6
:10DD30001C6030BC70472DE9F84F04000D00160040
:10DD400000275FF0140A30690AFB04F130F8018003
:10DD500030690AFB04F1084490F8089000208DF81F
:10DD600000003088844206D30A23042200217C204C
:10DD7000EFF722F992E05FF0010BB06950F8240050
:10DD80009DF800101BFA01F108409DF80010C840F2
:10DD9000012806D0F023042200217C20EFF70CF9A3
:10DDA0007CE030690AFB04F10844407B002806D17E
:10DDB0000E23042200217C20EFF7FEF86EE02800FD
:10DDC000C0B22A2802DB0D20070067E000F03EFA0F
:10DDD00018F00F008DF8010066484946C9B250F8A6
:10DDE00021002900C9B20AFB01FA5044414689B218
:10DDF000091130F81100ADF80200BDF802109DF8CD
:10DE000001001BFA00FB11EA0B0F43D02800C0B23F
:10DE100000281ED0401E0E282BD90F3822D0801E7D
:10DE200020D0401E0E280BD90F380D282AD82A00E2
:10DE3000D2B2414689B24846C0B2FFF710FE2BE08D
:10DE40002A00D2B2414689B24846C0B2FFF770FEFE
:10DE500022E033002200414689B24846C0B2FFF7B3
:10DE6000CAFE19E0414689B24846C0B2FFF71CFF1E
:10DE700012E02A00D2B2414689B24846C0B2FFF74A
:10DE800039FF09E00022414689B24846C0B200F09D
:10DE900009F801E00D20070000F0F2F93800C0B2E7
:10DEA000BDE8F28F2DE9F04104000D00160000F0EE
:10DEB0006DF915F00F07142028492200D2B2424311
:10DEC0000A442B00DBB21B1132F813803200D2B2AD
:10DED000012A04D10122BA4052EA080803E00122D3
:10DEE000BA4038EA02082200D2B200FB02F008442D
:10DEF0002900C9B2091120F8118000F061F9BDE8CC
:10DF0000F081F0B414240A6904FB00F3D25A0B69BF
:10DF100004FB00F52B441B7A0D6904FB00F42C4430
:10DF2000647A2500EDB2022D12D00A4D1E00F6B221
:10DF300055F826501600B6B2B608B6001700BFB2A4
:10DF4000FF4317F003073E43751915F598552C70DC
:10DF5000F0BC70473C69440000002940C4404020A8
:10DF6000466944003869440034694400306944001B
:10DF7000F8FFDFFF2C69440070B50400002500267F
:10DF8000002C01D0012000E00020C0B2EEF7E4F840
:10DF90006068912801D2012000E00020C0B2EEF7B5
:10DFA000DBF82068DFF8C411884201D100200600A8
:10DFB000207A022807D055F400552800257AED0272
:10DFC00015F400650543207C022804D0207C400520
:10DFD00010F400100543E07B022804D0E07B4004ED
:10DFE00010F400300543A07B022804D0A07B00047D
:10DFF00010F480300543207B022804D0207B0002EF
:10E0000010F480700543607B022804D0607B80019F
:10E0100010F040000543607C022804D0607CC004FE
:10E0200010F400200543E07A022804D0E07A80034F
:10E0300010F480400543A07A022804D0A07A400161
:10E0400010F020000543607A10F00F000543607A5D
:10E0500000281AD1207C012817D194F868000228E2
:10E0600013D0DFF80C013100C9B250F82100A188AB
:10E07000890889006268D24312F00302114308182C
:10E0800010F5985094F8681001702068616800EBF2
:10E090008100C0F84052200000F022F8200000F07B
:10E0A00001F870BD30B4DFF8CC40226800231D00B9
:10E0B000EDB2022D11D21D00EDB200EB45056D8AC7
:10E0C0002900002907D00D0404D5DFF8AC500D431A
:10E0D0002A4000E00A435B1CE9E7226030BC70473D
:10E0E00070B4DFF888301C00457C012D26D1002556
:10E0F00029000D00EDB2102D20D20D00EDB2054427
:10E10000AD7D102D18D00D00EDB200EB8505AD6A88
:10E110002A00B2F5007F00D21C00B2F5C87F0BD2F6
:10E12000D505ED0D04EB85050E00F6B20644B67D6F
:10E1300016F00F06C5F8406A491CDAE770BC704754
:10E1400070B504000D00DFF834000560DFF8300022
:10E1500004600026A64207D26C2000FB06F028448B
:10E16000FFF70AFF761CF5E7002070BD000029408C
:10E170003C6944000CC62A4081F9FFFFB82D4020BD
:10E18000BC2D4020EFF310807047000070B5EFF712
:10E190007CFE0500DFF8146156F82500002809D13F
:10E1A000FFF7F0FF0400E00700D472B6DFF80001CB
:10E1B00040F8254056F82500401C46F8250070BD63
:10E1C00080B5EFF762FEDFF8E41051F82020521E10
:10E1D00041F82020DFF8D82052F82020D20704D4BC
:10E1E00051F82010002900D162B601BD70B5EFF7DB
:10E1F0004CFE0500DFF8BC6056F82500002809D168
:10E20000FFF7C0FF0400E00700D472B6DFF8A800F3
:10E2100040F8254056F82500401C46F8250070BD02
:10E2200080B5EFF732FEDFF88C1051F82020521E37
:10E2300041F82020DFF8802052F82020D20704D4B3
:10E2400051F82010002900D162B601BD70B5EFF77A
:10E250001CFE0500DFF8646056F82500002809D18F
:10E26000FFF790FF0400E00700D472B6DFF850001B
:10E2700040F8254056F82500401C46F8250070BDA2
:10E2800080B5EFF702FEDFF8341051F82020521E5F
:10E2900041F82020DFF8282052F82020D20704D4AB
:10E2A00051F82010002900D162B601BD0845402078
:10E2B000F84440202845402018454020484540204B
:10E2C00038454020EFF310807047000070B5EFF73D
:10E2D000DCFD0500294E56F82500002808D1FFF77F
:10E2E000F1FF0400E00700D472B6254840F825404D
:10E2F00056F82500401C46F8250070BD80B5EFF7A4
:10E30000C4FD1E4951F82020521E41F820201C4A0D
:10E3100052F82020D20704D451F82010002900D14F
:10E3200062B601BD70B5EFF7B0FD0500154E56F8A9
:10E330002500002808D1FFF7C5FF0400E00700D43E
:10E3400072B6114840F8254056F82500401C46F8A2
:10E35000250070BD80B5EFF798FD0A4951F82020DF
:10E36000521E41F82020084A52F82020D20704D437
:10E3700051F82010002900D162B601BD08464020A6
:10E38000F845402028464020184640202DE9F84F07
:10E39000002000265FF0000B0027DFF88881DFF8FF
:10E3A00088C1D8F800E018F10408C1465FF0000AFF
:10E3B000F24539D25FF00C0B0BFB0AF04844406881
:10E3C00001000BFB0AF059F8000003000BFB0AF0F8
:10E3D000484480680BFB0AFBCB44DBF804B0B0EB8D
:10E3E0000B0B5E4616F00300050000202F00FFB265
:10E3F000F71BB0EB970F05D251F8207043F820704F
:10E40000401CF3E701EB80073A0003EB80073C0078
:10E4100000272800C0B2874203D2D05DE0557F1CA0
:10E42000F7E71AF1010AC3E7DCF800001CF1040B5E
:10E43000CDF800B0DDF800C05FF0000B834521D2BD
:10E440005CF83BE073460CEBCB0EDEF804A05CF806
:10E450003BE0BAEB0E0A56465FF0000E7746B7EB8C
:10E46000960F05D25FF0000E43F827E07F1CF6E719
:10E4700016F0030F03D05FF0000E43F827E01BF106
:10E48000010BDBE7BDE8F18F2DE9F0470020002606
:10E490005FF0000A0027DFF88CE0DEF800C01EF114
:10E4A000040EF046DFF88490E14539D20C2000FBE1
:10E4B00009FAC244DAF804A0514600FB09FA58F8F8
:10E4C0000AA0534600FB09FAC244DAF808A000FB90
:10E4D00009F040444068BAEB000A564616F00300C3
:10E4E000050000202F00FFB2F71BB0EB970F05D2FD
:10E4F00051F8207043F82070401CF3E701EB8007CF
:10E500003A0003EB80073C0000272800C0B2874296
:10E5100003D2D05DE0557F1CF7E719F10109C3E78D
:10E52000BDE8F08710CC410080CC4100060000001F
:10E53000006810F001007047016851F001010160AE
:10E540007047016849084900016070470100086888
:10E55000C0F34120012801D1012000E00020C0B219
:10E560007047010000220868000910F0030000282D
:10E5700003D0022805D002D305E0002004E00120EA
:10E5800002E0022000E00220C0B270470A00D2B2CE
:10E59000012A06D0022A09D1026852F02002026044
:10E5A00004E0026852F010020260FFE77047F8B51D
:10E5B00004000025012140F6B830F0F78EFD06007A
:10E5C0000020009000272068800602D50120050069
:10E5D00020E02068C0061DD54CF2205020614DF689
:10E5E000281020610120F0F74DFD00902068C00642
:10E5F00008D5B74206D201216846F0F757FDC01989
:10E600000700F3E7B74205D301212000FFF7BEFF63
:10E61000012005002800C0B2F2BDF0B500248B79BE
:10E620004A78002A01D0012500E000250A79002A55
:10E6300001D0012600E000268A78002A01D00027B8
:10E6400000E00127CA78002A02D05FF0000C01E048
:10E650005FF0010C4A79002A01D0012400E0002477
:10E660000A789E465FFA8EFE5FEA4E2E1EF4C06E5A
:10E670005EEA026E2D0215F4807555EA0E05F6016C
:10E6800016F080063543BF0017F004073D435FEAEC
:10E690004C0C1CF0020C5CEA0505A40114F04004CB
:10E6A0002C430460012242608A6882600A79002A51
:10E6B00001D0CA68C2601A00D2B2012A01D10A8A06
:10E6C0008261F0BD02000020032A01D2012318005C
:10E6D000002903D0914201D301231800C0B2704732
:10E6E000026961F30F02026170478069112148439A
:10E6F000C01C80B270470121C1617047406810F0B2
:10E70000010070470068800910F0010070474168FF
:10E7100011F00101416070472DE9F84304000D003C
:10E72000DFF8D80250F824600027002C01D1012026
:10E7300000E00020C0B2EDF719FD002D01D001204E
:10E7400000E00020C0B2EDF711FD3000FFF72FFF11
:10E75000012802D15FF001092AE03000FFF7E8FE4E
:10E7600080464046C0B2002802D03000FFF7E9FEE4
:10E77000E968A868FFF7A6FF81464846C0B20028AE
:10E7800016D129003000FFF748FF6879002804D02F
:10E790006869DFF86C1241F824003000FFF7CCFE06
:10E7A000A97C3000FFF7F2FE0120DFF8581208556F
:10E7B0004846C0B2BDE8F28370B50400DFF83C0201
:10E7C00050F82450002C01D1012000E00020C0B2FC
:10E7D000EDF7CCFC2800FFF7EAFE06003000C0B2DF
:10E7E000002815D12800FFF7ACFE012068604FF427
:10E7F0004870A8600020E8600020A861DFF80802E7
:10E8000028602800FFF777FF0020DFF8F81108558F
:10E810003000C0B270BD2DE9F0410400DFF8DC012A
:10E8200050F824500026002C01D1012000E00020E7
:10E83000C0B2EDF79BFCFFF749FD2800FFF786FE0D
:10E8400007003800C0B2002834D001283DD14CF276
:10E8500020582800FFF749FF404501D1012006005C
:10E860002800FFF742FF010089B22800FFF738FFB8
:10E870002800FFF73AFF404501D10120060028009B
:10E88000FFF733FF010089B22800FFF729FF2800B6
:10E89000FFF767FE01280CD13000C0B2002808D075
:10E8A0004DF628112800FFF71BFF01212800FFF774
:10E8B0006DFE0AE04AF202612800FFF711FF4BF2F9
:10E8C00080412800FFF70CFFFFE7FFF717FDBDE8C9
:10E8D000F0812DE9F84304000E001500474850F878
:10E8E0002470002C01D1012000E00020C0B2EDF71F
:10E8F0003DFC3800FFF735FE804629003000FFF769
:10E90000E1FE81464846C0B200281FD13800FFF71B
:10E910004EFE012802D10120814617E03800FFF7A2
:10E9200010FEBE60002D05D0FD60386850F08000FC
:10E93000386003E0386830F0800038603800FFF756
:10E94000FBFD4146C9B23800FFF720FE4846C0B281
:10E95000BDE8F283F8B50400284850F82450002C94
:10E9600001D1012000E00020C0B2EDF7FFFB28003C
:10E97000FFF7F7FD0600FFF7D5FC2800FFF717FEAD
:10E9800007003800C0B2002807D12800FFF7D9FDE2
:10E990003100C9B22800FFF7F9FDFFF7DBFC3800B2
:10E9A000C0B2F2BD38B50400144850F82450002C11
:10E9B00001D1012000E00020C0B2EDF7D7FB1148E3
:10E9C000005D012815D12800FFF798FE002813D01C
:10E9D0002800FFF797FE00280ED02800FFF797FECB
:10E9E000074951F82400002806D051F82400804738
:10E9F00002E02800FFF78BFE31BD000040694400B3
:10EA0000C02D4020E42D40200A0100FF80B50020E9
:10EA1000EFF771FE01BDF8B504000D0016001F00F0
:10EA2000FF2E12D197F80503002846D12800C0B266
:10EA3000052801D0072807D102222900C9B22000E9
:10EA4000C0B2F2F707F938E037E00C2000FB06F01F
:10EA500038444079002830D12800C0B200280ED0B8
:10EA600002281CD013D3042801D01FD325E0032291
:10EA70003100C9B22000C0B2F2F7ECF81DE000226C
:10EA80003100C9B22000C0B2F2F7E4F815E001226B
:10EA90003100C9B22000C0B2F2F7DCF80DE001226B
:10EAA00006212000C0B2F2F7D5F806E001220721C6
:10EAB0002000C0B2F2F7CEF8FFE7F1BDF8B50400D0
:10EAC0000D0016001F002800C0B20B2804D1200042
:10EAD000C0B2F2F7EBF8FFE7F1BD7047010000208C
:10EAE000704780B50020F4F721FA01BD80B50123FD
:10EAF0001F2200210020F4F769F901BD80B5002331
:10EB00003F2220210020F4F761F901BD80B50020EB
:10EB1000F9F7F2FA01BD80B50120F9F7EDFA01BD70
:10EB200080B50020FFF73EFF01BD00000E0C0A0873
:10EB300043616D6572612057616974205061636B38
:10EB400074205375636573733A25640D0A000000E1
:10EB500073746570333A20726561642043616D653A
:10EB60007261205265674635206572722C205265AD
:10EB70006746353A307825782C20636E743A2564E0
:10EB80000D0A000073746570333A204F54412057CA
:10EB900061697420526573706F6E64204F76657280
:10EBA000666C6F77204F6620436F756E740D0A0098
:10EBB00073746570343A43616D6572612055706796
:10EBC000726164696E67204461746153697A653A61
:10EBD000307825782C44617461416464723A3078ED
:10EBE00025782C436865636B53756D3A30782578CA
:10EBF0002C4C69415F4352433A307825780D0A0026
:10EC000073746570343A20726561642043616D6588
:10EC10007261205265674632206572722C205265FF
:10EC20006746323A307825782C20436E743A256452
:10EC30000D0A000073746570343A207265616420B7
:10EC400043616D657261205265674632206572725C
:10EC50002C2052656746323A307825780D0A00003C
:10EC600043616D6572612043757272656E742053E5
:10EC700057205665723A25642E25642C204857206B
:10EC800056657225642E25640D0A000052434D20FE
:10EC900045726173652C2073656E64206E726337F4
:10ECA000380D0A0073746570313A20726561642012
:10ECB00043616D65726120526567463120657272ED
:10ECC0002C2052656746313A307825782C20636EC7
:10ECD000743A25640D0A000073746570313A20722D
:10ECE0006561642043616D657261205265674631DC
:10ECF000206572722C2052656746313A307825784B
:10ED00000D0A000073746570353A207265616420E5
:10ED100043616D657261205265674633206572728A
:10ED20002C2052656746333A307825780D0A00006A
:10ED300073746570373A20726561642043616D6554
:10ED400072612052656746453A307825780D0A0091
:10ED500073746570373A2043616D65726120435268
:10ED600043333220436865636B204661756C742CB5
:10ED700020307825782C2043616C3A307825782C27
:10ED80002052656746453A307825782C200D0A00D8
:10ED900052434D20496E746567726974792C2073F3
:10EDA000656E64206E726337380D0A007374657087
:10EDB000363A20726561642043616D65726120524C
:10EDC00065674634206572722C2052656746343A76
:10EDD000307825780D0A000050425353000000009F
:10EDE0004255534F46465F4C563100004255534FF3
:10EDF00046465F4C56320000496E697400000000C0
:10EE000063616E20576F726B205374617465206369
:10EE100068616E67653A202573202D3E2025730DAD
:10EE20000A00000043616E547852780073656E6486
:10EE30002066697273742063616E206D73670D0ABA
:10EE400000000000000000000000000001000000C1
:10EE5000000000000200000000000000617070442B
:10EE6000636D000044636D20526573706F6E73654F
:10EE70002044656661756C742053657373696F6EA9
:10EE80000D0A000044636D20526573706F6E7365E8
:10EE90002052657365740D0A000000006163635FB2
:10EEA0006F6E3D302C20675F7374417070446961F0
:10EEB000672E656E576F726B5374617465203D20C9
:10EEC000444941475F534C4545500D0A000000003E
:10EED00053657343726C00006368616E676520312F
:10EEE00030203032206661696C65642C2070726F4E
:10EEF0006772616D436F6E646974696F6E3D2564FE
:10EF00002C2041637475476561725368696674505B
:10EF10006F733D25642C20506F77566F6C743D25C0
:10EF2000642C204143433D25642C20437572536576
:10EF30007373696F6E3D25640D0A0D0A00000000B1
:10EF40005333205365727665722054696D656F7511
:10EF5000740D0A0D0A00000044636D52657374005D
:10EF6000446961676E6F737469632072657175655A
:10EF700073742072657365740D0A0000534D495215
:10EF80004D00000056312E38382E33353100000048
:10EF9000526F7574696E6500436865636B50726F7C
:10EFA0006772616D6D696E67507265436F6E6469FB
:10EFB00074696F6E73206661696C65642C20707271
:10EFC000655278466C61673D25642C205278466C0A
:10EFD00061673D25642C2056656853706456616CEA
:10EFE00069643D25642C2073706565643D25640D5E
:10EFF0000A00000073656341636300007365637515
:10F00000726974795F6163636573735F7365656467
:10F010003A202530325820253032582025303258B9
:10F0200020253032582C206C736565643D25642C96
:10F0300020766F6C743D25642C206974696D653D84
:10F0400025642C207469636B3D25640D0A0D0A004C
:10F050006D61696E000000000D0A0D0A5B626F6F42
:10F06000745D20656E7465722048617264466175D6
:10F070006C745F48616E646C65722C204C523D303C
:10F08000782530387820212121212121210D0A0DD8
:10F090000A00000020466C61736820457261736548
:10F0A0002C2061646472203D256420210D0A0D0A24
:10F0B0000000000045736320486172644661756C0E
:10F0C000745F48616E646C6572212121210D0A0D07
:10F0D0000A000000000000003B6542008D65420010
:10F0E000B1654200ED654200FF654200BD68420027
:10F0F00001000000114B4200354B42005F4B4200C3
:10F10000A74B4200B94B4200554C420002000000A0
:10F11000F54C42006F4D42007D4D42009B4E420037
:10F12000AD4E4200394F420003000000C568420066
:10F13000C7684200C9684200176942005F6942001F
:10F14000616942000400000053797374656D2052B8
:10F150006573657420736F757263653A2025640D5D
:10F160000A0000002A2A2A2A2A2A2A2A2A2A2A2A9D
:10F170002A2A2A2A2A2053797374656D2077616BB5
:10F18000657570202A2A2A2A2A2A2A2A2A2A2A2A1D
:10F190002A2A2A2A2A0D0A0077616B6520757020B9
:10F1A00062792063616E305F72782070696E200D25
:10F1B0000A00000077616B6520757020627920631A
:10F1C000616E315F72782070696E200D0A00000058
:10F1D00077616B6520757020627920414343207010
:10F1E000696E200D0A000000454D6F64756C655F07
:10F1F000737973626F6F7400454D6F64756C655FF2
:10F2000063616E00454D6F64756C655F646961672D
:10F2100000000000454D6F64756C655F5450000040
:10F22000426F6F743A205273745372633A25642CA0
:10F2300028706F7765723A25642C63616E4E6D3A63
:10F2400025642C63616E506E633A25642C63616E95
:10F250004D73673A25642C646961673A25642C62B2
:10F2600075736F66663A25642C6163633A25642C76
:10F270006163635F6F6E3A25642C64656275673AFB
:10F280002564292C507753743A25642C5077566F97
:10F290006C3A2564562C48573A25642C43616E57C6
:10F2A0006F726B3A25732C53657373696F6E3A25D1
:10F2B000642C7365634C6576656C3A25642C6473C5
:10F2C0006C5F72785F73743D25642C64736C5F743B
:10F2D000785F73743D25640D0A0000000D0A0D0A65
:10F2E0000D0A0D0A0D0A0D0A2A2A2A2A2A2A2A2A72
:10F2F0002A2A2A2A2A2A2A2A2A2A20426F6F742096
:10F3000053797374656D205374617274202A2A2AAC
:10F310002A2A2A2A2A2A2A2A2A2A2A2A2A2A2A0D6A
:10F320000A000000574B534F555243455F504F570B
:10F3300045520000574B534F555243455F43414E92
:10F340004E4D0000574B534F555243455F44494182
:10F3500047000000574B534F555243455F504E43B3
:10F3600000000000574B534F555243455F41434304
:10F3700000000000574B534F555243455F444542F0
:10F3800055470000574B534F555243455F42555325
:10F390004F464600574B534F555243455F53575FB7
:10F3A0004143435F4F4E0000556E646566696E656C
:10F3B000645F57616B657570537263005365745772
:10F3C000616B657570537263203D2025730D0A00D3
:10F3D000436C65617257616B657570537263203D54
:10F3E0002025730D0A0000005379734D6F64655F2B
:10F3F00052657365740000005379734D6F64655FE7
:10F40000496E6974000000005379734D6F64655F45
:10F4100050726570617261536C6565700000000028
:10F420005379734D6F64655F536C656570000000C0
:10F430005379734D6F64655F576F726B696E6700C8
:10F440005379734D6F64655F4D61780053797362D2
:10F450006F6F745365727669636553746174652068
:10F460007377697463683A202573202D3E202573D5
:10F470000D0A00002A2A2A2A2A2A2A2A2A2A2A2A7D
:10F480002A2A20506F775F4F6E2121212A2A2A2AAB
:10F490002A2A2A2A2A2A2A2A2A2A2A2A0D0A00005D
:10F4A000414343206973204F4E2C2073746F7020AA
:10F4B000736C6565702E0D0A00000000426F6F745A
:10F4C0003A2077616B6575702073726328706F776F
:10F4D00065723A25642C63616E4E6D3A25642C6327
:10F4E000616E506E633A25642C646961673A2564E5
:10F4F0002C6275736F66663A25642C6163633A25E6
:10F50000642C6163635F6F6E3A25642C6465627579
:10F51000673A2564292C507753743A25642C507728
:10F52000566F6C3A2564562C54705077724F6E3A71
:10F5300025642C564F533A25642C48573A25642CA1
:10F5400043616E576F726B3A25732C536573736901
:10F550006F6E3A25642C7365634C6576656C3A254D
:10F56000640D0A0D0A0000002A2A2A2A2A2A2A2AB9
:10F570002A2A2A2A2A2A20506F775F446F776E2C16
:10F5800020656E74657220736C6565702121212081
:10F590002A2A2A2A2A2A2A2A2A2A2A2A2A2A2A20D5
:10F5A0000D0A0D0A00000000E8F14300F8F14300E5
:10F5B00004F2430014F24300537461727420706FBC
:10F5C000776572206F6E0D0A00000000524453529E
:10F5D00020776174636820646F6720256428256440
:10F5E0002920206661756C740D0A00004949435F4B
:10F5F0005244535220746F6F206C6F6E673A2564CB
:10F600002825642920206661756C740D0A000000AD
:10F61000457261736520776174636820646F672049
:10F6200025642825642920206661756C740D0A0004
:10F630004949435F436869705F457261736520742F
:10F640006F6F206C6F6E673A25642825642920202F
:10F650006661756C740D0A00545036387878204F06
:10F660005344205570677261646520416464723A46
:10F67000307825782C205061636B53697A653A3075
:10F680007825782C20546F74616C3A307825782175
:10F690000D0A00004949435F52445352207374617C
:10F6A00072743A2025640D0A000000005450363868
:10F6B0007878205350495F464C4153482052445378
:10F6C00052204661696C642C5265747279202564FD
:10F6D0000D0A000072657472793A25642052445311
:10F6E000522121210D0A00004949435F52445352DF
:10F6F00020456E643A2025640D0A00004949435FA5
:10F7000045726173652073746172743A2025640DCB
:10F710000A000000545036387878205350495F462C
:10F720004C415348204572617365204661696C64A1
:10F730002C52657472792025640D0A00726574720A
:10F74000793A25642065726173652121210D0A00D3
:10F750004949435F457261736520656E643A2025AF
:10F76000640D0A00545036387878205350495F466B
:10F770004C415348204572617365203A25642053FB
:10F7800075636573732121210D0A000055504441B2
:10F7900054455F464C4153484452560055504441ED
:10F7A00054455F41505000005550444154455F421C
:10F7B0004F4F54005550444154455F56500000008F
:10F7C0005550444154455F52434D0000757064618B
:10F7D00074650000534944333420466F726D617480
:10F7E000206572726F722C204E5243253032780D94
:10F7F0000A00000053494433342055706461746535
:10F8000054797065206572726F722C204E524325B8
:10F810003032780D0A0000005349443334204D65DE
:10F820006D6F727941646472657373206F72204DDD
:10F83000656D6F727953697A65206572726F722C8B
:10F84000204E5243253032780D0A0000534944209F
:10F850003334205265717565737420446F776E6C14
:10F860006F6164282573292E0D0A00005349442036
:10F8700033372052657175657374205472616E73ED
:10F880006665722045786974282573292E0D0A0053
:10F8900033312030312046302030312043686563D9
:10F8A0006B2050726F6772616D6D696E6720496E73
:10F8B00074656772697479282573292025730D0A88
:10F8C000000000006661696C65640000333120301F
:10F8D0003120464620303020436865636B204572F6
:10F8E000617365204D656D6F727928257329202518
:10F8F000732E0D0A000000003331203031204646BF
:10F9000020303120436865636B50726F6772616DA0
:10F910006D696E6720446570656E64656E636965C8
:10F9200073282573292025730D0A000033312030F8
:10F930003120464620303420416374697665204E7C
:10F94000657720417070426F6F742C20626B5F622C
:10F950006F6F7420636F64652025732E0D0A00009D
:10F960007661696C64000000696E76616C696400A0
:10F970001C44002032000000005100203200000032
:10F980005B43414E25645D206275736F666620722D
:10F9900065636F7665722073756363657373210D9C
:10F9A0000A0000005B43414E25645D206275736F61
:10F9B000666620747279207265636F7665722C209A
:10F9C00073656E64206D73670D0A0D0A00000000F8
:10F9D0005B43414E25645D206275736F66662069E6
:10F9E0006E2043616E534D426F7254696D654C31A8
:10F9F0002C20636E743D25642C206C696E653D255A
:10FA0000640D0A0D0A0000005B43414E25645D2031
:10FA10006275736F666620696E2043616E534D4256
:10FA20006F7254696D654C322C20636E743D256491
:10FA30002C204474635374617475733D25642C20C9
:10FA40006C696E653D25640D0A0000005B43414E04
:10FA500025645D206275736F66662074727920720A
:10FA600065636F766572206E6F726D616C21212106
:10FA70000D0A0D0A00000000E80300006400000009
:10FA8000000000000800000001000000020000006B
:10FA90000200000000000000000000000000000064
:10FAA0000100000000000A00000001001900190018
:10FAB00096000000080001010500000098FA4300CC
:10FAC0009CFA4300080000000100000001000A0049
:10FAD0000100010019001900960001000800010052
:10FAE0000500000098FA43009CFA4300080000005B
:10FAF000000000000A0002000200010019004B0093
:10FB0000320000000800010198FA43009CFA43000B
:10FB100008000000000000000100000002000100D9
:10FB200001000200010002000200000088FA430008
:10FB3000A0FA430018FB430044636D5F44737000F8
:10FB400053656375726974792041636365732073CB
:10FB5000746172742044656C617954696D657220BA
:10FB60002564206D732E0D0A000000004E766D5343
:10FB70006176653A205365637572697479204163D3
:10FB800063657320506172616D2E0D0A00000000E4
:10FB9000536563757269747920416363657320737B
:10FBA000746F702044656C617954696D65722E0DB7
:10FBB0000A00000000000000000000001027000004
:10FBC000050300040400000053244200692442009D
:10FBD00000000000000000000000000010270000EE
:10FBE00001030004040000002D24420043244200CD
:10FBF0000000000000000000000000000000000005
:10FC000000000000000000000000000000000000F4
:10FC100001000000B4FB4300010032008813000023
:10FC2000020019008813000003003200881300004E
:10FC3000000000000000010018FC430010304020CC
:10FC4000000000002C3040200030402010304020C8
:10FC5000000000003C304020000000001030402038
:10FC6000000000003C304020000000003C304020FC
:10FC7000000000002C304020003040203C3040206C
:10FC8000000000002C304020003040203C3040205C
:10FC9000000000002C304020003040203C3040204C
:10FCA000000000002C304020003040201030402068
:10FCB00000000000103040200000000034304020E0
:10FCC000083040201030402000000000103040205C
:10FCD0000000000010304020000000003C304020B8
:10FCE000000000002C304020003040203C304020FC
:10FCF000000000002C304020003040203C304020EC
:10FD0000000000003C304020000000003C3040205B
:10FD1000000000003C304020000000003C3040204B
:10FD2000000000003C304020000000001030402067
:10FD30000000000010304020000000001030402083
:10FD40000000000010304020000000001030402073
:10FD500000000000000100003CFC430044FC4300A4
:10FD600000000000000100004CFC43000000000007
:10FD7000000000000001000054FC430000000000EF
:10FD800000000000000100005CFC430000000000D7
:10FD9000000000000001000064FC430000000000BF
:10FDA00000000000000100006CFC430074FC4300F4
:10FDB00000000000000100007CFC430084FC4300C4
:10FDC00000000000000100008CFC430094FC430094
:10FDD00000000000000100009CFC4300A4FC430064
:10FDE0000000000000010000ACFC43000000000027
:10FDF0000000000000010000B4FC4300BCFC430014
:10FE00000000000000010000C4FC430000000000EE
:10FE10000000000000010000CCFC430000000000D6
:10FE20000000000000010000D4FC430000000000BE
:10FE30000000000000010000DCFC4300E4FC430083
:10FE40000000000000010000ECFC4300F4FC430053
:10FE50000000000000010000FCFC43000000000066
:10FE6000000000000001000004FD4300000000004D
:10FE700000000000000100000CFD43000000000035
:10FE8000000000000001000014FD4300000000001D
:10FE900000000000000100001CFD43000000000005
:10FEA000000000000001000024FD430000000000ED
:10FEB00000000000000100002CFD430000000000D5
:10FEC000000000000001000034FD430000000000BD
:10FED00000000000000100003CFD430000000000A5
:10FEE000000000000001000044FD4300000000008D
:10FEF00000000000000100004CFD43000000000075
:10FF000000000000030087F154FD4300483040200A
:10FF10000F0000000000000055B642005FB642002E
:10FF20006DB6420089B642000000000000000000EB
:10FF300000000000000000000000000000000000C1
:10FF40000000000003008AF164FD43004C304020B3
:10FF50000A00000000000000B1B64200BBB642003B
:10FF60000000000000000000000000000000000091
:10FF70000000000000000000000000000000000081
:10FF800000000000030097F174FD43005030402052
:10FF90000A00000000000000CDB64200D7B64200C3
:10FFA0000000000000000000000000000000000051
:10FFB0000000000000000000000000000000000041
:10FFC00000000000030093F184FD43005430402002
:10FFD0000200000000000000EBB64200F5B642004F
:10FFE0000000000000000000000000000000000011
:10FFF0000000000000000000000000000000000001
:020000040044B6
:1000000000000000030095F194FD430058304020AB
:10001000020000000000000007B7420011B74200D4
:1000200000000000000000000000000000000000D0
:1000300000000000000000000000000000000000C0
:100040000000000003008CF1A4FD43005C30402060
:100050000E0000000000000023B742002DB7420050
:100060003BB7420057B7420000000000000000000C
:100070000000000000000000000000000000000080
:1000800000000000030090F1B4FD43006030402008
:1000900011000000000000007FB7420089B7420055
:1000A00097B74200A1B74200000000000000000026
:1000B0000000000000000000000000000000000040
:1000C0000000000003008BF1C4FD430064304020B9
:1000D0000300000000000000C9B74200D3B742008F
:1000E000E1B74200FDB74200000000000000000040
:1000F0000000000000000000000000000000000000
:10010000000000000300A0F1D4FD4300683040204F
:10011000030000000000000045B842004FB8420054
:100120005DB8420067B84200000000000000000017
:1001300000000000000000000000000000000000BF
:100140000000000003004AF1E4FD43006C30402051
:100150000200000000000000AFB84200B9B8420041
:10016000000000000000000000000000000000008F
:10017000000000000000000000000000000000007F
:100180000000000003005AF1F4FD430070304020ED
:100190001500000000000000C9B84200D3B84200BA
:1001A000E1B84200EBB8420000000000000000008F
:1001B000000000000000000000000000000000003F
:1001C00000000000030021F004FE430074304020D2
:1001D000020000000000000013B942001DB94200F7
:1001E000000000000000000000000000000000000F
:1001F00000000000000000000000000000000000FF
:1002000000000000030022F014FE4300783040207C
:10021000020000000000000035B942003FB9420072
:1002200000000000000000000000000000000000CE
:1002300000000000000000000000000000000000BE
:1002400000000000030026F024FE43007C30402024
:10025000020000000000000057B9420061B94200EE
:10026000000000000000000000000000000000008E
:10027000000000000000000000000000000000007E
:10028000000000000300A1F134FE43008030402054
:10029000110000000000000001BA42000BBA420049
:1002A00019BA420023BA420000000000000000001A
:1002B000000000000000000000000000000000003E
:1002C000000000000300B1F144FE430084304020F0
:1002D00010000000000000004BBA420055BA420076
:1002E00063BA42006DBA4200000000000000000046
:1002F00000000000000000000000000000000000FE
:1003000000000000030000F154FE4300883040204C
:100310000300000000000000BDBA4200C7BA42005E
:1003200000000000000000000000000000000000CD
:1003300000000000000000000000000000000000BD
:1003400000000000030001F164FE43008C304020F7
:100350000200000000000000E1BA4200EBBA4200D7
:10036000000000000000000000000000000000008D
:10037000000000000000000000000000000000007D
:1003800000000000030002F174FE430090304020A2
:10039000010000000000000003BB42000DBB420052
:1003A000000000000000000000000000000000004D
:1003B000000000000000000000000000000000003D
:1003C00000000000030003F184FE4300943040204D
:1003D00003000000000000002BBB420035BB4200C0
:1003E000000000000000000000000000000000000D
:1003F00000000000000000000000000000000000FD
:1004000000000000030004F194FE430098304020F7
:1004100007000000000000004BBB420055BB42003B
:1004200000000000000000000000000000000000CC
:1004300000000000000000000000000000000000BC
:1004400000000000030005F1A4FE43009C304020A2
:1004500001000000000000008BBB420095BB420081
:10046000000000000000000000000000000000008C
:10047000000000000000000000000000000000007C
:100480000000000003004BF1B4FE4300A030402008
:10049000010000000000000071B942007BB9420079
:1004A000000000000000000000000000000000004C
:1004B000000000000000000000000000000000003C
:1004C0000000000003005FF1C4FE4300A4304020A0
:1004D000110000000000000087B9420091B94200FD
:1004E000000000000000000000000000000000000C
:1004F00000000000000000000000000000000000FC
:1005000000000000030010F2D4FE4300A830402099
:100510000300000000000000E5B94200EFB942000E
:1005200000000000000000000000000000000000CB
:1005300000000000000000000000000000000000BB
:1005400000000000030086F1E4FE4300AC304020D0
:100550000100000000000000A3BB4200ADBB420050
:10056000000000000000000000000000000000008B
:10057000000000000000000000000000000000007B
:1005800000000000030000FDF4FE4300B0304020F6
:100590001000000000000000C7BB4200D1BB4200B9
:1005A000000000000000000000000000000000004B
:1005B000000000000000000000000000000000003B
:1005C000000000000000000000000000000000002B
:1005D000000000000000000000000000000000001B
:1005E000000000000000000000000000000000000B
:1005F00000000000000000000000000000000000FB
:1006000000010000000001000400010000000100E2
:1006100009000100000001002C3040200000000013
:1006200004064400000000000000000034304020B8
:1006300008304020080644000000000000000000D0
:1006400034304020083040200C06440000000000F8
:1006500000000000343040200830402010064400E4
:10066000000000000000000034304020083040202E
:10067000140644000000000000000000000000001C
:10068000000000000000000000000000000000006A
:10069000000002FF18064400F1474200000000007D
:1006A0000000000000000000000001F02C064400E3
:1006B0004F48420000000000000000000000000061
:1006C000000001FF4006440099484200000000007D
:1006D0000000000000000000000000FF540644007D
:1006E000D7484200000000000000000000000000A9
:1006F000000004FF68064400214942000000000099
:1007000000000000000000000000FFFF00000000EB
:1007100000000000000000000000000001000000D8
:10072000DB00000004FF430054FD43000000000014
:1007300000000000000000000000000090064400DF
:100740001806440014FC430038FC4300000000007D
:10075000000000000000000010010000F42F402005
:10076000103040200000000011010000F42F402054
:10077000103040200000000022000000F42F402034
:10078000103040200000000027010000F42F40201E
:1007900020304020000000002E000000F42F4020F8
:1007A000203040200000000031010000F42F4020E4
:1007B00010304020000000003E010000F42F4020D7
:1007C00010304020000000002801000000304020D0
:1007D0002C30402000000000850100000030402047
:1007E0002C30402000000000340000000830402081
:1007F0003430402000000000360000000830402067
:100800003430402000000000370000000830402055
:100810003430402000000000000000000000000014
:100820000000000001000000000000005807440024
:1008300000000000000000000000000001000000B7
:10084000280844000000FF0F940A4020FF0F00001A
:10085000941A402001000004A01A40200004000067
:10086000A01E4020D54C4200DB4C4200000000009E
:100870000000000000000000010000000000000077
:100880000000000001000000C40844000200000055
:1008900000000000C4084400010001000000000046
:1008A000000000000000000000000100C408440037
:1008B0000200000000000000000000000000000036
:1008C00001000000DC0844000000000000000000FF
:1008D00000000000AC0844000000000004094400CF
:1008E000C4084400000000000000000000000000F8
:1008F00000000000000000000000000000000000F8
:100900000100000003000000000100004408440052
:10091000540844002808440058094400DC084400F6
:10092000AC1E40200000000000000000000000009D
:1009300000000000000000000000000000000000B7
:1009400000000000000000000100000088084400D2
:10095000AC08440004094400881332000000000081
:1009600088130000000000000000000000000100EB
:100970005809440009174200000000000000000070
:100980000000000000000000000000000000000067
:100990000100000044084400640844002A18440090
:1009A0004C094400700944007C0844007409440068
:1009B0002007440040084400940944000001020359
:1009C0000405060708090909090A0A0A0A0B0B0B9C
:1009D0000B0C0C0C0C0D0D0D0D0D0D0D0D0E0E0E4A
:1009E0000E0E0E0E0E0E0E0E0E0E0E0E0E0F0F0F24
:1009F0000F0F0F0F0F0F0F0F0F0F0F0F0F00000034
:100A0000004030400080304000C0304040000000D6
:100A10004000000040000000004030406D61696E01
:100A200000000000666C735F696E69745F686561E1
:100A3000646572200D0A00005245434F56455259D5
:100A4000203D3E20706F732025640D0A00000000D9
:100A500044617461205265636F657279204F4B0D5C
:100A60000A000000FE000000000000004A46454564
:100A700000000000494E4954203D3E206374782D0B
:100A80003E646174615F616464722020307825780F
:100A900020206374782D3E666C735F6375725F709F
:100AA0006F733A256420627974653A25642062691F
:100AB0007420706F733A25640D0A000072652D6909
:100AC0006E697420666C7321210D0A006261636B8C
:100AD000757020646174612053495A453A30782515
:100AE000782020494E464F3A30782578204F666668
:100AF0007365743A25580A0052454144203C3D2014
:100B00006374782D3E646174615F61646472202057
:100B10003078257820206374782D3E666C735F638F
:100B200075725F706F733A256420627974653A2537
:100B3000642062697420706F733A25640D0A0000A6
:100B40004F4B0D0A00000000435243204552524FC4
:100B50005221210D0A0000000000000021100000B9
:100B6000422000006330000084400000A5500000D7
:100B7000C6600000E77000000881000029910000B5
:100B80004AA100006BB100008CC10000ADD1000093
:100B9000CEE10000EFF10000311200001002000071
:100BA0007332000052220000B5520000944200004F
:100BB000F7720000D662000039930000188300002D
:100BC0007BB300005AA30000BDD300009CC300000B
:100BD000FFF30000DEE30000622400004334000065
:100BE0002004000001140000E6640000C774000047
:100BF000A4440000855400006AA500004BB5000025
:100C00002885000009950000EEE50000CFF5000002
:100C1000ACC500008DD500005336000072260000E0
:100C20001116000030060000D7760000F6660000BE
:100C300095560000B44600005BB700007AA700009C
:100C40001997000038870000DFF70000FEE700007A
:100C50009DD70000BCC70000C4480000E558000054
:100C600086680000A77800004008000061180000B6
:100C70000228000023380000CCC90000EDD9000094
:100C80008EE90000AFF90000488900006999000072
:100C90000AA900002BB90000F55A0000D44A000050
:100CA000B77A0000966A0000711A0000500A00002E
:100CB000333A0000122A0000FDDB0000DCCB00000C
:100CC000BFFB00009EEB0000799B0000588B0000EA
:100CD0003BBB00001AAB0000A66C0000877C000044
:100CE000E44C0000C55C0000222C0000033C000026
:100CF000600C0000411C0000AEED00008FFD000004
:100D0000ECCD0000CDDD00002AAD00000BBD0000E1
:100D1000688D0000499D0000977E0000B66E0000BF
:100D2000D55E0000F44E0000133E0000322E00009D
:100D3000511E0000700E00009FFF0000BEEF00007B
:100D4000DDDF0000FCCF00001BBF00003AAF000059
:100D5000599F0000788F000088910000A981000051
:100D6000CAB10000EBA100000CD100002DC10000B1
:100D70004EF100006FE1000080100000A1000000B3
:100D8000C2300000E32000000450000025400000B5
:100D90004670000067600000B9830000989300006F
:100DA000FBA30000DAB300003DC300001CD3000029
:100DB0007FE300005EF30000B1020000901200002B
:100DC000F3220000D232000035420000145200002D
:100DD0007762000056720000EAB50000CBA5000063
:100DE000A8950000898500006EF500004FE5000021
:100DF0002CD500000DC50000E2340000C324000023
:100E0000A014000081040000667400004764000024
:100E10002454000005440000DBA70000FAB70000DE
:100E200099870000B89700005FE700007EF7000098
:100E30001DC700003CD70000D3260000F23600009A
:100E400091060000B016000057660000767600009C
:100E500015460000345600004CD900006DC9000052
:100E60000EF900002FE90000C8990000E989000090
:100E70008AB90000ABA90000445800006548000092
:100E80000678000027680000C0180000E108000094
:100E900082380000A32800007DCB00005CDB00004E
:100EA0003FEB00001EFB0000F98B0000D89B000008
:100EB000BBAB00009ABB0000754A0000545A00000A
:100EC000376A0000167A0000F10A0000D01A00000C
:100ED000B32A0000923A00002EFD00000FED000042
:100EE0006CDD00004DCD0000AABD00008BAD000000
:100EF000E89D0000C98D0000267C0000076C000002
:100F0000645C0000454C0000A23C0000832C000003
:100F1000E01C0000C10C00001FEF00003EFF0000BD
:100F20005DCF00007CDF00009BAF0000BABF000077
:100F3000D98F0000F89F0000176E0000367E000079
:100F4000554E0000745E0000932E0000B23E00007B
:100F5000D10E0000F01E0000000000009630077760
:100F60002C610EEEBA51099919C46D078FF46A709D
:100F700035A563E9A395649E3288DB0EA4B8DC79BD
:100F80001EE9D5E088D9D2972B4CB609BD7CB17E3D
:100F9000072DB8E7911DBF906410B71DF220B06A0D
:100FA0004871B9F3DE41BE847DD4DA1AEBE4DD6D1D
:100FB00051B5D4F4C785D38356986C13C0A86B641D
:100FC0007AF962FDECC9658A4F5C0114D96C06633D
:100FD000633D0FFAF50D088DC8206E3B5E10694C1D
:100FE000E44160D5727167A2D1E4033C47D4044B5D
:100FF000FD850DD26BB50AA5FAA8B5356C98B2423D
:10100000D6C9BBDB40F9BCACE36CD832755CDF45BC
:10101000CF0DD6DC593DD1ABAC30D9263A00DE51EC
:101020008051D7C81661D0BFB5F4B42123C4B356DC
:101030009995BACF0FA5BDB89EB802280888055F5C
:10104000B2D90CC624E90BB1877C6F2F114C6858BC
:10105000AB1D61C13D2D66B69041DC760671DB01AA
:10106000BC20D2982A10D5EF8985B1711FB5B6067C
:10107000A5E4BF9F33D4B8E8A2C9077834F9000FBC
:101080008EA8099618980EE1BB0D6A7F2D3D6D085C
:10109000976C6491015C63E6F4516B6B62616C1C4C
:1010A000D83065854E0062F2ED95066C7BA5011B7C
:1010B000C1F4088257C40FF5C6D9B06550E9B7121C
:1010C000EAB8BE8B7C88B9FCDF1DDD62492DDA15DC
:1010D000F37CD38C654CD4FB5861B24DCE51B53AFC
:1010E0007400BCA3E230BBD441A5DF4AD795D83DFC
:1010F0006DC4D1A4FBF4D6D36AE96943FCD96E343C
:10110000468867ADD0B860DA732D0444E51D03331B
:101110005F4C0AAAC97C0DDD3C710550AA4102272B
:1011200010100BBE86200CC925B56857B3856F20FB
:1011300009D466B99FE461CE0EF9DE5E98C9D9295B
:101140002298D0B0B4A8D7C7173DB359810DB42E9B
:101150003B5CBDB7AD6CBAC02083B8EDB6B3BF9AE7
:101160000CE2B6039AD2B1743947D5EAAF77D29D73
:101170001526DB048316DC73120B63E3843B649453
:101180003E6A6D0DA85A6A7A0BCF0EE49DFF099353
:1011900027AE000AB19E077D44930FF0D2A30887C3
:1011A00068F2011EFEC206695D5762F7CB67658073
:1011B00071366C19E7066B6E761BD4FEE02BD38973
:1011C0005A7ADA10CC4ADD676FDFB9F9F9EFBE8ED3
:1011D00043BEB717D58EB060E8A3D6D67E93D1A113
:1011E000C4C2D83852F2DF4FF167BBD16757BCA6F3
:1011F000DD06B53F4B36B248DA2B0DD84C1B0AAF93
:10120000F64A0336607A0441C3EF60DF55DF67A812
:10121000EF8E6E3179BE69468CB361CB1A8366BCA2
:10122000A0D26F2536E2685295770CCC03470BBBF2
:10123000B91602222F260555BE3BBAC5280BBDB2F2
:10124000925AB42B046AB35CA7FFD7C231CFD0B592
:101250008B9ED92C1DAEDE5BB0C2649B26F263EC84
:101260009CA36A750A936D02A906099C3F360EEB92
:101270008567077213570005824ABF95147AB8E252
:10128000AE2BB17B381BB60C9B8ED2920DBED5E532
:10129000B7EFDC7C21DFDB0BD4D2D38642E2D4F182
:1012A000F8B3DD686E83DA1FCD16BE815B26B9F612
:1012B000E177B06F7747B718E65A0888706A0FFF72
:1012C000CA3B06665C0B0111FF9E658F69AE62F832
:1012D000D3FF6B6145CF6C1678E20AA0EED20DD732
:1012E0005483044EC2B30339612667A7F71660D052
:1012F0004D476949DB776E3E4A6AD1AEDC5AD6D992
:10130000660BDF40F03BD83753AEBCA9C59EBBDEB1
:101310007FCFB247E9FFB5301CF2BDBD8AC2BACA61
:101320003093B353A6A3B4240536D0BA9306D7CDD1
:101330002957DE54BF67D9232E7A66B3B84A61C4F1
:10134000021B685D942B6F2A37BE0BB4A18E0CC3B1
:101350001BDF055A8DEF022D63616E2564206472D8
:101360006976657220696E69740D0A0063616E2585
:101370006420647269766572206465696E69740DB3
:101380000A00000063616E2564205443414E3130F1
:1013900034335F4F7065726174696E674D6F646559
:1013A000203D20535441525445440D0A0000000092
:1013B00063616E2564205443414E313034335F4FB6
:1013C0007065726174696E674D6F6465203D20437E
:1013D000414E5F43535F53544F505045440D0A00F4
:1013E00063616E2564205443414E313034335F4F86
:1013F0007065726174696E674D6F6465203D20434E
:10140000414E5F43535F534C4545500D0A00000069
:1014100043414E25642057616B655570210D0A00CC
:1014200043414E25642064726976657220736C6551
:101430006570210D0A00000043414E25642064724E
:10144000697665722064697361626C65210D0A00BA
:1014500063616E25642043616E49665F5365744322
:101460006F6E74726F6C6C65724D6F6465203D2099
:10147000535441525445440D0A00000063616E25E7
:10148000642043616E49665F536574436F6E747286
:101490006F6C6C65724D6F6465203D20534C454503
:1014A000500D0A0043414E256420647269766572CE
:1014B0002074726967676572204275734F66662192
:1014C0000D0A00004C4F474F50454E006C6F676F40
:1014D00070656E004C4F47434C4F53450000000071
:1014E0006C6F67636C6F73650000000072657365F5
:1014F0007400000052455345540000003030303035
:101500003030303030300000617373657274000029
:101510004552524F520000005741524E494E47002B
:101520005452414345000000494E464F0000000020
:10153000446562756700000053796E630000000027
:10154000556E6B6E6F776E0030313233343536370F
:1015500038396162636465660000000030313233FF
:10156000343536373839414243444546666C6173F9
:1015700068000000657261736520666C61736820A5
:101580006661696C642C204E6F74204C6F616465D9
:101590006420466C617368204472697665720D0A36
:1015A00000000000657261736520666C61736820DD
:1015B000736563746F72206661696C642C20446586
:1015C0007374416464723D3078253038582C207330
:1015D0006563746F723D25642C2073746174757338
:1015E0003D3078253034580D0A0000007772697458
:1015F0006520666C617368206661696C642C204E9E
:101600006F74204C6F6164656420466C6173682060
:101610004472697665720D0A000000007772697481
:101620006520666C617368206661696C642C204477
:10163000657374416464723D3078253038582C20CD
:10164000546F74616C53697A653D25642C20466142
:10165000696C64416464723D3078253038582C20C0
:101660007374617475733D3078253034580D0A00F9
:1016700075706461746500004932432564206162BD
:101680006E6F726D616C282564292C206932635F4E
:10169000756E6C6F636B000070777261646300003D
:1016A000506F7741646320696E69740D0A00000011
:1016B0004C41432D3730303330303331000000009F
:1016C0006D656D6F7279000073657420436F6E668F
:1016D0006967506172616D2044656661756C742044
:1016E00056616C75650D0A0D0A0000005265616453
:1016F00020436F6E666967506172616D0D0A0D0A55
:1017000000000000675F436F6E6669675061726139
:101710006D20696E76616C69640D0A0D0A00000027
:10172000626B5F436F6E666967506172616D2069BD
:101730006E76616C69640D0A0D0A0000666C735F59
:10174000696E6974206661696C65642121210D0AE6
:101750000D0A0000E45D002000010000E45E0020AE
:1017600000010000E45F002000010000E4600020B0
:10177000000100008D0003000DEB43008E00070008
:1017800017EB430000000000103240200000000072
:101790000000000000000000000002000000010046
:1017A000000002000000020000000A00941744003C
:1017B000000000009C17440000000000A417440033
:1017C0000000000008000000000000000000000011
:1017D00000000A00AC1744000800000000000000F0
:1017E0000000000001000A00B417440008000000D7
:1017F000000000000000000000000200BC174400D0
:10180000C4174400D8174400EC174400000000003F
:101810000018440003000000000000000000000069
:1018200000000000000000000700016464050000E3
:1018300000000000000040200080000000000000C8
:101840000000000000000000080000000000000090
:101850000000000000000000FF0F0000000000007A
:1018600000000000FF0F000000000000000000006A
:10187000FF0F0000241944000000000000FF0000DA
:1018800050184400000000000000000000000000AC
:10189000000000000100000001FF01000100000045
:1018A00003000000FF000000FF0000000000000037
:1018B00000000000010000FF0000161616000000E6
:1018C0000000010002000000000000000000000015
:1018D00061D5430000000100C0184400030030003F
:1018E0002000000000000000000000008100010056
:1018F00000000000B818440074184400C8184400E0
:1019000001000000B441440000000000B841440060
:1019100001000000F81844002000002700003000FB
:10192000000000000001000001000000000000169F
:10193000161600000000000100000F000F0000005C
:101940000000000000000000000000000000000097
:101950000000000000000000000000000300000084
:101960001819440057F64200C3574200C1574200BD
:10197000801F440080403040C8403040104130401B
:1019800080423040C84230401043304058433040DD
:10199000A0433040E843304058413040A0413040FF
:1019A000E84130403042304030443040970300003E
:1019B0000000FCDF9D0300000000FCDF09020000C6
:1019C0000000FCDF390300000000FCDFAE05000072
:1019D0000000FCDF6F0500000000FCDFDF070000F7
:1019E0000000FCDF940700000000FCDFC2000000E4
:1019F0000000FCDF960000000000DCDF00040000B7
:101A0000000000DCFF0300000000BCDFF106000066
:101A10000000E0DF00FFFF00000000000000000009
:101A2000000000000000000000000000000001FFB6
:101A300040000100AC19440000000000741944008B
:101A400001000000000001FF40000100B419440043
:101A5000000100007819440002000000000001FFAE
:101A600040000100BC194400000200007C19440041
:101A700003000000000001FF40000100C419440001
:101A8000000700008019440004000000000001FF6E
:101A900040000100CC1944000008000084194400F3
:101AA00005000000000001FF40000100D4194400BF
:101AB000000900008819440006000000000001FF32
:101AC00040000100DC194400000A00008C194400A9
:101AD00007000000000001FF40000100E41944007D
:101AE000000B00009019440008000000000001FFF6
:101AF00040000100EC194400000C0000941944005F
:101B000009000000000001FF40000100F41944003A
:101B100000030000981944000A000000000001FFC3
:101B200040000100FC194400000400009C1944001E
:101B30000B000000000001FF40000100041A4400F7
:101B400000050000A01944000C000000000001FF87
:101B5000400001000C1A440000060000A4194400D3
:101B60000D000100000001FF400000000000000027
:101B7000030D0000A8194400010101002E0F0F0001
:101B800000000F000B030300000003000C010F0016
:101B9000281A4400401A4400581A4400701A44009D
:101BA000881A4400A01A4400B81A4400D01A44000D
:101BB000E81A4400001B4400181B4400301B44007A
:101BC000481B4400601B44000000000000403040FF
:101BD00001000000FFFFFFFF000000000000000008
:101BE000000000000000000000000100781B44001D
:101BF000701944000E000000901B4400C81B4400F4
:101C0000000000000D000000141A4400181A4400DF
:101C1000281A4400FC1B4400150B430000000E0072
:101C2000181C4400000000001C1C440001000000BF
:101C3000241C4400000000005E04000002000D00AF
:101C400000000000A185420001000000F206000033
:101C500003000D0000000000978542000200000014
:101C60002806000003000D000000000097854200D8
:101C7000030000001606000003000D000000000035
:101C80009785420004000000B803000003000D0027
:101C9000000000009785420005000000FA050000E2
:101CA00003000D00000000009785420006000000C0
:101CB0007F03000003000D00000000009785420034
:101CC000070000001706000003000D0000000000E0
:101CD00097854200080000000906000003000D007F
:101CE0000000000097854200090000002B0600005C
:101CF00003000D0000000000978542000A0000006C
:101D00009C07000003000D0000000000AB854200AE
:101D100000000000000000000000000000000000C3
:101D200000000000000000000000000000000000B3
:101D300000000000000000000000000000000000A3
:101D40000000000000000000101D4400481D440079
:101D5000000B00004C1D440000000000341C440037
:101D6000000000000000000000000000002044000F
:101D7000010000000820440000000000601D440035
:101D8000681D4400781D44000000000000000000B1
:101D90000000000000000000000000000000000043
:101DA00000B4C4048C4144000100000000B4C40429
:101DB000A44144009C1D4400A81D4400B41D4400DF
:101DC000010001000001000002000000000000000E
:101DD000040000000000000005000000005A62023C
:101DE0000100310000010C000000000006000100AD
:101DF0004E0001000000000000001801010000007A
:101E00000100000000000000000000000A08460C6D
:101E10002C0C1501100141054A01000007000000CB
:101E200004000000000000000800000003000000A3
:101E30000000000009000000000000000000000099
:101E40000B00000001000000000000000C0000007A
:101E500001000000000000000D0000000200000072
:101E6000000000000E000000010000000000000063
:101E70000F0000000200000000000000460000000B
:101E800002000000000000002C0000000200000022
:101E9000000000001500000000000000000000002D
:101EA0001000000000000000000000004A000000D8
:101EB00001000000000000000B010B000500000005
:101EC00000000000005A6202000000000B00000049
:101ED0000000000000B4C404000000000C0000007A
:101EE0000000000000B4C404000000000E00000068
:101EF0000000000000B4C404000000000000000066
:101F00000000000001000000006CDC020500000081
:101F1000005A62020B00000000B4C4040C00000070
:101F200000B4C4040D000000005A6202000000006A
:101F300000000000030101070D010000000004067D
:101F4000C01D4400D81D4400EC1D44000C1E44007C
:101F50001C1E4400B81E44000000000000000000E9
:101F60000000000000000000BC1E4400FC1E4400F5
:101F70000000000000000000F052440070554400D2
:101F80000E00000000000000000000000000000043
:101F900013000000000000006000000003030101C6
:101FA000010000002E0000000F0000000F000000E4
:101FB000000000000F0000000B0000000300000004
:101FC000030000000000000003000000000000000B
:101FD00017EA4300BDEA430000000000BFD94100FA
:101FE000FFFFFFFF00000000C841440001000000A7
:101FF000D81F440001000000BC4144004B6944006C
:10200000DC224400000000002C23440000000000FB
:1020100004000000E3CD430005000000E3CD4300D1
:1020200006000000E3CD430007000000E3CD4300BD
:1020300008000000E3CD430009000000E3CD4300A9
:102040000A000000E3CD43000B000000E3CD430095
:102050000C000000E3CD43000D000000E3CD430081
:102060000E000000E3CD43000F000000E3CD43006D
:1020700024000000E3CD430025000000E3CD430031
:1020800026000000E3CD430027000000E3CD43001D
:102090002A000000E3CD43002D000000E3CD430003
:1020A0002E000000E3CD430030000000E3CD4300EC
:1020B00031000000E3CD430032000000E3CD4300D7
:1020C00033000000E3CD430034000000E3CD4300C3
:1020D00035000000E3CD430036000000E3CD4300AF
:1020E00037000000E3CD430038000000E3CD43009B
:1020F0003D000000E3CD43003E000000E3CD43007F
:102100003F000000E3CD430040000000E3CD43006A
:1021100041000000E3CD430042000000E3CD430056
:1021200045000000E3CD430046000000E3CD43003E
:1021300047000000E3CD430048000000E3CD43002A
:1021400049000000E3CD43004A000000E3CD430016
:1021500053000000E3CD430054000000E3CD4300F2
:1021600055000000E3CD430056000000E3CD4300DE
:1021700057000000E3CD43005C000000E3CD4300C6
:102180005D000000E3CD430060000000E3CD4300AC
:1021900061000000E3CD430066000000E3CD430092
:1021A0006D000000E3CD43006E000000E3CD43006E
:1021B0006F000000E3CD430071000000E3CD430059
:1021C00072000000E3CD430073000000E3CD430044
:1021D00074000000E3CD430075000000E3CD430030
:1021E00076000000E3CD43008B000000E3CD430008
:1021F0008D000000E3CD43008E000000E3CD4300DE
:102200008F000000E3CD430090000000E3CD4300C9
:10221000A1000000E3CD4300A2000000E3CD430095
:10222000A5000000E3CD4300A6000000E3CD43007D
:10223000A7000000E3CD4300A8000000E3CD430069
:10224000B2000000E3CD4300B4000000E3CD430042
:10225000B5000000E3CD4300B7000000E3CD43002C
:10226000BD000000E3CD4300BE000000E3CD43000D
:10227000BF000000E3CD4300C0000000E3CD4300F9
:10228000C1000000E3CD4300C2000000E3CD4300E5
:10229000C3000000E3CD4300C4000000E3CD4300D1
:1022A000C5000000E3CD4300D4000000E3CD4300AF
:1022B0005400000010204400000000002200000034
:1022C0003E0000001D0000000F00000001000000A3
:1022D00003000000020000000100000000000000F8
:1022E000B8224400000000000000000000000000D0
:1022F00000000000000100000000000000000000DD
:1023000000000000000000000000000022000000AB
:102310003E0000001D0000000F0000000100000052
:1023200003000000020000000100000000000000A7
:10233000082344000000000000000000000000002E
:10234000000000000001000000000000000000008C
:10235000000000000101000040420F000A000000E0
:102360000800000101000000D175430000000000DA
:1023700070404020F0C20100210000001500000163
:1023800001000000D175430000000000884040209B
:102390005A000000010000000100000001000000E0
:1023A00030184400682C44002C1F44008C2C44003E
:1023B000000100000DBE430000000000C4234400E3
:1023C000BC234400B02244000000000000000000D4
:1023D00001000000010000000100000001000000F9
:1023E00001000000010000000100000001000000E9
:1023F00001000000010000000100000001000000D9
:1024000001000000010000000100000001000000C8
:1024100001000000010000000100000001000000B8
:1024200001000000010000000100000001000000A8
:102430000100000001000000010000000100000098
:102440000100000001000000010000000100000088
:102450000100000001000000010000000100000078
:102460000100000001000000010000000100000068
:102470000100000001000000010000000100000058
:10248000010000000100000005000000070000003E
:102490000B000000100000001100000022000000EE
:1024A0002400000025000000280000002900000092
:1024B0002A0000002B0000002C0000002E0000006D
:1024C0002F0000003000000031000000400000003C
:1024D0004A0000004B0000004C0000004D000000CE
:1024E0005100000065000000670000006A00000065
:1024F0006B000000810000008300000087000000E6
:102500008C0000008D0000008F0000009000000093
:102510000000080001000000030000000600200089
:102520000000010000010000FFFF0000200000008B
:10253000002820000002010101010000FFFF00004F
:10254000210000000000080000020000000100005F
:10255000FFFF00002D000000000008000000000048
:1025600000010000FFFF0000410000000000080023
:102570000000000101010000FFFF00004200000018
:102580000000080000000000000101000000000041
:1025900043000000030020000000010000010000D3
:1025A000FFFF0000460000000000080000010000DE
:1025B00000010100BC0000004700000002002000F4
:1025C0000000010000010000FFFF00004E000000BD
:1025D000002820000002010101010000FFFF0000AF
:1025E0000C00000000282000000201010101000091
:1025F000FFFF00000D000000002820000000010186
:1026000001010000FFFF0000480000000100280059
:102610000000020000010100D40000004900000099
:10262000010028000000020000010100D6000000A7
:102630000E00000000002000000001010101000068
:10264000FFFF00000F00000000002000000001015B
:1026500001010000FFFF0000230000000000200037
:102660000000010101010000FFFF00006400000004
:10267000000008000000000101010000FFFF000051
:102680006E000000000020000000010101010000B8
:10269000FFFF00006F0000000000200000000101AB
:1026A00001010000FFFF000070000000000020009A
:1026B0000000010101010000FFFF00008000000098
:1026C000000020000000010101010000FFFF0000E8
:1026D0008200000003002000000001000001000053
:1026E000FFFF000086000000000020000000010144
:1026F00001010000FFFF0000880000000000200032
:102700000000010101010000FFFF0000890000003E
:10271000000020000000010101010000FFFF000097
:10272000020000000000080000000000000101009D
:10273000BB0000004F00000007002800000102005D
:1027400000010100D900000050000000070028002F
:102750000001020000010100DB0000000100000098
:10276000000020000000010101010000FFFF000047
:102770006D000000000008000002000101010000DF
:10278000FFFF00008B0000000000080000020001B5
:1027900001010000FFFF0000000000000200200017
:1027A0000000010000010000FFFF000066000000C3
:1027B000030020000000010000010000FFFF0000F6
:1027C0006900000006002000000000000001000079
:1027D000FFFF00006800000006002000000001006C
:1027E00000010000FFFF0000600000000000080082
:1027F0000000000000010000FFFF00006100000079
:10280000000008000000000000010000FFFF0000C1
:10281000620000000000080000000000000100004D
:10282000FFFF000006000000000020000000010182
:1028300001010000FFFF00006C000000020020000A
:102840000000010000010000FFFF00007100000017
:10285000000008000000000101010000FFFF00006F
:102860008A000000000020000000010101010000BA
:10287000FFFF0000080000000028280000000201FF
:1028800001010000FFFF00000900000000282800EF
:102890000000020101010000FFFF000063000000D2
:1028A000002828000000020101010000FFFF0000D5
:1028B000010000000000FF00FF00FF00FF00FF001C
:1028C000FF00FF00FF00FF00FF00FF00FF00FF0010
:1028D00000000000000000000000000000000000F8
:1028E00000000000000000000000000000000000E8
:1028F00000000000000000000000000000000000D8
:1029000000000000000000000000000000000000C7
:1029100000000000000000000000000000000000B7
:1029200000000000000000000000000000000000A7
:102930000000000000000000000000000000000097
:10294000FF00FF00FF00FF00FF00FF00FF00FF008F
:102950000000000000000000000000000000000077
:102960000000000000000000000000000000000067
:102970000000000000000000000000000000000057
:10298000FF00FF00FF00FF00FF00FF00FF00FF004F
:10299000FF00FF00FF00FF00FF00FF00FF00FF003F
:1029A000FF00FF00FF00FF00FF00FF00FF00FF002F
:1029B000FF00FF00FF00FF00FF00FF00FF00FF001F
:1029C000FF00FF00FF00FF00FF00FF00FF00FF000F
:1029D000FF00FF00FF00FF0000000000FF00FF00FD
:1029E00000000000000000000000000000000000E7
:1029F00000000000000000000000000000000000D7
:102A0000FF00FF00FF00FF00FF00FF00FF00FF00CE
:102A1000FF00FF00FF00FF00FF00FF00FF00FF00BE
:102A20000000000000000100010000000000FF00A5
:102A3000FF00FF00FF00FF00FF00FF00FF00FF009E
:102A4000FF00FF00FF00FF00FF00FF00FF00FF008E
:102A5000FF00FF00FF000000010000000100000077
:102A6000000006000000050000000000000000005B
:102A70000000000000000000000000000000000056
:102A80000000000000000000000000000000000046
:102A90000000000000000000000000000000000036
:102AA0000000000000000000000000000000FF0027
:102AB000FF00FF00FF00FF00FF00FF00FF00FF001E
:102AC000FF00FF00FF00FF00FF00FF00FF00FF000E
:102AD000FF00FF00FF00FF00FF00FF00FF00FF00FE
:102AE000FF00FF00FF00FF00FF00FF00FF00FF00EE
:102AF000FF00FF00FF00FF00FF00FF00FF00FF00DE
:102B0000FF00FF00FF00FF00FF00FF00FF00FF00CD
:102B1000FF00FF00FF00FF00FF00FF00FF00FF00BD
:102B2000FF00FF00FF00FF00FF00FF00FF00FF00AD
:102B3000FF00FF00FF00FF00FF00FF00FF00FF009D
:102B4000FF00FF00FF00FF00FF00FF00FF00FF008D
:102B5000FF00FF00FF00FF00FF00FF00FF0000007C
:102B60000000000000000000000000000000000065
:102B70000000000000000000FF00FF00FF00FF0059
:102B80000000000000000000000000000000FF0046
:102B9000FF00FF00FF000000000000000000000038
:102BA00000000000000000002E0022007B01000059
:102BB000882444001025440018254400B02844000F
:102BC000D0234400B9414400942C440014404400F4
:102BD00001000000000000000000000001010000F2
:102BE0000C110000CF330000010000000000203174
:102BF000F8FFE0B1010100000424220107A4220132
:102C000001020000060E30100E3EF093010300009A
:102C100000010000010100000101000001000000AE
:102C20000100000001000000DC2B44000100000056
:102C3000D02B440001010100010000000100000050
:102C400004000000E82B4400000000000000000029
:102C5000071F0000182C44000000000000000000C6
:102C60000000000000000000000000002000000044
:102C7000502C4400582C44005A0000000000000072
:102C8000000000000000000000000000782C44005C
:102C9000882C4400000029400200000002000002CD
:102CA00000000000000100000000011010101010D2
:102CB000101010101010101010100000BB000000B9
:102CC0000000000000000000000000000000000004
:102CD00000000000000000000000000000000000F4
:102CE00000000000000000000000000000000000E4
:102CF00000000000000000000000000000000000D4
:102D0000000029400300000002060002000000004D
:102D10000100000000001010101010101010101012
:102D20001010101010100000000000000000000043
:102D30000000000000000000000000000000000093
:102D40000000000000000000000000000000000083
:102D50000000000000000000000000000000000073
:102D600000000000000000000000000000002940FA
:102D7000200000000100000200000000010000002F
:102D80000000101010101010101010101010101063
:102D90001010000000000000000000000000000013
:102DA0000000000000000000000000000000000023
:102DB0000000000000000000000000000000000013
:102DC0000000000000000000000000000000000003
:102DD0000000000002000000000029402100000067
:102DE00002000002000000000001000000001010BE
:102DF00010101010101010101010101010100000F3
:102E000000000000000000000000000000000000C2
:102E100000000000000000000000000000000000B2
:102E200000000000000000000000000000000000A2
:102E30000000000000000000000000000000000092
:102E400002000000000029402D00000002000002E6
:102E5000000000000001020000001010101010100F
:102E600010101010101010101010000000000000C2
:102E70000000000000000000000000000000000052
:102E80000000000000000000000000000000000042
:102E90000000000000000000000000000000000032
:102EA0000000000000000000000000000200000020
:102EB0000000294041000000020000020000000064
:102EC0000001000000001010101010101010101061
:102ED0001010101010100000000000000000000092
:102EE00000000000000000000000000000000000E2
:102EF00000000000000000000000000000000000D2
:102F000000000000000000000000000000000000C1
:102F10000000000000000000000000000000294048
:102F2000420000000200000200000000000100005A
:102F300000000110101010101010101010101010C0
:102F40001010000000000000000000000000000061
:102F50000000000000000000000000000000000071
:102F60000000000000000000000000000000000061
:102F70000000000000000000000000000000000051
:102F80000000000000000000000029404300000095
:102F90000203000200000000010000000000101009
:102FA0001010101010101010101010101010000041
:102FB0000000000000000000000000000000000011
:102FC0000000000000000000000000000000000001
:102FD00000000000000000000000000000000000F1
:102FE00000000000000000000000000000000000E1
:102FF000000000000000294046000000020000021E
:10300000000000000001000000000110101010106E
:10301000101010101010101010100000BC00000054
:1030200000000000000000000000000000000000A0
:103030000000000000000000000000000000000090
:103040000000000000000000000000000000000080
:10305000000000000000000000000000010000006F
:1030600000002940470000000202000200000000AA
:1030700001000000000010101010101010101010AF
:1030800010101010101000000000000000000000E0
:103090000000000000000000000000000000000030
:1030A0000000000000000000000000000000000020
:1030B0000000000000000000000000000000000010
:1030C0000000000000000000000000000000294097
:1030D0004E0000000100000200000000010000009E
:1030E0000000101010101010101010101010101000
:1030F00010100000000000000000000000000000B0
:1031000000000000000000000000000000000000BF
:1031100000000000000000000000000000000000AF
:10312000000000000000000000000000000000009F
:103130000000000002000000000029400C00000018
:10314000010000020000000001000000000010105B
:10315000101010101010101010101010101000008F
:10316000000000000000000000000000000000005F
:10317000000000000000000000000000000000004F
:10318000000000000000000000000000000000003F
:10319000000000000000000000000000000000002F
:1031A00002000000000029400D00000001000002A4
:1031B00000000000010000000000101010101010AE
:1031C000101010101010101010100000000000005F
:1031D00000000000000000000000000000000000EF
:1031E00000000000000000000000000000000000DF
:1031F00000000000000000000000000000000000CF
:1032000000000000000000000000000000000000BE
:1032100000002940480000000201000200000000F8
:10322000010100000000011010101010101010100B
:103230001010101010100000D4000000000000005A
:10324000000000000000000000000000000000007E
:10325000000000000000000000000000000000006E
:10326000000000000000000000000000000000005E
:1032700000000000000000000000000000002940E5
:1032800049000000020100020000000001010000EE
:10329000000001101010101010101010101010105D
:1032A00010100000D6000000000000000000000028
:1032B000000000000000000000000000000000000E
:1032C00000000000000000000000000000000000FE
:1032D00000000000000000000000000000000000EE
:1032E0000000000000000000000029400E00000067
:1032F00002000002000000000100000000001010A9
:1033000010101010101010101010101010100000DD
:1033100000000000000000000000000000000000AD
:10332000000000000000000000000000000000009D
:10333000000000000000000000000000000000008D
:10334000000000000000000000000000000000007D
:1033500000000000000029400F00000002000002F1
:1033600000000000010000000000101010101010FC
:1033700010101010101010101010000000000000AD
:10338000000000000000000000000000000000003D
:10339000000000000000000000000000000000002D
:1033A000000000000000000000000000000000001D
:1033B000000000000000000000000000000000000D
:1033C000000029402300000002000002000000006D
:1033D000010000000000101010101010101010104C
:1033E000101010101010000000000000000000007D
:1033F00000000000000000000000000000000000CD
:1034000000000000000000000000000000000000BC
:1034100000000000000000000000000000000000AC
:103420000000000000000000000000000000294033
:103430006400000002000002000000000001000023
:10344000000010101010101010101010101010109C
:10345000101000000000000000000000000000004C
:10346000000000000000000000000000000000005C
:10347000000000000000000000000000000000004C
:10348000000000000000000000000000000000003C
:103490000000000000000000000029406E00000055
:1034A00002000002000000000100000000001010F7
:1034B000101010101010101010101010101000002C
:1034C00000000000000000000000000000000000FC
:1034D00000000000000000000000000000000000EC
:1034E00000000000000000000000000000000000DC
:1034F00000000000000000000000000000000000CC
:1035000000000000000029406F00000002000002DF
:10351000000000000100000000001010101010104A
:1035200010101010101010101010000000000000FB
:10353000000000000000000000000000000000008B
:10354000000000000000000000000000000000007B
:10355000000000000000000000000000000000006B
:10356000000000000000000000000000000000005B
:10357000000029407000000002000002000000006E
:10358000010000000000101010101010101010109A
:1035900010101010101000000000000000000000CB
:1035A000000000000000000000000000000000001B
:1035B000000000000000000000000000000000000B
:1035C00000000000000000000000000000000000FB
:1035D0000000000000000000000000000000294082
:1035E0008000000002000002000000000100000056
:1035F00000001010101010101010101010101010EB
:10360000101000000000000000000000000000009A
:1036100000000000000000000000000000000000AA
:10362000000000000000000000000000000000009A
:10363000000000000000000000000000000000008A
:10364000000000000000000000002940820000008F
:103650000203000200000000010000000000101042
:10366000101010101010101010101010101000007A
:10367000000000000000000000000000000000004A
:10368000000000000000000000000000000000003A
:10369000000000000000000000000000000000002A
:1036A000000000000000000000000000000000001A
:1036B0000000000000002940860000000200000217
:1036C0000000000001000000000010101010101099
:1036D000101010101010101010100000000000004A
:1036E00000000000000000000000000000000000DA
:1036F00000000000000000000000000000000000CA
:1037000000000000000000000000000000000000B9
:1037100000000000000000000000000000000000A9
:1037200000002940880000000200000200000000A4
:1037300001000000000010101010101010101010E8
:103740001010101010100000000000000000000019
:103750000000000000000000000000000000000069
:103760000000000000000000000000000000000059
:103770000000000000000000000000000000000049
:1037800000000000000000000000000000002940D0
:10379000890000000200000200000000010000009B
:1037A0000000101010101010101010101010101039
:1037B00010100000000000000000000000000000E9
:1037C00000000000000000000000000000000000F9
:1037D00000000000000000000000000000000000E9
:1037E00000000000000000000000000000000000D9
:1037F0000000000000000000000029404F00000011
:103800000207000200000000010100000000061095
:1038100010101010101010101010101010100000C8
:10382000D9000000000000000000000000000000BF
:103830000000000000000000000000000000000088
:103840000000000000000000000000000000000078
:103850000000000000000000000000000000000068
:103860000100000000002940500000000207000293
:1038700000000000010100000000051010101010F1
:10388000101010101010101010100000DB000000BD
:103890000000000000000000000000000000000028
:1038A0000000000000000000000000000000000018
:1038B0000000000000000000000000000000000008
:1038C00000000000000000000000000001000000F7
:1038D000000029400100000002000002000000007A
:1038E0000100000000001010101010101010101037
:1038F0001010101010100000000000000000000068
:1039000000000000000000000000000000000000B7
:1039100000000000000000000000000000000000A7
:103920000000000000000000000000000000000097
:10393000000000000000000000000000000029401E
:103940006D00000002000002000000000001000005
:103950000000101010101010101010101010101087
:103960001010000000000000000000000000000037
:103970000000000000000000000000000000000047
:103980000000000000000000000000000000000037
:103990000000000000000000000000000000000027
:1039A0000000000002000000000029408B00000021
:1039B00002000002000000000001000000001010E2
:1039C0001010101010101010101010101010000017
:1039D00000000000000000000000000000000000E7
:1039E00000000000000000000000000000000000D7
:1039F00000000000000000000000000000000000C7
:103A000000000000000000000000000000000000B6
:103A10000200000000002940000000000202000235
:103A20000000000001000000000010101010101035
:103A300010101010101010101010000000000000E6
:103A40000000000000000000000000000000000076
:103A50000000000000000000000000000000000066
:103A60000000000000000000000000000000000056
:103A70000000000000000000000000000000000046
:103A80000000294066000000020300020000000060
:103A90000100000000001010101010101010101085
:103AA00010101010101000000000000000000000B6
:103AB0000000000000000000000000000000000006
:103AC00000000000000000000000000000000000F6
:103AD00000000000000000000000000000000000E6
:103AE000000000000000000000000000000029406D
:103AF0006900000002060002000000000100000052
:103B000000001010101010101010101010101010D5
:103B10001010000000000000000000000000000085
:103B20000000000000000000000000000000000095
:103B30000000000000000000000000000000000085
:103B40000000000000000000000000000000000075
:103B50000000000000000000000029406800000094
:103B6000020600020000000001000000000010102A
:103B70001010101010101010101010101010000065
:103B80000000000000000000000000000000000035
:103B90000000000000000000000000000000000025
:103BA0000000000000000000000000000000000015
:103BB0000000000000000000000000000000000005
:103BC0000000000000002940600000000200000228
:103BD0000000000000010000000010101010101084
:103BE0001010101010101010101000000000000035
:103BF00000000000000000000000000000000000C5
:103C000000000000000000000000000000000000B4
:103C100000000000000000000000000000000000A4
:103C20000000000000000000000000000200000092
:103C300000002940610000000200000200000000B6
:103C400000010000000010101010101010101010D3
:103C50001010101010100000000000000000000004
:103C60000000000000000000000000000000000054
:103C70000000000000000000000000000000000044
:103C80000000000000000000000000000000000034
:103C900000000000000000000200000000002940B9
:103CA00062000000020000020000000000010000AD
:103CB0000000101010101010101010101010101024
:103CC00010100000000000000000000000000000D4
:103CD00000000000000000000000000000000000E4
:103CE00000000000000000000000000000000000D4
:103CF00000000000000000000000000000000000C4
:103D00000000000002000000000029400600000042
:103D1000020000020000000001000000000010107E
:103D200010101010101010101010101010100000B3
:103D30000000000000000000000000000000000083
:103D40000000000000000000000000000000000073
:103D50000000000000000000000000000000000063
:103D60000000000000000000000000000000000053
:103D700000000000000029406C0000000202000268
:103D800000000000010000000000101010101010D2
:103D90001010101010101010101000000000000083
:103DA0000000000000000000000000000000000013
:103DB0000000000000000000000000000000000003
:103DC00000000000000000000000000000000000F3
:103DD00000000000000000000000000000000000E3
:103DE00000002940710000000200000200000000F5
:103DF0000001000000001010101010101010101022
:103E00001010101010100000000000000000000052
:103E100000000000000000000000000000000000A2
:103E20000000000000000000000000000000000092
:103E30000000000000000000000000000000000082
:103E40000000000000000000000000000000294009
:103E50008A000000020000020000000001000000D3
:103E60000000101010101010101010101010101072
:103E70001010000000000000000000000000000022
:103E80000000000000000000000000000000000032
:103E90000000000000000000000000000000000022
:103EA0000000000000000000000000000000000012
:103EB0000000000000000000000029400800000091
:103EC00001000002000000000101000000001010CD
:103ED0001010101010101010101010101010000002
:103EE00000000000000000000000000000000000D2
:103EF00000000000000000000000000000000000C2
:103F000000000000000000000000000000000000B1
:103F100000000000000000000000000000000000A1
:103F2000000000000000294009000000010000021C
:103F3000000000000101000000001010101010101F
:103F400010101010101010101010000000000000D1
:103F50000000000000000000000000000000000061
:103F60000000000000000000000000000000000051
:103F70000000000000000000000000000000000041
:103F80000000000000000000000000000000000031
:103F90000000294063000000010000020000000052
:103FA000010100000000101010101010101010106F
:103FB00010101010101000000000000000000000A1
:103FC00000000000000000000000000000000000F1
:103FD00000000000000000000000000000000000E1
:103FE00000000000000000000000000000000000D1
:103FF000000000000000000000000000FF000000C2
:1040000000010000C00300000000000000000100EB
:1040100099E5410000000000FFFF000000000000E3
:10402000FFFF00000000000005000000000000008D
:104030000400000000000000090000000000000073
:10404000FFFF000000000000FFFF00000000000074
:10405000FFFF000000000000FFFF00000000000064
:10406000FFFF000000000000FFFF00000000000054
:104070001500000000000000040000000000000027
:10408000FFFF000000000000FFFF00000000000034
:1040900011000000000000000E0000000000000001
:1040A00002000000000000001800000000000000F6
:1040B000FFFF000000000000FFFF00000000000004
:1040C000FFFF0000000000001300000000000000DF
:1040D000FFFF0000000000000F00000000000000D3
:1040E000FFFF000000000000FFFF000000000000D4
:1040F000FFFF000000000000FFFF000000000000C4
:10410000FFFF000000000000FFFF000000000000B3
:104110000E00000000000000FFFF00000000000093
:10412000FFFF000000000000FFFF00000000000093
:10413000FFFF000000000000010000000000000080
:1041400000000000000000000B0000000000000064
:104150001300000000000000FFFF0000000000004E
:10416000FFFF0000000000000F0000000000000042
:10417000FFFF00000000000014000000000000002D
:104180000A00000058234400000000000000000066
:1041900000000000191542008441440074234400CB
:1041A000000000000100000000000000191542009E
:1041B0009C414400000001000001000000000000DC
:1041C000B64144000000000000000000B02344009D
:1041D00000000000000000000000000000000A4095
:1041E00000400A40FF000000FFFFC700FFFFFFFF85
:1041F000FF000000FFFFC300FFFFFFFF0F000000F4
:104200000F00000000C02E4000802640CC27402038
:104210000001010302020101010000000000000092
:10422000000001010000000000010000000000008B
:104230000000000000030102000000000000000078
:10424000000100000000000001000000000000006C
:10425000000000000000000000010000000000005D
:104260000000000000030102040000000100000043
:10427000000000000100000000000000000100003C
:10428000000001000000000000000000000000002D
:10429000000001000000000000000002000000001B
:1042A000000000000000000000000000000300000B
:1042B00000000000000001000000000000000001FC
:1042C00000000000000000000300000000000000EB
:1042D00000040000000000070000050000000100CD
:1042E00000000003000000000000000006160000AF
:1042F0000000000300061000000100000400071188
:10430000000002000000000612000003000005008B
:104310000713000004000000000101000600000077
:10432000000000000000000000000001000000008C
:10433000000000000100000000010000000100007A
:1043400000000A000000010200050000000000015A
:10435000000000000B00000001000000000E000043
:104360000000000000000000000001000000000F3D
:10437000000000010000000010000000010000002B
:104380000011000000010000000012000000010008
:1043900000000013000000010000000014000000F5
:1043A00001000000001500000001000000001600E0
:1043B00000000100000000170000000100000000E4
:1043C00018000000010000000019000000010000BA
:1043D00000001A00000001000000001B00000001A6
:1043E000000000001C00000001000000001D000093
:1043F0000001000000003200000001000000003752
:104400000000000100000000380000000100000072
:10441000003A000000020700030000000000010055
:104420000000004100000001000000004200000008
:1044300001000000004300000001000000004700F0
:10444000000001000000004B00000001000000001F
:104450004C00000001000000004D000000010000C1
:1044600000004E00000001000000004F00000001AD
:10447000000000005000000001000000005100009A
:104480000001000000005200000001000000005385
:1044900000000001000000005600000001000000C4
:1044A000005700000001000000005800000001005B
:1044B000000000590000000100000000660000003C
:1044C00001000000006900000001000000006A0017
:1044D00000000400000000000000000100000000D7
:1044E0006F00000001000000009D000000010000BE
:1044F00000007300000001000000007A00000002CC
:104500000B0001000000000001000000007B000023
:104510000001000000008000000001000000008495
:10452000000000010F000B0000000000010000006F
:10453000008500000001000000008600000001006E
:1045400000000087000000000000000000000000E4
:10455000000000000000000000000000000000005B
:10456000000000000000000000000000000000004B
:10457000000000000000000000000000000000003B
:10458000000000000000000000000000000000002B
:10459000000000000000000000000000000001001A
:1045A00000000200000000000800090000001000E8
:1045B0001600170013000000320000000000020087
:1045C00000000100000003000000000000000000E7
:1045D00000000000000000000000000000000000DB
:1045E00000832D4040832D4000000000C0832D40FB
:1045F0000000000040842D4080842D400000000019
:10460000000000000000000000000000C0852D40F8
:10461000000000000000000000000000000000009A
:10462000000000000000000000000000000000008A
:1046300000802D4000402D400000000000002E4072
:1046400002000000000000000000000005010D0055
:1046500000C02B404E4E4E00000000004E4E4E005B
:10466000000000000B050D0060C02B400C010D0088
:1046700080C02B400E010D00A0C02B404E4E4E00BE
:104680000000000030C12D4030C32D40000000006C
:104690000000000010C12D4010C32D40000000009C
:1046A0000000000000C12D4000C32D4000000000AC
:1046B00000000000000101010102030303030000E8
:1046C00000000000000000000000000F18000000C3
:1046D00000000000000000000000003F1800000083
:1046E00000003F00100000000000003F1800000024
:1046F00000003F001000000000000000000000006B
:1047000000000000000000000000000000000000A9
:104710000000000000000000000000000000000099
:104720000000000000000000000000000000000089
:1047300000000000000000000000001F1800000042
:104740000000030010000000000000000000000056
:104750000000000000000000000000000000000059
:104760000000000000000000000000000000000049
:1047700000000000000000000000001F1800000002
:104780000000010010000000000000000000000018
:104790000000000000000000000000000000000019
:1047A0000000000000000000000000000000000009
:1047B00000000000000000000000000F18000000D2
:1047C00000000700100000000000000F18000000AB
:1047D00000000700100000000000000F180000009B
:1047E00000000F00100000000000000F1800000083
:1047F00000000700100000000000000F180000007B
:104800000000070010000000000000000000000091
:104810000000000000000000000000000000000098
:1048200000000000000000000000000F1800000061
:104830000000070010000000000000000000000061
:104840000000000000000000000000000000000068
:104850000000000000000000000000000000000058
:104860000000000000000000000000000000000048
:104870000000000000000000000000000000000038
:104880000000000000000000000000000000000028
:104890000000000000000000000000000000000018
:1048A0000000000000000000000000000000000008
:1048B00000000000000000000000000000000000F8
:1048C00000000000000000000000000000000000E8
:1048D00000000000000000000000000000000000D8
:1048E00000000000000000000001080000010000BE
:1048F00000010900000200000000000000000000AC
:1049000000000000000000000000000000000000A7
:104910000000000000000000000000000000000097
:104920000000000000000000000000000000000087
:104930000000000000000000000101000200000073
:1049400001021C0000000010000000000000000038
:104950000000000000000000010300000100000052
:10496000010100000100000001010100020000003F
:104970000100030008000000010004001000000016
:1049800001000500200000000100060040000000BA
:104990000100070080000000010008000001000085
:1049A000010009000002000001000A0000040000EC
:1049B00001000B000008000001000C0000100000C6
:1049C00001000D000020000001000E00004000006A
:1049D00001000F0000800000000000000000000047
:1049E00000000000000000000000000000000000C7
:1049F00000000000000000000000000000000000B7
:104A000000000000000000000000000000000000A6
:104A10000000000000000000000000000000000096
:104A20000000000000000000000000000000000086
:104A30000000000000000000000000000000000076
:104A40000000000000000000000000000000000066
:104A50000000000000000000000000000000000056
:104A60000000000000000000000000000000000046
:104A700000000000000000000100160000004000DF
:104A80000000000000000000000000000000000026
:104A90000000000000000000000000000000000016
:104AA00000010200040000000001030008000000F3
:104AB000000000000000000001001700000080005E
:104AC00000000000000000000000000000000000E6
:104AD00000000000000000000000000000000000D6
:104AE00000000000000000000000000000000000C6
:104AF00001020100020000000102020004000000A7
:104B00000102030008000000000000000000000097
:104B10000000000000000000000000000000000095
:104B20000102090000020000000000000000000077
:104B30000000000000000000000000000000000075
:104B400001001F000000008000010600400000007E
:104B500000010700800000000102140000001000A6
:104B600001021500000020000102160000004000B4
:104B7000010217000000800001021800000000017F
:104B80000102190000000002000000000000000007
:104B9000000000000000000001020A000004000004
:104BA00001020B000008000001020C0000100000D0
:104BB00001020D00002000000000000000000000C5
:104BC00000000000000000000000000000000000E5
:104BD00000000000000000000000000000000000D5
:104BE00000000000000000000000000000000000C5
:104BF00000000000000000000000000000000000B5
:104C000000000000000000000000000000000000A4
:104C1000000000000000000001001800000000017A
:104C20000000000000000000000000000000000084
:104C300000010C000010000000010D000020000029
:104C40000000000000000000000000000000000064
:104C50000000000000000000000000000000000054
:104C6000010102000400000000000000000000003C
:104C70000000000000000000000000000000000034
:104C800001010A0000040000000000000000000014
:104C90000000000000000000000000000000000014
:104CA0000000000000000000000000000000000004
:104CB00000000000000000000103080000010000E7
:104CC00001001D00000000200000000000000000A6
:104CD00000000000000000000000000000000000D4
:104CE000000000000000000001001C000000001097
:104CF00000000000000000000000000000000000B4
:104D0000000000000000000001021F000000008001
:104D1000000100000100000001011100000002007C
:104D200001010D0000200000000000000000000054
:104D30000000000000000000000000000000000073
:104D40000000000000000000000000000000000063
:104D50000000000000000000000000000000000053
:104D60000000000000000000000000000000000043
:104D70000000000000000000000000000000000033
:104D80000000000000000000000000000000000023
:104D90000000000000000000000000000000000013
:104DA0000000000000000000000000000000000003
:104DB00000000000000000000000000000000000F3
:104DC00000000000000000000000000000000000E3
:104DD000010015000000200000000000000000009D
:104DE00000000000000000000000000000000000C3
:104DF00000000000000000000000000000000000B3
:104E000000000000000000000000000000000000A2
:104E10000000000000000000000000000000000092
:104E20000000000000000000000000000000000082
:104E30000000000000000000000000000000000072
:104E40000000000000000000000000000000000062
:104E50000000000000000000000000000000000052
:104E60000000000000000000000000000000000042
:104E70000000000000000000000000000000000032
:104E80000000000000000000000000000000000022
:104E90000000000000000000000000000000000012
:104EA0000000000000000000000000000000000002
:104EB00000000000000000000000000000000000F2
:104EC00000000000000000000000000000000000E2
:104ED00000000000000000000000000000000000D2
:104EE00000000000000000000000000000000000C2
:104EF00000000000000000000000000000000000B2
:104F000000000000000000000000000000000000A1
:104F10000000000000000000000000000000000091
:104F20000000000000000000000000000000000081
:104F30000000000000000000000000000000000071
:104F40000000000000000000000000000000000061
:104F50000000000000000000000000000000000051
:104F60000000000000000000000000000000000041
:104F70000000000000000000000000000000000031
:104F80000000000000000000000000000000000021
:104F90000000000000000000000000000000000011
:104FA0000000000000000000000000000000000001
:104FB00000000000000000000000000000000000F1
:104FC000119F4300139F430071A04300CDA04300F5
:104FD0001DA143001DA143001FA143007FA1430069
:104FE00019A2430019A2430019A243001BA24300C7
:104FF00019A243001DA2430047A243009BA2430005
:1050000013A3430033A34300DBEA4300DBEA43007E
:10501000DDEA430075944300AD944300CF94430010
:105020007194430071944300719443007194430060
:1050300071944300659543008B9543007194430040
:105040007194430071944300719443007194430040
:1050500071944300CD9543007194430071944300D3
:105060003F9643007194430071944300F3954300CD
:105070001996430071944300719443007194430066
:105080007194430071944300719443007194430000
:105090007194430071944300AD94430075944300B0
:1050A000CF9443007194430075944300919443005E
:1050B000AD944300B3944300CF944300FB9443006A
:1050C00045954300659543008B954300B19543009A
:1050D000CD954300F3954300199643003F96430056
:1050E000659643008B96430071944300C19643003C
:1050F000DD964300F9964300159743004B97430014
:105100006797430065964300839743009F9743004A
:10511000BB974300D7974300F39743000F98430092
:105120002B98430047984300639843007F984300BF
:105130009B984300B7984300D3984300EF984300EF
:105140000B99430027994300439943005F9943001B
:105150007B99430097994300CD994300E999430017
:10516000059A4300219A43003D9A4300579A430011
:10517000739A43008F9A4300AB9A4300C79A430047
:10518000E39A4300FD9A4300179B4300319B430081
:105190004B9B4300659B43007F9B4300999B4300CF
:1051A000B19B4300C99B4300E19B4300FF9B43002D
:1051B000179C43002F9C4300479C43005F9C430087
:1051C0008D9C4300A59C4300BD9C4300D39C4300A1
:1051D000019D4300199D4300319D430000000000E4
:1051E000FFFFFFFF00000000FFFFFFFF02000000C5
:1051F0000200000010000000010000006DA3430049
:105200006FA3430071A34300E1A4430009A5430039
:1052100009A543000BA543000DA543002FA543009E
:105220003BA5430047A5430069A5430075A543007E
:1052300081A5430009A543000BA543003DA64300FB
:105240003FA6430041A643003DA64300CFA643002E
:10525000DFA6430043A64300F3A843000DAA430082
:105260000DAA43000FAA43000DAA430015AA43004C
:1052700017AA43007BAA430033AB4300AFAB430004
:1052800015AA430000000000050000000A0000000D
:105290000F00000014000000640000000000000087
:1052A0000C0000003000000070000000B80000009A
:1052B000E8030000F5AB4300F7AB430095AE4300B5
:1052C00095AE430097AE430011AF4300B3B0430027
:1052D0002DB14300CFB24300DFB3430095AE43008E
:1052E00033B5430000000000000000000000000093
:1052F00001000000010000000100000001000000AA
:105300000100000001000000010000000100000099
:105310000100000001000000010000000100000089
:105320000100000001000000010000000100000079
:105330000100000001000000010000000100000069
:105340000100000001000000010000000100000059
:105350000100000001000000010000000100000049
:105360000100000001000000010000000100000039
:105370000100000001000000010000000100000029
:105380000100000001000000010000000100000019
:105390000100000001000000010000000100000009
:1053A00001000000010000000100000001000000F9
:1053B00001000000010000000100000001000000E9
:1053C00001000000010000000100000001000000D9
:1053D00001000000010000000100000001000000C9
:1053E00001000000010000000100000001000000B9
:1053F00001000000010000000100000001000000A9
:105400000100000001000000010000000100000098
:105410000100000001000000010000000100000088
:105420000100000001000000010000000100000078
:105430000100000001000000010000000100000068
:105440000100000001000000010000000100000058
:105450000100000001000000010000000100000048
:105460000100000001000000010000000100000038
:105470000100000001000000010000000100000028
:105480000100000001000000010000000100000018
:105490000100000001000000010000000100000008
:1054A00001000000010000000100000001000000F8
:1054B00001000000010000000100000001000000E8
:1054C00001000000010000000100000001000000D8
:1054D00001000000010000000100000001000000C8
:1054E00001000000010000000100000001000000B8
:1054F00001000000010000000100000001000000A8
:105500000100000001000000010000000100000097
:105510000100000001000000010000000100000087
:105520000100000001000000010000000100000077
:105530000100000001000000010000000100000067
:105540000100000001000000010000000100000057
:105550000100000001000000010000000100000047
:105560000100000001000000010000000100000037
:105570000100000001000000010000000100000027
:105580000100000001000000010000000100000017
:105590000100000001000000FFFF01003FFF0300C9
:1055A000FFFF0300FFFF0300CFBF0100FFFF01006B
:1055B0003FFF0300FFFF0300FFFF0300CFBF010019
:1055C000004030400080304000C030400000354096
:1055D000004035400080324000C03240000033407F
:1055E0000040334000000B4000400B40010007002A
:1055F0000B00110017001B001C0024002A002F00C4
:10560000340037003C00420047004B004F000000D0
:10561000000000000000000000000000000000008A
:1056200000000000000000000000000054005C00CA
:10563000630067006B0070000000000076007A00D5
:105640007D007F00830087008C008F009200950012
:10565000000000000000000000000000000000004A
:105660000000000000000000000000009A009D0003
:10567000A100A800AB00B000B500BD00C400CB0085
:10568000D200D800DC00E000E300E900EF00F70002
:10569000000000000000000000000000000000000A
:1056A000000000000000000000000000FB000101FD
:1056B00007010E01150118011F0125012901300103
:1056C00036013A013E01420147014B0152015501A9
:1056D00000000000000000000000000000000000CA
:1056E0000000000000000000000000005A015D0101
:1056F00060016601000000006A016E01710176011F
:105700007B01800186018B01000090019701000060
:10571000FFFF01003FFF0300FFFF0300FFFF030047
:10572000CFBF01008C38000007300000C097030095
:1057300004810000009101008FFF01003FFF030082
:10574000FFFA0300FFFF0300C72F0100DBDB0100AE
:105750003FE40300CCFB0200FFF600004FBE010057
:10576000DB8F01002B400200FEFF0300AFE10100D0
:105770004C9D01008FB8000027290000C8C301001C
:105780001C07030008240100CF7A00003B17020029
:10579000C3F703006F5F0300C4BC010033040000C3
:1057A00003000000C08F030063C30000CC9F010012
:1057B0001000000010000000180C000000000000A5
:1057C00000000000000000000000000000000000D9
:1057D00000000000000000000000000000000000C9
:1057E00000000000000000000000000000000000B9
:1057F00000000000000000000000000000000000A9
:105800000000000000000000000000000000000098
:105810000000000000000000000000000000000088
:105820000000000000000000000000000000000078
:105830000000000000000000000000000000000068
:105840000000000000000000000000000000000058
:10585000DFFF010003FF0300E0CF01001F00000095
:1058600047AC010000000000000000000000000044
:10587000000000000000000066A7010005BB030057
:10588000CC0A0000DDA00100450B0100FFFF010074
:105890003FFF0300FFFF0300FFFF0300CFBF010036
:1058A000DFFF01003FFF0300FFFF0300FFFF0300D6
:1058B000CFBF0100DFFF01003FFB0300FFFF03003C
:1058C000FFFF0300CFBF0100DFFB01003F390200F3
:1058D000F6DF0300EFFF02004CBF0100CD3B0100EB
:1058E00033200200F4C701006FA3020004BF0100CF
:1058F000CD10000023000000C4C701006F8300002A
:10590000048801004000000003000000C4030100FF
:105910002C81000000800000400000000100000019
:105920004000010000000000000000000000000036
:105930000000000000000000000000000000000067
:105940000000000000000000000000000000000057
:105950000000000000000000000000000000000047
:105960000000000000000000000000000000000037
:105970000000000000000000000000000000000027
:105980000000000000000000000000000000000017
:105990000000000000000000000000000000000007
:1059A00000000000000000000000000000000000F7
:1059B0000000000000000000803000000330000004
:1059C000C007030000810000000100008FFF0100FC
:1059D0003FFF0300FFF20100FFFF0300C72F01009C
:1059E000D8CB01003FE00300C4F80000FFE6000050
:1059F0000FBE0100438F0100230002003E1F030081
:105A0000AFE101004C9D01000D30000000000000DE
:105A1000C0C001000C07030000200000CB7A00008A
:105A200033010200C3030300671B0200C4BC010072
:105A300030000000000000000087030060830000C9
:105A400080130000100000000000000010000000A3
:105A50000000000000000000FFFF00001000010037
:105A600041000200500003009A000200E40001001F
:105A70006801010011000100390001009B000100D4
:105A8000E300010012000100630004009400010023
:105A90009C000300BB000100EF00020013000100A6
:105AA00064000400950001009D000300EE00010069
:105AB0006B010100140001009E000800BA00000004
:105AC000DB000600150001000000020016000100C6
:105AD0005D000100BE000200E9000100F9000500C0
:105AE0006901020077010100170001005B0001005D
:105AF000A1000300DE0003006E0101007601010039
:105B0000200001005C0002009E000200BD000300B6
:105B1000F7000100210001009F000200F1000100D8
:105B2000F80003006D010100220001003C000200AA
:105B300098000200230001003D0001005100030015
:105B400099000200E80002000100020024000100A8
:105B50003E00010052000400A1000400ED0001001D
:105B6000250001003F00020053000400A0000400D3
:105B7000EC0001002600010054000700A60004000C
:105B8000EB000200270001003A000200E0000100E3
:105B9000F4000100140002003B000200E1000100DB
:105BA000EA0002007A010100000003001800010071
:105BB0003300040056000100A6000300BB000200F1
:105BC000D7000100DD0001001900010037000300CB
:105BD00055000100D5000100E70003005701010056
:105BE0006B0102001A00010038000100F6000200FB
:105BF0005B0101001B00010039000200F7000200F8
:105C00005A0101001C000100340001005A00060086
:105C1000E7000200590101001D00010035000100EC
:105C20005B000500DD000200DE00010058010100FC
:105C30001E0001005F000600E20001007901010082
:105C40001F0001006000050078010100280001002C
:105C5000610004002900010062000400D30001007B
:105C6000750102002A00010030000100FB00010064
:105C7000760102002B00010031000200A0000300A9
:105C8000FA000100770102002C000100320003003D
:105C9000EE0002002D00010033000100EF000100C2
:105CA0002E00010034000200F00002002F0001006D
:105CB0003500020057000700EB000100F800020069
:105CC00010000300300003003E000200110003003A
:105CD000310001003F0001009D00070000000100AD
:105CE000010006001200030032000200BB000300A6
:105CF000DF000200FA000400130003003300030079
:105D00006B01030014000300380002009D0008002E
:105D1000B8000000D9000700150003004000020091
:105D20009C000700B9000000D80002000200060035
:105D30001600030056000400A3000300BC0001008D
:105D4000DB000200DE000400E9000400170003008D
:105D500057000400A2000300D3000200D900010094
:105D6000DD0006006C010100200002005900010066
:105D7000A4000300BC000200D4000100E500010003
:105D8000680102000100010021000200580001002A
:105D9000A5000300D6000100E60002006C0102002D
:105DA000220002003600040050000600F20003004A
:105DB000630101007501010023000200510007008A
:105DC000A700030062010100240002004600020057
:105DD00052000100F200040025000200470001000B
:105DE0005300070002000200260002003A000100F2
:105DF00054000800F10002006101010027000200C8
:105E00003B000100D9000600F5000200600101001E
:105E10006D0102000200010059000500A700010009
:105E2000BD000500DB000500DC000100FD000300F3
:105E3000730102009A000A00A6000100DA000200C5
:105E4000FC000300180003003200010040000100C4
:105E500098000100FE0001005F010200190003002C
:105E6000330002004100010099000100FC00010024
:105E70005E0102001A000300650004009C0001009E
:105E80009E000300F00001005D0101006E010200B0
:105E90001B000300660004009D0002009F00030039
:105EA000BE000300E80001005C0101001C000300CB
:105EB00067000400E90006001D0003003200040032
:105EC00043000200A7000400DE0005005F0101009E
:105ED000740102001E0003005C0005009B00090025
:105EE000A5000100BD000100DD0007001F00030048
:105EF000E0000200FB0005006D0103002800020025
:105F00003C00010099000500A3000500DB00010032
:105F1000FE00030074010100290002003D000200A0
:105F200098000500A2000400D900020073010100DE
:105F30002A000200400003005A000200E6000400AC
:105F40002B00020041000300E50005006A0101008A
:105F50002C00020042000100D8000100E70005000B
:105F60002D000200440001009F000700BC00030058
:105F7000D60002002E00030045000100D4000200FC
:105F80006C0103002F000200300002005E000600DA
:105F90009E000700A2000100E50003006A01020064
:105FA000310003005F000700E60003002800030043
:105FB00042000300A1000100BD000200F800010042
:105FC000100004009B000700E6000100110004001F
:105FD0009A000800E50002001200040033000500EA
:105FE00058000400A5000400E70001006901010059
:105FF00013000400430004009E0006005E0101003F
:10600000160004005E000500A4000400DF0001008B
:1060100037000200A3000400FC0002001700040087
:1060200036000100A0000500A4000100F9000100F5
:1060300018000400370001005D000500A300010006
:106040006A01030019000400440002009C000200E1
:10605000F2000100FD0001001A00040031000400FC
:10606000450002009D000100F100030060010200F4
:106070001B000400550005009F000900A00001005E
:106080006D0104001C000400550003009D00050084
:10609000F1000500F30002001E00040046000100AC
:1060A000940002009A000100BE000100F50001000A
:1060B000690103001F000400470002009500020070
:1060C0009B000200F60001006E01030000002300A7
:1060D00041000200000025009A0002000000260096
:1060E0005000030000002700E4000100010023002D
:1060F00039000100010025009B000100010027007C
:10610000E3000100020023006300040002002600F7
:106110009C0003000300230064000400030024002B
:10612000EE000100030026009D000300030027008D
:106130006B010100040024009E00080004002800F8
:10614000BA00000004002900DB000600050028005A
:10615000FFFF000006002400E90001000600250002
:106160005D00010006002700F9000500070022007D
:106170006E01010007002300DE0003000700240079
:106180005B00010007002700A100030008002300B6
:106190005C00020008002400F70001000800250050
:1061A0009E000200090023006D0101000900240087
:1061B000F1000100090025009F00020009002700EE
:1061C000F80003000A0023003C0002000A0025003A
:1061D000980002000B0023003D0001000B0024008A
:1061E000510003000B002500990002000B0027005E
:1061F000E80002000C002200ED0001000C0023006A
:106200003E0001000C002600A10004000C00270045
:10621000520004000D002200EC0001000D002300DC
:106220003F0002000D002600A00004000D00270022
:10623000530004000E002300540007000E00240049
:10624000EB0002000E002700A60004000F00230050
:106250003A0002000F002400E00001000F002500BA
:10626000F4000100100023003B0002001000240095
:10627000EA00020010002500E100010020002200D9
:10628000D700010020002300A60003002000240006
:10629000DD0001002000250033000400200027005D
:1062A0005600010021002200D5000100210023003A
:1062B0006B01020021002400E700030021002500FB
:1062C00037000300210027005500010022002300B1
:1062D0003800010022002400F60002002300230001
:1062E0003900020023002400F700020024002300EC
:1062F0003400010024002400E700020024002700ED
:106300005A00060025002300350001002500240066
:10631000DE00010025002500DD0002002500270029
:106320005B000500280023005F000600280027000E
:10633000E200010029002300600005002A0023007C
:10634000610004002B002300620004002C002200E6
:10635000FB0001002C002300300001002D00220072
:10636000FA0001002D002300310002002D0024005E
:10637000A00003002E002300320003002E002400A2
:10638000EE0002002F002300330001002F00240044
:10639000EF00010030002300340002003000240030
:1063A000F00002003100230035000200310024001B
:1063B000EB000100310025005700070031002700E5
:1063C000F8000200400023003000030040002700D6
:1063D0003E00020041002300310001004100250081
:1063E0009D000700410027003F00010042002300FC
:1063F0003200020042002400FA000400420025009E
:10640000DF000200430023003300030043002500A7
:106410006B01030044002300380002004400250003
:106420009D00080044002900D90007004500230012
:1064300040000200450025009C00070046002200A5
:10644000DB00020046002300A300030046002400F6
:10645000E90004004600260056000400460027001C
:10646000DE00040047002200A200030047002300D2
:106470006C01010047002400D900010047002600FC
:106480005700040047002700DD00060048002200F6
:10649000D4000100480025005900010048002700F1
:1064A000E500010048002800A40003004900220084
:1064B000D6000100490023006C01020049002500BC
:1064C0005800010049002700E600020049002800AA
:1064D000A50003004A002200360004004A002500FF
:1064E000F20003004A002800500006004B00240080
:1064F000510007004B002500A70003004C002300BB
:10650000520001004C002400460002004C0025000F
:10651000F20004004D002300530007004D0024004A
:10652000470001004E0023003A0001004E00240005
:10653000F10002004E002600540008004F00230026
:106540003B0001004F002400F50002004F00260030
:106550006D0102004F002800D90006005000220003
:10656000FD000300500023005900050050002500E5
:10657000DC000100500026007301020050002700DB
:10658000A700010050002800DB0005005100220098
:10659000FC00030051002500DA0002005100270032
:1065A000A6000100510028009A000A0060002300A4
:1065B0003200010060002400FE00010060002500A0
:1065C00040000100600027009800010061002300E6
:1065D0003300020061002400FC000100610025007E
:1065E00041000100610027009900010062002300C2
:1065F0006500040062002400F00001006200250034
:106600009C000100620026009E000300620027003B
:106610006E01020063002300660004006300240092
:10662000E8000100630025009D00020063002600D1
:106630009F0003006400230067000400640024003E
:10664000E900060065002300430002006500240005
:106650003200040065002500740102006500270077
:10666000A700040065002800DE0005006600230086
:106670009B000900660024005C00050066002700FE
:10668000A500010066002800DD0007006700230068
:106690006D01030067002400FB0005006700250072
:1066A000E000020068002200FE00030068002300F2
:1066B000DB0001006800250074010100680026006D
:1066C00099000500680027003C00010068002800D0
:1066D000A300050069002300D9000200690024001E
:1066E0009800050069002600730101006900270079
:1066F0003D00020069002800A20004006A00230097
:10670000400003006A0024005A0002006A002600CC
:10671000E60004006B002300410003006B0027002B
:10672000E50005006C002300420001006C0027001A
:10673000E70005006D002300440001006D00240007
:106740009F0007006D002500D60002006E002300A8
:10675000450001006E0024006C0103006E0025005E
:10676000D40002006F0022009E0007006F0023008B
:10677000300002006F0024005E0006006F0025005C
:10678000E50003006F002800A20001007000230054
:106790003100030070002500E600030070002600B1
:1067A0005F00070071002300420003007100260013
:1067B000F800010071002700A10001008000230003
:1067C000E6000100800024009B00070081002300F8
:1067D000E5000200810024009A00080082002300E6
:1067E000E70001008200240033000500820025003C
:1067F0005800040082002700A50004008300240044
:1068000043000400830025009E000600860023004C
:10681000DF000100860025005E00050086002700DD
:10682000A40004008700230037000200870027002F
:10683000FC00020087002800A3000400880022005A
:10684000F9000100880023003600010088002500BF
:10685000A400010088002800A00005008900230092
:1068600037000100890024005D0005008900280030
:10687000A30001008A002300FD0001008A0024001B
:10688000F20001008A002500440002008A0027006F
:106890009C0002008B002300F10003008B00240009
:1068A000310004008B002500450002008B0027000A
:1068B0009D0001008C0024006D0104008C00250067
:1068C000550005008C002700A00001008C00280066
:1068D0009F0009008D002300550003008D00240057
:1068E000F30002008D002600F10005008D00270056
:1068F0009D0005008F002400F50001008F00250099
:10690000460001008F0027009A000100900023003C
:106910006E01030090002400F600010090002500A5
:1069200047000200900027009B000200105744001F
:10693000585A4400EC554400CC6044000000294003
:106940000000274003030C01064E000096000040A3
:106950000800000009020040080000009D030040FC
:10696000080000009E00004008000000FF030040F7
:1069700020000000EF03004020000000AE050040B2
:10698000080000006F05004008000000F10600400C
:10699000400000002D04000008000000F606004042
:1069A000080000009703004008000000C2000040FB
:1069B0000800000039030040080000009407004070
:1069C00040000000DF070040080000000000000059
:1069D00000000000000000000000000000000000B7
:1069E00000000000000000000000000000000000A7
:1069F0000000000000000000000000000000000097
:106A00000000000000000000000000000000000086
:106A10000000000000000000000000000000000076
:106A200064000000320000000000000000000000D0
:106A30000000000000000000000000000000000056
:106A40000000000000000000000000000000000046
:106A50000000000000000000000000000000000036
:106A60000000000000000000000000000000000026
:106A70000000000000000000000000000000000016
:106A8000C8000000640000000000000000000000DA
:106A900000000000000000000000000000000000F6
:106AA00000000000000000000000000000000000E6
:106AB00000000000000000000000000000000000D6
:106AC00000000000000000000000000000000000C6
:106AD00000000000000000000000000000000000B6
:106AE000E8030000F40100000000000000000000C6
:106AF0000000000000000000000000000000000096
:106B00000000000000000000000000000000000085
:106B10000000000000000000000000000000000075
:106B20000000000000000000000000000000000065
:106B30000000000000000000000000000000000055
:106B400064000000320000000000000000000000AF
:106B50000000000000000000000000000000000035
:106B60000000000000000000000000000000000025
:106B70000000000000000000000000000000000015
:106B80000000000000000000000000000000000005
:106B900000000000000000000000000000000000F5
:106BA000E8030000F4010000000000000000000005
:106BB00000000000000000000000000000000000D5
:106BC00000000000000000000000000000000000C5
:106BD00000000000000000000000000000000000B5
:106BE00000000000000000000000000000000000A5
:106BF0000000000000000000000000000000000095
:106C0000F4010000FA000000000000000000000095
:106C10000000000000000000000000000000000074
:106C20000000000000000000000000000000000064
:106C30000000000000000000000000000000000054
:106C40000000000000000000000000000000000044
:106C50000000000000000000000000000000000034
:106C6000E8030000F4010000000000000000000044
:106C70000000000000000000000000000000000014
:106C80000000000000000000000000000000000004
:106C900000000000000000000000000000000000F4
:106CA00000000000000000000000000000000000E4
:106CB00000000000000000000000000000000000D4
:106CC00010270000881300000000000000000000F2
:106CD00000000000000000000000000000000000B4
:106CE00000000000000000000000000000000000A4
:106CF0000000000000000000000000000000000094
:106D00000000000000000000000000000000000083
:106D10000000000000000000000000000000000172
:106D2000FFFFFFFF00000000000000000000000067
:106D30000000000000000000000000000000000053
:106D40000000000000000000000000000000000043
:106D50000000000000000000000000000000000033
:106D60000000000000000000000000000000000023
:106D70000000000000000000000000000000000112
:106D8000FFFFFFFF00000000000000000000000007
:106D900000000000000000000000000000000000F3
:106DA00000000000000000000000000000000000E3
:106DB00000000000000000000000000000000000D3
:106DC00000000000000000000000000000000000C3
:106DD00000000000000000000000000000000001B2
:106DE000FFFFFFFF000000000000000000000000A7
:106DF0000000000000000000000000000000000093
:106E00000000000000000000000000000000000082
:106E10000000000000000000000000000000000072
:106E20000000000000000000000000000000000062
:106E30000000000000000000000000000000000052
:106E4000E8030000F4010000000000000000000062
:106E50000000000000000000000000000000000032
:106E60000000000000000000000000000000000022
:106E70000000000000000000000000000000000012
:106E80000000000000000000000000000000000002
:106E900000000000000000000000000000000000F2
:106EA000640000003200000000000000000000004C
:106EB00000000000000000000000000000000000D2
:106EC00000000000000000000000000000000000C2
:106ED00000000000000000000000000000000000B2
:106EE00000000000000000000000000000000000A2
:106EF0000000000000000000000000000000000092
:106F0000E8030000F40100000000000000000000A1
:106F10000000000000000000000000000000000071
:106F20000000000000000000000000000000000061
:106F30000000000000000000000000000000000051
:106F40000000000000000000000000000000000041
:106F50000000000000000000000000000000000130
:106F6000FFFFFFFF00000000000000000000000025
:106F70000000000000000000000000000000000011
:106F80000000000000000000000000000000000001
:106F900000000000000000000000000000000000F1
:106FA00000000000000000000000000000000000E1
:106FB00000000000000000000000000000000001D0
:106FC000FFFFFFFF000000000000000000000000C5
:106FD00000000000000000000000000000000000B1
:106FE00000000000000000000000000000000000A1
:106FF0000000000000000000000000000000000091
:107000000000000000000000000000000000000080
:107010000000000000000000000000000000000070
:10702000010000000000000000000000000000005F
:107030000000000000000000000000000000000050
:107040000000000000000000000000000000000040
:107050000000000000000000000000000000000030
:1070600000400101140000000000000014000000B6
:10707000000000000200000000000000000000000E
:107080000000000000000000000000000000000000
:1070900000000000000000000000000000000000F0
:1070A00000000000000000000000000000000000E0
:1070B0000000000000080100E803000000000000DC
:1070C00014000500000000000300000000000000A4
:1070D00000000000000000000000000000000000B0
:1070E00000000000000000000000000000000000A0
:1070F0000000000000000000000000000000000090
:107100000000000000000000000801011400000061
:107110000000000014000000000000000400000057
:10712000000000000000000000000000000000005F
:10713000000000000000000000000000000000004F
:10714000000000000000000000000000000000003F
:107150000000000000000000000000000008010026
:1071600064000000000000001400010000000000A6
:10717000050000000000000000000000000000000A
:1071800000000000000000000000000000000000FF
:1071900000000000000000000000000000000000EF
:1071A00000000000000000000000000000000000DF
:1071B00000080100E80300000000000014000200C5
:1071C00000000000060000000000000000000000B9
:1071D00000000000000000000000000000000000AF
:1071E000000000000000000000000000000000009F
:1071F000000000000000000000000000000000008F
:107200000000000000080100640000000000000011
:107210001400030000000000070000000000000050
:10722000000000000000000000000000000000005E
:10723000000000000000000000000000000000004E
:10724000000000000000000000000000000000003E
:10725000000000000000000000400100E803000002
:1072600000000000140004000000000008000000FE
:10727000000000000000000000000000000000000E
:1072800000000000000000000000000000000000FE
:1072900000000000000000000000000000000000EE
:1072A000000000000000000000000000004001019C
:1072B00014000000000000001400000000000000A6
:1072C00009000000000000000000000000000000B5
:1072D00000000000000000000000000000000000AE
:1072E000000000000000000000000000000000009E
:1072F000000000000000000000000000000000008E
:1073000000080100881300000000000014000600BF
:10731000000000000000000000000000000000006D
:1073200000000000202F40200000000000000000AE
:10733000000000000000000000000000000000004D
:10734000000000000000000000000000000000003D
:10735000000000000000000000000000000000002D
:10736000000000000000000000000000000000001D
:10737000000000000000000000000000000000000D
:1073800000000000000000000000000000000000FD
:1073900000000000000000000000000000000000ED
:1073A00000000000000000000000000000000000DD
:1073B00000000000000000000000000000000000CD
:1073C00000000000000000000000000000000000BD
:1073D00000000000000000000000000000000000AD
:1073E000000000000000000000000000000000009D
:1073F000000000000000000000000000000000008D
:10740000000000000000000000000000000000007C
:10741000000000000000000000000000000000006C
:10742000000000000000000000000000000000005C
:10743000000000000000000000000000000000004C
:10744000000000000000000000000000000000003C
:10745000000000000000000000000000000000002C
:10746000000000000000000000000000000000001C
:10747000000000000000000000000000000000000C
:1074800000000000000000000000000000000000FC
:1074900000000000000000000000000000000000EC
:1074A00000000000000000000000000000000000DC
:1074B00000000000000000000000000000000000CC
:1074C00000000000000000000000000000000000BC
:1074D00000000000000000000000000000000000AC
:1074E000000000000000000000000000000000009C
:1074F000000000000000000000000000000000008C
:10750000000000000000000000000000000000007B
:10751000000000000000000000000000000000006B
:10752000000000000000000000000000000000005B
:10753000000000000000000000000000000000004B
:10754000000000000000000000000000000000003B
:10755000000000000000000000000000000000002B
:10756000000000000000000000000000000000001B
:10757000000000000000000000000000000000000B
:1075800000000000000000000000000000000000FB
:1075900000000000000000000000000000000000EB
:1075A00000000000000000000000000000000000DB
:1075B00000000000000000000000000000000000CB
:1075C00000000000000000000000000000000000BB
:1075D00000000000000000000000000000000000AB
:1075E000000000000000000000000000000000009B
:1075F000000000000000000000000000000000008B
:10760000000000000000000000000000000000007A
:10761000000000000000000000000000000000006A
:10762000000000000000000000000000000000005A
:10763000000000000000000000000000000000004A
:10764000000000000000000000000000000000003A
:10765000000000000000000000000000000000002A
:10766000000000000000000000000000000000001A
:10767000000000000000000000000000000000000A
:1076800000000000000000000000000000000000FA
:1076900000000000000000000000000000000000EA
:1076A00000000000000000000000000000000000DA
:1076B00000000000000000000000000000000000CA
:1076C00000000000000000000000000000000000BA
:1076D00000000000000000000000000000000000AA
:1076E000000000000000000000000000000000009A
:1076F000000000000000000000000000000000008A
:107700000000000000000000000000000000000079
:107710000000000000000000000000000000000069
:107720000000000000000000000000000000000059
:107730000000000000000000000000000000000049
:107740000000000000000000000000000000000039
:107750000000000000000000000000000000000029
:107760000000000000000000000000000000000019
:107770000000000000000000000000000000000009
:1077800000000000000000000000000000000000F9
:1077900000000000000000000000000000000000E9
:1077A00000000000000000000000000000000000D9
:1077B00000000000000000000000000000000000C9
:1077C00000000000000000000000000000000000B9
:1077D00000000000000000000000000000000000A9
:1077E0000000000000000000000000000000000099
:1077F0000000000000000000000000000000000089
:107800000000000000000000000000000000000078
:107810000000000000000000000000000000000068
:107820000000000000000000000000000000000058
:107830000000000000000000000000000000000048
:107840000000000000000000000000000000000038
:107850000000000000000000000000000000000028
:107860000000000000000000000000000000000018
:107870000000000000000000000000000000000008
:1078800000000000000000000000000000000000F8
:1078900000000000000000000000000000000000E8
:1078A00000000000000000000000000000000000D8
:1078B00000000000000000000000000000000000C8
:1078C00000000000000000000000000000000000B8
:1078D00000000000000000000000000000000000A8
:1078E0000000000000000000000000000000000098
:1078F0000000000000000000000000000000000088
:107900000000000000000000000000000000000077
:107910000000000000000000000000000000000067
:107920000000000000000000000000000000000057
:107930000000000000000000000000000000000047
:107940000000000000000000000000000000000037
:107950000000000000000000000000000000000027
:107960000000000000000000000000000000000017
:107970000000000000000000000000000000000007
:1079800000000000000000000000000000000000F7
:1079900000000000000000000000000000000000E7
:1079A00000000000000000000000000000000000D7
:1079B00000000000000000000000000000000000C7
:1079C00000000000000000000000000000000000B7
:1079D00000000000000000000000000000000000A7
:1079E0000000000000000000000000000000000097
:1079F0000000000000000000000000000000000087
:107A00000000000000000000000000000000000076
:107A10000000000000000000000000000000000066
:107A20000000000000000000000000000000000056
:107A30000000000000000000000000000000000046
:107A40000000000000000000000000000000000036
:107A50000000000000000000000000000000000026
:107A60000000000000000000000000000000000016
:107A70000000000000000000000000000000000006
:107A800000000000000000000000000000000000F6
:107A900000000000000000000000000000000000E6
:107AA00000000000000000000000000000000000D6
:107AB00000000000000000000000000000000000C6
:107AC00000000000000000000000000000000000B6
:107AD00000000000000000000000000000000000A6
:107AE0000000000000000000000000000000000096
:107AF0000000000000000000000000000000000086
:107B00000000000000000000000000000000000075
:107B10000000000000000000000000000000000065
:107B20000000000000000000000000000000000055
:107B30000000000000000000000000000000000045
:107B40000000000000000000000000000000000035
:107B50000000000000000000000000000000000025
:107B60000000000000000000000000000000000015
:107B70000000000000000000000000000000000005
:107B800000000000000000000000000000000000F5
:107B900000000000000000000000000000000000E5
:107BA00000000000000000000000000000000000D5
:107BB00000000000000000000000000000000000C5
:107BC00000000000000000000000000000000000B5
:107BD00000000000000000000000000000000000A5
:107BE0000000000000000000000000000000000095
:107BF0000000000000000000000000000000000085
:107C00000000000000000000000000000000000074
:107C10000000000000000000000000000000000064
:107C20000000000000000000000000000000000054
:107C30000000000000000000000000000000000044
:107C40000000000000000000000000000000000034
:107C50000000000000000000000000000000000024
:107C60000000000000000000000000000000000014
:107C70000000000000000000000000000000000004
:107C800000000000000000000000000000000000F4
:107C900000000000000000000000000000000000E4
:107CA00000000000000000000000000000000000D4
:107CB00000000000000000000000000000000000C4
:107CC00000000000000000000000000000000000B4
:107CD00000000000000000000000000000000000A4
:107CE0000000000000000000000000000000000094
:107CF0000000000000000000000000000000000084
:107D00000000000000000000000000000000000073
:107D10000000000000000000000000000000000063
:107D20000000000000000000000000000000000053
:107D30000000000000000000000000000000000043
:107D40000000000000000000000000000000000033
:107D50000000000000000000000000000000000023
:107D60000000000000000000000000000000000013
:107D70000000000000000000000000000000000003
:107D800000000000000000000000000000000000F3
:107D900000000000000000000000000000000000E3
:107DA00000000000000000000000000000000000D3
:107DB00000000000000000000000000000000000C3
:107DC00000000000000000000000000000000000B3
:107DD00000000000000000000000000000000000A3
:107DE0000000000000000000000000000000000093
:107DF0000000000000000000000000000000000083
:107E00000000000000000000000000000000000072
:107E10000000000000000000000000000000000062
:107E20000000000000000000000000000000000052
:107E30000000000000000000000000000000000042
:107E40000000000000000000000000000000000032
:107E50000000000000000000000000000000000022
:107E60000000000000000000000000000000000012
:107E70000000000000000000000000000000000002
:107E800000000000000000000000000000000000F2
:107E900000000000000000000000000000000000E2
:107EA00000000000000000000000000000000000D2
:107EB00000000000000000000000000000000000C2
:107EC00000000000000000000000000000000000B2
:107ED00000000000000000000000000000000000A2
:107EE0000000000000000000000000000000000092
:107EF0000000000000000000000000000000000082
:107F00000000000000000000000000000000000071
:107F10000000000000000000000000000000000061
:107F20000000000000000000000000000000000051
:107F30000000000000000000000000000000000041
:107F40000000000000000000000000000000000031
:107F50000000000000000000000000000000000021
:107F60000000000000000000000000000000000011
:107F70000000000000000000000000000000000001
:107F800000000000000000000000000000000000F1
:107F900000000000000000000000000000000000E1
:107FA00000000000000000000000000000000000D1
:107FB00000000000000000000000000000000000C1
:107FC00000000000000000000000000000000000B1
:107FD00000000000000000000000000000000000A1
:107FE0000000000000000000000000000000000091
:107FF0000000000000000000000000000000000081
:108000000000000000000000000000000000000070
:108010000000000000000000000000000000000060
:108020000000000000000000000000000000000050
:108030000000000000000000000000000000000040
:108040000000000000000000000000000000000030
:108050000000000000000000000000000000000020
:108060000000000000000000000000000000000010
:108070000000000000000000000000000000000000
:1080800000000000000000000000000000000000F0
:1080900000000000000000000000000000000000E0
:1080A00000000000000000000000000000000000D0
:1080B00000000000000000000000000000000000C0
:1080C00000000000000000000000000000000000B0
:1080D00000000000000000000000000000000000A0
:1080E0000000000000000000000000000000000090
:1080F0000000000000000000000000000000000080
:10810000000000000000000000000000000000006F
:10811000000000000000000000000000000000005F
:10812000000000000000000000000000000000004F
:10813000000000000000000000000000000000003F
:10814000000000000000000000000000000000002F
:10815000000000000000000000000000000000001F
:10816000000000000000000000000000000000000F
:1081700000000000000000000000000000000000FF
:1081800000000000000000000000000000000000EF
:1081900000000000000000000000000000000000DF
:1081A00000000000000000000000000000000000CF
:1081B00000000000000000000000000000000000BF
:1081C00000000000000000000000000000000000AF
:1081D000000000000000000000000000000000009F
:1081E000000000000000000000000000000000008F
:1081F000000000000000000000000000000000007F
:10820000000000000000000000000000000000006E
:10821000000000000000000000000000000000005E
:10822000000000000000000000000000000000004E
:10823000000000000000000000000000000000003E
:10824000000000000000000000000000000000002E
:10825000000000000000000000000000000000001E
:10826000000000000000000000000000000000000E
:1082700000000000000000000000000000000000FE
:1082800000000000000000000000000000000000EE
:1082900000000000000000000000000000000000DE
:1082A00000000000000000000000000000000000CE
:1082B00000000000000000000000000000000000BE
:1082C00000000000000000000000000000000000AE
:1082D000000000000000000000000000000000009E
:1082E000000000000000000000000000000000008E
:1082F000000000000000000000000000000000007E
:10830000000000000000000000000000000000006D
:10831000000000000000000000000000000000005D
:10832000000000000000000000000000000000004D
:10833000000000000000000000000000000000003D
:10834000000000000000000000000000000000002D
:10835000000000000000000000000000000000001D
:10836000000000000000000000000000000000000D
:1083700000000000000000000000000000000000FD
:1083800000000000000000000000000000000000ED
:1083900000000000000000000000000000000000DD
:1083A00000000000000000000000000000000000CD
:1083B00000000000000000000000000000000000BD
:1083C00000000000000000000000000000000000AD
:1083D000000000000000000000000000000000009D
:1083E000000000000000000000000000000000008D
:1083F000000000000000000000000000000000007D
:10840000000000000000000000000000000000006C
:10841000000000000000000000000000000000005C
:10842000000000000000000000000000000000004C
:10843000000000000000000000000000000000003C
:10844000000000000000000000000000000000002C
:10845000000000000000000000000000000000001C
:10846000000000000000000000000000000000000C
:1084700000000000000000000000000000000000FC
:1084800000000000000000000000000000000000EC
:1084900000000000000000000000000000000000DC
:1084A00000000000000000000000000000000000CC
:1084B00000000000000000000000000000000000BC
:1084C00000000000000000000000000000000000AC
:1084D000000000000000000000000000000000009C
:1084E000000000000000000000000000000000008C
:1084F000000000000000000000000000000000007C
:10850000000000000000000000000000000000006B
:10851000000000000000000000000000000000005B
:10852000000000000000000000000000000000004B
:10853000000000000000000000000000000000003B
:10854000000000000000000000000000000000002B
:10855000000000000000000000000000000000001B
:10856000000000000000000000000000000000000B
:1085700000000000000000000000000000000000FB
:1085800000000000000000000000000000000000EB
:1085900000000000000000000000000000000000DB
:1085A00000000000000000000000000000000000CB
:1085B00000000000000000000000000000000000BB
:1085C00000000000000000000000000000000000AB
:1085D000000000000000000000000000000000009B
:1085E000000000000000000000000000000000008B
:1085F000000000000000000000000000000000007B
:10860000000000000000000000000000000000006A
:10861000000000000000000000000000000000005A
:10862000000000000000000000000000000000004A
:10863000000000000000000000000000000000003A
:10864000000000000000000000000000000000002A
:10865000000000000000000000000000000000001A
:10866000000000000000000000000000000000000A
:1086700000000000000000000000000000000000FA
:1086800000000000000000000000000000000000EA
:1086900000000000000000000000000000000000DA
:1086A00000000000000000000000000000000000CA
:1086B00000000000000000000000000000000000BA
:1086C00000000000000000000000000000000000AA
:1086D000000000000000000000000000000000009A
:1086E000000000000000000000000000000000008A
:1086F000000000000000000000000000000000007A
:108700000000000000000000000000000000000069
:108710000000000000000000000000000000000059
:108720000000000000000000000000000000000049
:108730000000000000000000000000000000000039
:108740000000000000000000000000000000000029
:108750000000000000000000000000000000000019
:108760000000000000000000000000000000000009
:1087700000000000000000000000000000000000F9
:1087800000000000000000000000000000000000E9
:1087900000000000000000000000000000000000D9
:1087A00000000000000000000000000000000000C9
:1087B00000000000000000000000000000000000B9
:1087C00000000000000000000000000000000000A9
:1087D0000000000000000000000000000000000099
:1087E0000000000000000000000000000000000089
:1087F0000000000000000000000000000000000079
:108800000000000000000000000000000000000068
:108810000000000000000000000000000000000058
:108820000000000000000000000000000000000048
:108830000000000000000000000000000000000038
:108840000000000000000000000000000000000028
:108850000000000000000000000000000000000018
:108860000000000000000000000000000000000008
:1088700000000000000000000000000000000000F8
:1088800000000000000000000000000000000000E8
:1088900000000000000000000000000000000000D8
:1088A00000000000000000000000000000000000C8
:1088B00000000000000000000000000000000000B8
:1088C00000000000000000000000000000000000A8
:1088D0000000000000000000000000000000000098
:1088E0000000000000000000000000000000000088
:1088F0000000000000000000000000000000000078
:108900000000000000000000000000000000000067
:108910000000000000000000000000000000000057
:108920000000000000000000000000000000000047
:108930000000000000000000000000000000000037
:108940000000000000000000000000000000000027
:108950000000000000000000000000000000000017
:108960000000000000000000000000000000000007
:1089700000000000000000000000000000000000F7
:1089800000000000000000000000000000000000E7
:1089900000000000000000000000000000000000D7
:1089A00000000000000000000000000000000000C7
:1089B00000000000000000000000000000000000B7
:1089C00000000000000000000000000000000000A7
:1089D0000000000000000000000000000000000097
:1089E0000000000000000000000000000000000087
:1089F0000000000000000000000000000000000077
:108A00000000000000000000000000000000000066
:108A10000000000000000000000000000000000056
:108A20000000000000000000000000000000000046
:108A30000000000000000000000000000000000036
:108A40000000000000000000000000000000000026
:108A50000000000000000000000000000000000016
:108A60000000000000000000000000000000000006
:108A700000000000000000000000000000000000F6
:108A800000000000000000000000000000000000E6
:108A900000000000000000000000000000000000D6
:108AA00000000000000000000000000000000000C6
:108AB00000000000000000000000000000000000B6
:108AC00000000000000000000000000000000000A6
:108AD0000000000000000000000000000000000096
:108AE0000000000000000000000000000000000086
:108AF0000000000000000000000000000000000076
:108B00000000000000000000000000000000000065
:108B10000000000000000000000000000000000055
:108B20000000000000000000000000000000000045
:108B30000000000000000000000000000000000035
:108B40000000000000000000000000000000000025
:108B50000000000000000000000000000000000015
:108B60000000000000000000000000000000000005
:108B700000000000000000000000000000000000F5
:108B800000000000000000000000000000000000E5
:108B900000000000000000000000000000000000D5
:108BA00000000000000000000000000000000000C5
:108BB00000000000000000000000000000000000B5
:108BC00000000000000000000000000000000000A5
:108BD0000000000000000000000000000000000095
:108BE0000000000000000000000000000000000085
:108BF0000000000000000000000000000000000075
:108C00000000000000000000000000000000000064
:108C10000000000000000000000000000000000054
:108C20000000000000000000000000000000000044
:108C30000000000000000000000000000000000034
:108C40000000000000000000000000000000000024
:108C50000000000000000000000000000000000014
:108C60000000000000000000000000000000000004
:108C700000000000000000000000000000000000F4
:108C800000000000000000000000000000000000E4
:108C900000000000000000000000000000000000D4
:108CA00000000000000000000000000000000000C4
:108CB00000000000000000000000000000000000B4
:108CC00000000000000000000000000000000000A4
:108CD0000000000000000000000000000000000094
:108CE0000000000000000000000000000000000084
:108CF0000000000000000000000000000000000074
:108D00000000000000000000000000000000000063
:108D10000000000000000000000000000000000053
:108D20000000000000000000000000000000000043
:108D30000000000000000000000000000000000033
:108D40000000000000000000000000000000000023
:108D50000000000000000000000000000000000013
:108D60000000000000000000000000000000000003
:108D700000000000000000000000000000000000F3
:108D800000000000000000000000000000000000E3
:108D900000000000000000000000000000000000D3
:108DA00000000000000000000000000000000000C3
:108DB00000000000000000000000000000000000B3
:108DC00000000000000000000000000000000000A3
:108DD0000000000000000000000000000000000093
:108DE0000000000000000000000000000000000083
:108DF0000000000000000000000000000000000073
:108E00000000000000000000000000000000000062
:108E10000000000000000000000000000000000052
:108E20000000000000000000000000000000000042
:108E30000000000000000000000000000000000032
:108E40000000000000000000000000000000000022
:108E50000000000000000000000000000000000012
:108E60000000000000000000000000000000000002
:108E700000000000000000000000000000000000F2
:108E800000000000000000000000000000000000E2
:108E900000000000000000000000000000000000D2
:108EA00000000000000000000000000000000000C2
:108EB00000000000000000000000000000000000B2
:108EC00000000000000000000000000000000000A2
:108ED0000000000000000000000000000000000092
:108EE0000000000000000000000000000000000082
:108EF0000000000000000000000000000000000072
:108F00000000000000000000000000000000000061
:108F10000000000000000000000000000000000051
:108F20000000000000000000000000000000000041
:108F30000000000000000000000000000000000031
:108F40000000000000000000000000000000000021
:108F50000000000000000000000000000000000011
:108F60000000000000000000000000000000000001
:108F700000000000000000000000000000000000F1
:108F800000000000000000000000000000000000E1
:108F900000000000000000000000000000000000D1
:108FA00000000000000000000000000000000000C1
:108FB00000000000000000000000000000000000B1
:108FC00000000000000000000000000000000000A1
:108FD0000000000000000000000000000000000091
:108FE0000000000000000000000000000000000081
:108FF0000000000000000000000000000000000071
:109000000000000000000000000000000000000060
:109010000000000000000000000000000000000050
:109020000000000000000000000000000000000040
:109030000000000000000000000000000000000030
:109040000000000000000000000000000000000020
:109050000000000000000000000000000000000010
:109060000000000000000000000000000000000000
:1090700000000000000000000000000000000000F0
:1090800000000000000000000000000000000000E0
:1090900000000000000000000000000000000000D0
:1090A00000000000000000000000000000000000C0
:1090B00000000000000000000000000000000000B0
:1090C00000000000000000000000000000000000A0
:1090D0000000000000000000000000000000000090
:1090E0000000000000000000000000000000000080
:1090F0000000000000000000000000000000000070
:10910000000000000000000000000000000000005F
:10911000000000000000000000000000000000004F
:10912000000000000000000000000000000000003F
:10913000000000000000000000000000000000002F
:10914000000000000000000000000000000000001F
:10915000000000000000000000000000000000000F
:1091600000000000000000000000000000000000FF
:1091700000000000000000000000000000000000EF
:1091800000000000000000000000000000000000DF
:1091900000000000000000000000000000000000CF
:1091A00000000000000000000000000000000000BF
:1091B00000000000000000000000000000000000AF
:1091C000000000000000000000000000000000009F
:1091D000000000000000000000000000000000008F
:1091E000000000000000000000000000000000007F
:1091F000000000000000000000000000000000006F
:10920000000000000000000000000000000000005E
:10921000000000000000000000000000000000004E
:10922000000000000000000000000000000000003E
:10923000000000000000000000000000000000002E
:10924000000000000000000000000000000000001E
:10925000000000000000000000000000000000000E
:1092600000000000000000000000000000000000FE
:1092700000000000000000000000000000000000EE
:1092800000000000000000000000000000000000DE
:1092900000000000000000000000000000000000CE
:1092A00000000000000000000000000000000000BE
:1092B00000000000000000000000000000000000AE
:1092C000000000000000000000000000000000009E
:1092D000000000000000000000000000000000008E
:1092E000000000000000000000000000000000007E
:1092F000000000000000000000000000000000006E
:10930000000000000000000000000000000000005D
:10931000000000000000000000000000000000004D
:10932000000000000000000000000000000000003D
:10933000000000000000000000000000000000002D
:10934000000000000000000000000000000000001D
:10935000000000000000000000000000000000000D
:1093600000000000000000000000000000000000FD
:1093700000000000000000000000000000000000ED
:1093800000000000000000000000000000000000DD
:1093900000000000000000000000000000000000CD
:1093A00000000000000000000000000000000000BD
:1093B00000000000000000000000000000000000AD
:1093C000000000000000000000000000000000009D
:1093D000000000000000000000000000000000008D
:1093E000000000000000000000000000000000007D
:1093F000000000000000000000000000000000006D
:10940000000000000000000000000000000000005C
:10941000000000000000000000000000000000004C
:10942000000000000000000000000000000000003C
:10943000000000000000000000000000000000002C
:10944000000000000000000000000000000000001C
:10945000000000000000000000000000000000000C
:1094600000000000000000000000000000000000FC
:1094700000000000000000000000000000000000EC
:1094800000000000000000000000000000000000DC
:1094900000000000000000000000000000000000CC
:1094A00000000000000000000000000000000000BC
:1094B00000000000000000000000000000000000AC
:1094C000000000000000000000000000000000009C
:1094D000000000000000000000000000000000008C
:1094E000000000000000000000000000000000007C
:1094F000000000000000000000000000000000006C
:10950000000000000000000000000000000000005B
:10951000000000000000000000000000000000004B
:10952000000000000000000000000000000000003B
:10953000000000000000000000000000000000002B
:10954000000000000000000000000000000000001B
:10955000000000000000000000000000000000000B
:1095600000000000000000000000000000000000FB
:1095700000000000000000000000000000000000EB
:1095800000000000000000000000000000000000DB
:1095900000000000000000000000000000000000CB
:1095A00000000000000000000000000000000000BB
:1095B00000000000000000000000000000000000AB
:1095C000000000000000000000000000000000009B
:1095D000000000000000000000000000000000008B
:1095E000000000000000000000000000000000007B
:1095F000000000000000000000000000000000006B
:10960000000000000000000000000000000000005A
:10961000000000000000000000000000000000004A
:10962000000000000000000000000000000000003A
:10963000000000000000000000000000000000002A
:10964000000000000000000000000000000000001A
:10965000000000000000000000000000000000000A
:1096600000000000000000000000000000000000FA
:1096700000000000000000000000000000000000EA
:1096800000000000000000000000000000000000DA
:1096900000000000000000000000000000000000CA
:1096A00000000000000000000000000000000000BA
:1096B00000000000000000000000000000000000AA
:1096C000000000000000000000000000000000009A
:1096D000000000000000000000000000000000008A
:1096E000000000000000000000000000000000007A
:1096F000000000000000000000000000000000006A
:109700000000000000000000000000000000000059
:109710000000000000000000000000000000000049
:1097200000000000000000000000000084B00346BC
:1097300000918DF80730009B039342F2E47302938B
:109740009DF80730002B11D12D4B4FF0FF32C3F89D
:1097500000212B4B1B682A4A43F010031360284B4F
:109760001B68274A23F02003136009E09DF80730A7
:10977000012B05D1224B1B68214A43F480731360EF
:109780001F4B1B681E4A43F0010313601C4B5B68B0
:1097900003F40043002B0CD14EF242730293039B5F
:1097A000013B0393039B002B10D142F6D433029369
:1097B0000CE0134B5B6803F48043002B03D142F2AF
:1097C000E473029302E045F6A5230293029B4EF256
:1097D00042729342DAD0029B4EF2427293420BD015
:1097E000074B1B68064A23F001031360044B1B68F8
:1097F000034A23F480731360029B184604B0704739
:1098000000C02E4001000000010000010500010021
:1098100060FC61FF620063FF64F065FF663F670004
:1098200068E600006AFF6BFF6CFF6D006E006FFF63
:1098300070A671007200730074807570771778C21B
:1098400079007AE57B007C0020E7103011F1125599
:1098500013551455150016081700180F1DFF1EFF8D
:109860001F7821142201230024F0259826082D07B3
:109870002E192F093065310420E000000000010C92
:1098800002800337048005010616071408000950FA
:109890000A300B860C010DA00E040F701000110091
:1098A00012001300148015071680170118101933C1
:1098B0001A081B601C001D001E00000002000300AF
:1098C00004010500060007010C600D007680770991
:1098D000780079007A0000008CBC8DBD8E070000F6
:1098E000901E910092DC93009480950796629708F1
:1098F000980299009A069B009C809D019ED89F012A
:10990000A90CAA00AB00AC00AD00AE28BB01BC891D
:10991000BD03BE74BF000000907E910F9202938839
:109920009446954096669710BB01BC8980070088D5
:109930004800000010EB323210EB22320000002011
:109940000000000000040000020400000004000009
:109950000000000000000000000000000000000007
:10996000000048000000480000C00300020400009E
:1099700000200000000000000000000000000000C7
:109980000000000000C0410000004500000003008E
:1099900002040000002000000000000000000000A1
:1099A0000000000000000000000000500000000067
:1099B000000080000204000000040000000000001D
:1099C00000000000000000000000000000008050C7
:1099D0000000010000008000FA0F0000F80F0000F6
:1099E0000000000000000000000000000000000077
:1099F0008CF743009CF74300A8F74300B4F74300FB
:109A0000C0F74300B1894300117F127E310000008E
:109A1000D4FB4300B4FB4300F4FB4300D4FB4300FE
:109A2000F4FB4300B4FB4300F4FB430018FC430089
:109A300028FC430020FC430030FC430028FC43008A
:109A400020FC430030FC430028FC430030FC430072
:109A500020FC430030FC430018FC430028FC43007A
:109A600030FC4300C4054400C4054400C405440060
:109A7000C4054400C4054400C4054400C4054400B2
:109A8000C4054400C4054400C4054400C4054400A2
:109A9000C4054400C4054400C4054400C405440092
:109AA000C4054400C4054400C4054400C405440082
:109AB000C4054400C4054400C4054400C405440072
:109AC000C4054400C4054400C4054400C405440062
:109AD000F0B403000A00110042F2E47420001D00FB
:109AE000EDB2002D0DD15FF0FF35234E3560234DD3
:109AF0002E6856F010062E602E6836F020062E6076
:109B000008E01D00EDB2012D04D11C4D2E6856F465
:109B100080762E60194D2E6856F001062E60184E84
:109B200037683F0409D44EF242763000491E0029BE
:109B30000BD142F6D436300007E03668760401D403
:109B4000200002E045F6A52630004EF242760700DE
:109B5000B446BFB26745E2D00400A4B2B44207D015
:109B60002C68640864002C602C6834F480742C60C9
:109B700080B2F0BC704700BF00C12E4000C02E4034
:109B800004C02E40000000000000BA00BB004602E6
:109B90004702D703D80365056605020703079C083B
:109BA0009D085A0A5B0A0D0C0E0C9D0D9E0D340F7C
:109BB000350F001000000144445566770000000096
:109BC000000000007800000000000000000000001D
:109BD0000000000000000000000000000000000085
:109BE00000000000000000001130420000000000F2
:109BF0001B304200000000004C2240200002000008
:109C00004C24402000020000DC3140200000000015
:109C100000000000DC3140200000000000000000D7
:109C2000E43140200000000000000000EC31402042
:109C3000F831402004324020000000000100000004
:109C40007D01F6911F010101FFFFFFFFFFFF0000F3
:109C5000FFFFFFFFFFFF00004E00000004000000B8
:109C60004E000000040000004E0000000400000050
:109C70004E000000040000000024F400009435773A
:109C80003310000000000000000000000000000091
:109C900000000000000000000000000000000000C4
:109CA00000000000000000000000000000000000B4
:109CB00000000000000000000000000000000000A4
:109CC0000000000000000000000000000000000094
:109CD0000000000000000000000000000000000084
:109CE000000000008DCE430000C02D4000C0284081
:109CF00000002940FFFFFFFFFFFFFFFFFFFFFFFF07
:109D0000E42701000300000001000000FFFFFFFF47
:109D1000FFFFFFFFFFFFFFFFFFFFFFFFFFFFFFFF53
:109D2000FFFFFFFFFFFFFFFFFFFFFFFFFFFFFFFF43
:109D3000FFFFFFFFFFFFFFFFFFFFFFFFFFFFFFFF33
:109D4000FFFFFFFFFFFFFFFFFFFFFFFFFFFFFFFF23
:109D5000FFFFFFFFFFFFFFFFFFFFFFFFFFFFFFFF13
:109D6000FFFFFFFFFFFFFFFFFFFFFFFFFFFFFFFF03
:109D7000FFFFFFFFFFFFFFFFFFFFFFFFFFFFFFFFF3
:109D8000FFFFFFFFFFFFFFFFFFFFFFFFFFFFFFFFE3
:109D9000FFFFFFFFFFFFFFFFFFFFFFFFFFFFFFFFD3
:109DA000FFFFFFFFFFFFFFFFFFFFFFFFFFFFFFFFC3
:109DB000FFFFFFFFFFFFFFFFFFFFFFFFFFFFFFFFB3
:109DC000FFFFFFFFFFFFFFFFFFFFFFFFFFFFFFFFA3
:109DD000FFFFFFFFFFFFFFFFFFFFFFFFFFFFFFFF93
:109DE000FFFFFFFFFFFFFFFFFFFFFFFFFFFFFFFF83
:109DF000FFFFFFFFFFFFFFFFFFFFFFFFFFFFFFFF73
:109E0000FFFFFFFFFFFFFFFFFFFFFFFFFFFFFFFF62
:109E1000FFFFFFFFFFFFFFFFFFFFFFFFFFFFFFFF52
:109E2000FFFFFFFFFFFFFFFFFFFFFFFFFFFFFFFF42
:109E3000FFFFFFFFFFFFFFFFFFFFFFFFFFFFFFFF32
:109E4000FFFFFFFFFFFFFFFFFFFFFFFFFFFFFFFF22
:109E5000FFFFFFFFFFFFFFFFFFFFFFFFFFFFFFFF12
:109E6000FFFFFFFFFFFFFFFFFFFFFFFFFFFFFFFF02
:109E7000FFFFFFFFFFFFFFFFFFFFFFFFFFFFFFFFF2
:109E8000FFFFFFFFFFFFFFFFFFFFFFFFFFFFFFFFE2
:109E9000FFFFFFFFFFFFFFFFFFFFFFFFFFFFFFFFD2
:109EA000FFFFFFFFFFFFFFFFFFFFFFFFFFFFFFFFC2
:109EB000FFFFFFFFFFFFFFFFFFFFFFFFFFFFFFFFB2
:109EC000FFFFFFFFFFFFFFFFFFFFFFFFFFFFFFFFA2
:109ED000FFFFFFFFFFFFFFFFFFFFFFFFFFFFFFFF92
:109EE000FFFFFFFFFFFFFFFFFFFFFFFFFFFFFFFF82
:109EF000FFFFFFFFFFFFFFFFFFFFFFFFFFFFFFFF72
:109F0000FFFFFFFFFFFFFFFFFFFFFFFFFFFFFFFF61
:109F1000FFFFFFFFFFFFFFFFFFFFFFFFFFFFFFFF51
:109F2000FFFFFFFFFFFFFFFFFFFFFFFFFFFFFFFF41
:109F3000FFFFFFFFFFFFFFFFFFFFFFFFFFFFFFFF31
:109F4000FFFFFFFFFFFFFFFFFFFFFFFFFFFFFFFF21
:109F5000FFFFFFFFFFFFFFFFFFFFFFFFFFFFFFFF11
:109F6000FFFFFFFFFFFFFFFFFFFFFFFFFFFFFFFF01
:109F7000FFFFFFFFFFFFFFFFFFFFFFFFFFFFFFFFF1
:109F8000FFFFFFFFFFFFFFFFFFFFFFFFFFFFFFFFE1
:109F9000FFFFFFFFFFFFFFFFFFFFFFFFFFFFFFFFD1
:109FA000FFFFFFFFFFFFFFFFFFFFFFFFFFFFFFFFC1
:109FB000FFFFFFFFFFFFFFFFFFFFFFFFFFFFFFFFB1
:109FC000FFFFFFFFFFFFFFFFFFFFFFFFFFFFFFFFA1
:109FD000FFFFFFFFFFFFFFFFFFFFFFFFFFFFFFFF91
:109FE000FFFFFFFFFFFFFFFFFFFFFFFFFFFFFFFF81
:109FF000FFFFFFFFFFFFFFFFFFFFFFFFFFFFFFFF71
:10A00000FFFFFFFFFFFFFFFFFFFFFFFFFFFFFFFF60
:10A01000FFFFFFFFFFFFFFFFFFFFFFFFFFFFFFFF50
:10A02000FFFFFFFFFFFFFFFFFFFFFFFFFFFFFFFF40
:10A03000FFFFFFFFFFFFFFFFFFFFFFFFFFFFFFFF30
:10A04000FFFFFFFFFFFFFFFFFFFFFFFFFFFFFFFF20
:10A05000FFFFFFFFFFFFFFFFFFFFFFFFFFFFFFFF10
:10A06000FFFFFFFFFFFFFFFFFFFFFFFFFFFFFFFF00
:10A07000FFFFFFFFFFFFFFFFFFFFFFFFFFFFFFFFF0
:10A08000FFFFFFFFFFFFFFFFFFFFFFFFFFFFFFFFE0
:10A09000FFFFFFFFFFFFFFFFFFFFFFFFFFFFFFFFD0
:10A0A000FFFFFFFFFFFFFFFFFFFFFFFFFFFFFFFFC0
:10A0B000FFFFFFFFFFFFFFFFFFFFFFFFFFFFFFFFB0
:10A0C000FFFFFFFFFFFFFFFFFFFFFFFFFFFFFFFFA0
:10A0D000FFFFFFFFFFFFFFFFFFFFFFFFFFFFFFFF90
:10A0E000FFFFFFFFFFFFFFFFFFFFFFFFFFFFFFFF80
:10A0F000FFFFFFFFFFFFFFFFFFFFFFFFFFFFFFFF70
:10A10000FFFFFFFFFFFFFFFFFFFFFFFFFFFFFFFF5F
:10A11000FFFFFFFFFFFFFFFFFFFFFFFFFFFFFFFF4F
:10A12000FFFFFFFFFFFFFFFFFFFFFFFFFFFFFFFF3F
:10A13000FFFFFFFFFFFFFFFFFFFFFFFFFFFFFFFF2F
:10A14000FFFFFFFFFFFFFFFFFFFFFFFFFFFFFFFF1F
:10A15000FFFFFFFFFFFFFFFFFFFFFFFFFFFFFFFF0F
:10A16000FFFFFFFFFFFFFFFFFFFFFFFFFFFFFFFFFF
:10A17000FFFFFFFFFFFFFFFFFFFFFFFFFFFFFFFFEF
:10A18000FFFFFFFFFFFFFFFFFFFFFFFFFFFFFFFFDF
:10A19000FFFFFFFFFFFFFFFFFFFFFFFFFFFFFFFFCF
:10A1A000FFFFFFFFFFFFFFFFFFFFFFFFFFFFFFFFBF
:10A1B000FFFFFFFFFFFFFFFFFFFFFFFFFFFFFFFFAF
:10A1C000FFFFFFFFFFFFFFFFFFFFFFFFFFFFFFFF9F
:10A1D000FFFFFFFFFFFFFFFFFFFFFFFFFFFFFFFF8F
:10A1E000FFFFFFFFFFFFFFFFFFFFFFFFFFFFFFFF7F
:10A1F000FFFFFFFFFFFFFFFFFFFFFFFFFFFFFFFF6F
:10A20000FFFFFFFFFFFFFFFFFFFFFFFFFFFFFFFF5E
:10A21000FFFFFFFFFFFFFFFFFFFFFFFFFFFFFFFF4E
:10A22000FFFFFFFFFFFFFFFFFFFFFFFFFFFFFFFF3E
:10A23000FFFFFFFFFFFFFFFFFFFFFFFFFFFFFFFF2E
:10A24000FFFFFFFFFFFFFFFFFFFFFFFFFFFFFFFF1E
:10A25000FFFFFFFFFFFFFFFFFFFFFFFFFFFFFFFF0E
:10A26000FFFFFFFFFFFFFFFFFFFFFFFFFFFFFFFFFE
:10A27000FFFFFFFFFFFFFFFFFFFFFFFFFFFFFFFFEE
:10A28000FFFFFFFFFFFFFFFFFFFFFFFFFFFFFFFFDE
:10A29000FFFFFFFFFFFFFFFFFFFFFFFFFFFFFFFFCE
:10A2A000FFFFFFFFFFFFFFFFFFFFFFFFFFFFFFFFBE
:10A2B000FFFFFFFFFFFFFFFFFFFFFFFFFFFFFFFFAE
:10A2C000FFFFFFFFFFFFFFFFFFFFFFFFFFFFFFFF9E
:10A2D000FFFFFFFFFFFFFFFFFFFFFFFFFFFFFFFF8E
:10A2E000FFFFFFFFFFFFFFFFFFFFFFFFFFFFFFFF7E
:10A2F000FFFFFFFFFFFFFFFFFFFFFFFFFFFFFFFF6E
:10A30000FFFFFFFFFFFFFFFFFFFFFFFFFFFFFFFF5D
:10A31000FFFFFFFFFFFFFFFFFFFFFFFFFFFFFFFF4D
:10A32000FFFFFFFFFFFFFFFFFFFFFFFFFFFFFFFF3D
:10A33000FFFFFFFFFFFFFFFFFFFFFFFFFFFFFFFF2D
:10A34000FFFFFFFFFFFFFFFFFFFFFFFFFFFFFFFF1D
:10A35000FFFFFFFFFFFFFFFFFFFFFFFFFFFFFFFF0D
:10A36000FFFFFFFFFFFFFFFFFFFFFFFFFFFFFFFFFD
:10A37000FFFFFFFFFFFFFFFFFFFFFFFFFFFFFFFFED
:10A38000FFFFFFFFFFFFFFFFFFFFFFFFFFFFFFFFDD
:10A39000FFFFFFFFFFFFFFFFFFFFFFFFFFFFFFFFCD
:10A3A000FFFFFFFFFFFFFFFFFFFFFFFFFFFFFFFFBD
:10A3B000FFFFFFFFFFFFFFFFFFFFFFFFFFFFFFFFAD
:10A3C000FFFFFFFFFFFFFFFFFFFFFFFFFFFFFFFF9D
:10A3D000FFFFFFFFFFFFFFFFFFFFFFFFFFFFFFFF8D
:10A3E000FFFFFFFFFFFFFFFFFFFFFFFFFFFFFFFF7D
:10A3F000FFFFFFFFFFFFFFFFFFFFFFFFFFFFFFFF6D
:10A40000FFFFFFFFFFFFFFFFFFFFFFFFFFFFFFFF5C
:10A41000FFFFFFFFFFFFFFFFFFFFFFFFFFFFFFFF4C
:10A42000FFFFFFFFFFFFFFFFFFFFFFFFFFFFFFFF3C
:10A43000FFFFFFFFFFFFFFFFFFFFFFFFFFFFFFFF2C
:10A44000FFFFFFFFFFFFFFFFFFFFFFFFFFFFFFFF1C
:10A45000FFFFFFFFFFFFFFFFFFFFFFFFFFFFFFFF0C
:10A46000FFFFFFFFFFFFFFFFFFFFFFFFFFFFFFFFFC
:10A47000FFFFFFFFFFFFFFFFFFFFFFFFFFFFFFFFEC
:10A48000FFFFFFFFFFFFFFFFFFFFFFFFFFFFFFFFDC
:10A49000FFFFFFFFFFFFFFFFFFFFFFFFFFFFFFFFCC
:10A4A000FFFFFFFFFFFFFFFFFFFFFFFFFFFFFFFFBC
:10A4B000FFFFFFFFFFFFFFFFFFFFFFFFFFFFFFFFAC
:10A4C000FFFFFFFFFFFFFFFFFFFFFFFFFFFFFFFF9C
:10A4D000FFFFFFFFFFFFFFFFFFFFFFFFFFFFFFFF8C
:10A4E000FFFFFFFFFFFFFFFFFFFFFFFFFFFFFFFF7C
:10A4F000FFFFFFFFFFFFFFFFFFFFFFFFFFFFFFFF6C
:10A50000FFFFFFFFFFFFFFFFFFFFFFFFFFFFFFFF5B
:10A51000FFFFFFFFFFFFFFFFFFFFFFFFFFFFFFFF4B
:10A52000FFFFFFFFFFFFFFFFFFFFFFFFFFFFFFFF3B
:10A53000FFFFFFFFFFFFFFFFFFFFFFFFFFFFFFFF2B
:10A54000FFFFFFFFFFFFFFFFFFFFFFFFFFFFFFFF1B
:10A55000FFFFFFFFFFFFFFFFFFFFFFFFFFFFFFFF0B
:10A56000FFFFFFFFFFFFFFFFFFFFFFFFFFFFFFFFFB
:10A57000FFFFFFFFFFFFFFFFFFFFFFFFFFFFFFFFEB
:10A58000FFFFFFFFFFFFFFFFFFFFFFFFFFFFFFFFDB
:10A59000FFFFFFFFFFFFFFFFFFFFFFFFFFFFFFFFCB
:10A5A000FFFFFFFFFFFFFFFFFFFFFFFFFFFFFFFFBB
:10A5B000FFFFFFFFFFFFFFFFFFFFFFFFFFFFFFFFAB
:10A5C000FFFFFFFFFFFFFFFFFFFFFFFFFFFFFFFF9B
:10A5D000FFFFFFFFFFFFFFFFFFFFFFFFFFFFFFFF8B
:10A5E000FFFFFFFFFFFFFFFFFFFFFFFFFFFFFFFF7B
:10A5F000FFFFFFFFFFFFFFFFFFFFFFFFFFFFFFFF6B
:10A60000FFFFFFFFFFFFFFFFFFFFFFFFFFFFFFFF5A
:10A61000FFFFFFFFFFFFFFFFFFFFFFFFFFFFFFFF4A
:10A62000FFFFFFFFFFFFFFFFFFFFFFFFFFFFFFFF3A
:10A63000FFFFFFFFFFFFFFFFFFFFFFFFFFFFFFFF2A
:10A64000FFFFFFFFFFFFFFFFFFFFFFFFFFFFFFFF1A
:10A65000FFFFFFFFFFFFFFFFFFFFFFFFFFFFFFFF0A
:10A66000FFFFFFFFFFFFFFFFFFFFFFFFFFFFFFFFFA
:10A67000FFFFFFFFFFFFFFFFFFFFFFFFFFFFFFFFEA
:10A68000FFFFFFFFFFFFFFFFFFFFFFFFFFFFFFFFDA
:10A69000FFFFFFFFFFFFFFFFFFFFFFFFFFFFFFFFCA
:10A6A000FFFFFFFFFFFFFFFFFFFFFFFFFFFFFFFFBA
:10A6B000FFFFFFFFFFFFFFFFFFFFFFFFFFFFFFFFAA
:10A6C000FFFFFFFFFFFFFFFFFFFFFFFFFFFFFFFF9A
:10A6D000FFFFFFFFFFFFFFFFFFFFFFFFFFFFFFFF8A
:10A6E000FFFFFFFFFFFFFFFFFFFFFFFFFFFFFFFF7A
:10A6F000FFFFFFFFFFFFFFFFFFFFFFFFFFFFFFFF6A
:10A70000FFFFFFFFFFFFFFFFFFFFFFFFFFFFFFFF59
:10A71000FFFFFFFFFFFFFFFFFFFFFFFFFFFFFFFF49
:10A72000FFFFFFFFFFFFFFFFFFFFFFFFFFFFFFFF39
:10A73000FFFFFFFFFFFFFFFFFFFFFFFFFFFFFFFF29
:10A74000FFFFFFFFFFFFFFFFFFFFFFFFFFFFFFFF19
:10A75000FFFFFFFFFFFFFFFFFFFFFFFFFFFFFFFF09
:10A76000FFFFFFFFFFFFFFFFFFFFFFFFFFFFFFFFF9
:10A77000FFFFFFFFFFFFFFFFFFFFFFFFFFFFFFFFE9
:10A78000FFFFFFFFFFFFFFFFFFFFFFFFFFFFFFFFD9
:10A79000FFFFFFFFFFFFFFFFFFFFFFFFFFFFFFFFC9
:10A7A000FFFFFFFFFFFFFFFFFFFFFFFFFFFFFFFFB9
:10A7B000FFFFFFFFFFFFFFFFFFFFFFFFFFFFFFFFA9
:10A7C000FFFFFFFFFFFFFFFFFFFFFFFFFFFFFFFF99
:10A7D000FFFFFFFFFFFFFFFFFFFFFFFFFFFFFFFF89
:10A7E000FFFFFFFFFFFFFFFFFFFFFFFFFFFFFFFF79
:10A7F000FFFFFFFFFFFFFFFFFFFFFFFFFFFFFFFF69
:10A80000FFFFFFFFFFFFFFFFFFFFFFFFFFFFFFFF58
:10A81000FFFFFFFFFFFFFFFFFFFFFFFFFFFFFFFF48
:10A82000FFFFFFFFFFFFFFFFFFFFFFFFFFFFFFFF38
:10A83000FFFFFFFFFFFFFFFFFFFFFFFFFFFFFFFF28
:10A84000FFFFFFFFFFFFFFFFFFFFFFFFFFFFFFFF18
:10A85000FFFFFFFFFFFFFFFFFFFFFFFFFFFFFFFF08
:10A86000FFFFFFFFFFFFFFFFFFFFFFFFFFFFFFFFF8
:10A87000FFFFFFFFFFFFFFFFFFFFFFFFFFFFFFFFE8
:10A88000FFFFFFFFFFFFFFFFFFFFFFFFFFFFFFFFD8
:10A89000FFFFFFFFFFFFFFFFFFFFFFFFFFFFFFFFC8
:10A8A000FFFFFFFFFFFFFFFFFFFFFFFFFFFFFFFFB8
:10A8B000FFFFFFFFFFFFFFFFFFFFFFFFFFFFFFFFA8
:10A8C000FFFFFFFFFFFFFFFFFFFFFFFFFFFFFFFF98
:10A8D000FFFFFFFFFFFFFFFFFFFFFFFFFFFFFFFF88
:10A8E000FFFFFFFFFFFFFFFFFFFFFFFFFFFFFFFF78
:10A8F000FFFFFFFFFFFFFFFFFFFFFFFFFFFFFFFF68
:10A90000FFFFFFFFFFFFFFFFFFFFFFFFFFFFFFFF57
:10A91000FFFFFFFFFFFFFFFFFFFFFFFFFFFFFFFF47
:10A92000FFFFFFFFFFFFFFFFFFFFFFFFFFFFFFFF37
:10A93000FFFFFFFFFFFFFFFFFFFFFFFFFFFFFFFF27
:10A94000FFFFFFFFFFFFFFFFFFFFFFFFFFFFFFFF17
:10A95000FFFFFFFFFFFFFFFFFFFFFFFFFFFFFFFF07
:10A96000FFFFFFFFFFFFFFFFFFFFFFFFFFFFFFFFF7
:10A97000FFFFFFFFFFFFFFFFFFFFFFFFFFFFFFFFE7
:10A98000FFFFFFFFFFFFFFFFFFFFFFFFFFFFFFFFD7
:10A99000FFFFFFFFFFFFFFFFFFFFFFFFFFFFFFFFC7
:10A9A000FFFFFFFFFFFFFFFFFFFFFFFFFFFFFFFFB7
:10A9B000FFFFFFFFFFFFFFFFFFFFFFFFFFFFFFFFA7
:10A9C000FFFFFFFFFFFFFFFFFFFFFFFFFFFFFFFF97
:10A9D000FFFFFFFFFFFFFFFFFFFFFFFFFFFFFFFF87
:10A9E000FFFFFFFFFFFFFFFFFFFFFFFFFFFFFFFF77
:10A9F000FFFFFFFFFFFFFFFFFFFFFFFFFFFFFFFF67
:10AA0000FFFFFFFFFFFFFFFFFFFFFFFFFFFFFFFF56
:10AA1000FFFFFFFFFFFFFFFFFFFFFFFFFFFFFFFF46
:10AA2000FFFFFFFFFFFFFFFFFFFFFFFFFFFFFFFF36
:10AA3000FFFFFFFFFFFFFFFFFFFFFFFFFFFFFFFF26
:10AA4000FFFFFFFFFFFFFFFFFFFFFFFFFFFFFFFF16
:10AA5000FFFFFFFFFFFFFFFFFFFFFFFFFFFFFFFF06
:10AA6000FFFFFFFFFFFFFFFFFFFFFFFFFFFFFFFFF6
:10AA7000FFFFFFFFFFFFFFFFFFFFFFFFFFFFFFFFE6
:10AA8000FFFFFFFFFFFFFFFFFFFFFFFFFFFFFFFFD6
:10AA9000FFFFFFFFFFFFFFFFFFFFFFFFFFFFFFFFC6
:10AAA000FFFFFFFFFFFFFFFFFFFFFFFFFFFFFFFFB6
:10AAB000FFFFFFFFFFFFFFFFFFFFFFFFFFFFFFFFA6
:10AAC000FFFFFFFFFFFFFFFFFFFFFFFFFFFFFFFF96
:10AAD000FFFFFFFFFFFFFFFFFFFFFFFFFFFFFFFF86
:10AAE000FFFFFFFFFFFFFFFFFFFFFFFFFFFFFFFF76
:10AAF000FFFFFFFFFFFFFFFFFFFFFFFFFFFFFFFF66
:10AB0000FFFFFFFFFFFFFFFFFFFFFFFFFFFFFFFF55
:10AB1000FFFFFFFFFFFFFFFFFFFFFFFFFFFFFFFF45
:10AB2000FFFFFFFFFFFFFFFFFFFFFFFFFFFFFFFF35
:10AB3000FFFFFFFFFFFFFFFFFFFFFFFFFFFFFFFF25
:10AB4000FFFFFFFFFFFFFFFFFFFFFFFFFFFFFFFF15
:10AB5000FFFFFFFFFFFFFFFFFFFFFFFFFFFFFFFF05
:10AB6000FFFFFFFFFFFFFFFFFFFFFFFFFFFFFFFFF5
:10AB7000FFFFFFFFFFFFFFFFFFFFFFFFFFFFFFFFE5
:10AB8000FFFFFFFFFFFFFFFFFFFFFFFFFFFFFFFFD5
:10AB9000FFFFFFFFFFFFFFFFFFFFFFFFFFFFFFFFC5
:10ABA000FFFFFFFFFFFFFFFFFFFFFFFFFFFFFFFFB5
:10ABB000FFFFFFFFFFFFFFFFFFFFFFFFFFFFFFFFA5
:10ABC000FFFFFFFFFFFFFFFFFFFFFFFFFFFFFFFF95
:10ABD000FFFFFFFFFFFFFFFFFFFFFFFFFFFFFFFF85
:10ABE000FFFFFFFFFFFFFFFFFFFFFFFFFFFFFFFF75
:10ABF000FFFFFFFFFFFFFFFFFFFFFFFFFFFFFFFF65
:10AC0000FFFFFFFFFFFFFFFFFFFFFFFFFFFFFFFF54
:10AC1000FFFFFFFFFFFFFFFFFFFFFFFFFFFFFFFF44
:10AC2000FFFFFFFFFFFFFFFFFFFFFFFFFFFFFFFF34
:10AC3000FFFFFFFFFFFFFFFFFFFFFFFFFFFFFFFF24
:10AC4000FFFFFFFFFFFFFFFFFFFFFFFFFFFFFFFF14
:10AC5000FFFFFFFFFFFFFFFFFFFFFFFFFFFFFFFF04
:10AC6000FFFFFFFFFFFFFFFFFFFFFFFFFFFFFFFFF4
:10AC7000FFFFFFFFFFFFFFFFFFFFFFFFFFFFFFFFE4
:10AC8000FFFFFFFFFFFFFFFFFFFFFFFFFFFFFFFFD4
:10AC9000FFFFFFFFFFFFFFFFFFFFFFFFFFFFFFFFC4
:10ACA000FFFFFFFFFFFFFFFFFFFFFFFFFFFFFFFFB4
:10ACB000FFFFFFFFFFFFFFFFFFFFFFFFFFFFFFFFA4
:10ACC000FFFFFFFFFFFFFFFFFFFFFFFFFFFFFFFF94
:10ACD000FFFFFFFFFFFFFFFFFFFFFFFFFFFFFFFF84
:10ACE000FFFFFFFFFFFFFFFFFFFFFFFFFFFFFFFF74
:10ACF000FFFFFFFFFFFFFFFFFFFFFFFFFFFFFFFF64
:10AD0000FFFFFFFFFFFFFFFFFFFFFFFFFFFFFFFF53
:10AD1000FFFFFFFFFFFFFFFFFFFFFFFFFFFFFFFF43
:10AD2000FFFFFFFFFFFFFFFFFFFFFFFFFFFFFFFF33
:10AD3000FFFFFFFFFFFFFFFFFFFFFFFFFFFFFFFF23
:10AD4000FFFFFFFFFFFFFFFFFFFFFFFFFFFFFFFF13
:10AD5000FFFFFFFFFFFFFFFFFFFFFFFFFFFFFFFF03
:10AD6000FFFFFFFFFFFFFFFFFFFFFFFFFFFFFFFFF3
:10AD7000FFFFFFFFFFFFFFFFFFFFFFFFFFFFFFFFE3
:10AD8000FFFFFFFFFFFFFFFFFFFFFFFFFFFFFFFFD3
:10AD9000FFFFFFFFFFFFFFFFFFFFFFFFFFFFFFFFC3
:10ADA000FFFFFFFFFFFFFFFFFFFFFFFFFFFFFFFFB3
:10ADB000FFFFFFFFFFFFFFFFFFFFFFFFFFFFFFFFA3
:10ADC000FFFFFFFFFFFFFFFFFFFFFFFFFFFFFFFF93
:10ADD000FFFFFFFFFFFFFFFFFFFFFFFFFFFFFFFF83
:10ADE000FFFFFFFFFFFFFFFFFFFFFFFFFFFFFFFF73
:10ADF000FFFFFFFFFFFFFFFFFFFFFFFFFFFFFFFF63
:10AE0000FFFFFFFFFFFFFFFFFFFFFFFFFFFFFFFF52
:10AE1000FFFFFFFFFFFFFFFFFFFFFFFFFFFFFFFF42
:10AE2000FFFFFFFFFFFFFFFFFFFFFFFFFFFFFFFF32
:10AE3000FFFFFFFFFFFFFFFFFFFFFFFFFFFFFFFF22
:10AE4000FFFFFFFFFFFFFFFFFFFFFFFFFFFFFFFF12
:10AE5000FFFFFFFFFFFFFFFFFFFFFFFFFFFFFFFF02
:10AE6000FFFFFFFFFFFFFFFFFFFFFFFFFFFFFFFFF2
:10AE7000FFFFFFFFFFFFFFFFFFFFFFFFFFFFFFFFE2
:10AE8000FFFFFFFFFFFFFFFFFFFFFFFFFFFFFFFFD2
:10AE9000FFFFFFFFFFFFFFFFFFFFFFFFFFFFFFFFC2
:10AEA000FFFFFFFFFFFFFFFFFFFFFFFFFFFFFFFFB2
:10AEB000FFFFFFFFFFFFFFFFFFFFFFFFFFFFFFFFA2
:10AEC000FFFFFFFFFFFFFFFFFFFFFFFFFFFFFFFF92
:10AED000FFFFFFFFFFFFFFFFFFFFFFFFFFFFFFFF82
:10AEE000FFFFFFFFFFFFFFFFFFFFFFFFFFFFFFFF72
:10AEF000FFFFFFFFFFFFFFFFFFFFFFFFFFFFFFFF62
:10AF0000FFFFFFFFFFFFFFFFFFFFFFFFFFFFFFFF51
:10AF1000FFFFFFFFFFFFFFFFFFFFFFFFFFFFFFFF41
:10AF2000FFFFFFFFFFFFFFFFFFFFFFFFFFFFFFFF31
:10AF3000FFFFFFFFFFFFFFFFFFFFFFFFFFFFFFFF21
:10AF4000FFFFFFFFFFFFFFFFFFFFFFFFFFFFFFFF11
:10AF5000FFFFFFFFFFFFFFFFFFFFFFFFFFFFFFFF01
:10AF6000FFFFFFFFFFFFFFFFFFFFFFFFFFFFFFFFF1
:10AF7000FFFFFFFFFFFFFFFFFFFFFFFFFFFFFFFFE1
:10AF8000FFFFFFFFFFFFFFFFFFFFFFFFFFFFFFFFD1
:10AF9000FFFFFFFFFFFFFFFFFFFFFFFFFFFFFFFFC1
:10AFA000FFFFFFFFFFFFFFFFFFFFFFFFFFFFFFFFB1
:10AFB000FFFFFFFFFFFFFFFFFFFFFFFFFFFFFFFFA1
:10AFC000FFFFFFFFFFFFFFFFFFFFFFFFFFFFFFFF91
:10AFD000FFFFFFFFFFFFFFFFFFFFFFFFFFFFFFFF81
:10AFE000FFFFFFFFFFFFFFFFFFFFFFFFFFFFFFFF71
:10AFF000FFFFFFFFFFFFFFFFFFFFFFFFFFFFFFFF61
:10B00000FFFFFFFFFFFFFFFFFFFFFFFFFFFFFFFF50
:10B01000FFFFFFFFFFFFFFFFFFFFFFFFFFFFFFFF40
:10B02000FFFFFFFFFFFFFFFFFFFFFFFFFFFFFFFF30
:10B03000FFFFFFFFFFFFFFFFFFFFFFFFFFFFFFFF20
:10B04000FFFFFFFFFFFFFFFFFFFFFFFFFFFFFFFF10
:10B05000FFFFFFFFFFFFFFFFFFFFFFFFFFFFFFFF00
:10B06000FFFFFFFFFFFFFFFFFFFFFFFFFFFFFFFFF0
:10B07000FFFFFFFFFFFFFFFFFFFFFFFFFFFFFFFFE0
:10B08000FFFFFFFFFFFFFFFFFFFFFFFFFFFFFFFFD0
:10B09000FFFFFFFFFFFFFFFFFFFFFFFFFFFFFFFFC0
:10B0A000FFFFFFFFFFFFFFFFFFFFFFFFFFFFFFFFB0
:10B0B000FFFFFFFFFFFFFFFFFFFFFFFFFFFFFFFFA0
:10B0C000FFFFFFFFFFFFFFFFFFFFFFFFFFFFFFFF90
:10B0D000FFFFFFFFFFFFFFFFFFFFFFFFFFFFFFFF80
:10B0E000FFFFFFFFFFFFFFFFFFFFFFFFFFFFFFFF70
:10B0F000FFFFFFFFFFFFFFFFFFFFFFFFFFFFFFFF60
:10B10000FFFFFFFFFFFFFFFFFFFFFFFFFFFFFFFF4F
:10B11000FFFFFFFFFFFFFFFFFFFFFFFFFFFFFFFF3F
:10B12000FFFFFFFFFFFFFFFFFFFFFFFFFFFFFFFF2F
:10B13000FFFFFFFFFFFFFFFFFFFFFFFFFFFFFFFF1F
:10B14000FFFFFFFFFFFFFFFFFFFFFFFFFFFFFFFF0F
:10B15000FFFFFFFFFFFFFFFFFFFFFFFFFFFFFFFFFF
:10B16000FFFFFFFFFFFFFFFFFFFFFFFFFFFFFFFFEF
:10B17000FFFFFFFFFFFFFFFFFFFFFFFFFFFFFFFFDF
:10B18000FFFFFFFFFFFFFFFFFFFFFFFFFFFFFFFFCF
:10B19000FFFFFFFFFFFFFFFFFFFFFFFFFFFFFFFFBF
:10B1A000FFFFFFFFFFFFFFFFFFFFFFFFFFFFFFFFAF
:10B1B000FFFFFFFFFFFFFFFFFFFFFFFFFFFFFFFF9F
:10B1C000FFFFFFFFFFFFFFFFFFFFFFFFFFFFFFFF8F
:10B1D000FFFFFFFFFFFFFFFFFFFFFFFFFFFFFFFF7F
:10B1E000FFFFFFFFFFFFFFFFFFFFFFFFFFFFFFFF6F
:10B1F000FFFFFFFFFFFFFFFFFFFFFFFFFFFFFFFF5F
:10B20000FFFFFFFFFFFFFFFFFFFFFFFFFFFFFFFF4E
:10B21000FFFFFFFFFFFFFFFFFFFFFFFFFFFFFFFF3E
:10B22000FFFFFFFFFFFFFFFFFFFFFFFFFFFFFFFF2E
:10B23000FFFFFFFFFFFFFFFFFFFFFFFFFFFFFFFF1E
:10B24000FFFFFFFFFFFFFFFFFFFFFFFFFFFFFFFF0E
:10B25000FFFFFFFFFFFFFFFFFFFFFFFFFFFFFFFFFE
:10B26000FFFFFFFFFFFFFFFFFFFFFFFFFFFFFFFFEE
:10B27000FFFFFFFFFFFFFFFFFFFFFFFFFFFFFFFFDE
:10B28000FFFFFFFFFFFFFFFFFFFFFFFFFFFFFFFFCE
:10B29000FFFFFFFFFFFFFFFFFFFFFFFFFFFFFFFFBE
:10B2A000FFFFFFFFFFFFFFFFFFFFFFFFFFFFFFFFAE
:10B2B000FFFFFFFFFFFFFFFFFFFFFFFFFFFFFFFF9E
:10B2C000FFFFFFFFFFFFFFFFFFFFFFFFFFFFFFFF8E
:10B2D000FFFFFFFFFFFFFFFFFFFFFFFFFFFFFFFF7E
:10B2E000FFFFFFFFFFFFFFFFFFFFFFFFFFFFFFFF6E
:10B2F000FFFFFFFFFFFFFFFFFFFFFFFFFFFFFFFF5E
:10B30000FFFFFFFFFFFFFFFFFFFFFFFFFFFFFFFF4D
:10B31000FFFFFFFFFFFFFFFFFFFFFFFFFFFFFFFF3D
:10B32000FFFFFFFFFFFFFFFFFFFFFFFFFFFFFFFF2D
:10B33000FFFFFFFFFFFFFFFFFFFFFFFFFFFFFFFF1D
:10B34000FFFFFFFFFFFFFFFFFFFFFFFFFFFFFFFF0D
:10B35000FFFFFFFFFFFFFFFFFFFFFFFFFFFFFFFFFD
:10B36000FFFFFFFFFFFFFFFFFFFFFFFFFFFFFFFFED
:10B37000FFFFFFFFFFFFFFFFFFFFFFFFFFFFFFFFDD
:10B38000FFFFFFFFFFFFFFFFFFFFFFFFFFFFFFFFCD
:10B39000FFFFFFFFFFFFFFFFFFFFFFFFFFFFFFFFBD
:10B3A000FFFFFFFFFFFFFFFFFFFFFFFFFFFFFFFFAD
:10B3B000FFFFFFFFFFFFFFFFFFFFFFFFFFFFFFFF9D
:10B3C000FFFFFFFFFFFFFFFFFFFFFFFFFFFFFFFF8D
:10B3D000FFFFFFFFFFFFFFFFFFFFFFFFFFFFFFFF7D
:10B3E000FFFFFFFFFFFFFFFFFFFFFFFFFFFFFFFF6D
:10B3F000FFFFFFFFFFFFFFFFFFFFFFFFFFFFFFFF5D
:10B40000FFFFFFFFFFFFFFFFFFFFFFFFFFFFFFFF4C
:10B41000FFFFFFFFFFFFFFFFFFFFFFFFFFFFFFFF3C
:10B42000FFFFFFFFFFFFFFFFFFFFFFFFFFFFFFFF2C
:10B43000FFFFFFFFFFFFFFFFFFFFFFFFFFFFFFFF1C
:10B44000FFFFFFFFFFFFFFFFFFFFFFFFFFFFFFFF0C
:10B45000FFFFFFFFFFFFFFFFFFFFFFFFFFFFFFFFFC
:10B46000FFFFFFFFFFFFFFFFFFFFFFFFFFFFFFFFEC
:10B47000FFFFFFFFFFFFFFFFFFFFFFFFFFFFFFFFDC
:10B48000FFFFFFFFFFFFFFFFFFFFFFFFFFFFFFFFCC
:10B49000FFFFFFFFFFFFFFFFFFFFFFFFFFFFFFFFBC
:10B4A000FFFFFFFFFFFFFFFFFFFFFFFFFFFFFFFFAC
:10B4B000FFFFFFFFFFFFFFFFFFFFFFFFFFFFFFFF9C
:10B4C000FFFFFFFFFFFFFFFFFFFFFFFFFFFFFFFF8C
:10B4D000FFFFFFFFFFFFFFFFFFFFFFFFFFFFFFFF7C
:10B4E000FFFFFFFFFFFFFFFFFFFFFFFFFFFFFFFF6C
:10B4F000FFFFFFFFFFFFFFFFFFFFFFFFFFFFFFFF5C
:10B50000FFFFFFFFFFFFFFFFFFFFFFFFFFFFFFFF4B
:10B51000FFFFFFFFFFFFFFFFFFFFFFFFFFFFFFFF3B
:10B52000FFFFFFFFFFFFFFFFFFFFFFFFFFFFFFFF2B
:10B53000FFFFFFFFFFFFFFFFFFFFFFFFFFFFFFFF1B
:10B54000FFFFFFFFFFFFFFFFFFFFFFFFFFFFFFFF0B
:10B55000FFFFFFFFFFFFFFFFFFFFFFFFFFFFFFFFFB
:10B56000FFFFFFFFFFFFFFFFFFFFFFFFFFFFFFFFEB
:10B57000FFFFFFFFFFFFFFFFFFFFFFFFFFFFFFFFDB
:10B58000FFFFFFFFFFFFFFFFFFFFFFFFFFFFFFFFCB
:10B59000FFFFFFFFFFFFFFFFFFFFFFFFFFFFFFFFBB
:10B5A000FFFFFFFFFFFFFFFFFFFFFFFFFFFFFFFFAB
:10B5B000FFFFFFFFFFFFFFFFFFFFFFFFFFFFFFFF9B
:10B5C000FFFFFFFFFFFFFFFFFFFFFFFFFFFFFFFF8B
:10B5D000FFFFFFFFFFFFFFFFFFFFFFFFFFFFFFFF7B
:10B5E000FFFFFFFFFFFFFFFFFFFFFFFFFFFFFFFF6B
:10B5F000FFFFFFFFFFFFFFFFFFFFFFFFFFFFFFFF5B
:10B60000FFFFFFFFFFFFFFFFFFFFFFFFFFFFFFFF4A
:10B61000FFFFFFFFFFFFFFFFFFFFFFFFFFFFFFFF3A
:10B62000FFFFFFFFFFFFFFFFFFFFFFFFFFFFFFFF2A
:10B63000FFFFFFFFFFFFFFFFFFFFFFFFFFFFFFFF1A
:10B64000FFFFFFFFFFFFFFFFFFFFFFFFFFFFFFFF0A
:10B65000FFFFFFFFFFFFFFFFFFFFFFFFFFFFFFFFFA
:10B66000FFFFFFFFFFFFFFFFFFFFFFFFFFFFFFFFEA
:10B67000FFFFFFFFFFFFFFFFFFFFFFFFFFFFFFFFDA
:10B68000FFFFFFFFFFFFFFFFFFFFFFFFFFFFFFFFCA
:10B69000FFFFFFFFFFFFFFFFFFFFFFFFFFFFFFFFBA
:10B6A000FFFFFFFFFFFFFFFFFFFFFFFFFFFFFFFFAA
:10B6B000FFFFFFFFFFFFFFFFFFFFFFFFFFFFFFFF9A
:10B6C000FFFFFFFFFFFFFFFFFFFFFFFFFFFFFFFF8A
:10B6D000FFFFFFFFFFFFFFFFFFFFFFFFFFFFFFFF7A
:10B6E000FFFFFFFFFFFFFFFFFFFFFFFFFFFFFFFF6A
:10B6F000FFFFFFFFFFFFFFFFFFFFFFFFFFFFFFFF5A
:10B70000FFFFFFFFFFFFFFFFFFFFFFFFFFFFFFFF49
:10B71000FFFFFFFFFFFFFFFFFFFFFFFFFFFFFFFF39
:10B72000FFFFFFFFFFFFFFFFFFFFFFFFFFFFFFFF29
:10B73000FFFFFFFFFFFFFFFFFFFFFFFFFFFFFFFF19
:10B74000FFFFFFFFFFFFFFFFFFFFFFFFFFFFFFFF09
:10B75000FFFFFFFFFFFFFFFFFFFFFFFFFFFFFFFFF9
:10B76000FFFFFFFFFFFFFFFFFFFFFFFFFFFFFFFFE9
:10B77000FFFFFFFFFFFFFFFFFFFFFFFFFFFFFFFFD9
:10B78000FFFFFFFFFFFFFFFFFFFFFFFFFFFFFFFFC9
:10B79000FFFFFFFFFFFFFFFFFFFFFFFFFFFFFFFFB9
:10B7A000FFFFFFFFFFFFFFFFFFFFFFFFFFFFFFFFA9
:10B7B000FFFFFFFFFFFFFFFFFFFFFFFFFFFFFFFF99
:10B7C000FFFFFFFFFFFFFFFFFFFFFFFFFFFFFFFF89
:10B7D000FFFFFFFFFFFFFFFFFFFFFFFFFFFFFFFF79
:10B7E000FFFFFFFFFFFFFFFFFFFFFFFFFFFFFFFF69
:10B7F000FFFFFFFFFFFFFFFFFFFFFFFFFFFFFFFF59
:10B80000FFFFFFFFFFFFFFFFFFFFFFFFFFFFFFFF48
:10B81000FFFFFFFFFFFFFFFFFFFFFFFFFFFFFFFF38
:10B82000FFFFFFFFFFFFFFFFFFFFFFFFFFFFFFFF28
:10B83000FFFFFFFFFFFFFFFFFFFFFFFFFFFFFFFF18
:10B84000FFFFFFFFFFFFFFFFFFFFFFFFFFFFFFFF08
:10B85000FFFFFFFFFFFFFFFFFFFFFFFFFFFFFFFFF8
:10B86000FFFFFFFFFFFFFFFFFFFFFFFFFFFFFFFFE8
:10B87000FFFFFFFFFFFFFFFFFFFFFFFFFFFFFFFFD8
:10B88000FFFFFFFFFFFFFFFFFFFFFFFFFFFFFFFFC8
:10B89000FFFFFFFFFFFFFFFFFFFFFFFFFFFFFFFFB8
:10B8A000FFFFFFFFFFFFFFFFFFFFFFFFFFFFFFFFA8
:10B8B000FFFFFFFFFFFFFFFFFFFFFFFFFFFFFFFF98
:10B8C000FFFFFFFFFFFFFFFFFFFFFFFFFFFFFFFF88
:10B8D000FFFFFFFFFFFFFFFFFFFFFFFFFFFFFFFF78
:10B8E000FFFFFFFFFFFFFFFFFFFFFFFFFFFFFFFF68
:10B8F000FFFFFFFFFFFFFFFFFFFFFFFFFFFFFFFF58
:10B90000FFFFFFFFFFFFFFFFFFFFFFFFFFFFFFFF47
:10B91000FFFFFFFFFFFFFFFFFFFFFFFFFFFFFFFF37
:10B92000FFFFFFFFFFFFFFFFFFFFFFFFFFFFFFFF27
:10B93000FFFFFFFFFFFFFFFFFFFFFFFFFFFFFFFF17
:10B94000FFFFFFFFFFFFFFFFFFFFFFFFFFFFFFFF07
:10B95000FFFFFFFFFFFFFFFFFFFFFFFFFFFFFFFFF7
:10B96000FFFFFFFFFFFFFFFFFFFFFFFFFFFFFFFFE7
:10B97000FFFFFFFFFFFFFFFFFFFFFFFFFFFFFFFFD7
:10B98000FFFFFFFFFFFFFFFFFFFFFFFFFFFFFFFFC7
:10B99000FFFFFFFFFFFFFFFFFFFFFFFFFFFFFFFFB7
:10B9A000FFFFFFFFFFFFFFFFFFFFFFFFFFFFFFFFA7
:10B9B000FFFFFFFFFFFFFFFFFFFFFFFFFFFFFFFF97
:10B9C000FFFFFFFFFFFFFFFFFFFFFFFFFFFFFFFF87
:10B9D000FFFFFFFFFFFFFFFFFFFFFFFFFFFFFFFF77
:10B9E000FFFFFFFFFFFFFFFFFFFFFFFFFFFFFFFF67
:10B9F000FFFFFFFFFFFFFFFFFFFFFFFFFFFFFFFF57
:10BA0000FFFFFFFFFFFFFFFFFFFFFFFFFFFFFFFF46
:10BA1000FFFFFFFFFFFFFFFFFFFFFFFFFFFFFFFF36
:10BA2000FFFFFFFFFFFFFFFFFFFFFFFFFFFFFFFF26
:10BA3000FFFFFFFFFFFFFFFFFFFFFFFFFFFFFFFF16
:10BA4000FFFFFFFFFFFFFFFFFFFFFFFFFFFFFFFF06
:10BA5000FFFFFFFFFFFFFFFFFFFFFFFFFFFFFFFFF6
:10BA6000FFFFFFFFFFFFFFFFFFFFFFFFFFFFFFFFE6
:10BA7000FFFFFFFFFFFFFFFFFFFFFFFFFFFFFFFFD6
:10BA8000FFFFFFFFFFFFFFFFFFFFFFFFFFFFFFFFC6
:10BA9000FFFFFFFFFFFFFFFFFFFFFFFFFFFFFFFFB6
:10BAA000FFFFFFFFFFFFFFFFFFFFFFFFFFFFFFFFA6
:10BAB000FFFFFFFFFFFFFFFFFFFFFFFFFFFFFFFF96
:10BAC000FFFFFFFFFFFFFFFFFFFFFFFFFFFFFFFF86
:10BAD000FFFFFFFFFFFFFFFFFFFFFFFFFFFFFFFF76
:10BAE000FFFFFFFFFFFFFFFFFFFFFFFFFFFFFFFF66
:10BAF000FFFFFFFFFFFFFFFFFFFFFFFFFFFFFFFF56
:10BB0000FFFFFFFFFFFFFFFFFFFFFFFFFFFFFFFF45
:10BB1000FFFFFFFFFFFFFFFFFFFFFFFFFFFFFFFF35
:10BB2000FFFFFFFFFFFFFFFFFFFFFFFFFFFFFFFF25
:10BB3000FFFFFFFFFFFFFFFFFFFFFFFFFFFFFFFF15
:10BB4000FFFFFFFFFFFFFFFFFFFFFFFFFFFFFFFF05
:10BB5000FFFFFFFFFFFFFFFFFFFFFFFFFFFFFFFFF5
:10BB6000FFFFFFFFFFFFFFFFFFFFFFFFFFFFFFFFE5
:10BB7000FFFFFFFFFFFFFFFFFFFFFFFFFFFFFFFFD5
:10BB8000FFFFFFFFFFFFFFFFFFFFFFFFFFFFFFFFC5
:10BB9000FFFFFFFFFFFFFFFFFFFFFFFFFFFFFFFFB5
:10BBA000FFFFFFFFFFFFFFFFFFFFFFFFFFFFFFFFA5
:10BBB000FFFFFFFFFFFFFFFFFFFFFFFFFFFFFFFF95
:10BBC000FFFFFFFFFFFFFFFFFFFFFFFFFFFFFFFF85
:10BBD000FFFFFFFFFFFFFFFFFFFFFFFFFFFFFFFF75
:10BBE000FFFFFFFFFFFFFFFFFFFFFFFFFFFFFFFF65
:10BBF000FFFFFFFFFFFFFFFFFFFFFFFFFFFFFFFF55
:10BC0000FFFFFFFFFFFFFFFFFFFFFFFFFFFFFFFF44
:10BC1000FFFFFFFFFFFFFFFFFFFFFFFFFFFFFFFF34
:10BC2000FFFFFFFFFFFFFFFFFFFFFFFFFFFFFFFF24
:10BC3000FFFFFFFFFFFFFFFFFFFFFFFFFFFFFFFF14
:10BC4000FFFFFFFFFFFFFFFFFFFFFFFFFFFFFFFF04
:10BC5000FFFFFFFFFFFFFFFFFFFFFFFFFFFFFFFFF4
:10BC6000FFFFFFFFFFFFFFFFFFFFFFFFFFFFFFFFE4
:10BC7000FFFFFFFFFFFFFFFFFFFFFFFFFFFFFFFFD4
:10BC8000FFFFFFFFFFFFFFFFFFFFFFFFFFFFFFFFC4
:10BC9000FFFFFFFFFFFFFFFFFFFFFFFFFFFFFFFFB4
:10BCA000FFFFFFFFFFFFFFFFFFFFFFFFFFFFFFFFA4
:10BCB000FFFFFFFFFFFFFFFFFFFFFFFFFFFFFFFF94
:10BCC000FFFFFFFFFFFFFFFFFFFFFFFFFFFFFFFF84
:10BCD000FFFFFFFFFFFFFFFFFFFFFFFFFFFFFFFF74
:10BCE000FFFFFFFFFFFFFFFFFFFFFFFFFFFFFFFF64
:10BCF000FFFFFFFFFFFFFFFFFFFFFFFFFFFFFFFF54
:10BD0000FFFFFFFFFFFFFFFFFFFFFFFFFFFFFFFF43
:10BD1000FFFFFFFFFFFFFFFFFFFFFFFFFFFFFFFF33
:10BD2000FFFFFFFFFFFFFFFFFFFFFFFFFFFFFFFF23
:10BD3000FFFFFFFFFFFFFFFFFFFFFFFFFFFFFFFF13
:10BD4000FFFFFFFFFFFFFFFFFFFFFFFFFFFFFFFF03
:10BD5000FFFFFFFFFFFFFFFFFFFFFFFFFFFFFFFFF3
:10BD6000FFFFFFFFFFFFFFFFFFFFFFFFFFFFFFFFE3
:10BD7000FFFFFFFFFFFFFFFFFFFFFFFFFFFFFFFFD3
:10BD8000FFFFFFFFFFFFFFFFFFFFFFFFFFFFFFFFC3
:10BD9000FFFFFFFFFFFFFFFFFFFFFFFFFFFFFFFFB3
:10BDA000FFFFFFFFFFFFFFFFFFFFFFFFFFFFFFFFA3
:10BDB000FFFFFFFFFFFFFFFFFFFFFFFFFFFFFFFF93
:10BDC000FFFFFFFFFFFFFFFFFFFFFFFFFFFFFFFF83
:10BDD000FFFFFFFFFFFFFFFFFFFFFFFFFFFFFFFF73
:10BDE000FFFFFFFFFFFFFFFFFFFFFFFFFFFFFFFF63
:10BDF000FFFFFFFFFFFFFFFFFFFFFFFFFFFFFFFF53
:10BE0000FFFFFFFFFFFFFFFFFFFFFFFFFFFFFFFF42
:10BE1000FFFFFFFFFFFFFFFFFFFFFFFFFFFFFFFF32
:10BE2000FFFFFFFFFFFFFFFFFFFFFFFFFFFFFFFF22
:10BE3000FFFFFFFFFFFFFFFFFFFFFFFFFFFFFFFF12
:10BE4000FFFFFFFFFFFFFFFFFFFFFFFFFFFFFFFF02
:10BE5000FFFFFFFFFFFFFFFFFFFFFFFFFFFFFFFFF2
:10BE6000FFFFFFFFFFFFFFFFFFFFFFFFFFFFFFFFE2
:10BE7000FFFFFFFFFFFFFFFFFFFFFFFFFFFFFFFFD2
:10BE8000FFFFFFFFFFFFFFFFFFFFFFFFFFFFFFFFC2
:10BE9000FFFFFFFFFFFFFFFFFFFFFFFFFFFFFFFFB2
:10BEA000FFFFFFFFFFFFFFFFFFFFFFFFFFFFFFFFA2
:10BEB000FFFFFFFFFFFFFFFFFFFFFFFFFFFFFFFF92
:10BEC000FFFFFFFFFFFFFFFFFFFFFFFFFFFFFFFF82
:10BED000FFFFFFFFFFFFFFFFFFFFFFFFFFFFFFFF72
:10BEE000FFFFFFFFFFFFFFFFFFFFFFFFFFFFFFFF62
:10BEF000FFFFFFFFFFFFFFFFFFFFFFFFFFFFFFFF52
:10BF0000FFFFFFFFFFFFFFFFFFFFFFFFFFFFFFFF41
:10BF1000FFFFFFFFFFFFFFFFFFFFFFFFFFFFFFFF31
:10BF2000FFFFFFFFFFFFFFFFFFFFFFFFFFFFFFFF21
:10BF3000FFFFFFFFFFFFFFFFFFFFFFFFFFFFFFFF11
:10BF4000FFFFFFFFFFFFFFFFFFFFFFFFFFFFFFFF01
:10BF5000FFFFFFFFFFFFFFFFFFFFFFFFFFFFFFFFF1
:10BF6000FFFFFFFFFFFFFFFFFFFFFFFFFFFFFFFFE1
:10BF7000FFFFFFFFFFFFFFFFFFFFFFFFFFFFFFFFD1
:10BF8000FFFFFFFFFFFFFFFFFFFFFFFFFFFFFFFFC1
:10BF9000FFFFFFFFFFFFFFFFFFFFFFFFFFFFFFFFB1
:10BFA000FFFFFFFFFFFFFFFFFFFFFFFFFFFFFFFFA1
:10BFB000FFFFFFFFFFFFFFFFFFFFFFFFFFFFFFFF91
:10BFC000FFFFFFFFFFFFFFFFFFFFFFFFFFFFFFFF81
:10BFD000FFFFFFFFFFFFFFFFFFFFFFFFFFFFFFFF71
:10BFE000FFFFFFFFFFFFFFFFFFFFFFFFFFFFFFFF61
:10BFF000534D49524D00000007000F008E62C49D52
:040000050041CCB139
:00000001FF
