:020000040048B2
:10000000A55AA55A010000000000000000084800A1
:100010000000000000084800000000000008480040
:1000200000000000000000000000000000000000D0
:10003000FFFFFFFFFFFFFFFFFFFFFFFFFFFFFFFFD0
:10004000FFFFFFFFFFFFFFFFFFFFFFFFFFFFFFFFC0
:10005000FFFFFFFFFFFFFFFFFFFFFFFFFFFFFFFFB0
:10006000FFFFFFFFFFFFFFFFFFFFFFFFFFFFFFFFA0
:10007000FFFFFFFFFFFFFFFFFFFFFFFFFFFFFFFF90
:10008000FFFFFFFFFFFFFFFFFFFFFFFFFFFFFFFF80
:10009000FFFFFFFFFFFFFFFFFFFFFFFFFFFFFFFF70
:1000A000FFFFFFFFFFFFFFFFFFFFFFFFFFFFFFFF60
:1000B000FFFFFFFFFFFFFFFFFFFFFFFFFFFFFFFF50
:1000C000FFFFFFFFFFFFFFFFFFFFFFFFFFFFFFFF40
:1000D000FFFFFFFFFFFFFFFFFFFFFFFFFFFFFFFF30
:1000E000FFFFFFFFFFFFFFFFFFFFFFFFFFFFFFFF20
:1000F000FFFFFFFFFFFFFFFFFFFFFFFFFFFFFFFF10
:10010000FFFFFFFFFFFFFFFFFFFFFFFFFFFFFFFFFF
:10011000FFFFFFFFFFFFFFFFFFFFFFFFFFFFFFFFEF
:10012000FFFFFFFFFFFFFFFFFFFFFFFFFFFFFFFFDF
:10013000FFFFFFFFFFFFFFFFFFFFFFFFFFFFFFFFCF
:10014000FFFFFFFFFFFFFFFFFFFFFFFFFFFFFFFFBF
:10015000FFFFFFFFFFFFFFFFFFFFFFFFFFFFFFFFAF
:10016000FFFFFFFFFFFFFFFFFFFFFFFFFFFFFFFF9F
:10017000FFFFFFFFFFFFFFFFFFFFFFFFFFFFFFFF8F
:10018000FFFFFFFFFFFFFFFFFFFFFFFFFFFFFFFF7F
:10019000FFFFFFFFFFFFFFFFFFFFFFFFFFFFFFFF6F
:1001A000FFFFFFFFFFFFFFFFFFFFFFFFFFFFFFFF5F
:1001B000FFFFFFFFFFFFFFFFFFFFFFFFFFFFFFFF4F
:1001C000FFFFFFFFFFFFFFFFFFFFFFFFFFFFFFFF3F
:1001D000FFFFFFFFFFFFFFFFFFFFFFFFFFFFFFFF2F
:1001E000FFFFFFFFFFFFFFFFFFFFFFFFFFFFFFFF1F
:1001F000FFFFFFFFFFFFFFFFFFFFFFFFFFFFFFFF0F
:10020000FFFFFFFFFFFFFFFFFFFFFFFFFFFFFFFFFE
:10021000FFFFFFFFFFFFFFFFFFFFFFFFFFFFFFFFEE
:10022000FFFFFFFFFFFFFFFFFFFFFFFFFFFFFFFFDE
:10023000FFFFFFFFFFFFFFFFFFFFFFFFFFFFFFFFCE
:10024000FFFFFFFFFFFFFFFFFFFFFFFFFFFFFFFFBE
:10025000FFFFFFFFFFFFFFFFFFFFFFFFFFFFFFFFAE
:10026000FFFFFFFFFFFFFFFFFFFFFFFFFFFFFFFF9E
:10027000FFFFFFFFFFFFFFFFFFFFFFFFFFFFFFFF8E
:10028000FFFFFFFFFFFFFFFFFFFFFFFFFFFFFFFF7E
:10029000FFFFFFFFFFFFFFFFFFFFFFFFFFFFFFFF6E
:1002A000FFFFFFFFFFFFFFFFFFFFFFFFFFFFFFFF5E
:1002B000FFFFFFFFFFFFFFFFFFFFFFFFFFFFFFFF4E
:1002C000FFFFFFFFFFFFFFFFFFFFFFFFFFFFFFFF3E
:1002D000FFFFFFFFFFFFFFFFFFFFFFFFFFFFFFFF2E
:1002E000FFFFFFFFFFFFFFFFFFFFFFFFFFFFFFFF1E
:1002F000FFFFFFFFFFFFFFFFFFFFFFFFFFFFFFFF0E
:10030000FFFFFFFFFFFFFFFFFFFFFFFFFFFFFFFFFD
:10031000FFFFFFFFFFFFFFFFFFFFFFFFFFFFFFFFED
:10032000FFFFFFFFFFFFFFFFFFFFFFFFFFFFFFFFDD
:10033000FFFFFFFFFFFFFFFFFFFFFFFFFFFFFFFFCD
:10034000FFFFFFFFFFFFFFFFFFFFFFFFFFFFFFFFBD
:10035000FFFFFFFFFFFFFFFFFFFFFFFFFFFFFFFFAD
:10036000FFFFFFFFFFFFFFFFFFFFFFFFFFFFFFFF9D
:10037000FFFFFFFFFFFFFFFFFFFFFFFFFFFFFFFF8D
:10038000FFFFFFFFFFFFFFFFFFFFFFFFFFFFFFFF7D
:10039000FFFFFFFFFFFFFFFFFFFFFFFFFFFFFFFF6D
:1003A000FFFFFFFFFFFFFFFFFFFFFFFFFFFFFFFF5D
:1003B000FFFFFFFFFFFFFFFFFFFFFFFFFFFFFFFF4D
:1003C000FFFFFFFFFFFFFFFFFFFFFFFFFFFFFFFF3D
:1003D000FFFFFFFFFFFFFFFFFFFFFFFFFFFFFFFF2D
:1003E000FFFFFFFFFFFFFFFFFFFFFFFFFFFFFFFF1D
:1003F000FFFFFFFFFFFFFFFFFFFFFFFFFFFFFFFF0D
:10040000FFFFFFFFFFFFFFFFFFFFFFFFFFFFFFFFFC
:10041000FFFFFFFFFFFFFFFFFFFFFFFFFFFFFFFFEC
:10042000FFFFFFFFFFFFFFFFFFFFFFFFFFFFFFFFDC
:10043000FFFFFFFFFFFFFFFFFFFFFFFFFFFFFFFFCC
:10044000FFFFFFFFFFFFFFFFFFFFFFFFFFFFFFFFBC
:10045000FFFFFFFFFFFFFFFFFFFFFFFFFFFFFFFFAC
:10046000FFFFFFFFFFFFFFFFFFFFFFFFFFFFFFFF9C
:10047000FFFFFFFFFFFFFFFFFFFFFFFFFFFFFFFF8C
:10048000FFFFFFFFFFFFFFFFFFFFFFFFFFFFFFFF7C
:10049000FFFFFFFFFFFFFFFFFFFFFFFFFFFFFFFF6C
:1004A000FFFFFFFFFFFFFFFFFFFFFFFFFFFFFFFF5C
:1004B000FFFFFFFFFFFFFFFFFFFFFFFFFFFFFFFF4C
:1004C000FFFFFFFFFFFFFFFFFFFFFFFFFFFFFFFF3C
:1004D000FFFFFFFFFFFFFFFFFFFFFFFFFFFFFFFF2C
:1004E000FFFFFFFFFFFFFFFFFFFFFFFFFFFFFFFF1C
:1004F000FFFFFFFFFFFFFFFFFFFFFFFFFFFFFFFF0C
:10050000FFFFFFFFFFFFFFFFFFFFFFFFFFFFFFFFFB
:10051000FFFFFFFFFFFFFFFFFFFFFFFFFFFFFFFFEB
:10052000FFFFFFFFFFFFFFFFFFFFFFFFFFFFFFFFDB
:10053000FFFFFFFFFFFFFFFFFFFFFFFFFFFFFFFFCB
:10054000FFFFFFFFFFFFFFFFFFFFFFFFFFFFFFFFBB
:10055000FFFFFFFFFFFFFFFFFFFFFFFFFFFFFFFFAB
:10056000FFFFFFFFFFFFFFFFFFFFFFFFFFFFFFFF9B
:10057000FFFFFFFFFFFFFFFFFFFFFFFFFFFFFFFF8B
:10058000FFFFFFFFFFFFFFFFFFFFFFFFFFFFFFFF7B
:10059000FFFFFFFFFFFFFFFFFFFFFFFFFFFFFFFF6B
:1005A000FFFFFFFFFFFFFFFFFFFFFFFFFFFFFFFF5B
:1005B000FFFFFFFFFFFFFFFFFFFFFFFFFFFFFFFF4B
:1005C000FFFFFFFFFFFFFFFFFFFFFFFFFFFFFFFF3B
:1005D000FFFFFFFFFFFFFFFFFFFFFFFFFFFFFFFF2B
:1005E000FFFFFFFFFFFFFFFFFFFFFFFFFFFFFFFF1B
:1005F000FFFFFFFFFFFFFFFFFFFFFFFFFFFFFFFF0B
:10060000FFFFFFFFFFFFFFFFFFFFFFFFFFFFFFFFFA
:10061000FFFFFFFFFFFFFFFFFFFFFFFFFFFFFFFFEA
:10062000FFFFFFFFFFFFFFFFFFFFFFFFFFFFFFFFDA
:10063000FFFFFFFFFFFFFFFFFFFFFFFFFFFFFFFFCA
:10064000FFFFFFFFFFFFFFFFFFFFFFFFFFFFFFFFBA
:10065000FFFFFFFFFFFFFFFFFFFFFFFFFFFFFFFFAA
:10066000FFFFFFFFFFFFFFFFFFFFFFFFFFFFFFFF9A
:10067000FFFFFFFFFFFFFFFFFFFFFFFFFFFFFFFF8A
:10068000FFFFFFFFFFFFFFFFFFFFFFFFFFFFFFFF7A
:10069000FFFFFFFFFFFFFFFFFFFFFFFFFFFFFFFF6A
:1006A000FFFFFFFFFFFFFFFFFFFFFFFFFFFFFFFF5A
:1006B000FFFFFFFFFFFFFFFFFFFFFFFFFFFFFFFF4A
:1006C000FFFFFFFFFFFFFFFFFFFFFFFFFFFFFFFF3A
:1006D000FFFFFFFFFFFFFFFFFFFFFFFFFFFFFFFF2A
:1006E000FFFFFFFFFFFFFFFFFFFFFFFFFFFFFFFF1A
:1006F000FFFFFFFFFFFFFFFFFFFFFFFFFFFFFFFF0A
:10070000FFFFFFFFFFFFFFFFFFFFFFFFFFFFFFFFF9
:10071000FFFFFFFFFFFFFFFFFFFFFFFFFFFFFFFFE9
:10072000FFFFFFFFFFFFFFFFFFFFFFFFFFFFFFFFD9
:10073000FFFFFFFFFFFFFFFFFFFFFFFFFFFFFFFFC9
:10074000FFFFFFFFFFFFFFFFFFFFFFFFFFFFFFFFB9
:10075000FFFFFFFFFFFFFFFFFFFFFFFFFFFFFFFFA9
:10076000FFFFFFFFFFFFFFFFFFFFFFFFFFFFFFFF99
:10077000FFFFFFFFFFFFFFFFFFFFFFFFFFFFFFFF89
:10078000FFFFFFFFFFFFFFFFFFFFFFFFFFFFFFFF79
:10079000FFFFFFFFFFFFFFFFFFFFFFFFFFFFFFFF69
:1007A000FFFFFFFFFFFFFFFFFFFFFFFFFFFFFFFF59
:1007B000FFFFFFFFFFFFFFFFFFFFFFFFFFFFFFFF49
:1007C000FFFFFFFFFFFFFFFFFFFFFFFFFFFFFFFF39
:1007D000FFFFFFFFFFFFFFFFFFFFFFFFFFFFFFFF29
:1007E000FFFFFFFFFFFFFFFFFFFFFFFFFFFFFFFF19
:1007F000FFFFFFFFFFFFFFFFFFFFFFFFFFFFFFFF09
:1008000000000120B10C480093CD490065A14800CB
:100810008B164A0067314A00236D4A000000000031
:10082000000000000000000000000000D76D4A003A
:10083000E3734A0000000000DF854A00C36E4800F1
:10084000E1854A00E1854A00E1854A00E1854A00E8
:10085000E1854A00E1854A00E1854A00E1854A00D8
:10086000E1854A00E1854A00E1854A00E1854A00C8
:10087000E1854A00E1854A00E1854A00E1854A00B8
:10088000E1854A00E1854A00E1854A00E1854A00A8
:10089000E1854A00E1854A00E1854A00E1854A0098
:1008A000E1854A00E1854A00E1854A00E1854A0088
:1008B000E1854A00E1854A00E1854A00E1854A0078
:1008C000E1854A00E1854A00E1854A00E1854A0068
:1008D000E1854A00E1854A00E1854A00E1854A0058
:1008E000E1854A00E1854A00E1854A00E1854A0048
:1008F000E1854A00E1854A00E1854A00E1854A0038
:10090000E1854A00E1854A00E1854A00E1854A0027
:10091000E1854A00E1854A00E1854A00E1854A0017
:10092000E1854A00E1854A00E1854A00E1854A0007
:10093000E1854A00E1854A00E1854A00E1854A00F7
:10094000E1854A00E1854A00E1854A00E1854A00E7
:10095000E1854A00E1854A00E1854A00E1854A00D7
:10096000E1854A00E1854A00E1854A00E1854A00C7
:10097000E1854A00E1854A00E1854A00E1854A00B7
:10098000E1854A00E1854A00E1854A00E1854A00A7
:10099000E1854A00E1854A00E1854A00E1854A0097
:1009A000E1854A00E1854A00E1854A00E1854A0087
:1009B000E1854A00E1854A00E1854A00E1854A0077
:1009C000E1854A00E1854A00E1854A00E1854A0067
:1009D000E1854A00E1854A00E1854A00E1854A0057
:1009E000E1854A00E1854A00E1854A00E1854A0047
:1009F000E1854A00E1854A00E1854A00E1854A0037
:100A0000E1854A00E1854A00E1854A00E1854A0026
:100A1000E1854A00E1854A00E1854A00E1854A0016
:100A2000E1854A00E1854A00E1854A00E1854A0006
:100A3000E1854A00E1854A00E1854A00E1854A00F6
:100A4000E1854A00E1854A00E1854A00E1854A00E6
:100A5000E1854A00E1854A00E1854A00E1854A00D6
:100A6000E1854A00E1854A00E1854A00E1854A00C6
:100A7000E1854A00E1854A00E1854A00E1854A00B6
:100A8000E1854A00E1854A00E1854A00E1854A00A6
:100A9000E1854A00E1854A00E1854A00E1854A0096
:100AA000E1854A00E1854A00E1854A00E1854A0086
:100AB000E1854A00E1854A00E1854A00E1854A0076
:100AC000E1854A00E1854A00E1854A00E1854A0066
:100AD000E1854A00E1854A00E1854A00E1854A0056
:100AE000E1854A00E1854A00E1854A00E1854A0046
:100AF000E1854A00E1854A00E1854A00E1854A0036
:100B0000E1854A00E1854A00E1854A00E1854A0025
:100B1000E1854A00E1854A00E1854A00E1854A0015
:100B2000E1854A00E1854A00E1854A00E1854A0005
:100B3000E1854A00E1854A00E1854A00E1854A00F5
:100B4000E1854A00E1854A00E1854A00E1854A00E5
:100B5000E1854A00E1854A00E1854A00E1854A00D5
:100B6000E1854A00E1854A00E1854A00E1854A00C5
:100B7000E1854A00E1854A00E1854A00E1854A00B5
:100B8000E1854A00E1854A00E1854A00E1854A00A5
:100B9000E1854A00E1854A00E1854A00E1854A0095
:100BA000E1854A00E1854A00E1854A00E1854A0085
:100BB000E1854A00E1854A00E1854A00E1854A0075
:100BC000E1854A00E1854A00E1854A00E1854A0065
:100BD000E1854A00E1854A00E1854A00E1854A0055
:100BE000E1854A00E1854A00E1854A00E1854A0045
:100BF000E1854A00E1854A00E1854A00E1854A0035
:100C0000E1854A00E1854A00000000000000000084
:100C100009000000F02B4020B03F4B0000484B0083
:100C20004034402000484B00EC484B002C3540201D
:100C3000F8484B00F8484B0000404020EC484B007F
:100C4000F8484B007A464020F8484B00F8484B00E3
:100C5000007C4020F8484B00F8484B000000002082
:100C600000084800080C480008040020C02A4B0077
:100C7000B03F4B0000000000F8484B00F8484B0024
:100C8000040000000000402035244020382440208B
:100C9000EE2B4020404040207A46402000000000DB
:100CA0000000000000BF00BF00BF00BFFAE7000067
:100CB00072B6002100220023002400250026002710
:100CC000B846B946BA46BB46BC464FF06400013848
:100CD0000028FCDC49480168494A01EA0201002970
:100CE00017D148480168464A41EA02010160464876
:100CF0000168012241EA020101604448444901605F
:100D0000444901603D4801683D4A01EA0201002969
:100D1000F8D04148414901604149086820F0040089
:100D200040F0010008603F49086820F0040040F0EE
:100D3000010008603C4880F308883C4801680020B6
:100D4000814200D028E03A483A4901603A490160BE
:100D50003A483B49016008E03A4836490160364963
:100D60000160394836490160FFE73848002813D050
:100D700037480168012201EA0201002902D0354901
:100D8000354A01E03549344A521A013A04DD00205F
:100D9000002309C1083AFCDA3148002809D031495A
:100DA000314A521A013A04DD0020002309C1083AF1
:100DB000FCDA2E48002809D02D492E4A521A013A51
:100DC00004DD0020002309C1083AFCDA2A48006843
:100DD0002A498842FAD0154801680020814202D091
:100DE00027F0C5F901E027F077F91AF043FF62B662
:100DF0001AF038FF09F095F900BFFEE710C32D4047
:100E00000000000130C32D4004C32D4000C02D4020
:100E1000F05A00000FA5000008ED00E000000020DF
:100E200094EF00E090EF00E0000001200400264075
:100E30001000274020C5000028D9000000002740EE
:100E4000400000FF10C0464000C0464001000000C6
:100E500000C02840000040200080402000004020CA
:100E6000010000000000002000000120010000003F
:100E70000000000000800000E42B40205A5A5A5A1B
:100E80002DE9F84F00256321DFF88C2A904200D924
:100E900010460446DFF8847A00E0114657F8210036
:100EA000A0420BD36A185208AA4207D08A4205D042
:100EB00057F82200A042F0D21546EFE757F8252058
:100EC000DFF85C6A944209D13573DFF8580A00EB09
:100ED000C50096F8F01030F8110040E0844209D1C6
:100EE0003173DFF8400A00EBC10096F8F01030F8DB
:100EF000110034E0801A02D14FF0000912E096F898
:100F0000F030DFF820CA0CEBC10131F813E00CEB34
:100F1000C50131F81310AEEB010EA21A02FB0EF25E
:100F2000B2FBF0F9DFF8008A307B00281DD0834641
:100F300098F800A05046ABEB000000F097FD0228A7
:100F400013DC57F82B000146327BAA4209D210EB82
:100F50001110844209D286F80CA0B8F80200BDE84E
:100F6000F28FB0EB11108442F5D2DFF8B80900EB34
:100F7000C50096F8F01030F8110048443573317B05
:100F800088F80010A8F8020080B2E8E7F0B585B054
:100F900004460D4617461E4601A8102100F06AFDC2
:100FA00000220421684600F075FD8DF8007030467F
:100FB0008DF80200360A8DF80160ADF80450032068
:100FC000ADF80A0000208DF80C006846049001A9D5
:100FD000204620F07FFA05B0F0BDF0B585B004469C
:100FE0000D4617461E4601A8102100F043FD0022C1
:100FF0000421684600F04EFD8DF80070ADF80450F5
:101000000120ADF80A0000208DF80C0001208DF8B9
:1010100009006846049001A9204620F05BFAADF86B
:1010200004500220ADF80A0001208DF80C000020C9
:101030008DF809006846049001A9204620F04AFA7C
:1010400030709DF801009DF8001040EA012005B0C5
:10105000F0BDF8B5DFF8C86806F18A07388800EBFC
:101060008001880000F034FD0022DFF8C03800F075
:1010700041FD04460D46788800EB4001480000F031
:1010800027FD0022DFF8A83800F034FD22462B4669
:1010900000F006FE00F034FFC6F8B00006F1F001E3
:1010A00040F21552904201D300220A7040F24C42A5
:1010B000904201D2012008700878DFF87828137870
:1010C000834230D01070F27A022A2CD1CA790028DB
:1010D00014D0282010FB02F20A2392FBF3F2CA81FB
:1010E000317BC90342F2107291FBF2F111FB00F166
:1010F00089B20420BDE8F44026F088BE532010FBDE
:1011000002F20A2392FBF3F2CA81317BC90342F255
:10111000107291FBF2F111FB00F189B20420BDE8DD
:10112000F44026F073BEF1BD10B5DFF8F4474CF67D
:101130001063012244210020FFF728FF0028D4F883
:10114000E80004D120F08000C4F8E80003E040F09B
:101150008000C4F8E800D4F8E800C0F3C01000280C
:1011600002D00FF6240300E08FA30FF608028FA130
:10117000082001F007FD04F18A00C82101804180A8
:1011800010BD7CB500208DF800006B46024644215E
:10119000FFF723FF0446DFF8A0579DF80000002862
:1011A00003D02868401C286015E000202860DFF884
:1011B0007067D6F8E800C0F3C01000280BD00FF21B
:1011C000D0727AA1082001F0DDFCD6F8E80020F00A
:1011D0008000C6F8E8002868042813D3DFF84057D9
:1011E000D5F8E800C0F3C010002805D10FF2B8729E
:1011F0006EA1042001F0C6FCD5F8E80040F08000A4
:10120000C5F8E800FFF725FF0121204600138140C3
:10121000C4F30B044C4300EE104AB8EE400A73BD11
:101220002DE9F0412DED028BDFF8F44604F178054D
:10123000A86A002810D1FFF7A4FFBCEEC00A10EE88
:10124000100A01F0C5FD4FF03332DFF8F03600F040
:1012500051FC00F055FEA862A86AFFF711FE074690
:10126000DFF8DC663088411C3180652814DB002003
:101270003080FFF786FFBCEEC00A10EE100A01F0C6
:10128000A7FD4FF03332DFF8B43600F033FC00F046
:1012900037FEA8620120287004F1F008E07A0128E6
:1012A00057D198ED0B0A00EE907AB8EE608ADFF81D
:1012B0009476B5EE400AF1EE10FA31D500F0F0FA6E
:1012C000D8F82000C8F81C00A96AC8F82010D8F87F
:1012D0001400091A98F8040011FB00F0A8F8100097
:1012E00098ED0B0AF7EE000A30EE200A28EE000A0D
:1012F000BDEEC00A10EE101A00B210FA81F098F894
:10130000001037F811100A4603469BB29A4201D2E8
:10131000718000E07080B6F90200A8F80E0018E0B5
:10132000F7EE000A30EE200A28EE000ABDEEC00AF1
:1013300098F8000037F81000014610EE102A92B21B
:10134000914202D2A8F80E0003E010EE100AA8F8AD
:101350000E00B8F90E1098F8080010FB01F10A20F1
:10136000B1FBF0F0A17B022903D094F829110129E7
:1013700016D12178032913D1C0034FF47A71B0FB41
:10138000F1F189B2042026F041FDD4F83401C0F314
:101390004020002802D0A07CE07001E00020E07036
:1013A000BDEC028BBDE8F0814F4B000073797300F8
:1013B0002DE9F84185B00446DFF86465F07900282E
:1013C00040F0CB8020467F2800F0C780307803288B
:1013D00008D0DFF874259AA1082006B0BDE8F041D6
:1013E00001F0D0BB2046642801DD642402E0200027
:1013F00000D1012453207073034640222C21012088
:1014000001F057FE06F59270016921F0400101617B
:1014100006F1A001DFF8342512688A61DFF804754F
:1014200007F5487806F1F005F27A012A54D10868E8
:101430006861FFF725FD297838F8111000EE101AC1
:10144000F8EE400A00EE100AB8EE400A80EE201ACC
:10145000DFED7C1A21EE211ABDEEC11A11EE101A31
:101460002983214601EE101AB8EE411A81EE211AA5
:1014700061EE200AFCEEE00A10EE906A311A00EEEE
:10148000901A002802D1B7EE000A03E0B8EEE01A85
:1014900081EE000A85ED0B0AEE81298B0491CDEDDA
:1014A000030A02960190BDEEC00A10EE100A80B247
:1014B0000090234607F5557261A1102001F062FBF0
:1014C000F6034FF47A70B6FBF0F189B2042006B04F
:1014D000BDE8F04126F09ABC3473EC71214601EB73
:1014E00081025100698104702878014638F8111092
:1014F0004C43642194FBF1F1E981E979002813D090
:10150000282010FB01F10A2291FBF2F1E981317BE5
:10151000C90342F2107291FBF2F111FB00F189B2A2
:10152000042026F073FC12E0532010FB01F10A2284
:1015300091FBF2F1E981317BC90342F2107291FB18
:10154000F2F111FB00F189B2042026F05FFCE8798A
:1015500006B0BDE8F04102F047BD06B0BDE8F0813D
:101560007CB50646DFF8B8432078032808D0DFF8BA
:10157000E02333A1082002B0BDE8704001F002BBB7
:1015800030004ED02EA533460FF2344229461020AB
:1015900001F0F8FAE6723046012805D004F1F000B7
:1015A0000021C162018301823046022834D104F156
:1015B000F006B6F90E000190F0790090B3790FF2C1
:1015C0001C422946102001F0DDFAB6F90E00642114
:1015D00010FB01F000EE100AB8EEC00ADFF8440379
:1015E000317800EB4100B0F8200300EE900AF8EEED
:1015F000600A80EE200A10EE100A02F04DFE41EC67
:10160000100B02F06DFE51EC100B02F09DFEB0715C
:10161000F071C0B202F0E8FCE07ABDE8764002F07A
:101620000EBD73BDBE4981F8F5007047BC49A1F8F5
:101630008C007047BA49A1F88A007047000000008A
:10164000737973000000C842FEB50D46B44C94F89F
:1016500029110246914200F0A580014602291DD1C0
:1016600094F83401C00740F19D8033206073034635
:1016700040222C21012001F01CFD0120E0710220FC
:1016800084F8290100950123B24AA1A1102001F09C
:1016900079FA0220BDE8FE4002F008BF012879D1A6
:1016A000002026F057FB0020E0702074022108463D
:1016B00026F0E1FB04F1B806A44F38687060002002
:1016C000E071012084F82901332060730346402231
:1016D0002C21012001F0EDFCD4F8340120F0400071
:1016E000C4F834013868306094F8F000002802D063
:1016F0000FF2083000E087A085A601900095E379FD
:10170000954A3146082001F03DFAE07A02283CD1A2
:10171000217894F8F00000281CD0032935D1282521
:10172000207BC00342F2107190FBF1F36B430FF288
:10173000D4223146102001F025FA207BC00342F26A
:10174000107190FBF1F010FB05F189B2042026F036
:101750005DFB1AE0032918D15325207BC00342F218
:10176000107190FBF1F36B43AEA23146102001F0F3
:1017700009FA207BC00342F2107190FBF1F010FBDC
:1017800005F189B2042026F041FB0120BDE8FE40AE
:1017900002F08CBEAAA25EA1022003B0BDE8F04018
:1017A00001F0F0B9F7BD70477CB56C4D287B2B7903
:1017B0006B4E5B4CA17E994202D1E17E814209D001
:1017C000A376E076717A01910090664A50A10820D4
:1017D00001F0D8F9B07A012824D13068002821D04E
:1017E000707A00281ED160490878002802D0487815
:1017F00001280BD104F1BC00022181620121217476
:101800000021E18151490968016003E0012004F1F0
:10181000BC01886240F22B410220FFF715FF002037
:10182000306073BD707A002839D04F48A17E0170B6
:10183000E17E4170297B012902D02879002812D14C
:1018400004F1BC0002218162012121740021A173F5
:101850003E49096801600020E07340F242410220E5
:10186000BDE87C40F0E6002919D1012801D002280A
:1018700015D1012004F1BC018862E07B00280ED163
:10188000607F022805D140F253410220BDE87C4030
:10189000DAE640F255410120BDE87C40D4E673BD54
:1018A0001F48D0F8A01000F1F4023048814220D344
:1018B000938A1069091A4FF4FA60B1FBF0F0C0186E
:1018C00080B2642802DA0420107014E0962802DA4C
:1018D000082010700FE0C82802DA0A2010700AE011
:1018E000B0F5967F02DA0D20107004E00F20107022
:1018F00001E00020107013781D480178994206D04D
:10190000037000BF55A202A1082001F03BB9704747
:10191000737973004461790000710200588A4A00AB
:10192000E416002024864A00042440200000E83FFA
:101930000000D03F18244020000040203333F33F04
:101940000824402044894A004C894A00BC1E40209B
:10195000AC894A00D8894A00008A4A00D00B00208E
:10196000B8040020308A4A00192440200171020086
:101970001B244020496E6974204F7074333030311D
:101980003A2025730D0A00004661696C00000000D2
:101990004F707433303031204F7074333030312019
:1019A0004F6B0D0A000000004F707433303031204F
:1019B0004F707433303031206661696C0D0A00005D
:1019C0004C696768745F56616C75654D6F64656CD2
:1019D000436D64203A2025640D0A00006175746F20
:1019E0007065723A25642C6D616E757065723A256A
:1019F000642C50574D3A25640D0A00004E69676803
:101A00007400000050776D5F5365744475747943BA
:101A100079636C65204E494748543A2025640D0A85
:101A20000000000050776D5F53657444757479430E
:101A300079636C65204441593A2025640D0A000001
:101A4000554E4B4E4F574E2053545245414D494EE3
:101A500047204D4F44450D0A000000004D2076619F
:101A60006C75652025640D0A00000000002848BF41
:101A700040427047002200F011B88268521C826018
:101A8000426832B10268531C036011704168491EFC
:101A90004160704762F30F2262F31F4200B500BF3E
:101AA000130096469446103928BFA0E80C50FAD887
:101AB0005FEA417C28BF0CC048BF40F8042BC9072F
:101AC00028BF20F8022B48BF00F8012B00BD000002
:101AD00010F0004160B148BF4042B0FA80F290403F
:101AE000D21CC2F5846241EA025202EBD0214005C9
:101AF0007047000030B540F2FF7C1CEA11541DBF56
:101B00001CEA1355644565453FE0641981EA030CFE
:101B10006FF35F530CF0004C43F48013C90241F0A3
:101B2000004141EA505EC5021100A5FB02020028F7
:101B30004FF00000EEFB01204FF00001E3FB052118
:101B400018BF42F00102401800214941E3FB0E0199
:101B5000A4F580640D0302D292184041494154F12A
:101B6000010470DD450872F1004250F1000051EBB4
:101B70000451A1F5801102D441EA0C0130BD40F2BC
:101B8000FF7E4CEA0E51002030BD0CEA135564452F
:101B900018BF654581EA030C0CF0004C41D050EAB7
:101BA000410E1CBF52EA430E02E06146002030BDE8
:101BB00024422C441BD15FEA050EF6D0090302BF74
:101BC00001460020AEF1140EB1FA81F5AEEB05042A
:101BD00001FA05FE0C35C5F1200100FA05F5C840F3
:101BE0004EEA000E6FF35F5343F480139CE733F02B
:101BF0000043B3FA83F504BFB2FA82FE75440B3D8D
:101C0000641BB5F1200E2FBF02FA0EF3AB40C5F1F5
:101C1000200E22FA0EFE38BF43EA0E03AA40641CCF
:101C20007CE750EA410E14BF52EA430E6FF0000108
:101C30004FF4001515EB430F8EBF194615EB410FFE
:101C40009DE7B4D830BDD4F10104B4F120050FDA1A
:101C5000C4F12005520828BF42F0010210FA05FE27
:101C600001FA05F57244E2BFE0402843E1400FE08D
:101C7000352C9ADCC5F1200452EA400220FA05F224
:101C800018BF42F0010231FA05F0A1400A430021D9
:101C900072F1004250F1000051EB0C0130BD000028
:101CA00070B491EA030F4FF0004540F1BF806B40E4
:101CB000841A71EB030604D26E40001BB141121965
:101CC00073414FF4001C1CEB410F34BF7CEB430607
:101CD00083E00C0DA4EB1356362E00F37C80012E0E
:101CE00045EAC32341DC43EA525312BFD2029202B7
:101CF0005B08240545EAC12141EA5051D2EBC020DE
:101D0000994125D407D1B0FA80F610FA06F162D0D5
:101D10000020203608E0B1FA81F6B140C6F1200279
:101D200020FA02F21143B0404FEAF474B4EB465487
:101D300034F001064FEA74040AD8D6F50016760D81
:101D400004F00044F04061FA06F25040F14048408F
:101D5000C00A40EA415021F0004128BF5FEA500527
:101D600050F1000044EBD12135E0DB0A45EAC12106
:101D7000C90AB6F120050EDD42EA0242120CC5F195
:101D8000200603FA06F6EB4042EA06056D4298414A
:101D900061F100010DE062FA06F5F240554063FA88
:101DA00006FC82EA0C02F3405A406D42904161EB1E
:101DB000030111F4801F05D1641E620502D06D007D
:101DC0004041494121F48011430875F1004350F12D
:101DD000000041EB045170BC70471CEB410F15D261
:101DE00023F0004352EA43060BD04FEA4C0CBCEB05
:101DF000410F04D80C0D661E342EB7DDEBE7801AB8
:101E0000994150EA410608BF0021E4E708BF1CEBF6
:101E1000430F28BF6FF00001DDE7000070B491EAC6
:101E2000030F4FF000457FF543AF6B40841A71EB11
:101E3000030603D2001BB141121973414FF4001C79
:101E40001CEB410F34BF7CEB430442E00C0DA4EBD0
:101E50001356352E4FDC45EAC323DB0A45EAC12180
:101E6000C912B6F120050DDD63FA05F6EB4086EAEE
:101E70000305124218BF45F00105C01851F10001D9
:101E80000CD213E062FA06F5F2405540F3415A4095
:101E9000B340F3405A408018594107D349085FEADC
:101EA00030005FEA350528BF45F0010501F58011D6
:101EB000420875F1004250F1000041EB04514E0020
:101EC00016F5001F70BC38BF70470020090D0905CA
:101ED00070471CEB410F10D252EA43060BD0BCEB0B
:101EE000410F05D80C0DAB43661E342EB6DD02E063
:101EF000AB438018594170BC704770BC70470000FC
:101F0000400D40F21E4C40EAC120BCEB115C40F099
:101F1000004003D48CF30701C84070476FEAE170BA
:101F2000704700003EB504460D460020ADF80000A5
:101F30006A460DF1010102F027FC681C019095F83A
:101F400041000290002C36D12878092804D00E28B0
:101F50000FD00F2819D024E0002002F00EFC012839
:101F600029D101A9002002F060FC022003F080F8D2
:101F700037BD9DF8000003281DD1082003F078F834
:101F800001A9002004F0C2FB37BD9DF80000032822
:101F900011D1082003F06CF801A9012004F0B6FB70
:101FA00037BD04F0EAFD012805D195F84120691CF0
:101FB000287800F001F837BD2DE9F84304460D46B6
:101FC000174611284AD23E46402E47D8DFF8941BC8
:101FD00022466820424301EB020808F14409D9F87F
:101FE000040010F10F0F02D2401CC9F8040000F0E9
:101FF0002DFD01280BD199F80D00002807D199F883
:102000000E00012803D104F09AFFC9F82000012036
:1020100089F80D0004F093FFC9F81C0089F80070DE
:102020003246294608F1040004F0C6FF002801D119
:10203000012C13D13246294608F1040004F0F0FFC8
:10204000402E08D20022C6F14006314608EB0700B8
:10205000001D05F039F8012089F80C00BDE8F18376
:1020600038B500240FE0DFF8000B54216143451818
:1020700000224021681C05F027F8483504F05FFF76
:102080002860EC80641C0C2CEDD331BD38B50024E5
:1020900011E068216143451800224021281D05F008
:1020A00013F848350020A87268722872286004F07E
:1020B00046FFA861641CDFF8AC0A112CE9D300F6D6
:1020C0002C01DFF8A82A0A60DFF8A42A8A60DFF86A
:1020D000A42A0A6100F5FA62DFF89C3AD364DFF8BB
:1020E0009C3A5364DFF8983A5365DFF8A03B4B62A3
:1020F000DFF89C3B5363DFF89C3BCB63DFF8983BF6
:102100004B64DFF8983BCB62DFF8941B9160DFF8FB
:10211000941B11607F2180F8291831BD70B500260D
:1021200079E0687B012867D1A869002864D004F0B1
:1021300006FFA969EA69801A81425DD200206873AE
:1021400002464021201D04F0BFFF0120287353E008
:10215000DFF8100A68217143441804F1440500F0C7
:1021600075FC0128DDD1A87B012816D1687B0128E8
:1021700013D104F0E4FE69692A6A801A81420CD204
:102180000020A873DFF8200B50F826300FF68832B5
:102190000FF67C31082000F0F5FCA87B002815D153
:1021A00004F0CDFE2969EA69801A81420ED200202E
:1021B00068730120A873DFF8F00A50F826300FF694
:1021C00068320FF64C31022000F0DCFCA87B0128BD
:1021D00012D1A86900280FD004F0B1FEA969EA69FC
:1021E000801A814208D20020687302464021201DD7
:1021F00004F06AFF01202873287B01280AD10020FF
:10220000287304F0BAFC012804D12A78211D304635
:1022100000F004F8761C112E9AD370BDF0B585B08D
:102220000C461546102800F2D280DFE800F0090EB7
:1022300013181D22273439D042BDC2C7D0D0CC00DC
:10224000DFF8680A04F073FFC1E0DFF8640A04F005
:10225000A6FFBCE0DFF85C0A05F036F8B7E0DFF86F
:10226000580A04F070FFB2E0DFF8500A05F0A8F851
:10227000ADE0DFF84C0A05F09CF8A8E0DFF8E408D0
:1022800090F8C112012940F0A280214600F60C000E
:1022900005F0BCF89BE0DFF82C0A05F0A2F896E008
:1022A0002946204600F003FC2946204602F068F843
:1022B0008DE0DFF8140A05F08CFCA578DFF80C0A35
:1022C000290001D1461C01E00125861CE078012887
:1022D00014D1627921794908284600F0AEFD0390B7
:1022E0003078029060790190207900902B46DFF8D9
:1022F000E0290FF61C21082000F044FCE0780328B8
:102300001AD1E0798DF8100004A8009001236279B9
:1023100021794908284600F069FD03903078029041
:1023200060790190207900902B46DFF8A8290FF6FC
:10233000E011082000F026FCE078052817D160792C
:10234000A77947EA00273A4621794908284600F04C
:1023500060FF0390307802900197207900902B461F
:10236000DFF86C290FF6A811082000F00BFCE078CC
:1023700007282CD16079A77947EA0027E3793A4604
:1023800021794908284600F01DFF0390307802901B
:102390000197207900902B46DFF838290FF670114D
:1023A000082000F0EFFB12E0DFF82C0904F076FFC4
:1023B0000DE0DFF8280904F0EEFE08E0DFF8200960
:1023C00004F002FF03E02946204605F043FC05B077
:1023D000F0BD00002DE9F0418CB0044620780028C3
:1023E00000F0E2800A2800F0DF800C2880F0DC801A
:1023F000601C0190DFF86C572078401E0A2800F21C
:10240000D380DFE810F0CD000B00D400DA00F40038
:102410000E01280132023602D10055024FF00008A9
:1024200005F2EA6642461021304604F04DFEDFF820
:10243000B4783878002802D0012874D0AAE005F6D4
:10244000780007F066FA404678701AE005EB8101E3
:1024500001F678010A88521EB281897801F00101E3
:10246000B1730AE005EB810101F678010A88521E7A
:102470003281897801F00101B172401C787008F155
:10248000010878780146D5F8082991422BD24346B5
:10249000DBB2042B27DA0A46521001EB927222F0CB
:1024A00003028A1A032AE8D8DFE802F005110403C0
:1024B000E3E7CBE7D6E705EB810101F678010A886F
:1024C000521E3280897801F00101B170D5E705EB29
:1024D000810101F678010A88521EB280897801F0E4
:1024E0000101B171C9E7914256D20120387053E021
:1024F00005EB810101F678010A88521EB2818978C4
:1025000001F00101B1730AE005EB810101F67801E8
:102510000A88521E3281897801F00101B172401C93
:10252000787008F1010878780146D5F808299142B9
:102530002BD24346DBB2042B27DA0A46521001EBBA
:10254000927222F003028A1A032AE8D8DFE802F026
:1025500005110403E3E7CBE7D6E705EB810101F6BC
:1025600078010A88521E3280897801F00101B17029
:10257000D5E705EB810101F678010A88521EB28089
:10258000897801F00101B171C9E7914204D30020BB
:10259000387001E04046387001A9304605F073FA02
:1025A0009DF80C0084F841000CB0BDE8F08101A951
:1025B00005F2FA6005F003F8F2E70FF2EC70D0E9EB
:1025C0000023CDE9042305F2FC6504AA03210120C0
:1025D00007F090FDC0B2002804D10C2205992846CE
:1025E00004F01EFD01A9284604F081FED8E70FF291
:1025F000C070D0E90023CDE9042305F5E16504AA04
:102600000321012007F076FDC0B2002804D10C227E
:102610000599284604F004FD01A9284604F07AFF34
:10262000BEE70FF29470D0E90023CDE9042305F250
:10263000147504AA0321012007F05CFDC0B2002834
:1026400004D10C220599284604F0EAFC01A9284689
:1026500004F0E4FDA4E700208DF800000DF1010274
:10266000694602F091F805F5E36604F068FC306015
:1026700007F0AAFDB080DFF870064178007840EAE4
:102680000120F080DFF864064178007840EA0120FC
:10269000308102F012FE401E8041C00FB07205F280
:1026A000BA70807C012801D0022801D1012000E00D
:1026B0000020F07202F07BFD400800F00100307352
:1026C0000020707302F073FDC00800F00100B073C9
:1026D0000020F07308F05CFA308202F0ADFDB074B7
:1026E0009DF800003076DFF80806017871764078B2
:1026F000B07600207061DFF8D415C87F8A7F42EA87
:102700000022F28391F8210091F8202042EA002271
:10271000B28301F1F00291F82901012808D1B2F940
:102720000E30107A10FB03F30A2093FBF0F000E068
:10273000002005F23C77B8831078B877C878F8772E
:1027400005F25C704A7902700A79427084314A6EEF
:1027500042608A6E82608A69C2600A8813464CF2BF
:10276000010C634509DBA3F540431A46D21103EB84
:1027700012631B125B42837001E0120A8270C96906
:10278000DFF87025914200D2016100210FE068203E
:102790004843284452300278012A07D14078002863
:1027A00004D1706901228A4010437061491C1029CC
:1027B000EDD995F82201387095F85A02787095F89D
:1027C000F201B87095F82A03F87095F8C2023871D2
:1027D00095F85200787195F88A01B87195F832052C
:1027E000F87195F8BA00387295F89A05787295F8EC
:1027F000CA04B87208F06BFAB87302F089FDF87277
:1028000002F091FDB88108F0C9F978820AF09CFACB
:1028100038750AF0C7FA787509F09EFAF87309F06E
:102820009EFA387408F0B7F9787402F0B3FEB87500
:1028300002F0ACFFF875012038760AF017FB01288A
:1028400002D10120787608E00AF014FB012802D1B9
:102850000220787601E0002078760AF0EBFAB8766C
:1028600001A9304604F0D2FE9AE640208DF80C0013
:1028700096E605F2BA75DFF874044178007840EA0C
:102880000120E88007F0A0FC6880DFF86C04417844
:10289000007840EA01202880DFF84C044178007875
:1028A00040EA0120A88001A9284605F04AF977E608
:1028B00068460FF284410A68026004A80FF20051D2
:1028C0000E2204F0ADFB002508208DF80C0008A8AE
:1028D00001F01BFB684601F042FB04A801F024FB59
:1028E0000C220FF2584108A804F066FB002801D121
:1028F000012512E00C220FF2544108A804F05CFB01
:10290000002801D1022508E00C220FF2504108A84E
:1029100004F052FB002800D10325019805709DF8B2
:1029200000000AF0D5FE019948706D4668780AF0FB
:10293000CFFE01998870A8780AF0CAFE0199C87084
:1029400004A8302101710021817205AA0321019898
:10295000001D0AF065FE00200199C87120E62DE9EE
:10296000F041002430E0396881420CDA4FF0010870
:1029700009E0397B0129F6D139898142F3DA002057
:1029800038734FF00108B8F1000F1CD004F0D7FAEB
:10299000786004F0E2F8012807D12846FFF71AFD15
:1029A0000122294600200BF0B5F8DFF85013087813
:1029B000002808D1012008700FF2B0320FF2503118
:1029C000082000F0DFF8641C0C2C3DD24FF000080A
:1029D000002CF8D00A2CF6D06348542161434518E6
:1029E00005F1420630780028EDD005F144077078F3
:1029F000012805D1787B002802D140463873E2E7F0
:102A00007889002806D0401E788180B20028DAD16B
:102A10004FF0010804F093FA7968401A71780029A0
:102A200003D00229A5D006D3ADE739688142AADADE
:102A30004FF00108A7E739688142A4DA787B401E8D
:102A400078734FF001089EE7BDE8F08170B502F0A1
:102A50005FFC01280AD108F03AF9002806D10020CD
:102A60000BF085FB012801D1012000E00020401E71
:102A70008041C043C00F0146A14C22780B469A42C8
:102A800013D02170002810D000250CE035486821B3
:102A90006943084400F150060020B070307004F023
:102AA0004EFA30616D1C112DF0D3207870BD7CB5CD
:102AB000064600220121684604F006FB30783128E2
:102AC00035D17078012832D1B078B0282FD1F07884
:102AD00002282CD1244C04F155050022402128461F
:102AE00004F0F2FA0DF101026946301D0BF021FEEF
:102AF0009DF8011008430BD17120287001206870E7
:102B0000B020A8700220E8709DF80000287105E050
:102B10007F202870312068701020A870402084F831
:102B20009500012204F1540100200AF0F3FF73BD67
:102B300038B5014614460C4D402085F8E1020246A6
:102B400005F2A12004F06CFAB4F5807F01D10120D8
:102B500000E00020024605F528710020BDE838405D
:102B60000AF0D8BF080400209C0D0020B1134800D3
:102B70000B404900B93F4900833E49007942490072
:102B80006115480008B42DE9F043C2B006468946F5
:102B9000154600224FF4807102A8FEF77BFF6846BD
:102BA0005849062204F03CFA002001F01BFE0128DF
:102BB00007D13046022804D0042802D0B0F5807F27
:102BC0005FD13046022806D1072422466DA102A813
:102BD00004F036FA12E0042802D0B0F5807F06D166
:102BE0000724224669A102A804F02AFA06E0042478
:102BF0004FEA040267A102A804F022FA2746102235
:102C0000414902A8384404F00BFAC4F1F008103727
:102C1000B8F1000F35DD304680B20BF0A1FE03465F
:102C2000CDF800905DA2414602A838440BF0F8FEB2
:102C3000A8EB0008C719B8F1000F22DD2A4649ABFE
:102C4000414602A838440BF00DFFC71930468028D2
:102C500013D0002001F0B9FD054603F07EFF0128E6
:102C60000BD1032D09D129480078012805D132461E
:102C7000391B02A82044FFF75BFF394602A80BF07E
:102C8000B3FE42B0BDE8F0035DF808FB159F4900B4
:102C900025164800351648002D164800277F4800A5
:102CA000A9174800A7174800042C4020D00B00208B
:102CB000D40B0020E40B0020F00B0020080C0020B7
:102CC000100C0020500C0020540C0020E4160020B2
:102CD000A48E4A00D48E4A005C0C0020680C0020B0
:102CE0006C0C00201F244020FABF4B00F8BF4B00A3
:102CF0003C02402040420F00FABF44002124402003
:102D000022244020B01E40202717002023244020EA
:102D100043616E5478527800257320727820726572
:102D2000636F7665720D0A002573207278206C6FD0
:102D300073740D0A00000000180C1F004C41432D55
:102D40003730303330303331000000004C41542DE7
:102D50003730303330303135000000004C414E2DDB
:102D600037303033303031380000000073656E6426
:102D70002066697273742063616E206D73670D0A3B
:102D8000000000001B5B303B33316D001B5B303BB0
:102D900033336D001B5B306D000000005B25735DFD
:102DA0005B25735D000000000000000000000000D3
:102DB0000100000000000000020000000000000010
:102DC0003234433331313233343520202020000077
:102DD00050B1B0FA80F18840C91CC1F58461090581
:102DE00001EBD0214005704701467047F8B588B027
:102DF00004460E4617461D4668461021FEF73AFE69
:102E00000022102104A8FEF745FE8DF810702A4616
:102E10000E990DF1110004F003F9ADF800606D1C7E
:102E2000ADF8065000208DF8080004A8039069460C
:102E300020461EF04FFB09B0F0BD78B585B00446C2
:102E40000D46164601A81021FEF714FE00220421AB
:102E50006846FEF71FFE8DF80060ADF804500120B3
:102E6000ADF80A0000208DF80C0001208DF8090053
:102E70006846049001A920461EF02CFBADF80450D2
:102E80000120ADF80A008DF80C0000208DF8090033
:102E90006846049001A920461EF01CFB04980078A7
:102EA00006B070BD78B587B004460D46164603A837
:102EB0001021FEF7DFFD0022042102A8FEF7EAFD43
:102EC0008DF808508DF809602046ADF80C000220FE
:102ED000ADF8120000208DF8140002A8069003A996
:102EE00000201EF0F7FA060008D001900095234656
:102EF000DFF8742CB2A10220FFF744FE304608B080
:102F000070BD78B587B004460D4603A81021FEF7C2
:102F1000B1FD0022042102A8FEF7BCFD8DF8085087
:102F20002646ADF80C600120ADF8120000208DF8A7
:102F3000140001208DF8110002A8069003A90020BA
:102F40001EF0C8FA002809D00190284600902346B8
:102F5000DFF8502C9AA10220FFF714FEADF80C60A8
:102F60000120ADF812008DF8140000208DF811003A
:102F700002A8069003A900201EF0ACFA002808D091
:102F8000019000952346DFF8202C8DA10220FFF749
:102F9000F9FD0698007808B070BD2DE9F04188B0C1
:102FA00004460D4616461F4604A81021FEF762FD92
:102FB0000022042103A8FEF76DFD3046000A8DF8BB
:102FC0000C0030468DF80D008DF80E702846ADF8D7
:102FD00010000320ADF8160000208DF8180003A89B
:102FE000079004A920461EF075FA804600280ED0EE
:102FF00004A920461EF06EFA8046029001970096C2
:103000002B46DFF8A82B6EA10220FFF7BBFD404640
:1030100008B0BDE8F081F8B588B004460D46164604
:1030200004A81021FEF726FD0022042103A8FEF7C4
:1030300031FD3046000A8DF80C0030468DF80D0049
:10304000ADF810500220ADF8160000208DF81800E1
:1030500001208DF8150003A8079004A920461EF052
:1030600039FAADF810500120ADF816008DF81800AF
:1030700000208DF8150003A8079004A920461EF033
:1030800029FA07990F78002810D004A920461EF0CD
:1030900021FA044603F053FF0290019400962B4658
:1030A000DFF80C2B46A10220FFF76CFD384609B073
:1030B000F0BDF0B587B004460D4616461F4603A87E
:1030C0001021FEF7D7FC0022042102A8FEF7E2FC43
:1030D00030468DF8080038468DF809003F0A8DF813
:1030E0000A70ADF80C500320ADF8120000208DF8E6
:1030F000140002A8069003A920461EF0EBF9040074
:1031000008D0019000962B46DFF8B42A2CA10220AB
:10311000FFF738FD204607B0F0BD78B587B006460A
:103120000C46154603A81021FEF7A4FC002204213A
:1031300002A8FEF7AFFC28468DF80800ADF80C4059
:103140000120ADF8120000208DF8140001208DF848
:10315000110002A8069003A930461EF0BBF9002812
:1031600009D00190284600902346DFF8582A14A180
:103170000220FFF707FDADF80C400220ADF8120069
:1031800001208DF8140002A8069000208DF811008F
:1031900003A930461EF09EF9002808D00190009542
:1031A0002346DFF8242A06A10220FFF7EBFC9DF856
:1031B00008009DF8091040EA012008B070BD000029
:1031C00049324300F0B585B004460D4617461E4609
:1031D00001A81021FEF74EFC002204216846FEF7EC
:1031E00059FC3846000A8DF800008DF801708DF802
:1031F0000260ADF804500320ADF80A0000208DF8FD
:103200000C006846049001A920461EF063F905B041
:10321000F0BD78B585B004460D46164601A81021CC
:10322000FEF728FC002204216846FEF733FC3046F6
:10323000000A8DF800008DF80160ADF804500220FE
:10324000ADF80A0000208DF80C008DF809006846E2
:10325000049001A920461EF03DF9022003F072FE01
:10326000ADF804500120ADF80A008DF80C000020E4
:103270008DF809006846049001A920461EF02AF93D
:103280000498007806B070BD38B5DFF84049207862
:103290000A2800F22E82DFE810F00B001200200056
:1032A00041009301A501DB01E601F3010B021B02C2
:1032B0006068401C60600B28C0F01E8202E206F0CD
:1032C00083FF012805D10223112228210120FFF7C5
:1032D00064FE2078401C20700EE26068401C606034
:1032E000012840F209820320207000206060DFF88E
:1032F000E0580D2240210120FFF78DFEA8729B2887
:1033000007D09B20A8720FF6A01203A10820FFF798
:1033100039FC0020A060EFE149324300A068DFF8EB
:10332000B018897A9B2940F08C80012805D0C0F024
:103330004381032857D02BD33EE1002340F21332C0
:1033400028210120FFF729FE802340F21D32282189
:103350000120FFF722FE00234FF4457228210120AF
:10336000FFF71BFE802340F2163228210120FFF7D1
:1033700014FE042340F2173228210120FFF70DFE2E
:10338000182340F2193228210120FFF706FE13E12D
:10339000802340F21D3228210120FFF7FEFD072384
:1033A00040F24B4228210120FFF7F7FD002340F2B5
:1033B0004C4228210120FFF7F0FD242340F24D422A
:1033C00028210120FFF7E9FD242340F24E42282165
:1033D0000120FFF7E2FD002340F24F4228210120A7
:1033E000FFF7DBFDE8E000234FF48A62282101208B
:1033F000FFF7D3FD012340F2514228211846FFF781
:10340000CCFD012340F2524228211846FFF7C5FDAA
:10341000152340F26D4228210120FFF7BEFD002355
:1034200040F2611228210120FFF7B7FD24234FF459
:10343000487228210120FFF7B0FD2078401C207041
:10344000BAE0032800F2B880DFE800F0022D5882CD
:10345000002340F2133228210120FFF79EFD0023B4
:103460004FF44C7240210120FFF797FDE02340F21A
:10347000323240210120FFF790FD042340F2333225
:1034800040210120FFF789FD64234FF4427240215F
:103490000120FFF782FD402340F21132194601203E
:1034A000FFF77BFD88E05E234FF446724021012048
:1034B000FFF773FD422340F2D52240210120FFF7A0
:1034C0006CFD842340F2D32240210120FFF765FDEB
:1034D000102340F2023240210120FFF75EFD02235B
:1034E00040F2C72240210120FFF757FDA3234FF4EC
:1034F000327240210120FFF750FD5DE0432340F28E
:10350000C92240210120FFF748FD5F230622282120
:103510000120FFF742FD23234FF4487228210120A8
:10352000FFF73BFD022340F2133228210120FFF771
:1035300034FD072340F24B4228210120FFF72DFDE7
:10354000152340F26D4228210120FFF726FD33E0CC
:10355000002340F24F4228210120FFF71EFD0023E7
:103560004FF48A6228210120FFF717FD012340F262
:10357000514228211846FFF710FD012340F2524224
:1035800028211846FFF709FD042340F2C222282112
:103590000120FFF702FDA32340F2C32228210120CE
:1035A000FFF7FBFC43234FF4317228210120FFF782
:1035B000F4FC2078401C2070A068401CA0609BE0B8
:1035C0006068DFF80C16897A9B2905D1411C61607F
:1035D0001528C0F0918075E0411C61606528C0F03D
:1035E0008B806FE0DFF8E805807A9B282DD11223CD
:1035F00040F2893240210120FFF7CFFC7D234FF4B8
:10360000607240210120FFF7C8FC002340F287329E
:1036100040210120FFF7C1FC942340F28532402174
:103620000120FFF7BAFC232340F28632402101201B
:10363000FFF7B3FC002340F2D32240210120FFF723
:10364000ACFC2078401C207056E00620207053E02F
:10365000DFF87C05807A9B2834D16068411C61606A
:10366000652849D32EE0DFF86805807A9B2829D1A8
:10367000B82340F2D32240210120FFF78EFC21E045
:103680006068411C6160152836D3DFF84405807AF4
:103690009B2817D1002340F2D62240210120FFF7BA
:1036A0007CFC3123102228210120FFF776FC09E061
:1036B000DFF81C05807A9B2804D16068411C61609A
:1036C000652819D32078401C20700020606013E02A
:1036D000DFF8FC04807A9B2806D1022340F21332E3
:1036E00028210120FFF759FC002020706060012094
:1036F00032BD002020706060002032BD00B585B072
:1037000001A81021FEF7B6F968460FF2B4510A6815
:1037100002602E20ADF804000420ADF80A0000205D
:103720008DF80C006846049001A901201DF0D2FE1E
:1037300005B000BD70B5DFF8984404F18005B222F1
:103740002E210120FFF7E9FC28804AF2AE26B04284
:1037500023D03346B2222E210120FFF7AAFC4FF4DA
:103760000043FE222E210120FFF7A3FCB2222E21CE
:103770000120FFF7D2FC2880B0420ED0B4222E21C7
:103780000120FFF7CAFC4FF6FF71884201D1FFF715
:10379000B5FFA86E40F48070A866002320222C217B
:1037A0000120FFF786FC20222C210120FFF7B5FC29
:1037B00028222C210120FFF7B0FC47F6FF732822B6
:1037C0002C210120FFF775FC532060730346402233
:1037D0002C210120FFF76DFC8D2021F04BF90346D1
:1037E0000FF2E042B6A10820FFF7CCF94FF6FF74C4
:1037F000234654222C210120FFF75BFC234656224E
:103800002C210120FFF755FC234658222C210120B2
:10381000BDE870404DE4F0B585B003F090FBDFF8F3
:10382000B4432168401A652853DB03F088FB20600D
:1038300054222C210120FFF770FC064656222C2131
:103840000120FFF76AFC054658222C210120FFF7D2
:1038500064FC04464FF429722E210120FFF75DFC21
:10386000074607F01F078D2021F004F9014645EABD
:103870000600204301D1112F01D192A300E092A3B1
:1038800004910394029501960097DFF84C238CA1D4
:103890000820FFF777F9002E06D04FF6FF73542269
:1038A0002C210120FFF705FC002D06D04FF6FF73F9
:1038B00056222C210120FFF7FCFB002C09D04FF6EB
:1038C000FF7358222C21012005B0BDE8F040FFF71E
:1038D000F0BB05B0F0BD2DE9F84185B0BF4F787859
:1038E00001285FD054222C210120FFF716FC064648
:1038F00056222C210120FFF710FC054658222C21CE
:103900000120FFF70AFC04464FF429722E21012002
:10391000FFF703FC804608F01F088D2021F0AAF86D
:1039200045EA0601214302D1B8F1110F01D165A387
:1039300000E065A30490039402950196CDF8008001
:10394000A54A5FA10820FFF71DF9A548304028438C
:1039500005D134F4405002D1B8F1110F04D1012047
:103960007870002038701DE0002E06D04FF6FF73EF
:1039700054222C210120FFF79CFB002D06D04FF68E
:10398000FF7356222C210120FFF793FB002C09D056
:103990004FF6FF7358222C21012006B0BDE8F041FC
:1039A000FFF787BB06B0BDE8F08138B58B4C607877
:1039B000002845D02078002803D002281FD00BD340
:1039C0003BE00021892021F063F803F0B8FAA06001
:1039D0002078401C207031BD03F0B1FAA168401A74
:1039E00040F2C31188422BDB0121892021F050F8DD
:1039F00003F0A5FAA0602078401C207031BD03F0D0
:103A00009EFAA168401A01281ADD4FF6FF752B4671
:103A100054222C210120FFF74CFB2B4656222C214F
:103A20000120FFF746FB2B4658222C210120FFF7EF
:103A300040FB00202070607031BD0020607020705D
:103A400031BD38B5654CA1780246914227D0002897
:103A50001DD00121892021F01BF8012003F072FA0A
:103A60004FF6FF752B4654222C210120FFF721FB36
:103A70002B4656222C210120FFF71BFB2B465822F8
:103A80002C210120FFF715FB0120A07031BD002182
:103A9000892020F0FDFF002060702070A07031BDF3
:103AA0004E488078704710B54C4C6079002806D09D
:103AB00000206071E070207103F041FAE06010BDF9
:103AC00049324300657272006F6B000010B507F059
:103AD000FEF8002847D1414CA078002843D08D2023
:103AE00020F0C8FF0028207907D101280CD0012040
:103AF000207103F024FAE06006E0002804D00020E2
:103B0000207103F01CFAE06003F019FAE168401A32
:103B100040F22D11884223DB03F011FAE060207996
:103B2000E17881420BD0E070002801D121A300E0B0
:103B300021A300BF66A221A10820FFF723F8244992
:103B4000D1F8E820E078002804D122F48072C1F88E
:103B5000E82005E042F48072C1F8E820FFF7BBFEE0
:103B6000BDE8104021E710BD20D14A00F8B584B06F
:103B700005460E461F460A9C1548290001D144708F
:103B800000E08470002A0BD103F0D9F9039002946D
:103B9000019700962B46134A08A10220FEF7F2FF78
:103BA00005B0F0BD4CD14A007CD14A00A8D14A00F2
:103BB000D8D14A006F6B0000657272004932430031
:103BC0000CD24A003CD24A006CD24A00181C402059
:103BD000E4160020341C40209CD24A00241C4020C3
:103BE000CF33FFFFD0D24A0010B500210C2023F0C4
:103BF00017FC00210D2023F013FC00211B2023F0D3
:103C00000FFC00211C2023F00BFC002428E00121E4
:103C1000482020F03DFF0121492020F039FF0121FB
:103C20004F2020F035FF0121502020F031FF4FF4CC
:103C3000487003F092F90021482020F029FF00216C
:103C4000492020F025FF00214F2020F021FF0021F6
:103C5000502020F01DFF4FF4487003F07EF9641CE3
:103C6000092CD4D30121482020F012FF0121492042
:103C700020F00EFF01214F2020F00AFF01215020EB
:103C800020F006FF01210C2023F0CAFB01210D20AA
:103C900023F0C6FB07211B2023F0C2FB07211C20B9
:103CA000BDE8104023F0BCBB43616D6572614944BF
:103CB000206669782072696768742121210D0A00E5
:103CC000B42CDEC2424C20494E543A25640D0A0001
:103CD0004261636B4C69676874207374617465201A
:103CE00025730D0A0000000038B50024DFF84855A0
:103CF000FE2128460AF0E1FEDFF84035B3F8401017
:103D0000884205D0FE22294618460BF044F90446A5
:103D10002046C0B2401E8041C00F32BD10B5DFF852
:103D2000184500224FF480712046FDF7B3FE04F1E0
:103D300039000021C1700121017141710021017020
:103D40000121417081700F2204F160010FF238509F
:103D500009F0F5FCFF22112104F12800FDF79AFE7D
:103D6000FF220E2104F11A0003F0AEF901234FF6F1
:103D7000FF72FE2120460BF00FFAA4F8FE0010BDE2
:103D800070B5C0B0DFF8B444DFF8AC54FE22294669
:103D900020460BF013F9FE2128460AF08EFEB4F8F7
:103DA0004010884245D02A464FF48071DFF89004D5
:103DB0000BF02AFB6A464FF48071DFF888040BF0A1
:103DC00023FB4FF6FF7601233246FE2128460BF0F7
:103DD000E3F9B5F8FE10884213D001233246FE21E4
:103DE00068460BF0D9F9BDF8FE10884202D0FFF703
:103DF00095FF0CE04FF480726946284603F020F9E5
:103E000005E001233246FE2168460BF0C5F9DFF8D4
:103E100038644FF4803130460BF008FA4FF480726A
:103E2000314620460AF074FFFE22294620460BF058
:103E3000B2F840B070BD4FF48072DFF80C14DFF8B8
:103E4000FC030AF065BF80B5FFF7F5FFBDE8014050
:103E500096E710B5DFF8E043002215212046FDF774
:103E600019FE0020E0822083FF22112104F12800A6
:103E7000FDF710FE04F13C000021017001214170AA
:103E800081700022112104F13F0003F01DF9FF228F
:103E9000102104F15000FDF7FDFD0020024603E073
:103EA000214481F86F20401C0146C9B20229F7DB8A
:103EB00001234FF6FF72FE2120460BF06DF9A4F8A6
:103EC000FE00BDE810400FE780B501461522DFF87F
:103ED000680303F0A5F8BDE8014005E71522DFF807
:103EE000581303F09DB8DFF85003C08A7047DFF81D
:103EF0004803008B704780B501460F22DFF84C0362
:103F000003F08EF8BDE80140EEE60F22DFF83C1327
:103F100003F086B880B501460E22DFF8340303F0C3
:103F20007FF8BDE80140DFE60E22DFF8241303F03E
:103F300077B880B501461122C64803F071F8BDE894
:103F40000140D1E61122C34903F06AB880B50146A9
:103F50000322C14803F064F8BDE80140C4E603222F
:103F6000BD4903F05DB880B501460322BB4803F0AC
:103F700057F8BDE80140B7E60322B84903F050B84E
:103F800080B501461122B64803F04AF8BDE8014069
:103F9000AAE61122B24903F043B880B501461022C7
:103FA000B04803F03DF8BDE801409DE61022AD4960
:103FB00003F036B8022801DB002070479E4A104407
:103FC00080F86F1090E6022804DA9B4A104490F8BB
:103FD0006F00087070479849496F016070479649B3
:103FE0004A6F801848677047934981F878007BE6EC
:103FF000914991F87820652A02DB322281F87820F5
:1040000091F87810017070478B4981F879006BE660
:10401000894991F8791001707047874981F87A00D1
:1040200062E6854991F87A1001707047824981F8FB
:104030007B0059E6804991F87B10017070477E49FA
:1040400081F87C0050E67C4991F87C100170704743
:10405000794890F87D10FF2902D0491C80F87D1026
:1040600042E6754991F87D00002801D10120704792
:10407000002081F87D0037E66F4890F87D100A46F1
:10408000042A00DB002180F87D1090F87D00704745
:1040900070B5ADF5805D0024734D01234FF6FF72BE
:1040A00040F6FE7128460BF077F8A5F8FE0F6A4639
:1040B0004FF480514FF498000BF0A6F94FF4805262
:1040C0006946284602F078FF002809D04FF4805254
:1040D00029464FF498000BF0B7F9002800D00124CE
:1040E000624E6A464FF4805130460BF08DF94FF422
:1040F00080526946284602F05FFF002808D04FF43E
:104100008052294630460BF09FF9002800D0641CED
:104110002046C0B2401E8041C00F0DF5805D70BDCD
:1041200010B5514C00224FF480512046FDF7B2FCEF
:1041300001234FF6FF7240F6FE7120460BF02CF87B
:10414000A4F8FE0F10BD70B5ADF5805D464C22465B
:104150004FF480514FF498000BF056F96A464FF433
:10416000805142480BF050F940F6FE754FF6FF764D
:1041700001233246294620460BF00EF8B4F8FE1F04
:10418000884213D001233246294668460BF004F8D2
:10419000BDF8FE1F884202D0FFF7C2FF0CE04FF4CB
:1041A00080526946204602F04BFF05E0012332466B
:1041B000294668460AF0F0FF0DF5805D70BDC2E744
:1041C0001CB50DF101026946002000F0DDFA284C13
:1041D0002078012813D107F0BFFD002803D19DF8F6
:1041E0000000022806D002F0AAFE6168401A2149A8
:1041F000884207DB0020207000F005F813BD02F0B4
:104200009EFE606013BD43E7F8B50C4615461E469A
:10421000002732462946204602F0CEFE002808D06C
:1042200032462946204602F0FBFE01201049087064
:1042300000E05A273846F2BD401C4020401D402077
:1042400000C04B0000E04B0000404C00A01C402090
:104250005A1C4020681C4020791C40207C1C4020B7
:104260007F1C4020901C40200C42002000204C006D
:10427000A81E4020C127090080B5084611461A46ED
:1042800002F0CEFE002002BD4C41432D37303033CA
:104290003030333100000000C0F3C75181B1FF2935
:1042A00006D0C110400721F0E04101F16051704794
:1042B00041020CBF40F4E0016FF000410020704764
:1042C00000F0004100020AD0B0FA80FC00FA0CF0C5
:1042D00001F16051A1EB0C5101EBD0214005704779
:1042E00000B551EC100B00F003F841EC100B00BDD1
:1042F00040F2FF7C1CEA115240F2FE33D21A18DD64
:10430000352A1FDAB2F1150309DA6FEA4C53D340AC
:10431000094201D4401E59410020994370476FF073
:104320000002DA40094202D4801851F100019043A2
:10433000704750EA41021CBF591C090528BF4FF0C5
:104340000041002070470000C1F30A5340F21E42B2
:10435000D31A0CDDCA0283F3070342EA505242F03B
:104360000042DA4002EBE17282EAE17070476FEAE4
:10437000E17203F2E13008B182F0004070470000C2
:104380000178112900D0704710B4417822292BD12F
:104390008178332928D1C178442925D1027A114660
:1043A000090902F00F02437A1846000903F00F03CF
:1043B000092919DC092A17DC092815DC092B13DC6B
:1043C0004FF47A7411FB04F1642412FB041100EB26
:1043D000800201EB42015B18444843801946491EA4
:1043E0008941C943C90F017010BC7047404991F819
:1043F0002901022800D0704710B53C4A10780028E7
:1044000017D1C878642802D14FF4804412E03728CD
:1044100002D141F6E8440DE0232802D140F61C44C5
:1044200008E0192802D140F2145403E04FF480440C
:1044300000E0548820000AD04FF48041022023F08D
:10444000E5FC21460320BDE8104023F0DFBC10BD91
:1044500010B54FF48041002023F0D8FC4FF4804188
:10446000022023F0D3FC4FF48041032023F0CEFC44
:104470004FF48041052023F0C9FC0221084623F0B7
:10448000FAFC1B4CA07CE0706420A0740021052085
:1044900023F0BCFC0021062020F0FAFA0121832041
:1044A00020F0F6FA532084F8240110BD1049097851
:1044B000032900D0704780B50146022906D10122A8
:1044C0000C210C48BDE8084024F0A0B801280BD10D
:1044D00000220C21074824F099F84FF48041032072
:1044E000BDE8044023F092BC01BD0000142440202C
:1044F000E416002000C00840F8B5DFF8A45705F125
:104500003406306100205FE0002068615AE03069C5
:10451000046800202871012068710020A871012022
:10452000B072F0720020308030730246082105F12D
:104530002000FDF7AFFA0022082105F1360002F055
:10454000C3FD0022082105F12800FDF7A3FA05F1BB
:104550002001204600F0A8FA0746204600F0AAFAFB
:1045600001460022384602F0AFFD05F13601204633
:1045700000F09AFA0746204600F09CFA0022014615
:10458000384602F0A1FD04F128000178FF2908D087
:10459000A27805F120035A54A17805F13602037878
:1045A000D1544178FF2908D0002205F120035A5444
:1045B000114605F136024378D15480680028A3D013
:1045C00000206861E86101200028A0D00020287048
:1045D000F1BD38B5DFF8C8164B6C5A68145C01EBB6
:1045E0008410011D00250878002808D12A46186883
:1045F000C4EB041300EB830000F0AEFA00E00125E9
:10460000284632BD80B5DFF898164A6C53681B5CAB
:104610001068C3EB031200EB820001EB8311091D4C
:1046200001228A700A78002A0CD190F82920FF2AEA
:1046300004D00A44137F43F010031377012200F0E3
:104640008BFA1EE0012A0CD190F82920FF2A04D011
:104650000A44137F43F010031377012200F044FA59
:104660000FE0032A0DD14A78032A0AD190F82920B5
:10467000FF2A04D00A44137F43F01003137700F09D
:10468000D2FA002002BD10B50024DFF814164A6CDF
:104690005368185C1268C0EB001302EB830201EB55
:1046A0008010011D91F83A00002800D1012420005B
:1046B0000AD1002088700878032805D1487804289A
:1046C00002D1104600F0A5FA204610BD0146002098
:1046D000DFF8CC25536C5B68595C02EB8111091D36
:1046E0000A78032A00D00120020002D1002281F8BA
:1046F0003A20704710B40021DFF8A425536C5C68A1
:10470000205C121D02EB80121B68C0EB001403EB4F
:1047100084031078032800D00121080011D192F8F9
:104720003A00002800D0012108000AD19C6958688D
:10473000041914619C68586804195460012082F8B7
:104740003A00084610BC70470021DFF8542502EB00
:10475000801080F83F10084670470121DFF840259F
:1047600002EB801080F83F1000207047DFF8301512
:1047700001EB801090F83F007047DFF8241501EB43
:10478000801090F83E00704710B4DFF81445636C59
:10479000002B01D1012009E05B68185C04EB80105C
:1047A000001D43780B7000781070002010BC70471B
:1047B000DFF8EC24516C002901D1002070474968D2
:1047C000085C02EB801040797047DFF8D424516C0C
:1047D000002901D1002070474968085C02EB801075
:1047E00000797047DFF8B8144A6C5268105C01EB2E
:1047F000801090F83400704710B5DFF8A444606C66
:10480000006894F83510032906D1008F0AF03AFEAB
:10481000002084F8350005E02179032902D1211D0B
:1048200000F033FA0020E06110BDF8B5DFF8702425
:10483000536C1B68C0EB001403EB840402EB801084
:10484000051D04F124063268096805F1240002F010
:10485000E7FB00277079FF2804D005F124010F5CE5
:1048600007F001072878002804D129462046BDE832
:10487000F44099E1012805D1002229462046BDE8EF
:10488000F84031E1032814D12946204600F0FDF913
:10489000002F0ED06878032804D129462046BDE8B1
:1048A000F440E1E1042804D129462046BDE8F44063
:1048B0009EE1F1BD38B50020DFF8E4432CE001288B
:1048C00029D1211D284600F06EF824E0606C0568AF
:1048D00020790328F3D16079052803D1211D2846CA
:1048E00000F050F8211D284600F06AF894F83E00C8
:1048F000002803D0211D284600F022F86079052801
:1049000001D0042807D194F83E00002803D0211DCF
:10491000284600F066F801200028D7D031BDDFF826
:1049200080134A6C5368185C1268C0EB001302EBEA
:10493000830292F8342001EB801080F84020704709
:104940004A68436893421AD300224A604A78052A8B
:1049500003D1002281F8312028E1042A03D100226A
:1049600081F831205CE1032A0BD190F82920FF2A3D
:1049700004D00A44137F03F0EF03137760E1D21AE7
:104980004A6070478A684368934209D300228A606C
:104990004A78052A06D18A78002A00D018E108E171
:1049A000D21A8A607047CA684368934205D30022CE
:1049B000CA600A78012A02D1BEE0D21ACA607047E2
:1049C00010B50C46A16900290AD042688A4205D375
:1049D000407800F063F90020A06110BD891AA16140
:1049E00010BD0A694368934209D391F83020012A27
:1049F00002D1C36A0B6101E042690A6102E0D21A86
:104A00000A617047F8B584B004460D4601210026BE
:104A100005F11C000290606A039005F13007B87A36
:104A2000002800D13146002930D0787800282DD1D7
:104A30000120787005F11C01204600F035F8009047
:104A4000204600F037F801906946208F0AF033FDC8
:104A5000E069A861F87A012804D102A9208C09F044
:104A6000DCF80646002E02D1208F0AF00BFD3878C4
:104A7000012809D1E86A401CE862216B884203D111
:104A800000203870606928610020787005B0F0BDA2
:104A90000146002028310A78FF2A00D001204978F9
:104AA000FF2900D0401C704710B50C46FFF7F0FFFF
:104AB000204410BD10B50446FFF7EAFF616A081AEA
:104AC00010BD90F82920FF2A0DD00A44137F03F06F
:104AD000FE03137790F82900084490F8321001F093
:104AE000FE0180F83210704710B5044603200870AC
:104AF00005204870206B002808D0002A06D000202E
:104B00000861C862012081F8300003E0A269606892
:104B100082180A61E268606882188A60A268606828
:104B200082184A60607800F0B7F8052202216078A8
:104B3000BDE810400AF00ABD10B504460020087018
:104B400001204870607800F0A6F801220221607808
:104B5000BDE810400AF0FABC10B504460320087006
:104B600005204870206B002808D0002A06D00020BD
:104B70000861C862012081F8300003E0A269606822
:104B800082180A61A268606882184A60E2686068F8
:104B900082188A60607800F07FF805220121607831
:104BA000BDE810400AF0D2BC407873E080684860ED
:104BB000704710B504460320087048702046FFF780
:104BC00080FF032205216078BDE810400AF0BEBCDA
:104BD00010B5044603200870042048702046FFF7F3
:104BE00070FF042205216078BDE810400AF0AEBCD9
:104BF00003220A7005224A70C3684268D3188B608A
:104C000083694268D3180B610522042140780AF0B9
:104C10009DBC03220A704A70042140780AF096BCB9
:104C200080684860704703220A7004224A708369D2
:104C30004268D3180B610422032140780AF086BC35
:104C400010B5044601200870022048702069C86031
:104C500000208861607800F020F80222032160784B
:104C6000BDE810400AF072BC03220A7005224A70A7
:104C7000C3684268D3188B6083694268D3180B619C
:104C80000522032140780AF061BC826840688218DE
:104C90004A60704770477047704770477047000020
:104CA0004C2E40207047010009D4012200F01F0063
:104CB00002FA00F0DFF8C82A490942F821007047DB
:104CC00010B5042408E02046C0B222F025FB20469F
:104CD00000B2FFF7E8FF641C204600B2C528F2DBF3
:104CE00010BD000010B5DFF89C4A22F080FA207059
:104CF00094F8003003A2C6A10420BDE81040FDF7DF
:104D000041BF000053797374656D205265736574FB
:104D100020736F757263653A2025640D0A000000E8
:104D2000DFF8600A0078704738B5DFF85C0A04687D
:104D3000B7A5DFF8382C29460820FDF723FF6007C8
:104D400005D500BF0BA229460820FDF71BFFA007D1
:104D500005D500BF0EA229460820FDF713FFE00786
:104D600007D500BF11A229460820BDE83840FDF74D
:104D700009BF31BD77616B65207570206279206352
:104D8000616E305F72782070696E200D0A0000003D
:104D900077616B652075702062792063616E315F89
:104DA00072782070696E200D0A00000077616B65D3
:104DB000207570206279204143432070696E200D78
:104DC0000A0000002DE9F04F9BB000208DF856003E
:104DD0008DF85F0001208DF8550000208DF85400FB
:104DE0000DF155000AF07FFD15A80AF061FD0DF1E7
:104DF0005F020DF156010020FFF7C6FC0BF0F3F93E
:104E00008DF85E000BF000FA8DF85D000BF01FFBD3
:104E10008DF85C009DF856000AF01AFC1A9001F01B
:104E200027FF01F007FF1990002009F0A0F90128E1
:104E300001D18EA407E0002009F099F9022801D1E0
:104E4000BAA400E0BAA405F0BFF98DF85B0006F043
:104E500075FF8DF85A0007F0D3FD8DF8590000F06A
:104E600095FC8DF8580000F095FB8DF8570005F083
:104E700092FE189000F0E4F9054600F098F9064615
:104E8000B60906F0010600F092F907463F0A07F05E
:104E9000010700F012FAB0F1010868EB08084FEAC8
:104EA000D87800F084F9814600F081F9824600F05C
:104EB0007EF98346FFF734FF03469DF85E001490A9
:104EC0009DF85D0013909DF8540012909DF85500D8
:104ED00011909DF85C0010901A980F9019980E9000
:104EE0000D949DF85B000C909DF85A000B909DF876
:104EF00059000A909DF8580009909DF857000890B5
:104F000018980790069505960497CDF80C804FEAFF
:104F1000591909F00109CDF808904FEADA0A0AF0A8
:104F2000010ACDF804A04FEA5B0B0BF0010BCDF8A2
:104F300000B0DFF8482A36A18020FDF723FE1BB021
:104F4000BDE8F08FDFF84008002181608174416185
:104F50000183C161C160EDE118B589B062B60BF0A3
:104F60008DFA0BF00DFB0BF028FC09F06DFC07A887
:104F70000BF04CFC26A40FF6642221460820FDF716
:104F800001FE9DF8230006909DF8220005909DF8F3
:104F9000210004909DF8200003909DF81F000290CE
:104FA0009DF81E0001909DF81D0000909DF81C309A
:104FB000DFF8CC2921460820FDF7E4FDFEF743FF8A
:104FC000FFF770FEFFF7BEFF05F0D9F9DFF8B8076D
:104FD00090F82100002802D1FFF784FE03E00328A7
:104FE00001D1FFF7A1FE00200AB010BD80B5FFF788
:104FF000A9FF01F0E0FF0BF0C4FA05F0C7F90020AB
:1050000008F027FC09F02AFCBDE801400BF022BCA7
:105010007379730001280FD0022810D0082811D00E
:10502000102812D0202812D0402812D0802813D067
:10503000B0F5807F13D015E00FF6A81070470FF67B
:10504000AC1070470FF6AC107047B0A07047B8A016
:1050500070470FF6A81070470FF6A81070470FF6AC
:10506000AC1070470FF6B010704700004E6F720022
:105070002DE9FC4104460AF00CFB04F00100444019
:10508000DFF80457A86820424BD1DFF8F86806F132
:10509000BC07DFF8F4180878002811D1202C02D1C1
:1050A0000220087006E0022C02D10120087001E005
:1050B000032008700020B862B86F20F48060B867E1
:1050C00001F03DFF80462046FFF7A4FF0346CDF8E0
:1050D00000800FF65012B5A10420FDF753FD3C628D
:1050E000A8682043A860DFF8A408006838600020A2
:1050F000F0730AF013FB202C0CD1B86A022809D0F7
:105100000120B862707F012804D140F29311012080
:10511000FCF79AFA022C04D1B86A022801D00120C7
:10512000B8622046BDE8F6410AF030BB6F66660003
:10513000756E6B007CB50446DFF84C56A8682040BD
:10514000A04233D101F0FBFE06462046FFF762FF86
:10515000034600960FF6E80294A10420FDF712FD25
:10516000A868A043A8600AF0D9FA202C1ED100201C
:10517000ADF800000DF101026946FFF705FB9DF84F
:10518000000004280BD1DFF8FC07D0F8DC00202851
:105190000CD14FF4DF710220FCF756FA73BD0328DF
:1051A00004D040F2C5110220FCF74EFA73BDDFF8BF
:1051B000D805806870473EB5FFF7F9FF0446DFF871
:1051C000C8556869844212D0FFF7F1FF401E804144
:1051D000C043C00FA8746C6105218DF800108DF8D4
:1051E0000400686902906946002004F06DFF37BD35
:1051F0001FB5DFF8944505F0CBFCE06105F05AFCE3
:10520000E168642902D27820E0610320217E024611
:105210000B469A420FD06176207606208DF800006A
:105220008DF80410207E8DF80500E0690290694633
:10523000002004F049FF1FBDDFF84C05007E7047D9
:10524000DFF84405C0697047042813D8DFE800F090
:105250000306090C0F000FF6040070470FF6040058
:1052600070470FF6080070470FF6100070470FF6F2
:1052700014007047BEA07047F8B50446DFF8085523
:1052800095F8206030462146884210D02046FFF72E
:10529000DBFF07463046FFF7D7FF034600970FF2C4
:1052A000EC7242A10820FDF76DFC85F82040F1BDAD
:1052B000DFF8D40490F82000704710B5DFF8D0462E
:1052C000A078002805D101F0D3FC012801D10120EC
:1052D00010BD0120A0706D201FF0CCFB014622788C
:1052E000914203D0207001F02AFE606001F027FE99
:1052F0006168401A062807DB20786178814203D074
:10530000607001F01CFE6060607810BD504E43007C
:10531000DFF87404008A40F2DC51884201DA002090
:10532000704701207047DFF86004008A7047000072
:1053300041434300DFF85014088A002800D1704729
:1053400080B50020088201F0FAFD03460FF2587282
:1053500016A10420BDE80050FDF714BC10B5DFF81D
:105360002844208A4FF6FF7188421DD0002808D1BA
:1053700001F0E5FD03460FF240720CA10420FDF799
:1053800001FC208A401C208240F2DC5180B288421D
:105390000AD101F0D4FD03460FF22C7203A10420C0
:1053A000BDE81040FDF7EEBB10BD0000737973003F
:1053B00010B5DFF8D443608C4FF6FF71884201D0FE
:1053C000401C6084E068884201D2401CE060FFF726
:1053D000EEFE800603D4FFF7EAFEC00502D5FFF714
:1053E000BDFF01E0FFF7A6FF206B401C2063FFF725
:1053F0005FFF042803D0FFF75BFF012805D105F00C
:1054000003FC00F0C7F800F0C1F9FFF751FF0028D6
:1054100007D0FFF74DFF012803D0BDE8104005F08D
:10542000C3BB10BD80B5FFF743FF042807D0FFF7CB
:105430003FFF012803D0FFF740FF002806D10BF003
:1054400012FAFFF7B8FEBDE80140D1E601BD002821
:1054500006D10878012803D10020CB4981F821002A
:105460007047002901D011207047112070470000BB
:105470003EB5FFF71DFF0446FFF71AFF042860D86A
:10548000DFE800F003075F411F000120FFF7F4FE93
:105490005AE0FFF761FD002802D00320FFF7ECFE81
:1054A00002208DF800006946002004F00DFEDFF8B0
:1054B000E424B2A10820FDF765FB0420FFF7DCFE21
:1054C00042E0B148418CB1F57A7F03DB0021418491
:1054D000FFF778FCFEF774FE04F0B7FD002833D028
:1054E0000BF0C1F90FF2F852A4A10820FDF74AFB16
:1054F0000320FFF7C1FE03208DF80000694600205D
:1055000004F0E2FD20E00BF0AEF9DFF88C249BA163
:105510000820FDF737FB002008F04EFA00216E202E
:105520001FF0B6FA01F00BFD0546FFF7C6FE002896
:1055300004D001F004FD401B1A28F6DB21F046FBE5
:1055400002E00020FFF798FE2546FFF7B1FE8542F6
:1055500004D08D4880F8214000214184FFF7ADFE42
:10556000002802D12020FFF783FD09F0DDF937BDC7
:105570004D61780080B50020FFF71AF9012807D1A6
:1055800001F0DDFC40F6B931884201DB012002BDAB
:10559000002002BD38B584B0DFF800442078002830
:1055A00042D002287BD080F0B48005F0F1FAB52813
:1055B00016D36078022800F0B28001F0C0FC0546E6
:1055C00005F0E6FA00950346DFF8D4236BA104202A
:1055D000FDF7D8FA0220607001F0B1FC60609EE037
:1055E00005F0D6FA5028607815D3002800F097808F
:1055F00001F0A5FC054605F0CBFA03460095DFF85F
:10560000A4235EA10420FDF7BDFA0020607001F024
:1056100096FC606083E0012800F0818001206070CA
:1056200001F08DFC60607AE005F0B2FAB92815D37C
:105630006078022873D001F082FC054605F0A8FAD4
:1056400000950346DFF860234CA10420FDF79AFA89
:105650000220607001F073FC606060E005F098FA71
:105660004C28607807D3002859D00020607001F0E2
:1056700066FC606053E0012851D001F060FC0546F3
:1056800005F086FA00950346C84A3CA10420FDF7C0
:1056900079FA0120607001F052FC60603FE005F093
:1056A00077FA502814D26078012838D001F047FCEE
:1056B000054605F06DFA00950346BD4A2FA104206A
:1056C000FDF760FA0120607001F039FC606026E0AF
:1056D00005F05EFAB528607813D200281FD001F0DB
:1056E0002EFC054605F054FA00950346B14A23A165
:1056F0000420FDF747FA0020607001F020FC606094
:105700000DE002280BD00220607001F018FC6060F0
:1057100005E000202070607001F011FC606001F075
:105720000EFC6168401A40F2D171884223DB607838
:10573000217888421FD001F002FC606001F0FFFB7D
:10574000054605F025FA01466078002801D188A2B7
:1057500005E0012801D187A201E00FF29C320395F8
:105760000291019200902378934A04A10420FDF74E
:1057700009FA60782070207805B030BD7379730025
:1057800080E200E03C344020B400402038B584B0D2
:105790008A4C2078002840D0022878D080F0B18050
:1057A00005F0F6F9BA2815D36078022800F0AF802A
:1057B00001F0C5FB054605F0EBF900950346804A6C
:1057C0006DA10420FDF7DEF90220607001F0B7FB47
:1057D00060609CE005F0DCF94B28607814D3002869
:1057E00000F0958001F0ABFB054605F0D1F90346CA
:1057F0000095744A60A10420FDF7C4F90020607090
:1058000001F09DFB606082E0012800F080800120B3
:10581000607001F094FB606079E005F0B9F9BE2892
:1058200014D36078022872D001F089FB054605F098
:10583000AFF900950346644A4FA10420FDF7A2F991
:105840000220607001F07BFB606060E005F0A0F971
:105850004728607807D3002859D00020607001F0F5
:105860006EFB606053E0012851D001F068FB0546F3
:1058700005F08EF900950346544A3FA10420FDF738
:1058800081F90120607001F05AFB60603FE005F093
:105890007FF94B2814D26078012838D001F04FFBF3
:1058A000054605F075F900950346494A32A10420E2
:1058B000FDF768F90120607001F041FB606026E0AF
:1058C00005F066F9BA28607813D200281FD001F0DD
:1058D00036FB054605F05CF9009503463D4A26A1D6
:1058E0000420FDF74FF90020607001F028FB606094
:1058F0000DE002280BD00220607001F020FB6060F8
:1059000005E000202070607001F019FB606001F07C
:1059100016FB6168401A40F2D171884223DB60783F
:10592000217888421FD001F00AFB606001F007FB7C
:10593000054605F02DF901466078002801D10CA23A
:1059400005E0012801D10BA201E000BF6AA2039586
:1059500002910192009023781F4A07A10420FDF7CD
:1059600011F960782070207805B030BD3CA34A0062
:105970006F6B00004C6F77007379730070A34A005F
:1059800030A44A00E416002029244020BC1E4020F8
:10599000F42C40206CA44A0098A44A00E80040205F
:1059A000D8A44A0000A54A0028A54A0050A54A00EC
:1059B00078A54A00A0A54A00C8A54A00F0004020EA
:1059C000F4A54A001CA64A0044A64A006CA64A0058
:1059D00094A64A00BCA64A00E4A64A000D0A0D0A95
:1059E0000D0A0000504F57455200000043414E4EF3
:1059F0004D00000044494147000000004445425525
:105A0000470000004255534F4646000053575F4140
:105A100043435F4F4E000000556E646566696E65D6
:105A20006400000053657457616B65757053726351
:105A3000203D2025732C543A25640D0A00000000F7
:105A4000436C65617257616B657570537263203D7D
:105A50002025732C543A25640D0A000052657365A5
:105A600074000000496E6974000000005072657097
:105A7000617261536C65657000000000536C656570
:105A800070000000576F726B696E67005379736224
:105A90006F6F742053746174653A202573202D3E16
:105AA0002025730D0A0000004947204F46462C541C
:105AB0003A25640D0A0000004947204F4E2C543A05
:105AC00025640D0A00000000312E357320616674D4
:105AD0006572204947204F4E2C543A25640D0A0028
:105AE000676F20746F20736C656570202121212001
:105AF0000D0A0D0A000000004869676800000000F8
:105B0000DFF8041C496809680968B0FBF1F07047C8
:105B10000246002003461278002A04D0012A04D14C
:105B200009680B7801E009684B7813F0F00306D0A0
:105B3000102B06D0202B06D0302B06D0704701202A
:105B40007047022070470320704704207047007898
:105B500000281ED001281ED1002000230B701268DF
:105B600002445078137803F00F0310EB03200FD199
:105B70009078D3781B0443EA0063107943EA00234A
:105B800050791843B0F5805F00D2002001220A70DE
:105B900070470120E1E700207047012101740021D6
:105BA000C1724180018041618161C1616430418085
:105BB00001704FF6FF71818070470121017400214F
:105BC000C1724180018041618161C1616430022103
:105BD00001704FF6FF71818070472DE9F84305464B
:105BE0000C4616461F46DDF820800020C8F800004D
:105BF000207C032806D004F11C026169A8880AF001
:105C000047FE09E0DFF8301C00204860086004F11E
:105C10001C02A8880AF036FE01001BD1DFF8189C90
:105C2000C9F80060E069B84208D3C9F8047004F10B
:105C30001C024946A8880AF025FE00E00220010067
:105C400008D1D9F80410C8F80010A269D9F80410D6
:105C50008A18A261BDE8F28303460020402A00D3DF
:105C6000704730B404E00C5C1D1885F82040401CDF
:105C70009042F8D31A66012030BC704778B4837C18
:105C8000012B39D140235468082C01D808232DE07A
:105C9000A4F10905032D01D20C2327E0A4F10C0582
:105CA000042D01D2102321E0A4F11005042D01D20E
:105CB00014231BE0A4F11405042D01D2182315E0D0
:105CC000A4F11805082D01D220230FE0A4F120052E
:105CD000102D01D2302309E0A4F13005102D05D993
:105CE000234603E0552516683555641C1D46EDB264
:105CF000AC42F7DBDBB253600389CB600123CB728C
:105D00001146408874BC07F088BF78B440235468BB
:105D1000082C01D8082328E0A4F10905032D01D29D
:105D20000C2322E0A4F10C05042D01D210231CE069
:105D3000A4F11005042D01D2142316E0A4F11405DA
:105D4000042D01D2182310E0A4F11805082D01D26A
:105D500020230AE0A4F12005102D01D2302304E015
:105D6000A4F13005102D00D92346857C012D0AD1E0
:105D700003E0552516683555641C1D46EDB2AC424E
:105D8000F7DBDBB253600389CB600123CB72114692
:105D9000008874BC07F041BFF8B592B004460D46C8
:105DA000002102A80090A079002803D1287A8DF85C
:105DB00008000121002A04D0022A25D0032A3FD05E
:105DC0004FE002A830220B46C254491CEA696B7CA2
:105DD000B2FBF3F2521CE3791E461746BFB2BE4235
:105DE00000D21A46AB720B46DBB2C254491CE38A9E
:105DF0000E46F6B283552A80491CC9B20191002093
:105E000005F1640148802CE002A831220B46C254FF
:105E1000491CEA696B7CB2FBF3F2521CAA720B4676
:105E2000DBB2C254491CE28A0B46DBB2C254491CA5
:105E3000C9B2019105F164004188491C418010E01C
:105E400002A832220B46C254491C49220B46DBB23F
:105E5000C254491CE28A0B46DBB2C254491CC9B287
:105E600001916A4629462046FFF708FF00280CD01A
:105E70000121A0880AF009FD0120287405F16400C1
:105E80004FF6FF7181800021017013B0F0BD2DE944
:105E9000FC4104461646002210460190A0790028D5
:105EA00007D1012230680078E3691B68984240F00E
:105EB000CF800D46287C032840F0CA806B7C716837
:105EC000994212D06F69A8693F1ABB420DD20121D5
:105ED000A0880AF0DAFC0120287405F164004FF66E
:105EE000FF71818000210170B2E0D6F800C0104639
:105EF0001CF8000000F00F00521CAB7803F00F03F9
:105F000098420DD00521A0880AF0BFFC012028741A
:105F100005F164004FF6FF7181800021017097E068
:105F20001046C0B2091AD5F81480A869A8EB000879
:105F30004746884500D90F4601A800903B46D2B29B
:105F4000624429462046FFF748FE012848D002282F
:105F500054D10021A279012A06D1B8F1070F01D846
:105F6000084606E0012004E0B8F1070F8041C04375
:105F7000C00F002800D001212888012830D1002935
:105F80002ED04FF00008012A0BD101983F1A3A4653
:105F9000306801990844411C2846FFF75DFE01283E
:105FA0000AD00120287405F164004FF6FF7181804A
:105FB000414601704FF00108B8F1000F48D16888E0
:105FC000401C68806089401C68600520287401209E
:105FD00085F86400022229462046FFF7DDFE37E0FF
:105FE0000121A0880AF051FC0120287405F1640009
:105FF0004FF6FF7181800021017029E0002827D130
:106000006869A969401A17D06888401C6880288888
:10601000002801D0401E28802888002808D1A87AAE
:10602000002805D0002229462046FFF7B5FE0FE0E4
:10603000A089401C68600BE00120287405F1640011
:106040004FF6FF71818000210170A0880AF01DFCCD
:10605000BDE8F381FEB504460D4695F8606005F194
:10606000200030440090C6F140016A69A869121A04
:10607000914200D91146019105F11C0300226946A5
:1060800060880AF008FC0746296E019841182966C5
:10609000A96901984118A961380012D105F12000C1
:1060A00000900198361801962089401C68600920EC
:1060B00028746A4629462046FFF727FE002800D0AC
:1060C00001273846FEBD38B505460C466088401CA1
:1060D000608001202066A879002801D10220206676
:1060E000A07800F00F002030216E2144C87720886E
:1060F000002801D0401E2080A069616988420DD32C
:10610000002168880AF0CDFB0120207404F16400AE
:106110004FF6FF7181800221017031BD2088002877
:1061200008D1A07A002805D06889401C606008204A
:10613000207431BD607A00281BD121462846FFF724
:1061400089FF002830D0022805D1A889401C606052
:106150000720207431BD012168880AF0A2FB0120CC
:10616000207404F164004FF6FF71818002210170F8
:1061700031BD0146802804DAFFF7C2FC401C606094
:1061800010E0F139092908D2F0380A2190FBF1F02A
:10619000FFF7B6FC401C606004E07F20FFF7B0FC16
:1061A000401C60600620207431BD38B50C460023C9
:1061B0008179002906D101231168097845692D6884
:1061C000A94241D1217C08293ED1591C1568EB5CBC
:1061D00013F00F0303D0022B1BD014D327E06B5C0A
:1061E000A3722380491C4B1C1268515C002902D108
:1061F0000121617201E0D15C61728089401C6060A4
:106200000720207431BD4089401C60600820207444
:1062100031BD0A2140880AF044FB0120207404F1BA
:1062200064004FF6FF7181800221017031BD0621AB
:1062300040880AF036FB0120207404F164004FF618
:10624000FF7181800221017031BD2DE9FE430746B7
:106250000E4615469846307C012812D0052810D0ED
:1062600004280ED00121DFF8D4084068406806F108
:106270006402928802EB820300EBC30000890AF0FB
:1062800004FBB879002808D128680078F969096802
:10629000884202D0FF2840F092803046FFF77DFC14
:1062A0002868B979012912D10478002C07D14478E3
:1062B000821C3F2C80F08380002C09D17FE004F009
:1062C0000F04421C082C7AD2002C01D177E0821CEA
:1062D000686808280ED00C280FD0102812D0142877
:1062E00015D0182818D020281BD030281ED04028C0
:1062F00021D064E0082C22D361E0A4F10800032837
:106300001DD35CE0A4F10B00042818D357E0A4F1DE
:106310000F00042813D352E0A4F1130004280ED375
:106320004DE0A4F11700082809D348E0A4F11F00AC
:10633000102804D343E0A4F12F0010283FD2746149
:106340000220307406F16409012089F80000788980
:10635000401C7060A9F8048001A8009023463146D3
:106360003846FFF73AFC00280DD10021B8880AF022
:106370008CFA012030744FF6FF70A9F80400002059
:1063800089F800001BE0022810D12868B97901299A
:1063900001D1411C00E0811C22463046FFF75CFC25
:1063A00004203074012089F8000008E001203074D6
:1063B0004FF6FF70A9F80400002089F80000BDE83E
:1063C000F7832DE9FF4106460F4614469846002004
:1063D0008DF804006068412880F0E580B0790028DD
:1063E00006D120680078F1690968884240F0DB80B6
:1063F000387C012812D0052810D004280ED00121A5
:10640000DFF838074068406807F16402928802EBC1
:10641000820300EBC30000890AF037FA3846FFF721
:10642000BCFB224601A9B01DFFF791FB01460829DC
:10643000C0F0B980B07901289DF804000AD1002885
:10644000606803D1801E88420FD3ACE0801F884271
:106450000BD3A8E00028606803D1C01E884204D393
:10646000A1E0C01F884280F09E80606878747961E6
:1064700007F16405A5F804800120788002203874B3
:106480000120287070897860B079012816D19DF8B4
:106490000400002802A80090636807D19B1E2068B2
:1064A000821C39463046FFF798FB20E09B1F20688E
:1064B000821D39463046FFF790FB18E0B06900684E
:1064C00038729DF80400002802A80090636807D184
:1064D000DB1E2068C21C39463046FFF77EFB06E013
:1064E000DB1F2068C21D39463046FFF776FB0100EE
:1064F0000CD1B089401C78600320387401202870CA
:10650000002239463046FFF747FC4CE0022932D1E1
:10651000B07901289DF8040010D10028626806D1E6
:10652000921E2068811C3846FFF796FB16E0921FEA
:106530002068811D3846FFF78FFB0FE00028626856
:1065400006D1D21E2068C11C3846FFF785FB05E046
:10655000D21F2068C11D3846FFF77EFB7089401CA2
:1065600078600520387401202870022239463046B0
:10657000FFF712FC17E003290CD1032239463046FD
:10658000FFF70AFC012038744FF6FF70A880002046
:10659000287008E0012806D1012038744FF6FF70FA
:1065A000A88000202870BDE8FF81024600204B69CA
:1065B0009179002906D13F2B06D3D17C012909D13D
:1065C000022070473F2B01D801207047D17C012960
:1065D00000D10220704770B500244B4A53689A6876
:1065E000921C00EB40056800125A4FF6FF70824281
:1065F0006BD05868001D134603EB830510EBC505EF
:10660000DFF83C35AE7B4FF4A27010FB06F61E445B
:10661000307C012858D120463066B06170804868CF
:106620007061A889401C706006F16400032101704C
:10663000828031462846FFF7B8FF0146A879002836
:1066400007D1306E421C3266AA69126806F1200337
:106650001A54012902D002291DD031E07069014687
:10666000C9B200290AD0C0B2082807DA306E411C2E
:106670003166716906F12002115422E0306E411C2E
:106680003166214606F120021154306E411C3166FC
:106690007169115415E0306E411C31667169090A47
:1066A00001F00F0141F0100106F120021154306E8B
:1066B000411C31667169115401203080B07200E0D4
:1066C00001240720307400E00124204670BD38B555
:1066D0000D49486000240FE04FF4A2716143451852
:1066E000281DFFF76AFA05F17000FFF756FA05F169
:1066F000DC00FFF752FA641CDFF84804032CEBDBE4
:106700000121417031BD0000100640202DE9F84301
:106710000446DFF82884D8F804502A68926890422A
:1067200080F08880DFF81C9499F80100012840F07F
:1067300081800E4670680828C0F07C80204600EBFF
:1067400040014F003146A8683844FFF7E1F902469E
:10675000A868C119B1F802C04FF6FF71042A2AD106
:10676000001DC05B884265D06968091D00EB80038D
:1067700011EBC30309F1040193F80EE04FF4A2708A
:1067800010FB0EFE71440020521E032A52D8DFE88F
:1067900002F00237434A00284CD032681378022BAB
:1067A00028D153783E2B25D19278802A22D1BDE87A
:1067B000F14309F063B88C453CD06868001D614620
:1067C00001EB810300EBC300837B4FF4A27111FB4B
:1067D00003F34B44C17C002905D103F1DC01002304
:1067E00088F8003004E003F17001012388F80030DC
:1067F0000023C9E76346324601B0BDE8F04324E513
:10680000012C17D0002815D0AA68921CD35B324601
:1068100001B0BDE8F043D4E500280BD03246BDE816
:10682000F843FFF734BB002B04D032461846BDE8CE
:10683000F843BAE4BDE8F1831806402018B4BF4914
:1068400049688A6800EB400302EB430040884FF63A
:10685000FF7290421AD000EB8002D200496888187B
:10686000807C4FF4A27313FB00F3B64C885C0028C5
:1068700008D1081D1044211D19440A7C092A05D19C
:1068800014BC20E40020E11881F87B0011BC7047A3
:106890003EB504460D466868002801D0401E686079
:1068A00001A800902B6E05F120022046FFF795F914
:1068B00000280DD10021A08809F0E7FF01202874ED
:1068C00005F164004FF6FF7181800021017037BD32
:1068D000022802D16968002901D0012808D10120CD
:1068E000287405F164004FF6FF718180002101706A
:1068F00037BD000038B504460D46287C801F0328AC
:1069000056D8DFE800F0020F2D446868002801D057
:10691000401E6860686800284AD107202874A08952
:10692000401C68602046FFF795FB002840D00228F5
:1069300007D16868002801D0401E68606868002898
:1069400036D10120287405F164004FF6FF71818073
:106950000221017001216088BDE8344009F0A1BF27
:106960006868002801D0401E6860686800281FD150
:106970000120287405F164004FF6FF718180022127
:10698000017003216088BDE8344009F08ABF68685F
:10699000002801D0401E68606868002808D10120E6
:1069A000287405F164004FF6FF71818002210170A7
:1069B00031BD3EB504460D46287C032804D070D373
:1069C000052817D06AD337BD6868002801D0401E5B
:1069D00068606868002864D10421A08809F055FF28
:1069E0000120287405F164004FF6FF7181800021B9
:1069F000017037BD6868002801D0401E686001A89A
:106A000000902B6E05F120022046FFF7E6F80028E3
:106A10001AD16869A969401A09D00022294620467E
:106A2000FFF7BAF9A08968600320287437BD0120F8
:106A3000287405F164004FF6FF7181800021017018
:106A4000A08809F022FF37BD022813D1217D05F16E
:106A5000640042886868002809D18A420CD2022268
:106A600029462046FFF798F96089686037BD8A4259
:106A700017D301E0012814D10120287405F1640026
:106A80004FF6FF718180002101704180A8690028C4
:106A900007D00121A08809F0F8FE37BD2046FFF796
:106AA000F7FE37BD0A7C042A00D1F1E670472DE9D4
:106AB000F843244C607801283ED14FF000094FF68E
:106AC000FF7836E04FF4A27101FB09F16518B5F8C3
:106AD0006C00B5F8D860B5F8447140450BD0221D64
:106AE0001144164A52685268121D00EB800302EBF3
:106AF000C300FFF7FFFE46450BD005F170010F48BC
:106B000040684068001D06EB860200EBC200FFF7FC
:106B100050FF47450BD005F1DC010848406840684C
:106B2000001D07EB870200EBC200FFF7BBFF09F176
:106B30000109B9F1030FC5D3BDE8F1831006402068
:106B400044024020400240200020B94908707047AC
:106B50000120B749087000207047B5480078401EF2
:106B60008041C043C00F70470020B1494870704752
:106B70000120AF49487000207047AD484078401E62
:106B80008041C043C00F704780B5FEF7FFFD401E37
:106B90008041C00F02BD80B5002007F021FBFBF74C
:106BA0005FFABDE80140FBF771BA80B500210846E5
:106BB00006F06EFE9F49002006F011FEFFF7C8FFA9
:106BC000FFF7D6FF08F05AFD0020FDF7C6FD0020B4
:106BD000FDF790FDBDE80140DDE79548816801299A
:106BE00001DB491E8160704780B56A460DF10101E5
:106BF0000020FDF7C9FD9DF80000032805D108F02D
:106C000023FD002801D0FBF7AAFE01BD80B50020BE
:106C100007F0ADFA01280BD1FFF7B6FF012807D125
:106C2000002006F044FE012802D1BDE80140DBE768
:106C300001BD0000401E092818D8DFE800F0050754
:106C400017090B0D0F11131572A0704772A0704732
:106C500072A0704772A0704772A070477AA0704708
:106C60007BA070477DA070477FA070476EA07047E3
:106C70007148007870470000F8B504466E4D2E78D4
:106C800030462146884215D02046012801D00728E9
:106C900001D10020E8602046FFF7CCFF07463046D0
:106CA000FFF7C8FF0346009771A260A10820FBF719
:106CB00069FF2C70F1BD012802D0022802D0704774
:106CC0000820D9E70920D7E710B55B4C0120607098
:106CD000FFF783FF08F0FEFC002007F09BFAFFF7A8
:106CE00095FF002006F0E4FEFFF7C2FF012803D065
:106CF000FFF7BEFF0A2806D1E0684FF6FF71884211
:106D000001D2401CE06010BD80B501204A49887066
:106D10000020ADF800006A460DF10101FDF734FDD9
:106D20009DF8000003280AD144480079012801D0C9
:106D3000022804D14FF48070FEF79AF901BD4FF498
:106D40008070FEF7F7F901BD80B50878012804D0FE
:106D500016D3032810D009D301BD00220C213848D6
:106D6000FAF798FE0120BDE8024085E7FFF71DFF16
:106D70000A20BDE802407FE70120BDE802407BE732
:106D800001BD012901D0112070471120704710B5B5
:106D9000294C607801281FD10020607020690128EB
:106DA00002D90120206101E0401E206120690028F5
:106DB00005D101202061FDF77DFD08F06DFC00206C
:106DC00006F075FD012807D1002007F0D0F9012851
:106DD00002D1002006F070FFA078012801D1002028
:106DE000A070002006F03DFFFFF7C7FE012801D18B
:106DF000FBF794F90020FDF7E8FC032808D1FFF722
:106E0000C3FE012804D10020BDE8104007F0AEBA4F
:106E100010BD00004F46460042535300524D5300F0
:106E20004E4F530052535300554E4B0063616E005A
:106E3000280040200CAC4A00F02B4020D00B002052
:106E4000F42B4020012070475042535300000000B3
:106E50004255534F46465F4C563100004255534F02
:106E600046465F4C56320000496E697400000000CF
:106E700063616E20576F726B2053746174653A20A2
:106E80002573202D3E2025730D0A00004648002161
:106E9000C160016101808170C17081804161704772
:106EA00080B5FFF7F3FF4148002101604049416090
:106EB000002181600321016001BD00203B49086081
:106EC000E4E73948C168491CC1604169491C416116
:106ED0008188491C81808188B1F57A7F14DB00218B
:106EE0008180C178491CC170C1783C290CDB00212C
:106EF000C1708178491C817081783C2904DB0021B4
:106F000081700188491C0180017ACA0703D54A1E95
:106F100062F300010172417A491C4172C9B2092928
:106F20000CDD00214172017AC1F34002002A05D034
:106F30000A465208521E62F34101017270471A4814
:106F40004069704738B50446FFF7F9FF0546FFF77B
:106F5000F6FF401B8442FADA31BD81B00090009800
:106F6000411E00910028FAD101B070470E48007A06
:106F700000F0010080F0010070470B48017A41F0F9
:106F8000010101720169491C016170470648007ADC
:106F9000400800F0010080F0010070470248017ACB
:106FA00041F0020101727047B01E402010E000E085
:106FB0008038010074E780E70300002013F0030F1E
:106FC00009D0521E22BF13F8010B11F801CBB0EB10
:106FD0000C00F3D0704711F0030F14D1121F22BF21
:106FE00053F8040B51F804CB6045F7D0121D0AD2B8
:106FF00000BA9CFA8CFCB0EB0C0038BF6FF00000BC
:1070000088BF01207047521E22BF13F8010B11F8F0
:1070100001CBB0EB0C00F6D0521C08BF10467047F5
:1070200062B38B0708D0521E11F8013B00F8013BF8
:1070300000F024808B07F6D1830740F0208000BF4A
:10704000103A07D330B4B1E83810103AA0E838103D
:10705000F9D230BC530724BFB1E80810A0E80810EB
:1070600044BF51F8043B40F8043BD20724BF31F839
:10707000022B20F8022B44BF0B7803707047121FBD
:1070800017D35B0009D151F8043B20F8023B1B0CDD
:10709000121F20F8023BF6D20BE051F8043B00F837
:1070A000013B1B0A20F8023B1B0C121F00F8013B9E
:1070B000F3D238BF121D521E24BF11F8013B00F855
:1070C000013BF8D87047000062F30F2262F31F42C1
:1070D000401810F0030308D0C91A1FD3DB0748BFBC
:1070E00000F8012D28BF20F8022D130030B41446FB
:1070F0001546103928BF20E93C00FAD8490728BFB7
:1071000020E90C0048BF40F8042D890028BF20F872
:10711000022D48BF00F8012D30BC7047C91818BFB8
:1071200000F8012DCB0728BF00F8012D70478A79A0
:10713000CB79DB0843EA42130380C979C1F38001AC
:1071400081709620704730B40A7802F00302027012
:107150000A78C2F3810242700A78120982704C7870
:10716000250200248A7813461D43CA78234654EA30
:1071700002640A7954EA02444A7954EA02248A7978
:1071800022432B43C0E90223C97901F03F01017476
:107190009E2030BC7047C9790170C220704738B555
:1071A00004460D466878C0F34110207061680029DC
:1071B00000D088476878C0092072E168002900D0B3
:1071C000884740F2092032BD38B504460D4628787C
:1071D0006A78120942EA00120023208801D1904205
:1071E00005D022806168002901D0208888476A780C
:1071F000120202F47062A87802430023208901D1B0
:10720000904205D02281E168002901D02089884779
:1072100068794009207440F2393032BDF0B5044637
:107220000D4600270CE00020F05508E00720002163
:107230003A4609F039FBC007F5D50020F0557F1C10
:107240002E68082FF2D331782078C0F380100143E4
:10725000607841EA4001317029684A78207842EA32
:107260008002A078C0F3411002434A7029688A78EE
:10727000A07842EAC002E078C0F3021002438A70AC
:107280002868C178E27841EA0211C17040F27F308B
:1072900068600821297200216972F0BD38B5044682
:1072A0000D466A7812090023207801D1904205D05A
:1072B00022706168002901D010468847A87800092B
:1072C000207240F2973032BD8A78CB781B0243EAB5
:1072D00002430A79134303608A79520002F00202E2
:1072E000C97942EAD112027140F29D307047F0B57F
:1072F00004460D4600270CE00020F05508E0FF2072
:1073000000213A4609F0D0FAC007F5D50020F05523
:107310007F1C2E68082FF2D33078218850EA112084
:10732000307029684A78208802434A70286881783A
:10733000628851EA122181702968CA786088024304
:10734000CA7028680179227902F007021143627934
:10735000D20002F038021143A27941EA8211017190
:1073600028684179E27902F007021143227AD200BB
:1073700002F038021143627A41EA821141712968B0
:107380008A79A07AC0F380000243E07A42EA4002A0
:107390008A712868C179A27A41EA8211C1714FF4D9
:1073A0006E70686008202872002068724FF46E705A
:1073B000F0BDC97FC1F3C101017040F2EF307047E9
:1073C00038B50C7F64090025027801D1A24205D0AE
:1073D00004704168002901D02046884740F2FF3000
:1073E00032BD0A78D20002F018024B7842EA5312FA
:1073F00002700A78920842704A7802F01F02827086
:1074000089788908C17040F26F50704738B50546D9
:107410000C462078617841EA00212980A07800F0AC
:107420000700A870A078C0F3C200E870A2789209A3
:107430000023287901D1904205D02A71A96800293A
:1074400001D010468847E27802F007020023287B2B
:1074500001D1904205D02A732969002901D0104634
:107460008847E078C0F3C2002875E27892090023CB
:10747000687D01D1904205D06A75A969002901D0C3
:10748000104688472079800000F00400617940EAC6
:1074900091102877227952080023687F01D1904209
:1074A00005D06A77296A002901D010468847627999
:1074B000520002F07E02A07942EAD0120023243565
:1074C00028781946994201D1904205D02A706968FE
:1074D000002901D010468847A27902F07F020023DC
:1074E000287A01D1904205D02A72E968002901D09A
:1074F00010468847E27952080023287C01D1904247
:1075000005D02A746969002901D01046884740F2E5
:10751000AE5032BDF0B504460D4600270CE0002009
:10752000F05508E0FF2000213A4609F0BDF9C007F8
:10753000F5D50020F0557F1C2E68082FF2D3317846
:1075400020780143317028684178628851EA12211D
:10755000417029688A78608802438A702868C178F7
:10756000A28851EA1221C17029680A79A0880243D1
:107570000A7129684A79A079C0F3C0000243E07912
:1075800042EA40024A7128688179A27941EA4211AF
:10759000227A02F003021143627A920002F01C0286
:1075A000114381712968CA79A07A0243CA7140F2F5
:1075B000FA5068600821297200216972F0BDF0B5A7
:1075C00004460D4600270CE00020F05508E003209B
:1075D00000213A4609F068F9C007F5D50020F055BA
:1075E0007F1C2E68082FF2D33078218850EA1120B2
:1075F000307029684A78208802434A7040F2166049
:1076000068600821297200216972F0BDF0B5044656
:107610000D4600270CE00020F05508E00120002175
:107620003A4609F041F9C007F5D50020F0557F1C16
:107630002E68402FF2D33078216850EA1160307004
:1076400028684178226851EA12414170286881789F
:10765000226851EA122181702968CA7820680243A1
:10766000CA7028680179A28851EA1221017129683B
:107670004A79A08802434A7128688179E28851EAF0
:10768000122181712968CA79E0880243CA71286889
:10769000017A228951EA1221017229684A7A2089E5
:1076A00002434A7204F124012868827AA37A03F023
:1076B00001031A43E37A5B0003F002031A43237BBE
:1076C0009B0003F004031A43637BDB0003F0080311
:1076D0001A43A37B1B0103F010031A43E37B5B01F6
:1076E00003F020031A43CB7A9B0103F040031A43B3
:1076F00082722868C27A238A52EA1322C2722A68E6
:10770000137B208A034313732A68537BA07C0343B3
:1077100053732868827B636952EA13628273286814
:10772000C27B636952EA1342C2732868027C6369B0
:1077300052EA132202742A68537C6069034353742B
:107740002A68937C207E034393742A68D37C607EEE
:107750000343D3742A68137DA07E034313752868FE
:10776000427DA38B52EA132242752A68937DA08B37
:10777000034393752868C27DE38B52EA1322C275D6
:107780002A68137EE08B034313762868427E236ABF
:1077900052EA136242762868827E236A52EA1342D2
:1077A00082762868C27E236A52EA1322C2762A6849
:1077B000137F206A034313772868427F0B7803F016
:1077C00001031A434B785B0003F002031A438B78E2
:1077D0009B0003F004031A43CB78DB0003F008039B
:1077E0001A430B791B0103F010031A434B795B0119
:1077F00003F020031A4342772868827F8B7903F0D5
:1078000001031A43CB795B0003F002031A430B7A9E
:107810009B0003F004031A434B7ADB0003F00803D8
:107820001A438B7A1B0103F010031A4382772868EE
:10783000C27F8B8952EA1322C2772A6892F82030DD
:107840008889034382F82030286890F821208B7BB8
:1078500003F003031A4380F82120286890F82120C0
:10786000CB7B9B0003F01C031A4380F821202A687D
:1078700092F82230087C034382F822302A6892F87A
:107880002330487C034382F82330286890F8242072
:107890004B8A52EA132280F824202A6892F8253075
:1078A000488A034382F825302A6892F82630087DFA
:1078B000034382F826302A6892F82730487D034334
:1078C00082F82730286890F828208B7D03F0030386
:1078D0001A4380F82820286890F82820CB7D9B0048
:1078E00003F00C031A4380F828202868827F0B7E5F
:1078F0005B0103F020031A4382772868827F4B7E66
:1079000042EA831282772868827A8B7E42EAC31227
:107910008272286890F82920B1F91C3052EA23229B
:1079200080F829202A6892F82A30888B034382F84D
:107930002A302A6892F82B30887F034382F82B3054
:107940002A6892F82C30C87F034382F82C3004F167
:1079500044012A6892F82D300878034382F82D30CC
:107960002A6892F82E304878034382F82E3028682F
:1079700090F82F204B6852EA136280F82F20286875
:1079800090F830204B6852EA134280F83020286883
:1079900090F831204B6852EA132280F831202A688F
:1079A00092F832304868034382F83230286890F801
:1079B00033208B6852EA136280F83320286890F8ED
:1079C00034208B6852EA134280F83420286890F8FB
:1079D00035208B6852EA132280F835202A6892F805
:1079E00036308868034382F83630286890F83720AC
:1079F000CB6852EA136280F83720286890F8382064
:107A0000CB6852EA134280F83820286890F8392071
:107A1000CB6852EA132280F839202A6892F83A306B
:107A2000C868034382F83A30286890F83B200B6915
:107A300052EA136280F83B20286890F83C200B69DA
:107A400052EA134280F83C20286890F83D200B69E8
:107A500052EA132280F83D202A6892F83E300869E5
:107A6000034382F83E302A6892F83F3091F90200D1
:107A7000034382F83F3040F217606860402129726A
:107A800000216972F0BDF0B504460D4600270CE0F8
:107A90000020F05508E0FF2000213A4608F004FFDE
:107AA000C007F5D50020F0557F1C2E68082FF2D3B3
:107AB0003078218850EA9100307028684178228817
:107AC00041EA8211A27802F0010211434170286854
:107AD0008178A28851EA920181702868C178A288D1
:107AE00041EA8211A27902F001021143C1702868B3
:107AF0000179228951EA920101712868417922892C
:107B000041EA8211A27A02F0010211434171286810
:107B10008179A28951EA920181712868C179A2898B
:107B200041EA8211A27B02F001021143C1714FF4BC
:107B3000C560686008202872002068724FF4C56034
:107B4000F0BDF0B504460D4600270CE00020F055CE
:107B500008E0FF2000213A4608F0A6FEC007F5D550
:107B60000020F0557F1C2E68082FF2D33078218832
:107B700050EA1120307029684A78208802434A7000
:107B800028688178628851EA122181702968CA7850
:107B900060880243CA7028680179A28851EA1221DC
:107BA000017129684A79A08802434A71286881795D
:107BB000E28851EA122181712968CA79E08802437A
:107BC000CA7140F22B606860082129720021697235
:107BD000F0BD38B50C7824090025027801D1A24205
:107BE00005D004704168002901D02046884740F242
:107BF000F66032BD80B58CB04FF47A72002308F085
:107C000085FEDFF82C2392F822204FF4616313FBEA
:107C100002F2D31780185941CDE90001DFF818238B
:107C2000994204DC01DB904201D2184610E068461C
:107C300008F084FF03460FF22432282102A808F03E
:107C400086FF102202A9DFF8F402FFF7E9F901200C
:107C50000DB000BD082900D070471CB5C478640978
:107C60000FD0B44890F82A11A1420AD080F82A41D6
:107C7000FFF765F900902346BDA2ACA11020FAF7EA
:107C800081FF13BDAE490A7803469A4200D170477E
:107C900080B5087001281AD1002106201CF0F8FEDA
:107CA000012183201CF0F4FEA2486421817400218C
:107CB0004171052020F0AAF8FFF741F94FEA0003CF
:107CC000B2A29AA11020BDE80050FAF75BBF01BD37
:107CD00038B50546FDF75EFC002807D1954CD4F871
:107CE000E400022802D02846012803D10120BDE883
:107CF0003240C7E7280000F0D780022DC0F2CD80C7
:107D000006D0C0F0BD80042D00F07E803ED3B7E0E9
:107D1000042008F06BFF00F0C8F8012100F0DEF845
:107D20006079012803D1A07C372800F0BD800020B5
:107D3000FFF7A8FF2078002808D1002106201CF0BA
:107D4000A7FE012183201CF0A3FE07E00021832071
:107D50001CF09EFE012106201CF09AFE3720A07424
:107D600040F20730A4F88E0046F23331052020F0AF
:107D70004DF801206071FFF7E2F800905FF0010319
:107D800088A26AA11020FAF7FDFE31BD042008F098
:107D90002DFF00F08AF8022100F0A0F86079022897
:107DA00003D1A07C232800F07F800020FFF76AFF2A
:107DB0002078002808D1002106201CF069FE01214E
:107DC00083201CF065FE07E0002183201CF060FE8C
:107DD000012106201CF05CFE2320A0744FF4D27019
:107DE000A4F88E0043F2C251052020F00FF80220C3
:107DF0006071FFF7A4F800905FF0020369A24BA145
:107E00001020FAF7BFFE31BD042008F0EFFE00F0AD
:107E10004CF8032100F062F86079032802D1A07CBD
:107E2000192841D00020FFF72DFF2078002808D125
:107E3000002106201CF02CFE012183201CF028FECE
:107E400007E0002183201CF023FE012106201CF006
:107E50001FFE1920A0745C20A4F88E0040F6C631E5
:107E600005201FF0D3FF03206071FFF768F8009032
:107E70005FF003034BA22DA11020FAF783FE31BD62
:107E8000002106201CF004FE012183201CF000FECE
:107E90006420A0740020607131BD6079002803D097
:107EA0000120BDE83240EDE631BD80B5FAF790FF24
:107EB0004FF06632234BF9F71DFE0022224BF9F7F3
:107EC00019FE08F0ADFE00EE100A204808F0DCFEB6
:107ED000BDEEC00A10EE100A80B202BD10B51C4BF8
:107EE000B3F8002037A4615C0446A14206D21146D3
:107EF000B1F57A7F06DA521C1A8003E0002A01D01D
:107F0000511E198058801888FAF762FF114A124BE7
:107F1000F9F7F0FDFCF718FA014689B20520BDE833
:107F200010401FF073BF03490871704754500000A0
:107F3000D00B0020E416002000D36C382717002057
:107F40001C24402066664A3F00005940B82C40205F
:107F500072170020FCA9F1D24D6240402579256DB1
:107F600025642025483A254D3A255320000000007D
:107F7000416E7469476C6172654C766C203A2025BD
:107F8000642C543A25640D0A00000000436C6F73A2
:107F9000652045432050574D2C543A2564200D0A46
:107FA0000000000053657420416E7469476C617273
:107FB000654C766C203A2025642C543A25640D0AD1
:107FC000000000000039577700207047024600206B
:107FD0001346012B01D1012070478969002903D084
:107FE0004979914200D101207047024600206FF08C
:107FF0007F439A4201D1012070478969002903D04B
:108000000968914200D10120704730B40246002037
:1080100003460446154605E04C686478AC4200D13E
:1080200001230124002C01D11C00F5D0002B00D02D
:10803000012030BC7047012070470120704770B4A8
:10804000002213462C2609E0DFF8405C16FB04F4FE
:108050002C5B0546AC4200D101225B1C1C46E4B2FD
:10806000242C01DA1500EFD0002A08D0DFF81C2CF0
:10807000304610FB04F410192C38086001E0002091
:10808000086070BC7047F0B4DFF8042C926B136882
:108090000024074601E0641CA4B265015E19327F2A
:1080A0005D5BBD4201D0002AF5D0002A01D10E60EF
:1080B00001E000200860F0BC7047F0B40246DFF831
:1080C000D00B806B036800200446174601E0641C57
:1080D000A4B213EB4415297F2E88BE4201D000299B
:1080E000F5D000290BD1014603E0022900D101207F
:1080F0000121002903D1696849780029F5D1F0BC34
:1081000070477047F8B506460D4668684068C06815
:10811000446860893146032900F20881DFE811F0E4
:108120000201FD00C10004000221A974B4F90A1083
:10813000B5F908208A4280F2B2802178012907D15E
:10814000B4F90810B5F90820914200DA11462981E6
:10815000B4F90A106288B5F908301746FF188C4642
:10816000674502DAD2182A8100E02981002100E067
:10817000491C0A46D2B2DFF8903C1B689A420BD2E7
:108180000A46D2B2DFF8E03C2F8833F822C06745B8
:10819000EED1981C10F92200297EB5F9082013466B
:1081A0000F46BB4200DB1146297605F12307B5F9DE
:1081B000081040B281421ADB787840F001007870F4
:1081C00040F00200787040F004007870B878C0F396
:1081D0000010002807D102F078FDC5F81D00B8781E
:1081E00040F01000B870787840F010007870B5F961
:1081F0000800B4F90A10884240F09880787840F07E
:10820000800078700020E874287D002801D00020CC
:108210002875B87840F00100B870C0F3400000281D
:1082200010D1A87DFF2807D00146C1F1FF01022926
:1082300002DB401CA87501E0FF20A875B87840F06B
:108240000200B870B878C0F38000002810D1E87D33
:10825000FF2807D00146C1F1FF01022902DB401CC3
:10826000E87501E0FF20E875B87840F00400B870C8
:10827000B878C0F38010002858D13878002807D18A
:108280000146C1F10101022902DB401C387001E006
:1082900001203870B87840F04000B87046E029817D
:1082A00044E00120A874B5F90800B4F90C1081422B
:1082B00031DA6178012907D1B4F90600B5F908105F
:1082C000884200DD08462881A188B5F90820B4F964
:1082D0000C301F4694460846ACEB000C674502DAAA
:1082E000511A298100E02B81B5F90800B4F90C106E
:1082F00088421BD105F12300417801F0FE01417055
:108300008078C0F38000002810D1E87D00280DD0CF
:108310000020E8750AE0298108E00220A87460893D
:10832000288103E00120A874A0892881B5F90800FC
:10833000B4F90A10884201DB012604E0B4F90C10FC
:10834000814200DB0026B5F90A10884200DA0846AF
:1083500068813046F2BDC97D4068407A81428041E3
:10836000C043C00F704730B58BB004460D46287C23
:10837000FF2801D0401C28742046FFF7ECFF00289E
:1083800013D00020E875A87B01070ED440F0080048
:10839000A8732B4602226946204600F07BFC002889
:1083A00003D16946204600F005FF0BB030BD2DE932
:1083B000F8438CB080460F4616461D466946B8F80D
:1083C0000000FFF73CFE0098002842D1002E40D06C
:1083D00069460020FFF733FE0098002839D0B8F82E
:1083E0000000009908800098C0F8048000200099DF
:1083F00008810099488100998881502000998873EC
:1084000000200099C8730099087400994874009975
:10841000C874009908750099487500998875009985
:10842000C875009908760099C1F819000099C1F83B
:108430001D000146009A82F824100099C1F8250019
:10844000009981F82100009981F82200009981F8B3
:1084500023000098002800F08C810689D8F80400D9
:10846000C068002810D00078002802D0012806D06B
:108470000AE000993846FFF744FE044604E00099FC
:108480003846FFF73FFE0446009807890020009910
:10849000C873012C01D0032C2AD10098B0F9080030
:1084A000DFF8C419009A128801EB820191F90210D9
:1084B00088421DDB009B012201A9404600F0EAFB37
:1084C000002815D101A9404600F074FE009890F8EC
:1084D0002500C0F3C00000280AD102F0F6FB009985
:1084E000C1F8190000982530017841F008010170A9
:1084F0000098807BC10603D500F0EF0000998873D7
:108500000098807B410603D500F0BF000099887376
:10851000012C40F0A8800FF29C29009B032201A9A6
:10852000404600F0B7FB002809D10FF28C224946E3
:108530000820FAF727FB01A9404600F03BFE009B0C
:10854000052201A9404600F0A5FB002809D10FF241
:10855000882249460820FAF715FB01A9404600F099
:1085600029FE009B042201A9404600F093FB00284D
:1085700011D00098407C002817D1009B042201A94B
:10858000404600F0F9FB009B042201A9404600F0A0
:1085900081FB002809D10FF2602249460820FAF732
:1085A000F1FA01A9404600F005FE009B062201A950
:1085B000404600F06FFB002811D00098407C002856
:1085C00017D1009B062201A9404600F0D5FB009B75
:1085D000062201A9404600F05DFB002809D10FF2F8
:1085E000382249460820FAF7CDFA01A9404600F0A2
:1085F000E1FD0098807BC0070FD400988089401C63
:108600000099888101200099C8730098807B8007B9
:1086100003D400994046FFF7A6FE01200099487454
:108620000020009981F821000098807B40F027000D
:1086300000998873D8F81800002808D040790228DB
:1086400005D10098807B40F08000009988730098E5
:1086500090F82500C0F34011002904D140F020001B
:10866000009981F82500002C67D10098807B10F0DC
:10867000410F02D001200099C8730098807B00F060
:10868000FE0000998873D8F81800002808D04079B7
:10869000022805D10098807B00F07F000099887344
:1086A0000098807B800625D5009800F12401487849
:1086B000C0071FD40098007D002803D1087800F07F
:1086C000F70008700098007DFF2808D00146C1F12E
:1086D000FF01012903DD401C0099087502E0FF201D
:1086E00000990875009890F8250040F00100009965
:1086F00081F8250000200099487400980E30017818
:1087000009071AD5C17DC1F34011002915D1C17CDB
:10871000FF2907D00A46C2F1FF02012A02DD491CE7
:10872000C17401E0FF21C174009800F01EFE0098A2
:108730002530017841F020010170032C08D176B278
:10874000002E05DC7FB2002F02DD01200099C873E6
:108750000098B0F90A000099B1F90810814200DBD5
:108760000846009948812C2200992846FEF768FCAB
:108770001DE00020288028816881A8815020A873EE
:108780000020E87328746874E87428756875A87503
:10879000E8752876C5F81900C5F81D0005F1210116
:1087A0000246CA70C5F825000870487088700DB080
:1087B000BDE8F08344656D0073746F72652066696F
:1087C00072737420676C6F62616C20536E6170739A
:1087D000686F740D0A00000073746F72652066691B
:1087E000727374206C6F63616C20536E6170736878
:1087F0006F740D0A0000000073746F7265206C6165
:10880000737420676C6F62616C20536E6170736863
:108810006F740D0A0000000073746F7265206C6144
:108820007374206C6F63616C20536E617073686F3A
:10883000740D0A001CB5044669462088FFF7FFFB4B
:1088400001A92088FFF71FFC0098002800F09B80FA
:10885000818960884118009881810098807B00F0B0
:10886000DF00009988730098807B217901F0200156
:108870000843009988730098807B00F0EF0000990E
:1088800088730098807B217901F0100108430099DA
:1088900088730098807B00F0FB0000998873009833
:1088A000807B00F0F700009988730098807B217925
:1088B00001F00C010843009988730098807B00F058
:1088C0007F00009988730098807B217901F08001F6
:1088D000084300998873A079009948740098007C37
:1088E00061790A46C2F1FF0203469A4203DAFF2089
:1088F0000099087402E0081800990874019800288B
:108900000AD00099FFF727FD002805D00098807B4A
:1089100040F0080000998873E0790099C874207AC3
:1089200000990875607A00994875A07A0099887551
:10893000E07A0099C875207B00990876D4F80D007C
:108940000099C1F81900D4F811000099C1F81D0070
:10895000207E009981F82400D4F819000099C1F80C
:108960002500607D009981F82100A07D009981F8A3
:108970002200E07D009981F823000020009988748E
:10898000009800F0F2FC13BD80B569460088FFF73F
:1089900056FB0098002832D00020009908810099E9
:1089A000488150200099887300200099C87300996D
:1089B000888100990874009948740099C8740099D6
:1089C000087500994875009988750099C8750099CF
:1089D00008760099C1F819000099C1F81D000146F8
:1089E000009A82F824100099C1F82500009981F8B6
:1089F0002100009981F82200009981F8230001BD2F
:108A00001CB50C466946FFF71AFB0098002805D0F4
:108A10002C2201462046FEF713FB13BD00202080C8
:108A200013BD30B58BB00D46144669460088FFF77C
:108A3000E7FFBDF80000002815D02846012807D11F
:108A4000BDF80C00000A2070BDF80C0060700AE050
:108A5000022803D1BDF80800207004E0032D02D1E4
:108A6000BDF80A0020700BB030BD70B40A46002378
:108A7000194611600C46854E10E02C256543715B4C
:108A8000002909D0354469688969002904D009683A
:108A9000814201D115600123641CA4B2242C01DAA7
:108AA0001900EAD0184670BC7047F8B50546002694
:108AB000774FA87B397B084223D06968002920D0F2
:108AC000787BFFF783FA00281BD06968B87BFFF733
:108AD0009CFA002815D0FC7B012C07D0002C10D16B
:108AE0006968387CFFF7A7FA00280AD0787C01284B
:108AF00006D0002C05D16868FFF79FFA002800D047
:108B000001263046F2BDF8B5054600266968002901
:108B100021D05F4F787BFFF759FA00281BD0696896
:108B2000B87BFFF772FA002815D0FC7B012C07D028
:108B3000002C10D16968387CFFF77DFA00280AD034
:108B4000787C012806D0002C05D16868FFF775FAFB
:108B5000002800D001263046F2BD2DE9F0438BB04D
:108B600006460C46002725E02C2000FB08F506F100
:108B700008025159784306F108031A58914211D25C
:108B800006EB00092C2249466846FEF749FA3544AF
:108B90002C2229464846FEF743FA2C2269462846ED
:108BA000FEF73EFAA8F101081FFA88F84745DBDB1B
:108BB0007F1CBFB22046874204DAA4F101081FFAE5
:108BC00088F8F3E70BB0BDE8F0832DE9F04F0D46D0
:108BD000002426462C27DFF8B4901CE007FB08F0A1
:108BE00039F800A031F80CB0DA4504D14844807B54
:108BF000104200D10124200001D0C3F800E008F1A8
:108C000001081FFA88F8B8F1240F01DA2000E5D036
:108C10000846761CB6B229468E420BDA07FB06FCE4
:108C200000EB0C0E9EF802100229F2D04FF0000863
:108C30000146E8E72046BDE8F08F38B50546DFF885
:108C4000484B24212046FFF788FF2B460822242189
:108C50002046FFF7BAFF010005D12B46012224214F
:108C60002046FFF7B2FF01000FD1002109E02C22BE
:108C70004A4322449378022B01D02A600120491CE8
:108C800089B2242901DA0200F1D032BD202B002064
:108C9000541B40202DE9F341054617461E464FF070
:108CA00000084046ADF800000446380001D101201C
:108CB00044E022462C210198FEF706FAE8680028D5
:108CC00010D1002C3CD06068002827D020780128E3
:108CD0001DD16B4601AA211D288801F09EF81DE0D8
:108CE00008F10108E868414689B250F821000028DF
:108CF000E7D081783A469142F2D1044601AA6178E0
:108D0000288800F0B3FA0028DBD0012016E0022802
:108D100004D16A4601A9201D01F03EF8BDF800000B
:108D200000280FD1002001990880BDF800000199AA
:108D3000A1F805000020019948850120BDE8F681D1
:108D40000120FBE7288801990880B0890199A1F8E2
:108D50000300BDF800000199A1F8050060780199B1
:108D6000C8712078019988702A210198FFF72CF9A1
:108D7000019948850020E1E773B5044615460026B1
:108D8000280027D032462C210198FEF79DF9E06893
:108D900000280DD10020019908800199C871024670
:108DA0001E2101980C30FEF78FF9002076BD761C4D
:108DB000E068314689B250F821000028EAD0817875
:108DC0002A469142F3D101AA4178208800F04EFA58
:108DD0000028DFD1012076BD30B400210FE02C2225
:108DE0004A43DFF8583A9C5A0588AC4206D11A44E7
:108DF000B2F803304488E318A2F80330491C242950
:108E0000EDDB30BC70470000F832402030B4014642
:108E100000221346DFF870590BE02C245C43285BDA
:108E2000002805D005F108000059824200D2024610
:108E30005B1C242BF1DB521C00230DE02C245C4333
:108E4000DFF8F859285B002805D005F10800005923
:108E50001018083528515B1C242BEFDB086812180A
:108E60000A6030BC7047000098CB4A0038B500203B
:108E7000024604460AE0DFF8203AC4EB44155B5B87
:108E80000D88AB4200D10120641CA4B2242C01DA6D
:108E90000300F0D0002838D0DFF8FC09C4EB4412FE
:108EA0008518A5F11D008A8902808A7B82700A7C60
:108EB000C2704A7C0271CA7C42710A7D82714A7D0D
:108EC000C2718A7D0272CA7D42720A7E8272D1F8B4
:108ED000192045F8122CD1F81D2045F80E2C01F16F
:108EE0002102D3788375D1F8253045F8063C1178F6
:108EF000C17451780175917841751D21A5F11F004C
:108F0000FFF762F825F8020C49E0144609E0DFF8A3
:108F10008809C4EB4413C05A002800D10122641C04
:108F2000A4B2242C01DA1000F1D0002A37D0DFF8E7
:108F30006809C4EB44128518A5F11F000A88028055
:108F40008A8942808A7B02710A7C42714A7C8271E2
:108F5000CA7CC2710A7D02724A7D42728A7D827227
:108F6000CA7DC2720A7E0273D1F8192045F8122C0C
:108F7000D1F81D2045F80E2C01F12102D37803769B
:108F8000D1F8253045F8063C117841755178817546
:108F90009178C1751D21FFF717F825F8020CC4EB75
:108FA0004414DFF8F4082044A0F11D0100220A80D7
:108FB000CA70811F0A7802F0FE020A7002F0FD02F8
:108FC0000A7002F0FB020A7002F0DF020A7002F07F
:108FD000BF020A701F23A0F11F02DFF80C0A01195B
:108FE000002001B0BDE83040FBF70EB9F8B50446EB
:108FF00000251CE0C5EB4516DFF89C08815B228844
:10900000914213D1871900221F213846FEF75CF8E0
:109010001D213846FEF7D8FFA7F81D001F233A464A
:10902000DFF8C80981190020FBF7EEF86D1C242D2C
:10903000E0DBF1BD38B504460D46002006E002280D
:1090400003D129462046FFF711FF0120002803D154
:10905000606840780028F2D131BDF0B404460025A4
:109060008868002819D02E462846A4460DE00778C7
:10907000674502D110601E80012588680068077965
:10908000022F01D0408836180120002805D18868B9
:109090000068002801D02F00E9D02846F0BC7047B6
:1090A000F8B50C46002211460B46B0F800C00EE0A1
:1090B0002C255D43DFF8D066775B674505D13544E5
:1090C000ED79E679B54200D101225B1C9BB2242BDD
:1090D00001DA1500ECD0002A09D02C222146DFF855
:1090E000084A10464343E018FDF79AFFF1BD0B46CE
:1090F00009E0DFF894062C225A43805A002800D158
:1091000001215B1C9BB2242B01DA0800F1D000295D
:1091100009D02C222146DFF8D04910464343E018FD
:10912000FDF77EFFF1BD6846FFF787FD002804D0FC
:109130002C2221460098FDF773FFF1BD38B5044697
:10914000002514E02C206843DFF83C16002C03D0E7
:109150000A5A23889A4209D12C230A18DFF88C185E
:10916000084400F25C410020FBF74EF86D1C242DF2
:10917000E8DB31BDF8B50446002518E02C266E4327
:10918000DFF80406815B228891420FD18719002203
:109190002C213846FDF798FF2C233A46DFF84C087F
:1091A000304400F25C410020FBF72EF86D1C242DAA
:1091B000E4DBF1BD38B504460D4600200FE0FFF7B3
:1091C0006FFF08E0022809D1A87802282946204626
:1091D000F5D100F0DDFE2046FFF7B0FF01200028AA
:1091E00003D1606840780028ECD131BDF0B404466A
:1091F0000020CB68002B10D00546274606E05E789D
:10920000BE4201D1136001206D1CADB2CB6853F892
:109210002530002B01D00600F1D0F0BC70477CB5A2
:109220000C4615460020ADF80000206800281BD031
:1092300000260AE0407CADF800002888BDF8001048
:109240000818801C2880761CB6B22068406850F848
:109250002600002808D081680029EBD0684688479E
:109260000028EAD0002076BD012076BDF0B40023AE
:109270001C4684460EE02C256543DFF8C465775B09
:10928000674505D13544ED790E46B54200D101233D
:10929000641CA4B2242C01DA1D00ECD0180006D006
:1092A000DFF89C152C20444308192C381060184610
:1092B000F0BC704778B58DB00C4600256946FEF7C6
:1092C000E2FE0098002828D040688079042824DC39
:1092D000DFF824693044007E01281ED13078002850
:1092E0000BD000997068FEF780FE002805D0009929
:1092F000307AFEF76BFE002810D101A90098008893
:10930000FEF79DFE02AB012221460098FFF74FF8C1
:1093100002A90098FFF78EFE00E0012528460EB056
:1093200070BD80B56946FEF78AFE0098002804D01B
:10933000807B00F0FE000099887301BD10B50446E3
:1093400000200BE0022808D12046FFF74FFE204600
:10935000FFF710FF2046FFF7F1FE0120002803D1A0
:10936000606840780028EDD110BD70B5002101E0A3
:10937000491C89B224293BDADFF838292C234B43D6
:10938000D418028823889A42F2D190F821006168AB
:109390004968097A88422BD304F121056878FF28AF
:1093A00007D00146C1F1FF01022902DB401C6870B1
:1093B00001E0FF2068700020A0756E786068FFF7FC
:1093C000BDFFA07B00F07300A073002020746074C8
:1093D00028706E7004F12400017841F008010170DA
:1093E00001F07F01017021466068BDE8704021E610
:1093F00070BD70B505460024042800F38C80012957
:1094000002D0022965D086E00121DFF8EC27104464
:10941000017622463CE0FF2048750EE0FF20C8742C
:10942000887B800609D5487DFF28F4D00346C3F128
:10943000FF03022BEFDB401C487501F12500037888
:1094400003F0FE03037003F0FD03037003F0FB035E
:10945000037003F0EF03037001F12400037803F0BD
:10946000FE03037003F0FD03037003F0EF030370CA
:1094700003F0DF03037003F0BF03037001F1250065
:10948000037803F0DF03037003F0BF030370521C83
:10949000242A41DADFF81C082C21514301440888B2
:1094A0000028F4D04868406880792B469842EED175
:1094B000887B00F0FD0088738006B1D5C87CFF284A
:1094C000ACD00346C3F1FF03022BA7DB401CC874DA
:1094D000A6E70221DFF82027104401762646242E35
:1094E0001ADADFF8D0072C217143014408880028DC
:1094F0000FD04868406880792A46904209D1887B1D
:1095000010F0420F05D100F0FB0088734868FFF7A8
:1095100091FD761CE3E70124204670BD2DE9FC4156
:10952000DFF8D446DFF864080068A0630020022159
:1095300002E022181176401C0428FADD00200546BE
:1095400024E0DFF870172C22424311442A460A8097
:109550004A600A814A818A8150228A732A46CA73E4
:109560000A744A74CA740A754A758A75CA750A7685
:10957000C1F81920C1F81D2001F12103DD70C1F8E7
:1095800025201146197059709970401C2428D8DB89
:10959000A06B07680EE069460020FEF750FD0098BA
:1095A000002805D037F80800009908800098466028
:1095B0006D1CADB24FEA451807EB0806307F002856
:1095C000E9D00020054607E00A4415735B1C1A46E3
:1095D00092B21D2AF8DD401C24280CDA97492C226F
:1095E000424311442A464A850A80A1F80320A1F883
:1095F00005201346EBE7012020702075BDE8F381BC
:109600002DE9FC41DFF8F055287D01287BD10024AD
:1096100011E02C216143DFF8D4034218B2F85C0456
:10962000002807D02C2302F25C4257480144002056
:10963000FAF722FE641C242CEBDB0026DFF8AC7367
:1096400022E007EB08042046FFF7F4F82046FFF776
:10965000C3FB1F232246904800EB08010020FAF7C5
:109660000BFE10E0C6EB461837F808402046FEF720
:1096700024FD002C01D00028E3D100221F2107EB9C
:109680000800FDF721FD761C242EEBDB05F13C00E4
:10969000FFF7BCFB0026DFF8F08011E02C277743B2
:1096A00038F807402046FEF708FD002C01D00028BE
:1096B00005D100222C2108EB0700FDF705FD761CE3
:1096C000242EEBDB00240AE0DFF8E8052C216143BF
:1096D000405A002802D06946FEF7D5FC641C242CB1
:1096E000F2DB0024554F0CE02C266643B85B0028C3
:1096F00006D06946FEF7C7FCB9190098FFF75AFD76
:10970000641C242CF0DB01210020FFF772FEFF20F7
:109710002873012068730220A8730120E8730020D9
:109720002874012068742420688200202870242076
:10973000A8860220287501206875BDE8F38110B560
:10974000DFF8C045002060750221FFF752FE0020BF
:10975000207510BD10B5DFF83C462078002804D0F5
:109760000020FFF7EBFC0020207010BD10B5002496
:10977000DFF89015097D022902D1FFF7D2FD00E044
:109780000124204610BD0000DC3B0020DFF87425DA
:10979000127D022A00D18DE5704709210170002059
:1097A00070472DE9FC4104460D4690461E460027B1
:1097B0006846FFF7F2FFDFF84C35187D02280ED11E
:1097C000099808999DF8002014401C735D7383F874
:1097D0000E80DE73197458742420588200E001272B
:1097E0003846BDE8F6817CB50E4615461C46042178
:1097F000DFF82428127D022A1CD16946FFF735F9CB
:10980000002816D0009841683046FEF7DFFB00289C
:109810000DD0009841682846FEF7F7FB002804D0D9
:109820000098807B2070002104E0022102E00321E7
:1098300000E00121084676BD000000005031002004
:10984000DC3B00202DE9F041044600263546DFF8D8
:10985000A803007D02281AD12F4614E02C21794359
:10986000DFF82C25505A00280CD002EB01084046A6
:10987000FFF71BF9002805D0D8F8040080690028FC
:1098800000D0761C7F1C242FE8DB268000E0012519
:109890002846BDE8F0810000803700202DE9F8431C
:1098A00006460F460024A046DFF84C53287D0228C8
:1098B00021D001242046BDE8F283401E6882DFF8F3
:1098C000D01480B22C22504301EB0009B9F80000FB
:1098D000002810D04846FFF7E8F800280BD0D9F848
:1098E00004008069002806D00068306099F80E00F6
:1098F00038704FF001084046002802D1688A0028DD
:10990000DBD1B8F1000FD5D12420688201200446B4
:10991000D0E770B504460020C4F89000054625E065
:10992000DFF86C042C2169434618308800281CD0CD
:109930003046FFF7BAF8002817D070688069002811
:1099400013D0B07BC10710D5D4F8901004EB81017F
:1099500000F0010088703088D4F8901024F82100BD
:10996000D4F89000401CC4F890006D1C242DD7D36F
:1099700070BD2DE9F84306460F460024A0469E4DD3
:10998000287D022821D001242046BDE8F283401E14
:109990006882DFF8FC1380B22C22504301EB0009EF
:1099A000B9F80000002810D04846FFF7ACF80028AE
:1099B0000BD0D9F804008069002806D00068306018
:1099C00099F80E0038704FF001084046002802D187
:1099D000688A0028DBD1B8F1000FD5D12420688235
:1099E00001200446D0E70000ED4100200C42002099
:1099F0002DE9F84306460F4690464FF000097E4D8C
:109A0000287D02284AD107F098F94846288627E0A1
:109A10004FF0020921E061684978914200D10120AC
:109A20000121002901D10100F5D0002815D04046C0
:109A30000228EDD12069002804D00168002901D056
:109A4000012088472046FFF7D1FA2046FFF792FB16
:109A50002046FEF799FF4FF00009288E401C28860B
:109A6000298E24291CDA2C204143DFF82423505A64
:109A70000028F2D050184468002CEED02146384619
:109A8000FEF7A4FA0028E8D021463046FEF7ADFAEA
:109A90000028E2D0002001464246C2E74FF0040908
:109AA00001F0FDF84846BDE8F283DFF8580200787F
:109AB000704710B402460020DFF85C351C7D022C94
:109AC0000FD16FF07F44A24209D10A46012A01D08A
:109AD000022A06D15C6019720121197002E002208D
:109AE00000E0012010BC7047B03B0020F8B5002515
:109AF000414E307D022826D12F461FE02C2179438C
:109B0000DFF88C22505A002817D050184468002CD7
:109B100013D02146307AFEF759FA00280DD021469D
:109B20007068FEF762FA002807D02069002804D088
:109B30000168002901D0022088477F1C242FDDDB2B
:109B40002846307000E001252846F2BDFEB50D46DE
:109B500016461F46012400210091ADF80810DFF8D9
:109B6000B814097D022944D101A9FEF77EFF00281F
:109B70003FD0019841682846FEF728FA002837D0E0
:109B8000019841683046FEF740FA00282ED002AB1B
:109B90006A46019841683846FFF75FFA002823D0EB
:109BA000099D28880099498888421BD300988268BB
:109BB0000898002A08D0014601980088904700982C
:109BC00040882880002414E00099097B002910D0E7
:109BD000024601984068FEF724FF009840882880DC
:109BE000002406E0052404E0042402E0022400E04E
:109BF00003242046FEBD0000541B4020F8B584B06D
:109C00000E4614461D46012700210391ADF80010B1
:109C1000DFF80414097D022948D101A9FEF725FFC8
:109C2000002844D0019841683046FEF7CFF900285B
:109C30003AD0019841682046FEF7E7F9002831D074
:109C400003AA019841682846FFF7D0FA002827D0D8
:109C50000B9E6A4603A92846FFF7E1FA3088BDF853
:109C6000001088421AD3022C1CD102AA294601985E
:109C70000088FFF7FBFA00280CD0BDF800200298FE
:109C800000F10C010A98FDF7CBF9BDF80000308017
:109C900000270CE000203080074608E0062706E099
:109CA000042704E0022702E0032700E007273846E4
:109CB00005B0F0BD202B0020F8B504460120114D61
:109CC000297D02291CD10026374614E0DFF8500315
:109CD0002C217943405A00280CD00021009169467C
:109CE000FEF7ADF90098002804D04068806900288C
:109CF00000D0761C7F1C242FE8DB26800020A8865D
:109D0000F2BD0000541B40202DE9F84F074688465D
:109D10004FF0010900200090DFF8FC42207D02286E
:109D200030D14FF0000AB4F834B0DFF8F46223E029
:109D30002C2505FB0BF5705B002819D06946FEF752
:109D40007EF90098002813D04068806900280FD061
:109D50007019C07988F80000009840688069006830
:109D600038600BF10100A0864FF0010A4FF00009A6
:109D70000BF1010B1FFA8BFBBBF1240F02DA5046EB
:109D80000028D5D04846BDE8F28F000094CB4A00A9
:109D9000202B0020302440202DE9F8430D461446A6
:109DA00000220668174627E0012241460C3048444D
:109DB000FDF78AF942464A4492B21BE0087C2968C2
:109DC0000C318854521C92B2914656F827004169D2
:109DD00028680029E8D00C3048448847002806D07D
:109DE0000122414628680C304844FDF76DF942468F
:109DF0004A4492B27F1CBFB256F82710002909D0FE
:109E0000887C002806D191F8118008EB0200401CE4
:109E10001F28D3DB2280BDE8F1832DE9FC470746EC
:109E200090461C464FF0000A5046ADF80000D1F8AD
:109E30000090054627E00122BDF800100C303044A8
:109E4000FDF742F9BDF800A0B2441FFA8AFA18E003
:109E5000C268D8F80000002AEDD00C3081193846CD
:109E60009047002808D00122BDF80010D8F8000063
:109E70000C303044FDF728F9BDF800A0B2441FFAB9
:109E80008AFA6D1CADB259F8250000287CD0817C7F
:109E9000002979D18168002951D068468847002877
:109EA00048D1BDF800005044801C1F2867DA59F8DB
:109EB00025008088000AD8F800100C3101F80A004B
:109EC0000AF1010A1FFA8AFA59F825008088D8F8A1
:109ED00000100C3101F80A000AF1010A1FFA8AFA8F
:109EE000564659F8250001680029B1D00DF102004D
:109EF0008847D8F800309DF80210084331D159F84E
:109F00002500C268002A1ED003F10C0081193846D2
:109F10009047002808D00122BDF80010D8F80000B2
:109F20000C303044FDF7D0F8BDF800A0B2441FFA61
:109F30008AFAA6E70020D8F80010088026E0407CC6
:109F4000ADF80000ADE70122BDF8001003F10C00F0
:109F50003044FDF7B9F8BDF800A0B2441FFA8AFA00
:109F60008FE70122BDF8001003F10C003044FDF72B
:109F7000ABF8BDF800A0B2441FFA8AFA81E7294A7B
:109F800026A10220F8F7FEFDA4F800A0BDE8F387A3
:109F90007CB50C4600221146084600900346204E30
:109FA0000BE02C255D43705B002804D0701980788D
:109FB000022800D101225B1C9BB2242B01DA100085
:109FC000EFD0002A26D10B4608E030462C225A4317
:109FD000805A002800D101215B1C9BB2242B01DA9E
:109FE0000800F2D0002909D02C2221463446104620
:109FF0004343E0182C38FDF713F873BD6846FEF7AD
:10A000001CFE012806D10098002803D02C222146EE
:10A01000FDF706F873BD0000541B402044656D0039
:10A02000DC3B0020DCBC4A000020014608E0624A1C
:10A03000C1EBC1039B00D25C8A4200D0401C491C8A
:10A040000429F4D30028FDD1704710B50120002465
:10A0500000E0641C042C0AD25749C4EBC40201EB93
:10A0600082018969002900D088470028F1D110BDFC
:10A0700010B5FCF77BFF00280FD0FCF77EFF002413
:10A0800009E04D48C4EBC40100EB810040680028A2
:10A0900000D08047641C042CF3D310BD10B5FCF72E
:10A0A00075FF00280FD0FCF779FF002409E0424833
:10A0B000C4EBC40100EB81008068002800D0804719
:10A0C000641C042CF3D310BD70B504460D4604285F
:10A0D0000FD200260BE03848C6EBC60100EB81002A
:10A0E000C268002A02D0294620469047761C042EDA
:10A0F000F1D370BD30B40346042B02D20B46042BBF
:10A1000001D371200BE02C4B0C46C4EBC40503EBD0
:10A1100085031B69002B01D030BC1847712030BC6F
:10A1200070471FB50022F0212448F7F7B3FCFFF772
:10A130007BFF01208DF8000069460020FFF7C4FF77
:10A14000FFF796FFFFF7AAFF0024042CF8D21A4865
:10A15000C4EBC40100EB81004069002800D08047B7
:10A16000641CF2E71FB5704615490A68824205D0A3
:10A170004968814202D0EFF3088401E0EFF30984DB
:10A18000303410490868002801D008680860C868A1
:10A1900001904FF402400290684613F0C7FA02287B
:10A1A00007D1206820604FF40051019805F03EF877
:10A1B0001FBD04F0B9FBFCE7CCA24A0000E400E0BC
:10A1C000AC0040202CED00E038B50024204606F01D
:10A1D0000DFD0A4A0AE032F82130984205D302EB1D
:10A1E00081014988884200D22546641C2146C9B2B3
:10A1F0000C29F0DB2846C0B232BD00BFFC32402043
:10A2000010B5022006F0F2FC0446012006F0EEFC38
:10A21000DFF8E0291460B0214843B0FBF4F050604F
:10A2200010BD30B4DFF8D01901F11C02137D0524F4
:10A2300093FBF4F404EB84041B1B1375137D42F8A9
:10A2400023001846401C107510680246034601247E
:10A250000AE001EB8405ED69AA4200D22A46854254
:10A2600000D22846EB18641C052CF2D39A1A101A57
:10A270000321B0FBF1F030BC704700000246521ED3
:10A28000042A4FD8DFE802F00311202F3E00BE2938
:10A290004AD2B92901D304207047502901D30320A1
:10A2A00070474B294FD302207047BE2901D30520A8
:10A2B00006E0B92901D3042002E0502900D303208D
:10A2C000462940D801207047BE2901D3052002E06D
:10A2D000B92900D30420462901D8012070474B2911
:10A2E00031D802207047BE2900D30520462901D865
:10A2F000012070474B2901D802207047B52922D28E
:10A3000003207047462901D8012070474B2901D806
:10A3100002207047B52901D203207047B92912D80D
:10A3200004207047B92901D305207047B52901D30E
:10A33000042070474B2901D303207047462901D3DD
:10A34000022070470120704710B5DFF8AC480020AC
:10A3500084F83000014603E004EB8002D161401C28
:10A360000528F9D308462076207001F0E7FC012883
:10A3700002D10420E06010BD0320E06010BD80B574
:10A38000FFF7E2FFBDE8014006F010BC80B5FFF723
:10A39000DBFFBDE8014006F027BC000070B501F00E
:10A3A000CDFC01F0DCFC01F0D7FC054602F032FBED
:10A3B000DFF8444800283AD1A068C92880F24583D4
:10A3C000BF2880F25C83B52880F25983AB2880F2E5
:10A3D0005683A12880F25383972880F250838D28DA
:10A3E00080F24D83832802DB0420E06070BD792871
:10A3F00080F245836F2880F24283652880F23F8394
:10A400005B2802DB0420E06070BD512802DB0420E1
:10A41000E06070BD472802DB0420E06070BD3C288E
:10A4200002DD0420E06070BD0420E06070BD012802
:10A4300040F0CA82062D00F23B83DFE815F08E0261
:10A440000700070007008E020003000300263546C0
:10A4500002F0DCFA082836DCA068322840F3758266
:10A46000392840F333823E2840F33482442840F3B5
:10A470003582492840F33682532840F337825D28DD
:10A4800040F33882672840F33982722840F33A82D9
:10A490007C2840F33B82862840F33C82902840F39E
:10A4A0003D829A2840F33E82A52840F33F82AE28A1
:10A4B00040F34082B82840F34182C32801DC1025D4
:10A4C00043E2102541E202F0A1FA112837DA012611
:10A4D000A068322840F33982382840F3F7813E28BB
:10A4E00040F3F881432840F3F981482840F3FA818A
:10A4F000532840F3FB815D2840F3FC81672840F33B
:10A50000FD81722840F3FE817C2840F3FF8186287C
:10A5100040F30082902840F301829A2840F302829F
:10A52000A52840F30382AE2840F30482B82840F304
:10A530000582C32801DC102507E2102505E202F0A0
:10A5400065FA192837DA0226A0683228C0F2FD81A0
:10A55000382840F3BB813D2840F3BC81432840F3B9
:10A56000BD81482840F3BE81522840F3BF815D2859
:10A5700040F3C081672840F3C181712840F3C28154
:10A580007B2840F3C381852840F3C481902840F3A1
:10A59000C5819A2840F3C681A52840F3C781AE281B
:10A5A00040F3C881B82840F3C981C32801DC1025D5
:10A5B000CBE11025C9E102F029FA222837DA032677
:10A5C000A068322840F3C181372840F37F813D28BD
:10A5D00040F38081432840F38181482840F3828101
:10A5E000522840F383815C2840F38481672840F33C
:10A5F0008581712840F386817B2840F387818528F7
:10A6000040F38881902840F389819A2840F38A8119
:10A61000A528C0F28B81AE2840F38C81B82840F386
:10A620008D81C32801DC10258FE110258DE102F01A
:10A63000EDF92A2837DA0426A068322840F385810C
:10A64000372840F343813D2840F34481422840F3BA
:10A650004581472840F34681522840F347815C28D2
:10A6600040F34881672840F34981712840F34A81CB
:10A670007B2840F34B81852840F34C81902840F3A0
:10A680004D819A28C0F24E81A528C0F24F81AE2894
:10A6900040F35081B82840F35181C32801DA1025D6
:10A6A00053E1102551E102F0B1F9322837DA0526DD
:10A6B000A068322840F34981362840F307813C28BE
:10A6C00040F30881422840F30981472840F30A817A
:10A6D000522840F30B815C2840F30C816728C0F2BC
:10A6E0000D81712840F30E817B2840F30F8185286E
:10A6F00040F310819028C0F211819A28C0F2128193
:10A70000A528C0F21381AE2840F31481B82840F385
:10A710001581C32801DA102517E1102515E102F093
:10A7200075F93A2837DC0626A068322840F30D81F7
:10A73000362840F3CB803C2840F3CC80412840F3BE
:10A74000CD80472840F3CE80522840F3CF805C284C
:10A7500040F3D0806728C0F2D180712840F3D280C6
:10A760007B2840F3D380852840F3D4809028C0F222
:10A77000D5809A28C0F2D680A528C0F2D780AE280E
:10A7800040F3D880B82840F3D980C32801DA1025D7
:10A79000DBE01025D9E002F039F9422837DC072642
:10A7A000A068322840F3D180352840F38F803B28C1
:10A7B00040F39080412840F391804728C0F2928076
:10A7C000512840F393805B2840F394806728C0F2BF
:10A7D0009580712840F396807B2840F397808528E8
:10A7E00040F398809028C0F299809A28C0F29A800D
:10A7F000A528C0F29B80AE28C0F29C80B82840F308
:10A800009D80C32801DA10259FE010259DE002F00D
:10A81000FDF84A2828DC0826A068322840F39580F5
:10A82000342853DD3B2855DD412857DD472859DBC7
:10A8300051285BDD5B285DDD67285FDB712861DB0C
:10A840007B2863DB852865DB902867DB9A2869DB3A
:10A85000A5286BDBAE286DDBB8286FDDC32801DAD5
:10A86000102572E0102570E002F0D0F8532827DCA4
:10A870000926A068322868DD332827DD3A2829DD3B
:10A8800041282BDB47282DDB51282FDD5B2831DDCC
:10A89000672833DB712835DB7B2837DB852839DBFC
:10A8A00090283BDB9A283DDBA5283FDBAE2841DB27
:10A8B000B82843DBC32801DA102546E0102544E020
:10A8C0000926A068322840DD332801DC01253CE060
:10A8D0003A2801DC022538E0412801DA032534E07A
:10A8E000472801DA042530E0512801DC05252CE059
:10A8F0005B2801DC062528E0672801DA072524E02B
:10A90000712801DA082520E07B2801DA09251CE0FE
:10A91000852801DA0A2518E0902801DA0B2514E0D1
:10A920009A2801DA0C2510E0A52801DA0D250CE0A3
:10A93000AE2801DA0E2508E0B82801DA0F2504E078
:10A94000C32801DA102500E01025DFF8B00206EB7D
:10A9500006163044405DE06070BDA068C92874DA16
:10A96000BF2880F28C80B52880F28980AB2880F2E5
:10A970008680A12880F28380972880F280808D28AD
:10A9800080F27D80832802DB0420E06070BD79289E
:10A9900075DA6F2873DA652871DA5B2802DB042028
:10A9A000E06070BD512802DB0420E06070BD4728E4
:10A9B00002DB0420E06070BD3C2802DD0420E06082
:10A9C00070BD0420E06070BD022871D1062D6FD8E3
:10A9D000DFE805F03804040438353500A068C928DC
:10A9E00002DB0720E06070BDBF2811DAB5280FDA5E
:10A9F000AB280DDAA1280BDA972809DA8D2807DAB7
:10AA0000832805DA792803DA6F2801DA652802DB62
:10AA10000820E06070BD5B2801DA512802DB0920C4
:10AA2000E06070BD472802DB0B20E06070BD3C2871
:10AA300002DD0C20E06070BD0D20E06070BD0020E4
:10AA4000E06070BDA068C92802DB0220E06070BD34
:10AA5000BF2814DAB52812DAAB2810DAA1280EDAEA
:10AA600097280CDA8D280ADA832802DB0420E060BC
:10AA700070BD792803DA6F2801DA652802DB03202C
:10AA8000E06070BD5B2802DB0420E06070BD5128EF
:10AA900002DB0420E06070BD472802DB0420E06098
:10AAA00070BD3C2802DD0420E06070BD0420E06041
:10AAB00070BD000038B5FFF7A3FB4F4CE5682D18BB
:10AAC0002846FFF7AEFB0146606B052804D8401C02
:10AAD00060630020207632BD8D4201D36D1A00E004
:10AAE0004D1B052D52D8A16025782846FFF7C6FBDF
:10AAF0000146A94202D02070002060606168491CB4
:10AB00006160207E002801D102220CE022780346F9
:10AB1000032B03DB022A01D1052204E0012A01D123
:10AB2000052200E00522914207D362602178884225
:10AB30002CD02176FFF732FC28E0002103465B1E73
:10AB4000042B1FD8DFE803F003080E141A00A368D3
:10AB5000482B17DA012115E0A368483B052B11D2D9
:10AB600001210FE0A3684D3B692B0BD2012109E0C5
:10AB7000A368B63B052B05D2012103E0A368BB2BDC
:10AB800000DB0121002901D020706260207E32BDEF
:10AB90001948406970471848C068704710B5164C8E
:10ABA000FFF72EFB206110BD10B5154C2078002852
:10ABB0000AD101202070FFF723FB00EE100AB8EE47
:10ABC000400A104880ED040A207801280FD1FFF7D1
:10ABD00017FB094CE168081800EE100AB8EE400AAD
:10ABE000084806F051F8BDEEC00A84ED050A10BD14
:10ABF00000000000381C40202C33402000D34A00C5
:10AC000033244020CC2C402080B505F0FDFFFFF719
:10AC1000C5FBBDE80140C7E710B5002404E02046AD
:10AC200080B2FEF7A3FD641C204680B22628F6DB26
:10AC300010BDDFF810050178012900D1704780B5FB
:10AC400001210170FEF76AFCFEF7DAFC00F027F83C
:10AC5000FCF775F903460FF220520FF21451102041
:10AC6000BDE80050F7F78EBFDFF8D8140878002849
:10AC700000D1704780B500200870F9F7C4FAFEF7DC
:10AC80005EFDFFF7C9FFFCF75AF903460FF2F842E1
:10AC90000FF2DC411020BDE80050F7F773BF38B564
:10ACA00000240FE0DFF8A00404EBC40110EB8105E1
:10ACB000002028706870FCF742F96860FCF73FF9E3
:10ACC0006861641C262CEDDB31BD00207047DFF885
:10ACD0007C0400787047000038B584B0DFF86C441D
:10ACE0006078002845D0022800F0818080F0BC8088
:10ACF000FFF74EFFA32817D3A078022800F0BA80F0
:10AD0000FCF71DF90546FFF743FF00950346DFF802
:10AD100040240FF25C410420F7F734FF0220A070BA
:10AD2000FCF70DF96060A5E0FFF732FF5D28A07821
:10AD300016D3002800F09E80FCF701F90546FFF7C6
:10AD400027FF03460095DFF80C240FF2244104206E
:10AD5000F7F718FF0020A070FCF7F1F8606089E0B9
:10AD6000012800F087800120A070FCF7E8F86060FF
:10AD700080E0FFF70DFFA32816D3A078022879D032
:10AD8000FCF7DDF80546FFF703FF00950346DFF803
:10AD9000C0230FF2DC310420F7F7F4FE0220A0708C
:10ADA000FCF7CDF8606065E0FFF7F2FE5728A07869
:10ADB00007D300285ED00020A070FCF7C0F86060C8
:10ADC00058E0012856D0FCF7BAF80546FFF7E0FE38
:10ADD00000950346DFF880230FF294310420F7F743
:10ADE000D1FE0120A070FCF7AAF8606042E0FFF7F6
:10ADF000CFFE572816D8A07801283BD0FCF79FF843
:10AE00000546FFF7C5FE00950346DFF84C230FF219
:10AE100060310420F7F7B6FE0120A070FCF78FF830
:10AE2000606027E0FFF7B4FE9E28A07814D20028C7
:10AE300020D0FCF784F80546FFF7AAFE00950346EC
:10AE4000C64A0FF22C310420F7F79CFE0020A070B8
:10AE5000FCF775F860600DE002280BD00220A070AE
:10AE6000FCF76DF8606005E000206070A070FCF7F2
:10AE700066F86060FCF763F86168401A40F2F5110B
:10AE8000884223DBA078617888421FD0FCF757F80E
:10AE90006060FCF754F80546FFF77AFE0146A0789B
:10AEA000002801D1A3A204E0012801D1A2A200E060
:10AEB000B9A203950291019200906378DFF8A02275
:10AEC000ABA10420F7F75EFEA07860706078207078
:10AED00005B030BDFEB50446801E242880F0CB802E
:10AEE0002546994805EBC50110EB8106F06900285D
:10AEF00000F0C180B069002800F0BD8080470028C4
:10AF000004D12046BDE8FE40FEF730BC96F8200094
:10AF1000002803D1F0698047014602E006F12100D4
:10AF20004178307B01284AD130780A46904203D0DC
:10AF30003170FCF704F87061307800281DD0FBF701
:10AF4000FEFF328A7169401A824216DA7078002850
:10AF50005AD1012070703072FBF7F1FF0746FBF702
:10AF6000EEFF01977169401A00906B1EDFF8F42123
:10AF70007FA10420F7F706FE46E03078002843D191
:10AF8000FBF7DDFFF2897169401A82423CDA707882
:10AF9000002839D00020707001203072FBF7CFFFFD
:10AFA0000746FBF7CCFF01977169401A00906B1EB2
:10AFB000DFF8B4216EA10420F7F7E4FD24E07078F7
:10AFC000002910D000281FD1012070703072FBF7CB
:10AFD000B6FF0090B5F101030FF2C41264A1042082
:10AFE000F7F7D0FD10E000280ED00020707001208F
:10AFF0003072FBF7A4FF0090B5F101030FF2BC1211
:10B000005BA10420F7F7BEFDFBF799FF728871681A
:10B01000401A82422FDAFBF792FF706096F8210007
:10B02000002828D1307A012814D100203072FBF793
:10B0300086FF01467078002801D040A000E040A0C3
:10B04000019100906D1E2B460FF28C1248A1042036
:10B05000F7F798FD7078002806D00321204603B04A
:10B06000BDE8F040FEF792BB0221204603B0BDE8E8
:10B07000F040FEF78BBBF7BD10B5FAF749F9002891
:10B0800003D0FEF712FD012813D1384801780129B9
:10B0900007D100210170FFF702FE02F07AF9F8F7FC
:10B0A00002FD00F059FE032813D1BDE81040F8F767
:10B0B000B2BBF8F70BFD01202C490870002404E016
:10B0C000204680B2FFF706FF641C204680B2262887
:10B0D000F6DB10BD80B5FFF7CFFFFFF7FDFDBDE844
:10B0E000014002F063B9184A00EBC00302EB830091
:10B0F0002030817001210170002141707047124998
:10B1000000EBC00201EB82002030012141700021E0
:10B110000170704700200AE00B4900EBC00201EB10
:10B120008201203100228A700A704A70401C262851
:10B13000F2DB70476F6B00004C6F77004E470000EA
:10B140004F4B0000272440208C1100207400402029
:10B150005C904A0084904A00AC904A00D4904A0027
:10B16000FC904A0028914A004C914A002824402033
:10B1700044656D41707000005374617274204F43D8
:10B180002C543A25640D0A0053746F70204F432CE1
:10B19000543A25640D0A0000486967680000000001
:10B1A0004474633A25642041666669726D204E4797
:10B1B0002C543A2564200D0A000000004474633AC0
:10B1C00025642041666669726D204F4B2C543A25E8
:10B1D00064200D0A000000004474633A2564205284
:10B1E00065636F72642025732C543A2564200D0A20
:10B1F0000000000080B500218A2019F049FC0021E0
:10B20000802019F045FC0020DFF8F41B087000BF17
:10B2100003A2B9A10820BDE80840F7F7B3BC0000BD
:10B2200043616D20506F77657220446F776D0D0A12
:10B230000000000080B501218A2019F029FC0121BD
:10B24000802019F025FCDFF8B80B01218170017016
:10B2500003A2A9A10820BDE80840F7F793BC0000AD
:10B2600043616D20506F776572204F6E0D0A0000AC
:10B2700010B5DFF88C4BA089012815D8E289521C43
:10B28000E28100BF09A102EB82035A0031F830309D
:10B2900092B29A4208D301EBC0004068002803D064
:10B2A0008047A089401CA08110BD00000000000064
:10B2B000F5B148002C01000035B24800DFF8401B12
:10B2C00048707047F8B584B0DFF8384B207F00280D
:10B2D00040F0D980DFF8305B07F0B3F801280FD1D8
:10B2E000712019F0C7FB0028A86802D1401CA86093
:10B2F000C9E0062801D307F09FF80020A860C2E04B
:10B30000712019F0B7FB002819D12078032808D044
:10B31000DFF8F82A78A1082005B0BDE8F040F7F77B
:10B3200031BCDFF8EC0A0068C4F8BC00687800287B
:10B3300058D0A868401CA8600120287052E06878A6
:10B34000401C6870C0B20B2801DB012068702878AF
:10B35000012847D10020287004F1BC06DFF8B00AAC
:10B36000006830600220E07563A7E0790390A07B5D
:10B370000290B06A0190E07E0090A37EDFF8942AEC
:10B3800039460820F7F7FEFB2078032807D004F1A0
:10B3900065004079002802D1A07B022822D100203C
:10B3A000A860B06A01286ED1A07B02281AD0E0798B
:10B3B00000280FD094F865000090637F33A23946CF
:10B3C0000820F7F7DFFBB1210120F6F73DF9012056
:10B3D000607705E0B7210220F6F736F902206077A2
:10B3E0000120E870E87801281DD1607FF8F71EFE83
:10B3F000012809D10020E87094F81D302AA23EA14E
:10B400000820F7F7BFFB0EE02879401C2871C0B276
:10B41000032808DB0020E8702871637F2AA236A188
:10B420000220F7F7AFFBA86840F2B73188420BD390
:10B43000A878002805D1DFF8E0292FA10820F7F728
:10B44000A1FB0120A87001E00020A870A86840F2CC
:10B45000E931884217D304F1BC00806A012812D177
:10B4600000202870DFF8B40901214176002101761F
:10B47000DFF8AC2920A10820F7F784FB05B0BDE870
:10B48000F04005F07FB805B0F0BD00004B657920B5
:10B49000507265737365642C204D6F64653A256442
:10B4A0002C25640D0A000000536176652041637409
:10B4B000697665204D6F64653A2564205375636332
:10B4C00065640D0A000000005361766520416374D5
:10B4D000697665204D6F64653A2564204661696C24
:10B4E00065643A0D0A000000DFF8380900787047FB
:10B4F000DFF8301908707047545000002DE9F84FFC
:10B50000DFF8FC4860890E2800F24582DFE810F081
:10B510000F006D007000730088009E00AF00C00037
:10B52000D100DD00E600FB000E0131013901CCA3A2
:10B530000FF26C40CBA1DFF8CC68DFF8D458A278CA
:10B54000012A00900FD10FF264420420F7F71AFB92
:10B5500005206081286806F17001C86400210D2073
:10B5600019F096FA3EE00FF260420820F7F70AFB66
:10B5700002203070FEF712FF01216E2019F088FAC8
:10B580006089401C608100210D2019F081FA0021A2
:10B59000012019F07DFA0021802019F079FA0021AC
:10B5A0008A2019F075FA0020207001466F2019F0EA
:10B5B0006FFA0021882019F06BFA00207070B070CB
:10B5C00015F055FF002015F029FF00201CF0C2FBEC
:10B5D000F8F73EFF06F59670816821F4806181607E
:10B5E0000020208200202860D8E102206081D5E17F
:10B5F00003206081D2E1208A401C208280B214287E
:10B6000040F3CC81002020820420608101216F2042
:10B6100019F03EFA01218820BDE8F44F19F038BA3C
:10B62000208A401C208280B20628C0F2B781002008
:10B630002082052060810121802019F029FA012152
:10B640008A2019F025FA01202070A7E1208A401CE9
:10B65000208280B20628C0F2A1810020208206202C
:10B66000608101210D20BDE8F44F19F011BA208A44
:10B67000401C208280B20628C0F2908100202082E7
:10B680000720608101210846BDE8F44F19F000BA97
:10B69000208A401C208280B20628C0F27F810020D0
:10B6A00020820820608101212320BDE8F44F19F099
:10B6B000EFB9208A401C208280B20A2840F36E81B4
:10B6C000002020820920608168E10020DFF85817FF
:10B6D00088640A206081002020825FE1208A401C6B
:10B6E000208280B240F205118842C0F257810121C8
:10B6F000892019F0CDF9F5F717FD00202082608927
:10B70000401C60814AE1F7F7BFFD002800F0468148
:10B71000F8F710F8002020826089401C6081012029
:10B72000F8F78FF90120BDE8F24FE1E6A078012893
:10B7300004D1DFF8D0060178012910D107F09EF876
:10B74000002800F02B81DFF8C8060068DFF8D81663
:10B750008865002020826089401C60811EE1DFF83E
:10B76000B016096870308165002020820D2060814C
:10B7700014E10121702019F08BF96089401C60816F
:10B780000CE1002060812082DFF8785605F1700618
:10B79000DFF87C96D9F80000B06503202870FEF72A
:10B7A000FDFDFBF7CCFB2FA7DFF880860090D9F8D2
:10B7B0000030424639460420F7F7E4F9D9F8000092
:10B7C000F0640220E8750020687405F59679D9F8D0
:10B7D000080020F48070C9F808000021B166C9F89B
:10B7E0000010E974318320F08000C9F808000121BD
:10B7F00029754FF0FF0A86F809A086F80AA0A6F876
:10B800000CA040F00800C9F80800642007F06DFCA7
:10B81000002104201CF0FAFA05F10B00F8F713FCE4
:10B8200005F1F700F8F7E4FB05F1F00BE87A0228E0
:10B8300023D19BF80700002802D101208BF80700D4
:10B840009BF807109BF8000000280DD001EB810049
:10B85000C0000A2190FBF1F0ABF80E000FE000BF32
:10B8600038444A0054500000532010FB01F10A20D4
:10B8700091FBF0F0ABF80E0001E00120E87205F258
:10B880002710F8F7C5FB05F59470F8F7CAFB05F12A
:10B890001D00F8F7CFFB697F02290ED0DFF8900575
:10B8A000407A01280FD1DFF88C251079002804D0C8
:10B8B000127B012A01D0022805DD0120E871022057
:10B8C00085F8290104E00020E871012085F82901AC
:10B8D000022909D0DFF858150868002804D0887AB2
:10B8E000012801D000F06CF9687F009095F82931AB
:10B8F0003BA239460820F7F745F985F81AA0D9F890
:10B900000800C0F3401000280AD00020E871012090
:10B9100085F8290108F1280239460820F7F732F99D
:10B92000D9F8080020F04000C9F808000A208BF878
:10B93000080000201CF00EFA012008F06FFAD9F878
:10B940000810DFF8F4040140C9F8081005F15B01A4
:10B950000878002801D10020487000200870C870C5
:10B960008870087181F805A04872B0620873487B3E
:10B97000002801D100208873002048733060C8730C
:10B980008872A07081F807A085F808A00120BDE8A2
:10B99000F24F07F0D1BC002060812082BDE8F18F1A
:10B9A00056312E38382E333531000000466173741D
:10B9B00020537570706C6965723A25732041707000
:10B9C00053773A25730D0A00537570706C69657270
:10B9D0003A25732041707053773A25730D0A0000A1
:10B9E0005374724D643A25642C557365724D643AF4
:10B9F00025640D0A0000000010B5DFF804446089DA
:10BA0000062800F2A680DFE800F0041B2A3E587CDE
:10BA10008700FBF794FA034650A2C0A10420F7F771
:10BA2000B1F80620DFF8DC130870FEF7B7FC608978
:10BA3000401C608100217020BDE8104019F028B83A
:10BA4000608A401C608280B21F28C0F2858002207C
:10BA5000608100206082BDE81040F7F7F2BF608A85
:10BA6000401C608280B2BF2876DB0320608100200A
:10BA700060820146012019F00BF800212320BDE867
:10BA8000104019F005B8608A401C608280B210280E
:10BA900062DB042060810020608201460D2018F0E6
:10BAA000F7FF0021802018F0F3FF00218A2018F012
:10BAB000EFFF0020A070207010BD608A401C6082E3
:10BAC00080B21F2848DB052060810020608201468B
:10BAD000882018F0DDFF00216F2018F0D9FF002129
:10BAE000662018F0D5FF0021692018F0D1FF002151
:10BAF000062018F0CDFF01218320BDE8104018F08A
:10BB0000C7BF608A401C608280B2332824DB0620D5
:10BB100060810020608210BD002060816082B94C8D
:10BB20002070FEF73BFC002060716420A074D4F804
:10BB3000340120F02000C4F83401FEF72FFCFBF79D
:10BB4000FEF903460CA275A10420BDE81040F7F7EA
:10BB500019B800206081608210BD0000545020732D
:10BB60007461727420706F776572206F66662C54F2
:10BB70003A25640D0A000000545020706F776572FA
:10BB8000206F666620737563636573732C543A2562
:10BB9000640D0A0010B5DFF8884B00220C21204606
:10BBA000F5F778FF00220C2104F10C00F5F772FF85
:10BBB0000022042104F11800BDE81040F5F76ABF27
:10BBC000F8B50126DFF85C0B90F86D50C5F3411411
:10BBD000ED096A460DF101010020F8F7D5FDF9F7EE
:10BBE000D9FC884FBC76FD769DF80010032901D161
:10BBF000002807D0002901D1002803D0032910D143
:10BC000000280ED0012C01D0022C01D1002D13D020
:10BC1000012C01D0022C01D1012D0CD0002C08D117
:10BC200009E0002908D1002806D0002C03D0022CFE
:10BC300001D0022C00DD02264FEA060303A237A141
:10BC40000820F6F79FFF87F82961F1BD5570646100
:10BC50007465206D6F64653A25640D0A000000006C
:10BC600080B50020ADF800000DF101026946F8F73B
:10BC70008BFD9DF80000012817D0022815D06149DE
:10BC80000878002801D004280FD101200870FEF7A1
:10BC900085FB00205A494881FBF751F94FEA000320
:10BCA00002A21EA10820F6F76DFF01BD4374726C5D
:10BCB00020537461727420706F776572206F6E2CE0
:10BCC000543A25640D0A000010B54E4C2078032824
:10BCD00022D105202070FEF761FB002048494881F1
:10BCE0000146062018F0D4FE0121832018F0D0FE72
:10BCF0001CF060F8FFF74EFF00206074FBF71FF99F
:10BD00004FEA000306A205A10820F6F73BFF00203A
:10BD1000BDE81040FFF7ECBB10BD00005450000020
:10BD20004374726C20537461727420706F77657203
:10BD3000206F66662C543A25640D0A00314800785D
:10BD4000032801D0012801D1012000E00020401E7D
:10BD50008041C043C00F70472A4800787047DFF821
:10BD6000C00C4089C0B270471CB56A460DF1010194
:10BD70000020F8F709FD9DF8000003280AD1F9F723
:10BD800009FC002806D106F05CFB002802D1FFF771
:10BD900067FF01E0FFF798FF1A4C2078012801D0D7
:10BDA000022802D1FFF7AAFB05E0052801D00628EA
:10BDB00001D1FFF721FE06F04FFB06F009FB94F8D6
:10BDC0002A01FBF785FF2078032817D105F03CF9FD
:10BDD00005F04EF905F06EFA05F026FC07F026FC9A
:10BDE00004F596742068C0F34020002801D008F0C4
:10BDF00043F9A089002801D0401EA08113BD000096
:10BE0000F8004020E41600201801402010A74A0046
:10BE1000BC1E402034A74A0068A74A0044004020C6
:10BE200094A74A002A24402054170020BCA74A00A7
:10BE3000B8040020D00B0020FEF7FFFF2DE9FE4FD5
:10BE400000208DF8040000F064FF0DF105020DF1F3
:10BE500006010020F8F798FC9DF80500032803D19F
:10BE6000F9F798FB00280BD00021062018F010FEEF
:10BE70000121832018F00CFE1BF09CFF00F04DBC4C
:10BE8000FFF720FADFF89C0BD0E90A01FBF7B2FEBE
:10BE90009DF80600022804D14FF467710220F5F7DF
:10BEA000D3FB29A506F0CDFA01280FD1FBF747F8FF
:10BEB0004FF47A7190FBF1F201FB1200002805D1DA
:10BEC000DFF8642B29460420F6F75CFE412018F0C9
:10BED000D1FDDFF8906C06F59677B96860F3410103
:10BEE000B96006F15D0806F16C09DFF87CACDFF89B
:10BEF00030BB3078032840F03083142008F0A9FAD2
:10BF0000142008F0BBFA002007F016FA98F8030096
:10BF1000FF2835D100208BF80400F8F7ADF888F839
:10BF20000300F8F7FDFE0446E4B298F80300DFF8DA
:10BF3000F81A03280ADA0090234601F12C02294658
:10BF40000820F6F71FFE0AE054500000401E009043
:10BF5000234601F12C0229460820F6F713FE98F833
:10BF6000040000280CD198F80300FF2801D0002C11
:10BF700006D1002801D0F8F774F8002088F80300F3
:10BF8000387AC0071FD49BF801109BF802000143C8
:10BF900019D1D9F82C00401CC9F82C0097280ED3D1
:10BFA00001208BF801000020ABF80C00DAF800301B
:10BFB0000FF2747229460820F6F7E4FD08E000202D
:10BFC000ABF80E0004E00020C9F82C0088F8060049
:10BFD0009BF80100012801D1FFF74AF998F8020007
:10BFE000002800F0858098F803000146032980F2BC
:10BFF0007F8000281DD19BF80800002878D1F8F731
:10C0000027F8FAF79CFF009098F803300FF22C7293
:10C0100029460220F6F7B6FDFFF756FE01208BF801
:10C020000800F8F729F888F80300012088F80400D0
:10C030005EE09BF80600002815D1DAF80010D9F868
:10C040002800091A41F6912081420CD3F8F700F834
:10C05000DAF80030DFF8142B29460220F6F792FDBB
:10C0600001208BF806009BF80600012820D1DAF8A1
:10C070000010D9F82800091A41F6F520814217D39B
:10C0800002208BF806000020F7F7DBFC092277215D
:10C090005D20F6F707FF802276215D20F6F702FF8C
:10C0A000DAF80030DFF8C82A29460220F6F76AFDE0
:10C0B0009BF8060002281BD1DAF80010D9F82800F6
:10C0C000091A41F65930814212D301A803F00BFC42
:10C0D0009DF80430DFF8182C29460220F6F752FDAF
:10C0E0009DF80400012801D0002801D104F04AFA8B
:10C0F00000F09CFC307D002806D1707D032803DA17
:10C100009BF80400002803D098F8070000281AD0F4
:10C1100001208BF8040000218A2018F0B9FC0021CE
:10C12000802018F0B5FC707D401C707500218BF8E4
:10C130000010C0B20090DAF800300FF220622946F9
:10C140000220F6F71FFD307F002878D00A2876DA23
:10C15000DAF80010D9F87400091A41F288308142E7
:10C160006DD29BF80300002802D10020F7F769FC8C
:10C1700001208BF8030096F82901012806D0DAF88F
:10C180000010D9F87400091A652909D2387AC00755
:10C190000BD4DAF80010D9F87400091A652904D311
:10C1A0004FF4005104201BF031FE022340F2133201
:10C1B00028210120F6F7F1FE307F072805D1002065
:10C1C000F7F73FFCB07CF070A7E20020F07006F0BB
:10C1D00080FCB868317F0129C0F3802017D1002886
:10C1E00001D008F0B9FC33207073034640222C21A3
:10C1F0000120F6F75EFFB86820F04000B860DAF87A
:10C200000000C9F84C000120F7F71BFC85E200286C
:10C2100001D008F053FD33207073034640222C21D7
:10C220000120F6F746FFB86820F04000B860DAF861
:10C230000000C9F84C000120F7F703FC6DE2002074
:10C2400030779BF80300002815D000208BF80300FE
:10C25000B07B002803D106F01BFF06F056FC02233A
:10C2600040F2133228210120F6F797FE0120F7F75C
:10C27000E8FB0020F070387AC00740F1838000218D
:10C280001E2006F032FF3072012822D198F80D10DE
:10C290009BF80600014304D100208BF8070007F04B
:10C2A000A3F898F80D00002813D0DAF80010D9F898
:10C2B0000000091AD3290CD39BF80700002808D1E5
:10C2C00096F82901022804D001218BF80710F8F70D
:10C2D000EDF89BF80600002801D106F0EFFF307A58
:10C2E000012824D1D9F84C00002820D14FF48041F6
:10C2F00002201BF08BFDDAF80000C9F84C00DAF8D8
:10C300000000C9F84800737B332B0CD040222C214D
:10C310000120F6F7CEFE002805D133207073B868EF
:10C3200020F04000B860DAF80000C9F84C007078DE
:10C33000002802D1B078002824D0D9F83800411C58
:10C34000C9F8381006281DD3DAF80010D9F83C00D7
:10C35000091A652916D300207070B070DAF8000051
:10C36000C9F83C000020C9F83800F7F73DFC15F08B
:10C370007EF8002015F052F80FF62C2229460220F4
:10C38000F6F700FCD9F84C10DAF80000401A40F239
:10C39000E93290421AD3BA68C2F38010002815D14E
:10C3A000002913D0F079002810D142F04002BA6081
:10C3B000D3207073034640222C210120F6F779FE2A
:10C3C0000FF6F01229460820F6F7DCFB98F8080073
:10C3D000002837D10020CBF81400B073DAF8000041
:10C3E000C9F85000032004F001FC08F0D3FC08F069
:10C3F000F4FCC9F830009BF80400002804D10521A2
:10C40000C82007F08FF83075307A01280AD1D9F8A2
:10C410006000DAF80010091AC92903D3002801D0F6
:10C42000F4F7FEFE96F82901022805D10021042028
:10C430001BF0ECFCB07CF0700A21D9F8300008F059
:10C440001BFD87E0DAF80010D9F85000091A41F214
:10C450008830814202D8307C002830D000203074EF
:10C46000737B332B0CD040222C210120F6F721FEC8
:10C47000002805D133207073B86820F04000B86000
:10C48000DAF80000C9F84C000120F071022086F8AB
:10C4900029010020B073014604201BF0B7FCB07CDA
:10C4A000F070FF203072012006F046FF002070740B
:10C4B000C9F84C0096F82901F7F7F8FF4AE096F81A
:10C4C0002901012840D1DBF81400401CCBF81400EE
:10C4D00014280AD9B868C0F38020002805D0DAF8FB
:10C4E0000000C9F84C00F4F79BFEB07B022831D065
:10C4F000B868C0F3802000282CD00020CBF81400AE
:10C500000220B0730120F7F7D1FF33207073034688
:10C5100040222C210120F6F7CCFDB86820F0400025
:10C52000B86008F019FB0FF6980229460820F6F7C4
:10C5300029FB0120F073DAF80000C9F84C00DAF8A2
:10C540000000C9F8500005E0002104201BF05EFC4B
:10C55000B07CF07000F00EFB0FE0002104201BF017
:10C5600055FCB07CF070FF203072012006F0E4FE34
:10C570000020C9F84C003074B073307803284AD1D9
:10C58000707C002847D1B868C0F30020002842D052
:10C59000DAF80010D9F86C00091A40F6B930814277
:10C5A00039D34AF2B4022021012007F0E1F9002832
:10C5B00013D101207074386840F480603860D6F878
:10C5C000EC10C1F30030002803D021F48051C6F8EC
:10C5D000EC1000208BF805001DE0B078032803D094
:10C5E000092801D0012816D1387AC00713D5D6F80A
:10C5F000EC10C1F3003000280DD19BF80500421C5F
:10C600008BF805200A2806DD00208BF8050041F490
:10C610008051C6F8EC10B86800F00901082916D15D
:10C62000022161F3C400B860002088F8000088F897
:10C630000200B86820F48070B86000203860DAF832
:10C640000030DFF8142729461020F6F79BFAB96866
:10C65000C1F30010002829D0DFF800078068002807
:10C6600024D0C80722D521F48071B9600120307030
:10C6700000207074084620F01000B860386820F47C
:10C68000806038600020C9F86000FF20307201200F
:10C6900006F052FE0020C9F86C00B075DAF80030E0
:10C6A000DFF8BC2629461020F6F76CFA307801280E
:10C6B0000ED196F8290101280AD1707B332807D0C2
:10C6C00033207073034640222C210120F6F7F1FC41
:10C6D000B868C0F3802000281DD1307803281AD113
:10C6E000DFF880060078042815D006F013FC002837
:10C6F00011D006F07FF808F0C7F80FF2D46229468F
:10C700001020F6F73FFAB86840F48060B860DAF8B5
:10C710000000C9F8500007F0E5FBBDE8F78F000006
:10C72000F8180020080400206C6F636B50696E20BD
:10C730006572726F723A25640D0A0000567020739C
:10C740006967206C6F73742074696D656F75743AD6
:10C7500025642C20543A25640D0A000050436C6B6C
:10C76000206661756C74207469636B3A25642C20B3
:10C7700074696D65733A25640D0A00000878012814
:10C7800002D0032803D070470020FEF7B1BEFFF7A8
:10C790009BBA2DE9F843032940F02E81012840F08F
:10C7A0002B811446DFF8C055DFF8B86320780028E5
:10C7B00004D0022800F0D1807AD31DE106F22517BB
:10C7C000387901284BD1DFF8A485F07A01282AD1E5
:10C7D00006F1F009B9F90E00642110FB01F000EE3A
:10C7E000100AB8EEC00ADFF8880599F8001000EBCF
:10C7F0004100B0F8200300EE900AF8EE600A80EEE7
:10C80000200A10EE100AF7F747FD41EC100BF7F77E
:10C8100067FD51EC100BF7F797FD89F80600E872F9
:10C8200088F800001DE098F80000002805D106F106
:10C83000F000C07988F800000DE07A4890F86100B7
:10C84000002803D1012088F8000004E00146642993
:10C8500001DC88F8000098F80000E87201E0002090
:10C86000E87206F19C0040686421B0FBF1F04FF6DD
:10C87000FF71884200D90846288005F0E2FD0028B3
:10C8800009D1FEF731FE002802D10020A87104E092
:10C890003879A87101E00220A8713878E871B6F8FB
:10C8A00082006880F07A6872F07D68716560A1E04E
:10C8B000D6F8341140F6010000EA0102824202D1AA
:10C8C0000120687511E0012A02D1022068750CE090
:10C8D000B2F5006F02D10320687506E0014202D173
:10C8E0000420687501E000206875F07FB27F42EA9D
:10C8F0000022EA81D6F89C000A2290FBF2F0283050
:10C90000287306F22510007901280CD106F1F000F9
:10C91000B0F90E0090FBF2F0E874E87C002804D136
:10C920000120E87401E00020E874C1F38000401E9B
:10C930008041C00FA874B079287506F182018888FB
:10C9400028827079002802D0C889A87501E00020EB
:10C95000A87505F10C0060604CE006F225108178A6
:10C960006976C17829760079012831D106F1F0077E
:10C97000F07A012824D1B7F90E00642110FB01F0F0
:10C9800000EE100AB8EEC00ADFF8E403397800EBD5
:10C990004100B0F8200300EE900AF8EE600A80EE45
:10C9A000200A10EE100AF7F777FC41EC100BF7F7AE
:10C9B00097FC51EC100BF7F7C7FCB871A87601E0B3
:10C9C000F879A876A87E002804D10120A87601E095
:10C9D0000020A876F079002805D0DFF89803717957
:10C9E000405CE87603E0F078C0F16400E87605F199
:10C9F00018006060002000E01120BDE8F28370475D
:10CA0000DFF874030078704701207047DFF858039F
:10CA1000C07C7047DFF8600390F829017047000080
:10CA2000F8004020D00B00200CA84A00FEB54D4C69
:10CA300004F15B05A97A0A4604F1740630680028FF
:10CA40000CD0002900F08D800020A87240F2AF6168
:10CA5000012003B0BDE8F040F4F7F6BD94F83401CE
:10CA6000C00703D441F00101A97202E001F0FE0108
:10CA7000A9722879002813D03B490B68306A1B1A29
:10CA800040F2D17083420BD3687900280CD0A87A89
:10CA9000030709D440F00800A8720868B06403E0F6
:10CAA000A87A00F0F700A872A07D00280ED0B06F21
:10CAB000C0F34030002809D0A87AC1060AD440F05B
:10CAC0001000A87228480068B06403E0A87A00F05B
:10CAD000EF00A872A97A2878002808D0880709D41E
:10CAE00041F00201A97220480068B06402E001F040
:10CAF000FD01A972A97A687B002808D0480709D4EB
:10CB000041F00401A97218480068B06402E001F025
:10CB1000FB01A972AB7A9A4223D08DA70192B06C27
:10CB20000090964A39460820F6F72CF8A87A002893
:10CB300017D106F0ADFA05F0E8FF092277215D2054
:10CB4000F6F7B0F9802276215D20F6F7ABF90648BA
:10CB500003680FF2902239460220F6F713F80020FE
:10CB6000A073F7BDE4160020BC1E402060A84A0058
:10CB70008CA84A00F0B585B000217F4D05F1F00783
:10CB800005F178067E4C307800282FD005F227106A
:10CB90008078012805D1E97A012901D1B97900E02D
:10CBA000F97922880B469A421DD0218000213170EC
:10CBB000012807D1B7F90E10387A10FB01F10A20CD
:10CBC00091FBF0F13878002801D162A001E00FF26A
:10CBD00044200291218801910090B36A86A25CA151
:10CBE0000820F5F7CFFF002030707FE060686421F7
:10CBF000B0FBF1F201FB1200002810D1032003F07A
:10CC0000F5FF61880246914209D06080FAF797F9F2
:10CC10000090638881A24EA10820F5F7B3FF6068F9
:10CC2000411C6160B0F5FA7F0AD0B0F57A7F16D06A
:10CC300040F2DC5188421FD0B0F5FA6F2ED055E09B
:10CC4000E8790290706A019005F59670806800900E
:10CC50002B794C4A3EA10820F5F794FF46E068790D
:10CC60000290308B0190A87C0090EB78464A38A166
:10CC70000820F5F787FF39E005F22710434991F9BD
:10CC800076100291D5F82C1101910178009143782A
:10CC90003F4A2FA10820F5F775FF27E005F227107E
:10CCA0008378012B08D1B7F90E10387A10FB01F107
:10CCB0000A2091FBF0F100E00021EA7A012A01D17B
:10CCC000BE7900E0FE793878002801D121A000E08B
:10CCD00050A00491039602920190A87900902D4AE9
:10CCE0001BA10820F5F74EFF0020606005B0F0BDE5
:10CCF000B8A84A0010B5022003F078FF04460520CA
:10CD000003F074FFC0EB0011C800B0FBF4F080B278
:10CD100010BD10B5204C2078002804D101202070CF
:10CD20001E481F490161207801280CD1FFF7E2FF5E
:10CD300000EE100AB8EE400A184803F0A5FFBCEE5A
:10CD4000C00A84ED010A10BD134840687047000016
:10CD50005450000044617900E0A84A00B40040202B
:10CD600004A94A00F02B4020F81800202B24402072
:10CD700024864A00EC8B4A00E416002028A94A00C9
:10CD8000FC2C402050A94A007CA94A00F00A00204F
:10CD9000A0A94A00CCA94A0010014020E02C402064
:10CDA0000000DC42A6E7000049324320526573656B
:10CDB000740D0A00424C20736C6F770D0A0000005E
:10CDC00053686F772045522055490D0A0000000036
:10CDD0005470466C617368496E6974206F6B0D0AFC
:10CDE0000000000051756974204572722055493A5F
:10CDF00025640D0A00000000626C3A25642C25733E
:10CE00002C424C4C763A25642C50574D3A25640DF3
:10CE10000A0000004E696768740000004E54436FBA
:10CE200072673A3078253034582C543A25640D0A0C
:10CE30000000000080B50020ADF8000001F097F977
:10CE400001280FD1FDF743FF00280BD10DF101029E
:10CE500069460020F7F798FC9DF80000002801D0F3
:10CE6000012801D1002002BD012002BDDFF87807B2
:10CE700040797047DFF87007407B704780B5F8F75E
:10CE800085FC401E8041C00F02BD80B5002001F02E
:10CE90007FF9012801D1012002BD002002BD01203F
:10CEA000704780B5FFF7E2FF012801D1012002BDE4
:10CEB000002002BD0120704780B5FFF7DBFF01288D
:10CEC00001D1012002BD002002BDB3E7DFF81C073D
:10CED00090F85200012801D10120704700207047CE
:10CEE000A8E7DFF8080790F8BA00012801D101206F
:10CEF0007047002070479DE7DFF8F00690F8320594
:10CF0000012801D1012070470020704792E7DFF827
:10CF1000DC0690F82201012801D101207047002091
:10CF2000704787E7DFF8C40690F88A01012801D12D
:10CF3000012070470020704780B5FDF7C8FE401EF5
:10CF40008041C00F02BD80B5642017F093FD401EE4
:10CF50008041C00F02BD80B5FDF7B9FE401E804183
:10CF6000C00F02BDDFF88806D0F89C0040F21B41DC
:10CF7000884201DB012070470020704780B5FDF733
:10CF8000A6FE401E8041C00F02BD80B505F0E8FA44
:10CF9000C0B202BD80B5FDF79AFE002801D0002086
:10CFA00002BD05F011FA401E8041C043C00F02BD12
:10CFB000DFF83C06D0F8EC00C00C00F00100704730
:10CFC00080B5FDF784FE401E8041C00F02BDDFF832
:10CFD0002006D0F8E800C0F3C010704780B5FDF718
:10CFE00076FE002801D0002002BDF6F759FD401E54
:10CFF0008041C043C00F02BDDFF8F405D0F8E8005F
:10D00000000A00F00100704780B5FDF760FE401E89
:10D010008041C00F02BDDFF8D805D0F8E800400A13
:10D0200000F00100704780B5FDF751FE002801D0E7
:10D03000002002BD05F0C8F9401E8041C043C00F6A
:10D0400002BDDFF8AC05D0F8EC00800C00F0010068
:10D05000704780B5FDF73BFE002801D0002002BDDF
:10D0600005F0B2F9401E8041C043C00F02BDDFF899
:10D070008005D0F8EC00C0F38010704780B5FDF754
:10D0800026FE002801D0002002BD05F09DF9401EBB
:10D090008041C043C00F02BDDFF85405D0F8EC005A
:10D0A000400C00F00100704780B5FDF710FE00282D
:10D0B00001D0002002BD05F087F9401E8041C04329
:10D0C000C00F02BDDFF82805D0F8EC00C0F3C01097
:10D0D000704780B5FDF7FBFD002801D0002002BDA0
:10D0E00005F072F9401E8041C043C00F02BDDFF859
:10D0F0000005D0F8EC00800A00F00100704780B510
:10D10000FDF7E5FD002801D0002002BD05F05CF927
:10D11000401E8041C043C00F02BDDFF8D404D0F8E8
:10D12000EC00C00A00F00100704780B5FDF7CFFDAC
:10D13000002801D0002002BD05F046F9401E8041C4
:10D14000C043C00F02BD0020704780B5FDF7BFFD92
:10D15000002801D0002002BD05F036F9401E8041B4
:10D16000C043C00F02BDDFF88804D0F8EC00C00B4C
:10D1700000F00100704780B5FDF7A9FD002801D03F
:10D18000002002BD05F020F9401E8041C043C00FC1
:10D1900002BDDFF85C04D0F8EC00000C00F00100E8
:10D1A000704780B5FDF793FD002801D0002002BD37
:10D1B00005F00AF9401E8041C043C00F02BDDFF8F0
:10D1C0003004D0F8EC00400B00F00100704780B54F
:10D1D000FDF77DFD002801D0002002BD05F0F4F828
:10D1E000401E8041C043C00F02BDDFF80404D0F8E8
:10D1F000EC00800B00F00100704780B5FDF767FD83
:10D20000401E8041C00F02BD80B58B2017F032FC5C
:10D21000401E8041C00F02BD80B5FDF758FD0028BB
:10D2200001D0002002BD05F0CFF8401E8041C04370
:10D23000C00F02BDDFF8B80390F8EC0000F0010069
:10D24000704780B5FDF743FD002801D0002002BDE6
:10D2500005F0BAF8401E8041C043C00F02BDDFF8A0
:10D260009003D0F8EC00C0F38000704780B5FDF764
:10D270002EFD002801D0002002BD05F0A5F8401EBB
:10D280008041C043C00F02BDDFF86403D0F8EC005A
:10D29000C0F30010704780B5FDF719FD002801D0DC
:10D2A000002002BD05F090F8401E8041C043C00F31
:10D2B00002BDDFF83C03D0F8EC00C0F3401070472B
:10D2C00080B5FDF704FD002801D0002002BD05F067
:10D2D0007BF8401E8041C043C00F02BDC448D0F857
:10D2E000EC00000D00F00100704780B5FDF7EFFC89
:10D2F000002801D0002002BD05F066F8401E8041E4
:10D30000C043C00F02BDBA48D0F8EC00400D00F099
:10D310000100704780B5FDF7DAFC002801D000203D
:10D3200002BD05F051F8401E8041C043C00F02BD50
:10D33000AF48D0F8EC00800D00F00100704780B5D8
:10D34000FDF7C5FC002801D0002002BD05F03CF827
:10D35000401E8041C043C00F02BDA548D0F8EC007C
:10D36000C00D00F00100704780B5FDF7B0FC00284B
:10D3700001D0002002BD05F027F8401E8041C043C7
:10D38000C00F02BD9A48D0F8EC00000E00F001007A
:10D39000704710B5944CA07C002805D00020A074E4
:10D3A0002082F9F7CCFD606110BD000038B584B073
:10D3B0008D4CF7F7ADFF002803D0FCF776FB012872
:10D3C00006D1A07C012840F008810020A07404E16F
:10D3D000A07C002806D10120A07400202082F9F74B
:10D3E000AEFD6061207C002841D0022800F07A80E8
:10D3F00080F0B480FDF7CCFBA12815D3607C022817
:10D4000000F0B180F9F79BFD0546FDF7C1FB0095E3
:10D410000346784A7EA10420F5F7B4FB022060742D
:10D42000F9F78DFD60619EE0FDF7B2FB5528607C49
:10D4300014D3002800F09780F9F781FD0546FDF729
:10D44000A7FB034600956C4A71A10420F5F79AFBEF
:10D4500000206074F9F773FD606184E0012800F03A
:10D46000828001206074F9F76AFD60617BE0FDF75E
:10D470008FFBA52814D3607C022874D0F9F75FFDD8
:10D480000546FDF785FB009503465C4A60A1042034
:10D49000F5F778FB02206074F9F751FD606162E0F6
:10D4A000FDF776FB5128607C07D300285BD0002075
:10D4B0006074F9F744FD606155E0012853D0F9F735
:10D4C0003EFD0546FDF764FB00950346DFF830217D
:10D4D0004FA10420F5F756FB01206074F9F72FFDEA
:10D4E000606140E0FDF754FB552815D2607C0128AF
:10D4F00039D0F9F724FD0546FDF74AFB00950346B0
:10D50000DFF8002142A10420F5F73CFB0120607404
:10D51000F9F715FD606126E0FDF73AFBA128607C74
:10D5200014D200281FD0F9F70AFD0546FDF730FB9D
:10D5300000950346DFF8D02035A10420F5F722FB43
:10D5400000206074F9F7FBFC60610CE002280AD04F
:10D5500002206074F9F7F3FC606104E0002020828F
:10D56000F9F7EDFC6061F9F7EAFC6169401A40F2F5
:10D57000D171884224DB607C217C884220D0F9F77D
:10D58000DEFC6061F9F7DBFC0546FDF701FB0146B7
:10D59000607C002801D112A205E0012801D111A26E
:10D5A00001E000BF1CA20395029101920090237C30
:10D5B000DFF8582016A10420F5F7E4FA607C207407
:10D5C000207C022801D1012100E0002161730128A3
:10D5D00001D1012000E00020607105B030BD0000E5
:10D5E0006F6B00004C6F77007C0040200804002027
:10D5F000E416002070914A0098914A00C0914A00B8
:10D60000E8914A0010924A0038924A0060924A001B
:10D6100044657443620000004869676800000000C8
:10D62000F0B40346002410780546A5F14106062E05
:10D6300010D2254D4138C0B2285C000155782E46E5
:10D64000A6F14107062F1DD21F4E413DEDB2755D7B
:10D65000284329E0A5F16106062E05D21A4D61384E
:10D66000C0B2285C0001E9E7303D0A2D05D2174D14
:10D670003038C0B2285C0001E0E712F8010B03F873
:10D68000010B1AE0A6F16107062F05D20E4E613D8F
:10D69000EDB2755D284307E0303E0A2E04D20B4EF2
:10D6A000303DEDB2755D2843921C03F8010B641CFC
:10D6B00020460D46C0B2A84202D210780028B2D14E
:10D6C0000020F0BC70470000A42E4020982E40207F
:10D6D00010B40146002002460CE00A2391FBF3F34C
:10D6E00003EB8304A1EB44019400A14001430846ED
:10D6F0001946521C0029F0DC10BC70472DE9F0419E
:10D7000017461E46092A01D3002016E04FF00008F4
:10D7100004460D460DE020462946A7EB0802521E9E
:10D72000D20003F0C1F806F8080008F101085FFA1A
:10D7300088F838468045EEDB0120BDE8F081F8B579
:10D7400004460D46164607F0C9FC0746202231461E
:10D750002846F9F7B9FCBE4200D93E46324621467A
:10D760002846BDE8F840F9F75BBC000010B5044658
:10D77000401E8041C00F07F0CCFC002C2ED10020B1
:10D7800010F013FA002000F0F4FA0022DFF8A018DD
:10D790006D2018F0B6FA0022DFF898186E2018F005
:10D7A000B0FA0022DFF890186F2018F0AAFA0421CE
:10D7B0006D2019F0E9FD05216E2019F0E5FD062127
:10D7C0006F2019F0E1FD6D2018F09CFA6E2018F022
:10D7D00099FA6F20BDE8104018F094BA10BD70B5EA
:10D7E00004460D46401E8041C00F07F092FC2346C0
:10D7F000DFF84808342111FB03F14618307800287F
:10D8000026D10FF64802C2A10820F5F7BBF9002285
:10D8100034213046F9F758FC2868B0612879307710
:10D82000A868306206F12400297B01700021C170D4
:10D8300029698160297D01730121317000214170C6
:10D8400081702046FFF792FF2046BDE8704096E0C9
:10D8500070BD38B50446401E8041C00F07F059FC2A
:10D860002546DFF8D807342111FB05F1405C00287C
:10D870000DD00021204600F0C9FA2B460FF2E072CD
:10D88000A3A1082001B0BDE83040F5F77BB931BD58
:10D8900038B504460D46401E8041C00F07F039FCE4
:10D8A000DFF89817342010FB04F40D5531BD10B586
:10D8B0000446401E8041C00F07F02BFCDFF87C17A8
:10D8C000342010FB04F4085D10BD0146481E89B2E7
:10D8D0000029FAD1704738B504460D46401E8041F4
:10D8E000C00F07F016FC002C48D1012D04D045D301
:10D8F000032D29D016D331BD4FF47A70FFF7E5FF21
:10D900000121202017F0C4F801214E2017F0C0F8A3
:10D9100000230FF264727EA1082001B0BDE8304000
:10D92000F5F730B90021202017F0B2F800214E2081
:10D9300017F0AEF800230FF2607275A1082001B055
:10D94000BDE83040F5F71EB900214E2017F0A0F8D1
:10D950000121202017F09CF84FF47A70FFF7B5FFF3
:10D960000021202017F094F800230FF24C7268A1D8
:10D97000082001B0BDE83040F5F704B931BD10B55D
:10D980000446401E8041C00F07F0C3FB23463420ED
:10D9900010FB03F0DFF8A4160A5C012A01D0012273
:10D9A0000A540FF230725AA10820F5F7EBF805215E
:10D9B0002046BDE8104029E2F8B50446401E8041EB
:10D9C000C00F07F0A6FB2546342616FB05F6DFF848
:10D9D0006C76B85D012812D1204600F04CF8B85D95
:10D9E000022801D00220B8552B460FF2F86248A158
:10D9F0000820F5F7C7F82046BDE8F24029E7F1BD59
:10DA000038B50446401E8041C00F07F082FB254612
:10DA1000DFF82806342111FB05F1405C01280ED106
:10DA2000204600F028F810F0E5F82B460FF2CC6203
:10DA300037A1082001B0BDE83040F5F7A3B831BDEB
:10DA400010B50446401E8041C00F07F062FBDFF8AE
:10DA5000EC15342010FB04F40819417F491C0A46D8
:10DA6000037F9A4200D30021807F814201D10120AF
:10DA700010BD002010BD38B50446401E8041C00FC7
:10DA800007F047FB002504E0284680B210F076F945
:10DA90006D1C284680B20E28F6DBDFF8A015342076
:10DAA00010FB04F40819253000210170417031BDCC
:10DAB00010B50446401E8041C00F07F02AFBDFF876
:10DAC0007C152246342010FB02F2114491F8270005
:10DAD00001280CD1886A002802D0401E886210BD3F
:10DAE000002081F827002046BDE81040C3E710BDA4
:10DAF000DFF84825342111FB00F010442C300021C0
:10DB0000417181710A4601790068F9F7DDBA0000B8
:10DB100063616E002DE9FE4F04460D462646342013
:10DB200010FB06F00190DFF81475384400F1200175
:10DB300091F805804223D1F800C0C64613FB0EFEC3
:10DB40000CEB0E0991F804A000F1250B91F806E00A
:10DB50008DF800E095F800C0BCF1080F10D1002A44
:10DB60000ED191F81180CA68C44613FB0CF302EB86
:10DB7000030991F810A000F1310B887C8DF80000AA
:10DB800021460846401E8041C00F07F0C2FA0198A6
:10DB9000385C00281BD0DFF8A80400EB4601887829
:10DBA000002814D0012812D0487801280FD1887895
:10DBB000042801D0052805D10021287800F01BFA9F
:10DBC000002028E0204600F0D2FA012801D00120F0
:10DBD00021E008F1010840465146C0B2884201D315
:10DBE0004FF000089DF800005FFA88F8804501D1E9
:10DBF000072010E0484629464222F9F711FA9BF81F
:10DC00000000401C8BF80000C0B2504502D3002039
:10DC10008BF800000020BDE8FE8F30B591B00446BF
:10DC20000D462868002802D06868412801D30120E9
:10DC300015E0F8F7A9FF002801D101200FE08DF8C9
:10DC4000004068688DF841006A6829680DF101009C
:10DC5000F9F7E6F9012269460020FFF75BFF11B0F2
:10DC600030BD30B591B00446401E8041C00F07F072
:10DC700050FADFF8C8132246342010FB02F28D1848
:10DC8000687FA97F884215D04222A86901EB411321
:10DC900000EB43016846F9F7C3F969462046F4F7FB
:10DCA00041F9A87F401CA877297FC0B2884201D3E0
:10DCB0000020A87711B030BDFEB504460026401EF6
:10DCC0008041C00F07F025FADFF87013342010FBF5
:10DCD00004F40A1902F12000C379012B48D042272D
:10DCE0000368847917FB04F4234402F126040579C0
:10DCF000B1F834C00CF1010CA1F834C01FFA8CFC4F
:10DD0000BCF10A0F16DBB446A1F834C0417C90F890
:10DD100012C0614518D0C168634617FB03F7CB19E1
:10DD2000591C009193F84110019102F13204057CD5
:10DD3000012609E041798279914205D0591C009170
:10DD400093F8411001910126002E11D00121C171DB
:10DD50004A2181606946187810F020FC002807D11C
:10DD60002078401C2070C0B2A84201D3002020704F
:10DD7000F7BD38B50446401E8041C00F07F0C9F911
:10DD8000DFF8BC5205EB4400022141700021817094
:10DD9000084610F0FFFB0120287031BD70B5054624
:10DDA0000C46401E8041C00F07F0B3F90026204604
:10DDB000012802D0032810D01FE0012128460FF0CF
:10DDC00043FF01212846FFF786FD2B460FF2443220
:10DDD00096A10820F4F7D6FE10E0032128460FF0A4
:10DDE00033FF03212846FFF776FD2B460FF244321E
:10DDF0008EA10820F4F7C6FE00E00126300003D112
:10DE00008F4800EB45004470304670BD2DE9F0416D
:10DE100005460C46401E8041C00F07F07AF90026E7
:10DE20008748294600EB4107B8788046062C46D83B
:10DE3000DFE804F024041019343D2600032802D141
:10DE40004FF002083CE0012818D0052838D14FF0E7
:10DE5000040835E002282AD0002808D004282FD151
:10DE60004FF005082CE0032801D0052802D14FF01F
:10DE7000010825E0022801D0042821D1B0461FE086
:10DE8000002801D0022802D14FF0040818E003282E
:10DE900001D0012814D14FF0050811E0002802D16B
:10DEA0004FF002080CE0012801D0052802D14FF004
:10DEB000030805E0042803D14FF0020800E0012622
:10DEC0004046002801D0042804D103212846FFF74A
:10DED00065FF03E001212846FFF760FF87F8028015
:10DEE0003046BDE8F0810146491E8941C90F084608
:10DEF00007F00FB910B50446401E8041C00F07F06F
:10DF000008F94E492246342010FB02F2885C0128B1
:10DF100007D12046FFF774FD2046BDE8104000F011
:10DF200017B910BD70B50D46444CA169627F02EB74
:10DF3000421311EB430630706A682968701CF9F7C8
:10DF40006FF8686886F841000020FFF779FD002827
:10DF500008D1607F401C6077607F217F884201D3B9
:10DF60000020607770BDF8B592B0002528461446B1
:10DF7000412C3ED216003CD000293AD4314E0E40FE
:10DF8000B6F5806F05D11646082E02D1092501206D
:10DF90001AE006462C4F01E0761CF6B2112E13D281
:10DFA00057F836C08C45F7D1354601F4E061B1F53C
:10DFB000E06F03D1082A07DB012005E007EBC6016B
:10DFC0000979914200D10120002801D1002010E000
:10DFD000412C01D300200CE0194602A8F9F720F8E3
:10DFE00002A8009001946946284680B2FFF79AFF84
:10DFF000012013B0F0BD0020104981F827007047C0
:10E0000000210E4A82F82710002802D10846F6F7B0
:10E01000F3BB70470021094A82F827100A2802D171
:10E020000220F8F70BBC70470000000063616E002F
:10E03000E3854A00E9854A00F5854A00BC1B40207B
:10E04000F41B402000F7FFFF140D002063616E25D4
:10E05000642064726976657220696E69740D0A00C5
:10E0600063616E25642064726976657220646569F7
:10E070006E69740D0A00000063616E25642070688B
:10E0800079204F704D6F6465203D205354415254A8
:10E0900045440D0A0000000063616E25642070682D
:10E0A00079204F704D6F6465203D2053544F505080
:10E0B00045440D0A0000000063616E25642070680D
:10E0C00079204F704D6F6465203D20534C4545507D
:10E0D0000D0A000043414E25642057616B65557061
:10E0E000210D0A0043414E256420647269766572F1
:10E0F00020736C656570210D0A00000043414E25B8
:10E1000064206472697665722064697361626C650B
:10E11000210D0A0063616E25642053657443747297
:10E120006C4D6F6465203D20535441525445440D5D
:10E130000A00000063616E256420536574437472A5
:10E140006C4D6F6465203D20534C4545500D0A00D1
:10E1500010B50446401E8041C00F06F0DAFF0120D2
:10E16000DFF8F81304EB84029200885410BD80B5E8
:10E170000146491E8941C90F084606F0CAFFDFF86B
:10E18000DC03407D002801D0022002BD012002BD39
:10E1900010B50446401E8041C00F06F0BAFFDFF8FC
:10E1A000BC0304EB840100EB81004079401E8041F8
:10E1B000C043C00F10BD38B504460125401E804144
:10E1C000C00F06F0A6FF04EB84008000DFF88C137C
:10E1D0000A5C012A02D100220A540225284632BDD7
:10E1E00010B50446401E8041C00F06F092FFDFF8D4
:10E1F0006C0304EB840100EB810100224A70CA60C9
:10E200008A600A748A700122CA7000220A7111465B
:10E21000417510BD10B50446401E8041C00F06F088
:10E2200078FFDFF8380304EB840100EB81004178CC
:10E23000491C4170C168491CC1608168491C8160EA
:10E2400010BD10B50446401E8041C00F06F061FFAE
:10E25000C24804EB840100EB810100228A600A7449
:10E260000222CA700A79FF2A01D0521C0A710022C8
:10E27000CA600A700979017510BD00001CB504461A
:10E28000401E8041C00F06F044FFB44804EB8401F7
:10E2900000EB810100228A600A744A710122CA706F
:10E2A00000228A700A71114641750846F6F780FA15
:10E2B00005281BD8DFE800F003070B0F1317012018
:10E2C000F8F7DAFC12E00220F8F7D6FC0EE007209F
:10E2D000F8F7D2FC0AE00620F8F7CEFC06E00520AD
:10E2E000F8F7CAFC02E00420F8F7C6FCF8F727FEAE
:10E2F000009023469A4A98A10820F4F743FC13BDE6
:10E3000030B593B004460D460022402103A8F3F730
:10E31000C1FB00BFA5A0D0E90023CDE9012303A8DC
:10E32000019021460846401E8041C00F06F0F1FED4
:10E330008A4804EB840100EB810000218160012107
:10E34000017423468DA2402103A800F069FB01A9B6
:10E35000284610F023F9F8F7F2FD00902346814A91
:10E360007DA10820F4F70EFC13B030BD2DE9FE436B
:10E370000446401E8041C00F06F0CBFE2046FFF74A
:10E380001AFF06462546DFF8D48105EB850008EB29
:10E390008007B878032800F2C280DFE800F0023777
:10E3A0007BAD022E40F0BE802046FFF74AFF0120E1
:10E3B000F8F781FC012088F815000220F6F7BAFE74
:10E3C0000820F6F7B7FE1020F6F7B4FE0120B8706B
:10E3D00000212046FFF75CFA63492046FFF7FFF96A
:10E3E00097F804006EA1495D884201D3012078713D
:10E3F000F8F7A5FD029078790190387900902B46C6
:10E400005A4A55A10220F4F7BDFB8BE062A010F838
:10E410000590F8684845C0F0858000BF60A0405D69
:10E420003979884209D300BF5FA030F81510204623
:10E43000FFF766FF0020B87074E02046FFF701FF89
:10E440000220F8F738FC022088F81500F6F772FE73
:10E450000820F6F76FFE1020F6F76CFE002120462C
:10E46000FFF716FA40492046FFF7B9F9C7F80C90B4
:10E470000320B87001207871F8F761FD0290787977
:10E480000190387900902B46394A33A10220F4F7E5
:10E4900079FB47E0022E45D12046FFF7D2FE02204D
:10E4A000F8F709FC022088F81500F6F743FE08206B
:10E4B000F6F740FE1020F6F73DFE0320B87000216D
:10E4C0002046FFF7E5F928492046FFF788F9387913
:10E4D00033A1495D884201D301207871F8F72FFDFF
:10E4E000029078790190387900902B46214A1AA140
:10E4F0000220F4F747FB15E0D7F80C0027A151F8EC
:10E50000251088420ED30020F86000BF26A030F806
:10E5100015102046FFF7F4FE0220B87002E02046F6
:10E52000FFF75EFE012E15D1387C012812D1B868A4
:10E530001CA151F8251088420CD3F8F700FD00907B
:10E540002B460D4A04A10820F4F71CFB2046BDE829
:10E55000FE4393E6BDE8F78363616E002802402026
:10E5600024AC4A004CAC4A000CAC4A007CAC4A00DB
:10E57000A8AC4A00D4AC4A0000AD4A0043414E2545
:10E5800064206275736F66662074727920726563A9
:10E590006F7665720000000064000000E803000070
:10E5A00005000000640000000800000000000000FA
:10E5B0004000000010B5974C2078012803D10020BE
:10E5C000607202202070607D012802D0207D012829
:10E5D0000DD1F8F7B4FCA169401A4EF661218842CA
:10E5E00005DB0020A082BDE81040FCF793BD10BD04
:10E5F00001208949087070470020874908707047DA
:10E60000854800787047012070470120704780B529
:10E61000F5F71FFC012002BD38B50C461546017800
:10E62000427883781B0443EA0263C27843EA0223F8
:10E63000007903437948834220D10B291EDA01294E
:10E6400006D004290CD006290ED00A2911D015E0D5
:10E6500002F073FBFFF7D7FF012813D1002012E06F
:10E66000FFF7C6FF0120F7E702F067FBFFF7CDFFDA
:10E67000F2E702F062FBFFF7CAFFEDE731202870F6
:10E68000012032BD012020700020287032BD38B535
:10E690000C461546FCF7E8FAFCF7CBFA0020207090
:10E6A000287032BD2DE9F8430C46154601784278B2
:10E6B000120242EA0142817811430026374690F85F
:10E6C0000380324601E0521C92B25548006800684F
:10E6D00000EB4213187F012807D098690028F2D078
:10E6E00000688842EFD11F78012630001AD0DFF889
:10E6F0002491012089F81400002089F81500F8F70A
:10E700001EFCC9F818003846FCF7F9FCB8F1000FF8
:10E7100004D003213846FBF739F803E002213846DC
:10E72000FBF734F886F00106267000202870BDE85B
:10E73000F2832DE9F84F0C46154601784278120213
:10E7400042EA014290F8029049EA02094FF0000AB9
:10E75000D3465646C778B046314601E0491C89B2D7
:10E760002F480068006800EB4112107F012809D093
:10E7700090690028F2D000684845EFD1B2F800B0A7
:10E780004FF0010A5046002825D0224E0120707516
:10E7900040463075F8F7D3FBB061404600E0401CBE
:10E7A0000E2806D206EB8001C9698945F7D14FF0E2
:10E7B0000108B8F1000F07D002F0BFFA3946484609
:10E7C00003F0B4F9064606E0012639465FFA8BFBF2
:10E7D0005846FCF788FCBAF1000F03D0012E01D196
:10E7E000002000E00120207000202870BDE8F28F9A
:10E7F00038B50C46002010700A4D01F01BFD28773B
:10E80000012802D10020207001E0012020700020AA
:10E8100032BD0000482C40202624402044332211E1
:10E8200094CB4A00440040207F20107001207047A4
:10E830007F201070012070477F20107001207047EA
:10E840007F2010700120704710B5634C207801289C
:10E8500003D006F07AFC0120207010BD10B55E4C8C
:10E860002078002803D006F08AFC0020207010BD1C
:10E8700038B50146594CA1F161021A2A12D3A1F10F
:10E8800041021A2A0ED302460D2A0BD030390A292A
:10E8900008D301467B2905D07D2903D0222901D048
:10E8A0003A293ED1217D6054217D491C2175C9B290
:10E8B000142901D20D2836D120787B2819D1E07B8C
:10E8C0007D2816D1464D47480068C5F8E000A07B7A
:10E8D00030382877C0B2072805D152210220F2F73C
:10E8E000B3FE002028772B7F41A231A10420F4F74A
:10E8F00049F900BF44A1204606F0E2FC002805D1FA
:10E9000043A1204606F0DCFC002801D001F03AFECD
:10E9100000202075024614212046BDE83840F3F758
:10E92000B9B80020207531BD38B52B4800780028D3
:10E9300000D131BD0121684606F02CFC040001D055
:10E94000002507E006F07EFC31BD6946085CFFF754
:10E950008FFF6D1C2846C0B2A042EBDAF5E700003D
:10E96000012811D0022811D0042811D0082811D074
:10E97000102811D0202811D0402811D0802811D083
:10E98000B0F5807F10D011E00AA070470AA0704750
:10E990000AA070470AA070470AA070470AA07047F3
:10E9A0000AA070470AA070470AA070471AA07047D3
:10E9B000646267004100000045000000570000004D
:10E9C0005400000049000000440000005300000013
:10E9D00043000000494D000031244020F81B402036
:10E9E000E4160020BC1E402089B206F0FFBB0000E8
:10E9F00053616665747920496E6A65637420256485
:10EA0000204F4B0D0A000000726573657400000012
:10EA10005245534554000000556E6B6E6F776E0083
:10EA200008B438B585B009AC0025049403950029D5
:10EA30000EBF01950190491E0291009504AB01A9FA
:10EA4000074878441A3006F054FC019901B10D7062
:10EA5000002858BF039806B030BC5DF808FB00BF23
:10EA60001B30FFFF08B584B00023039300290EBFBD
:10EA700001930190491E0291009301A904AB07483C
:10EA80007844183006F035FC019909B100220A706B
:10EA9000002858BF039805B000BD00BFDF2FFFFF5F
:10EAA00000F0C4BB13460A46194600F023BC1346C7
:10EAB0000A46194600F0A8BC704730B402464FF62B
:10EAC000FF7000230AE0DFF8F845D55C85EA2025D1
:10EAD00054F8254084EA002080B25B1C8B42F2D3BC
:10EAE00030BC704700F5AE73186800FB021101F5E9
:10EAF000006108467047F0B4002400E0641C8C42BA
:10EB000010D2055D002600E0761C082EF6DA2F46AE
:10EB10003741FF07F8D514601E601168304600EBDE
:10EB2000C10000E00020F0BC704738B504464A2020
:10EB30002070462060704520A070E0700FF29C525B
:10EB4000BFA10820F4F71EF804F5A87528684FF453
:10EB50000051FFF7A5FF286808222146FFF7A2FF12
:10EB600004F5AA71086808222146FFF79BFF29686F
:10EB700000234FF4D862204600F090F804F5AC7002
:10EB8000016804F5A27304F5A472C908491C04F1D4
:10EB90000800FFF7B0FF04F5A07108600A68296853
:10EBA0002046FFF79FFF04F5A6710860002032BDE4
:10EBB0002DE9FC4105460E461746002001900090C5
:10EBC00005F5AC7001686B4601AAC908491C05F13E
:10EBD0000800FFF790FF04460FF2642823460FF267
:10EBE000105241460820F3F7CDFF002C02D0641EDE
:10EBF00000E0641E002C27DD05F5A87001682246A0
:10EC00002846FFF76FFF4FF4807205F14001FFF7D0
:10EC10004EFFFE2105F14200FFF74FFFB5F840100F
:10EC20008842E6D105F5AE700168B94200D20768A6
:10EC30003A4605F142013046F8F7F2F90FF2C842C0
:10EC400041460820F3F79EFF0020BDE8F68176B527
:10EC500082B00246084602F5A471002B07D00B686B
:10EC6000082203A918180830FFF71CFF13E06B46B1
:10EC70000FF2A844D4E90056C3E900560B6802F528
:10EC8000A2710C680822694604EBC30400EBC400BF
:10EC90000830FFF707FF002004B070BD2DE9FE43E8
:10ECA00004460D461646002B07D040222146284632
:10ECB000FFF7FDFE0020BDE8FE830822214628461E
:10ECC000FFF7F5FE002208216846F2F7E3FE002771
:10ECD00002E0114301720837B742EBD2B9464FEA5E
:10ECE000D909C84609F00709082269467819083089
:10ECF000FFF7DDFE012101FA09F104EBD8009DF8D0
:10ED00000020FE2A027AE4D122EA01010172E2E740
:10ED10002DE9FE43044601F5005504F5A87635605B
:10ED200004F5AE70026004F5AA77396004F5AC789A
:10ED3000D720C8F80000316800234FF4D86220467D
:10ED4000FFF7ACFF0A212046FFF7B6FE0FF2D439D9
:10ED5000042249462046F8F72FF9002845D03968A3
:10ED600000234FF4D8622046FFF798FF042249465B
:10ED70002046F8F721F9002803D02046FFF7D5FEFA
:10ED800033E030684FF40051FFF78AFED8F80010E6
:10ED900004F5A27304F5A472C908491C04F1080023
:10EDA000FFF7A9FE04F5A0710860C64805F608053E
:10EDB00005600A6804F5A6750068C0F50050B2EB5E
:10EDC000102F0A6805D239682046FFF78BFE2860AD
:10EDD00004E031682046FFF785FE286028684FF47C
:10EDE000807204F14001FFF762FED8F8001004F5CC
:10EDF000A47504F5A2773B462A46C908491C04F1CC
:10EE00000800FFF778FE04F5A078C8F80000D8F8ED
:10EE1000002031682046FFF765FE04F5A671086002
:10EE200038682A68D8F800400B6802900192009474
:10EE3000A54AA2A10820F3F7A5FE0020BDE8FE83A5
:10EE4000656570002DE9FC470446FE2104F142008F
:10EE5000FFF733FEA4F8400004F5A075286804F518
:10EE6000B076D7281CD300BFB0A294A10820F3F736
:10EE700089FE04F5AA7738684FF40051FFF710FEB9
:10EE8000396800222046FFF72DFE4FF4807204F10E
:10EE90004001FFF707FE012030602046FFF745FEE6
:10EEA00004F5A6773868C0040AD1386804F5A8725A
:10EEB0001168884204D038684FF40051FFF7F0FD24
:10EEC0003868A0F50050B0F5005F18D2306800280F
:10EED00015D138683B68A0F5005001904FF4005000
:10EEE00000907A4A75A10820F3F74CFE38684FF479
:10EEF000807204F14001A0F50050FFF7D3FD38689F
:10EF00004FF4807204F14001FFF7CCFD04F5A478C2
:10EF1000D8F80000D8F8001004F5A279D9F800203C
:10EF200004F10803595C012303FA02F221EA020208
:10EF300004F108010A54D8F8000004F5A87ADAF8B8
:10EF40000010002304F10802125C2046FFF77FFE48
:10EF5000D8F8000004F5AA721168002304F1080231
:10EF6000125C2046FFF773FE04F5AC7001684B4657
:10EF70004246C908491C04F10800FFF7BCFD28609F
:10EF80002A68DAF800102046FFF7ACFD3860002050
:10EF90003060BDE8F68710B5044604F5AE7003682E
:10EFA0009B1E934201D20268921E04F14200F8F7C0
:10EFB00037F82046FFF746FF002010BD2DE9FF4738
:10EFC00004460D46164604F5AC70016804F5A477B6
:10EFD00004F5A27843463A46C908491C04F10800E2
:10EFE000FFF789FD04F5A079C9F80000D9F80020E1
:10EFF00004F5A87ADAF800102046FFF773FD04F54F
:10F00000A6710860D9F80000002803D0D9F80020C4
:10F01000521E00E00022DAF800102046FFF762FDE1
:10F0200082464FF4807204F14001FFF740FDD8F8AA
:10F0300000003968D9F8002020A7029001910092C1
:10F040005346234A39460820F3F79CFDFE2104F17C
:10F050004200FFF732FDB4F84010884211D1324629
:10F0600004F142012846F7F7DBFF00BF33A239461F
:10F070000820F3F787FD0A2104F14200FFF71CFD89
:10F0800018E000BF31A239460820F3F77BFD324675
:10F0900029462046FFF78CFD00280BD14FF4005184
:10F0A0000C48FFF7FDFC4FF400510B48FFF7F8FC4C
:10F0B000F4F7C1FE002004B0BDE8F087656570007C
:10F0C00020CD4A00941B402060CC4A00A8CC4A00C6
:10F0D000D8CC4A0000404C0000604C00666C735F66
:10F0E000696E69745F686561646572200D0A00006D
:10F0F0005245434F56455259203D3E20706F732074
:10F1000025640D0A000000004461746120526563AB
:10F110006F657279204F4B0D0A000000FE00000061
:10F12000000000004A4645450000000072652D6958
:10F130006E697420666C7321210D0A00726561642A
:10F1400020616C6C204F4B0D0A000000454550209B
:10F15000435243204552524F5221210D0A000000D4
:10F1600030B4002300E05B1C834211D2CC5C82EA05
:10F17000042200242546EDB2082DF4D255001204D5
:10F180002A4603D582F4805282F02102641CF1E702
:10F19000104680B230BC704718B40C46012B01D128
:10F1A0004FF6FF720146204618BCD9E738B5A24C8D
:10F1B000606810F1010F01D0401C606020780128C8
:10F1C00001D1012032BD9D4D01234FF6FF72D821A0
:10F1D0002846FFF7E1FF43F6E531884201D00020E1
:10F1E00032BD28460EF053F80120207032BD9249FE
:10F1F0004868401E486001D10020087070478E4862
:10F20000007870477047704710B58D4C8D480DF0F1
:10F21000C1FD45F6A521884203D1012020700020C0
:10F2200010BD00202070012010BD00002DE9F84322
:10F230000E4645F6A52425460EF04AFA074606F581
:10F24000F856FF364FF000087D480078002801D1BD
:10F25000FFF7DAFFFFF7AAFFFFF7D1FF002810D171
:10F26000042045E008EB070948460DF0ECFE4EF699
:10F27000B801884203D1002148460DF024FF08F16F
:10F280000108B8EB563FEDD372B64FF0000801E02D
:10F2900008F10108B8EB563F0DD2002108EB07003A
:10F2A0000DF0FAFF0EF03EF84EF242718842F9D0AE
:10F2B0000546A542ECD062B64FF000080EE008EB20
:10F2C000070948460DF0BFFE4EF6B801884203D14B
:10F2D000002148460DF069FE08F10108B8EB563FE1
:10F2E000EDD3FFF784FFA54201D0012000E000200C
:10F2F000BDE8F2832DE9F84F84B080468946144674
:10F3000045F6A525ADF808500EF0E2F9064609F5D8
:10F31000F857FF3709F1070B09F00709CDF80C90F2
:10F320004FF0000A46480078002801D1FFF76CFF33
:10F33000FFF73CFFFFF763FF002810D1042060E0D7
:10F340000AEB060948460DF07EFE4EF6B8018842EB
:10F3500003D1002148460DF0B6FE0AF1010ABAEBCE
:10F36000573FEDD372B64FF0000AA146BDF8080032
:10F37000039C01E00AF1010ABAEBDB0F23D20AF188
:10F380000100B0EBDB0F0DD1002C0BD0FF220821C8
:10F390006846F2F77FFB224609EBCA016846F7F799
:10F3A0003FFE05E0082209EBCA016846F7F738FE80
:10F3B00000236A46082108EBCA000EF077F80146E0
:10F3C0002A469142D6D0040062B64FF000080EE003
:10F3D00008EB060948460DF036FE4EF6B8018842A5
:10F3E00003D1002148460DF0E0FD08F10108B8EB1B
:10F3F000573FEDD3FFF7FBFEAC4201D0012000E008
:10F40000002005B0BDE8F08F70B504460D461646E5
:10F410000B480078002801D1FFF7F6FE3246294656
:10F4200020460DF03EFD45F6A521884201D1002081
:10F4300070BD012070BD0000101C4020201800206D
:10F440003224402078D74A00F8B504460D461646C7
:10F45000640B6403FFF7AAFE01F005FA4FF40051B4
:10F460002046FFF7E3FE074601F0FDF9380005D11D
:10F470002A4631462046FFF73DFF0746FFF7B7FE15
:10F480003846F2BD80B56A460DF101010020F5F75E
:10F490007BF9DFF84013087800280BD101200870B1
:10F4A000F7F74DFD03460FF254320FF248310420B6
:10F4B000F3F768FB01BD3EB50C460DF1010269464C
:10F4C0000020F5F761F90022062101A8F2F7E2FA1F
:10F4D000DFF8040300789DF8041060F305018DF84F
:10F4E00004109DF80000052801D0012000E0002054
:10F4F00060F386118DF80410F5F759FE000A9DF8A7
:10F50000055060F300058DF80550F5F750FEC00872
:10F5100060F341058DF80550F5F7CFFE401E8041A0
:10F52000C00F60F382058DF8055005F0F7058DF8E2
:10F530000550062201A92068F7F772FDA748006868
:10F54000A749C1F8D00000203EBD0000FEB50D4621
:10F550001446F7F7F4FC0646204600F079F8074613
:10F56000284600F075F80196009703460FF2AC228A
:10F57000A0A10420F3F706FB2046012801D00228B1
:10F5800002D1002093490870632015F095FA052CEC
:10F5900059D8DFE804F0030817474C510120BDE8B3
:10F5A000FE40F7F769BBF7F763FB08284BD0F7F786
:10F5B0005FFB092847D0F5F7BDFE0220BDE8FE40FD
:10F5C000F7F75ABBF7F754FB08283CD0F7F750FB86
:10F5D000092838D00020FEF78BFA00207E490870F9
:10F5E0000720F7F749FBF2F73BFDF2F74FFD01204B
:10F5F0007B490874A1210220F2F726F80021062099
:10F6000015F046FA0121832015F042FA18F0D2FBDA
:10F61000FBF72AFBF4F7F7FDF5F78CFEBDE8F740A2
:10F6200002F00ABF0620BDE8FE40F7F725BB052023
:10F63000BDE8FE40F7F720BBFBF7FBFA0420BDE86E
:10F64000FE40F7F719BBF7BD62480078704700002D
:10F65000401E052810D8DFE800F0030507090B0D50
:10F6600056A0704774A0704755A0704755A07047CA
:10F6700055A0704755A0704755A0704780B55948B0
:10F68000F4F73AFF0020F5F74AF9012056490870CF
:10F6900001BD5548007870471CB50DF1010269465F
:10F6A0000020F5F771F8514C207800280BD1F5F7C0
:10F6B0007EFD000707D59DF80000032803D1012037
:10F6C000207000F02BF8F5F772FD000701D4002040
:10F6D000207013BD10B5464C6068002805D0401E50
:10F6E000606002D10820F5F725FDA068002805D04C
:10F6F000401EA06002D10220F5F71CFDE068002842
:10F700000BD0401EE06008D12020F5F713FD4FF428
:10F710008070BDE81040F5F70DBD10BD1CB5F5F7C4
:10F7200046FD044614F49D7F2CD00DF1010269467C
:10F730000020F5F729F89DF80100002801D00128E4
:10F7400011D1A00703D50020F4F743FF13BD14F433
:10F75000987F13D1200718D59DF8000003280DD0FD
:10F76000052812D10AE014F4987F07D1200709D5A3
:10F770009DF80000032801D0052803D10020F4F7EC
:10F7800041FF13BD0020F4F77EFF13BD022807D010
:10F7900008280AD020280DD0B0F5807F0AD0704705
:10F7A00040F2CF7012498860704741F291301049A1
:10F7B0004860704713200E49C86070474253530099
:10F7C000525353004E4F5300524D530053530000B9
:10F7D000554E4B002324402029244020BC1E4020AD
:10F7E000E416002064AD4A00242440202524402053
:10F7F0003400402043616E4E6D00000043616E4E48
:10F800006D2073656E64206669727374206E6D5F1F
:10F810006D73672C543A25640D0A000043616E4EE7
:10F820006D207374617465202573202D3E2025732F
:10F830002C543A25640D0A00504253530000000036
:10F840006230496909890180012181707047002176
:10F8500080F86410704766304278521E032A01D93E
:10F86000FE3A01D1002202700A46521E032A01D933
:10F87000FE3A00D14170002006F09EBCDFF8AC09D2
:10F880004168002901D0C869DAE7704702460120C3
:10F89000DFF898194968002902D008781070002014
:10F8A0007047DFF888194968C96981F866007047B0
:10F8B00002460120DFF874194968002904D0C8699C
:10F8C00090F866001070002070470146DFF85C0970
:10F8D0004068002800D1704780B5C069FFF7BBFFC2
:10F8E000BDE80140CAE702460120DFF84019496837
:10F8F000002904D0C86990F8670010700020704794
:10F9000030B40246DFF8280903681868806A006886
:10F9100092F8675000E0083081790478AC4201D059
:10F920000029F8D0012902D11868806A006830BC2B
:10F930007047F0B40024022815DA059C049DDFF816
:10F94000F0683668B668F668366800EB400706EB84
:10F950008700086000681060006818600068286010
:10F96000C069206001242046F0BC704730B40024F8
:10F97000002811D1039C0298DFF8B4582D68AD68B7
:10F98000ED686D680D602968116009681960096883
:10F990000160C86920600124204630BC7047002205
:10F9A000C368DB681A708368DB681A700A770A72AA
:10F9B0004FF6FF71C068C0680181704700B587B01D
:10F9C00000210691059104910391029102A90191F0
:10F9D00003A9009104AB05AA06A9FFF7AAFF002816
:10F9E00003D002990398FFF7DAFF07B000BD30B5E6
:10F9F00087B004460D4600200690059004900390C1
:10FA0000029002A8019003A8009004AB05AA06A9E1
:10FA10002046FFF78EFF00280BD0002D02D0012DCD
:10FA200004D006E003200299087702E02046FFF7A1
:10FA3000C5FF07B030BD30B587B004460D46002085
:10FA40000690039005900490029002A8019004A8EB
:10FA5000009005AB03AA06A9E0690088FFF769FFDB
:10FA600000282AD0029800F140010878002824D10B
:10FA70000D770520029981F840007F20029981F8D6
:10FA80004100A06840680078029981F8420002981D
:10FA900080F843500298413002990865032002998A
:10FAA00048650420029981F84000029800F1500155
:10FAB00003980069808807F00BFF07B030BD38B5A8
:10FAC00004460122002501E06D1CADB2DFF860079D
:10FAD00000688068416805EB4500830001F108007B
:10FAE000C05C002806D1C9580029EDD020468847BF
:10FAF0000200E9D0104632BD0146002009680A78AC
:10FB00003E2A03D14978802900D101207047DFF8CF
:10FB1000200700688068C06881681EE0C86900220C
:10FB20000272027780F8202080F8402000F1600205
:10FB3000002393710123D371002313701A46427777
:10FB40008B68DB681A70CB68DB681A704FF6FF723F
:10FB5000CB68DB681A81C287243191F82000002825
:10FB6000DCD0DFF8C8060121017000214160704738
:10FB700030B587B000200290DFF8B4462068806876
:10FB8000C068856818E0F7F7DAF90299D1F88C10A7
:10FB9000401A40F2F51188420DDBFFF7B8FF0AE08A
:10FBA000A8694068006980880421029A1177029947
:10FBB000143107F08DFE243595F82000002840F020
:10FBC0007F80E86902900028F5D000F16201487951
:10FBD000012812D08878012804D10888002801D093
:10FBE000401E08800298B0F86200002805D101216B
:10FBF0000298FFF730FE07F0DFFE0298007F022830
:10FC0000C1D0032839D00528D5D1029840680028F2
:10FC100002D0401E02994860029840680028CAD16C
:10FC20000298FFF76DFE80884008029948602068BE
:10FC3000806880680028BED00078012812D1029820
:10FC400090F8650000280DD078212846FFF7F3FED4
:10FC5000029890F865000028ADD0401E029981F806
:10FC60006500A8E706F0A4FB10212846FFF7E3FE95
:10FC700002992846FFF793FE9DE7029890F840000E
:10FC8000002898D10020069003900590049002A8C7
:10FC9000019004A8009005AB03AA06A90298008869
:10FCA000FFF747FE00283FF47BAF03980069808888
:10FCB0000421029A11770299143107F009FE7AE7BC
:10FCC00007B030BDF0B587B004460D461646012793
:10FCD00000200690059004900390029002A80190E5
:10FCE00003A8009004AB05AA06A92046FFF721FE51
:10FCF000002825D0039881688868A8421AD3029802
:10FD0000007A002817D1CA681078002813D1384625
:10FD100010704868029AD060029805610020CA6895
:10FD200050600220029A1072C868048188683060AE
:10FD3000002700E00327380002D10298FFF787FD73
:10FD4000384607B0F0BD2DE9F84187B007460C46AC
:10FD5000154601260020069005900490039002901D
:10FD600002A8019003A8009004AB05AA06A9384692
:10FD7000FFF7DFFD002852D00398D0F808800298E2
:10FD8000007A022825D1D8F80C0001893A46914220
:10FD90001FD141680298C06808446268002A01D1F6
:10FDA00000260EE0D8F80830591A914209D321688C
:10FDB000F7F736F9D8F80C104A68606882184A607C
:10FDC0000026D8F80810D8F80C004068091A2960F5
:10FDD00025E0029890F82000022820D10298C08FD8
:10FDE000B8421CD16268002A01D1002612E00298B4
:10FDF000806BC0F1080191420CD32168029B1B6B00
:10FE00001844F7F70DF90298816B60684118029861
:10FE1000816300260298806BC0F10800286030469C
:10FE200008B0BDE8F08178B587B004460D460020E3
:10FE30000690059004900390029002A8019003A8F8
:10FE4000009004AB05AA06A92046FFF772FD002822
:10FE500059D0039880680646F1680A89A24252D1B7
:10FE6000029A12694968914203D0511E8941C90F13
:10FE700000E00121002D38D1002936D0001DFFF708
:10FE80003BFE002814D002980069022810D1039983
:10FE90000298FFF7D5FC0020029908724FF6FF7018
:10FEA000F1680881002003998968C96808702AE010
:10FEB0000298407F002826D1DFF870436068002850
:10FEC0000BD103980078FFF7FAFD00281BD1012021
:10FED000029948770398606015E000200299087243
:10FEE00003998968C96808700DE0FFF7C7FC002016
:10FEF000029908724FF6FF70F1680881002003999B
:10FF00008968C968087008B070BD78B587B00446C4
:10FF10000D4600200590049006900390029002A8E0
:10FF2000019003A8009006AB04AA05A92046FFF79C
:10FF300000FD002800F09C80039880680646029926
:10FF4000097A022940F09480F1680A8923469A428E
:10FF500040F08E80029A12694968914203D0511E86
:10FF60008941C90F00E00121002D73D1002971D012
:10FF7000001DFFF7C1FD002814D002980069022877
:10FF800010D103990298FFF75BFC002002990872D8
:10FF90004FF6FF70F1680881002003998968C968ED
:10FFA000087065E00298407F002816D19F4D686870
:10FFB00000280BD103980078FFF781FD00280CD1B1
:10FFC0000120029948770398686006E000200299B2
:10FFD000087203998968C96808700298407F0128EF
:10FFE00046D10298FFF78CFC40884008029948608F
:10FFF00005200299087202980069002803D1F06870
:020000040049B1
:1000000040680299086105200299087788480068CD
:10001000806880684078029981F865000398C0681C
:100020004068029948610398C068806802998861B5
:10003000029804800194029814300090049800699A
:100040008388059802790398016902980C3007F0BB
:1000500024FE0DE0FFF712FC0020029908724FF613
:10006000FF70F1680881002003998968C9680870E9
:1000700008B070BDF0B587B00C461D4601260021C2
:100080000691059104910391029102A9019103A99E
:10009000009104AB05AA06A9FFF768FC00286AD006
:1000A0000398C76800260298007F02280ED0042813
:1000B0000BD13046F9684860022002990877F6F7BC
:1000C0003EFF0299C1F88C0000E0012630001DD1EE
:1000D0006268002A13D0F868406802998969091A91
:1000E000914201D201260AE002994969014420683F
:1000F000F6F796FFF9684A68606882184A600298C5
:100100008169F8684068091A296034E0012832D111
:10011000002602984030017802290DD004290AD126
:1001200002994131016130460299886502200299A5
:1001300081F8400000E0012630001CD16268002AEE
:1001400014D00298806D0299496D091A914201D22A
:1001500001260BE00299096D01442068F6F760FF63
:100160000298816D60684118029881650298416D1E
:10017000806D091A2960304607B0F0BD30B587B0F0
:100180000C4600210691049105910391029102A968
:10019000019103A9009105AB04AA06A9FFF7E6FBAC
:1001A00000281ED000250298007F02280ED1039956
:1001B0000298FFF745FB02990398FFF7F0FB012532
:1001C000214604980069808807F065FD002D08D15C
:1001D000029890F84000022803D10020029981F88B
:1001E000400007B030BD0020114909688968C9681E
:1001F0008A6804E0D169002900D0087F243292F88F
:1002000020100029F6D07047002009490968896844
:10021000C9688A6804E0D169002900D0087A2432CC
:1002200092F820100029F6D0704700003C064020CC
:100230002006402010B5884C2088F2F7C9FD874A77
:10024000874BF1F757FC00F0EBFC00EE100A8548F5
:1002500090F85100002809D0A078002806D1DFEDE1
:100260007D0AB4EE600AF1EE10FA01DB002010BD49
:10027000012010BD0020704700207047002070470B
:10028000002101700846704780B500222821764879
:10029000F1F700FCBDE80140F3F791BF72498868AF
:1002A000401C8860487E012802D1087E401C0876E8
:1002B000887E401C8876887F401C88774878002894
:1002C00001D1012048700869401C0861C92806D383
:1002D00000200861C878002801D10120C870486951
:1002E000401C486140F2F512904206D3002048615C
:1002F0000879002801D101200871086AB0F57A7FD9
:1003000001D2401C0862486AB0F5FA6F01D2401C65
:100310004862704754498878002801D101208870CC
:10032000704710B50878022804D0032833D0052878
:1003300035D010BDFFF7A8FF4C48F6F7C8F94C4878
:1003400007F0CCFC4B4800F0C5FC00F049FA01284E
:100350000DD100F040FA00210846FFF764FD0120AE
:10036000FFF7B3FAFFF78AFA012000F01FFD00F053
:1003700049FA04001AD000F040FA00210846FFF7BD
:1003800052FD0120FFF7A1FAFFF778FA2046BDE8F9
:10039000104000F043BD00203349087010BD0879BB
:1003A000401E8041C043C00F2F49087010BD022974
:1003B00001D0112070470020704710B52A4C60789A
:1003C000012815D1002060702078012810D1607EAE
:1003D00000280DD1E07E00280AD1607F002807D1D7
:1003E00000F084FCF9F7B6F9F6F761FBFEF7E2F8E6
:1003F000207801282AD1A078012801D10020A070FE
:10040000E078012801D10020E0702079012801D195
:1004100000202071FAF75EFE607E012802D1207E66
:1004200015280BDAE07E012802D1A07E152805DA16
:10043000607F01280AD1A07F152807DB00206076A5
:10044000E0766077BDE8104000F09CB810BD06482B
:100450000078704701000040D00B0020CDCCCCCC00
:10046000CCCCAC3F080400204400402018AE4A0029
:1004700038D44A00D0BC4A000120704710B5002093
:1004800016F006FB002016F040FB16F08FFB00284C
:10049000FBD116F077FB0B2016F0B4FB31498842F4
:1004A00000D0FEE700200CF084FA002016F04BFB91
:1004B000002012F0ECF8002016F044FF0021062086
:1004C00014F0E6FA0121832014F0E2FA002016F07D
:1004D00089FF00F0A9F90121082014F0D9FA0121BF
:1004E000092014F0D5FA0121632014F0D1FA01217A
:1004F0006E2014F0CDFA002010F090FF00210D20A6
:1005000014F0C6FA0021012014F0C2FA00218A205A
:1005100014F0BEFA0021802014F0BAFA00216F20F6
:1005200014F0B6FA0021882014F0B2FA0E4C112211
:100530000EA104F14300F6F773FD6420A0740220BD
:10054000A0760020E0760146202014F0A1FA0021D8
:100550004E2014F09DFAF6F72DFDBDE81040FEF791
:1005600053BE000000B4C404E41600203230303121
:1005700030312030303A30303A3030200000000046
:100580007047704780B5F4F731FDF4F799FBBDE88B
:10059000014016F01BBB2DE9F041A0B000252E460E
:1005A000002802D0012819D067E09A4F07F17E0099
:1005B000022181702946C1700121417107F1800437
:1005C0000B464FF6FF727E212046FEF7E5FDA7F8A9
:1005D000FE004FF48307DFF8408211E08D4C28467F
:1005E0002080A070FF20207101234FF6FF727E2132
:1005F0002046FEF7D1FDA4F87E00884FDFF8208268
:10060000002C3AD06A4680213846FEF7FDFE802253
:1006100069462046F6F7D0FC002808D00126802243
:1006200021463846FEF710FF002800D035466A46BE
:1006300080214046FEF7E8FE802269462046F6F714
:10064000BBFC002808D00126802221464046FEF748
:10065000FBFE002800D06D1C002E06D02846C0B23C
:10066000002802D10520F6F76DFC2846C0B2401ED6
:100670008041C00F20B0BDE8F0812846FAE738B5C8
:10068000002802D001281ED031BD624C04F1800543
:10069000002280212846F1F7FDF904F17E000221B5
:1006A00081700021C1700171012141710021C1805F
:1006B000017201234FF6FF727E212846FEF76CFD82
:1006C000A4F8FE0031BD534C002280212046F1F7F2
:1006D000E1F900202080A0700120E070FF2020714F
:1006E00001234FF6FF727E212046FEF755FDA4F848
:1006F0007E0031BD2DE9F047C0B007460026380026
:1007000002D001282ED055E0424C04F180052A4643
:1007100080214FF48300FEF777FEB4F8FE8020AC12
:1007200020AA80213C48FEF76FFEBDF8FE90002D08
:1007300040D0002C3ED04FF6FF7A012352467E2156
:100740002846FEF729FD40451FD0012352467E2151
:100750002046FEF721FD484515D03846FFF78FFFAC
:10076000012622E02B4D2A4680212C48FEF74CFE24
:10077000B5F87E806C466A4680212948FEF744FE23
:10078000BDF87E90D3E701260FE0012352467E217B
:100790002046FEF701FD484506D180222146284625
:1007A000F6F70AFC002800D00126002E02D03846B9
:1007B000FFF7F1FE40B0BDE8F08780B50020FFF7FD
:1007C00099FF0120BDE8024094E70120114981F81A
:1007D00086000020DFE600200E4981F88700DAE677
:1007E0000C4890F88700401E8041C043C00F7047FE
:1007F000084981F888000020CDE60020054981F8ED
:100800008800C8E6034890F8880070470822054928
:10081000F6F706BC2401402000A0410000C04400BF
:1008200000E044004000001B80B5002212492A204D
:1008300016F0BFFD01212A2016F094FD0F4900207B
:1008400017F08DFD00224FF4C8511046BDE8084056
:1008500017F03CBE80B5002017F071FE0020BDE807
:10086000024017F0C0BD002017F0E2BD0448016847
:10087000491C0160704700001F864A00B0014B0010
:10088000C81E4020042307F081BB052207F037BCB7
:10089000062307F035BC1CB50724009407F07AFC4A
:1008A00016BD082207F0FCBCD2B2203A22BF21FAC2
:1008B00002F0002170472032D141D04048409140A1
:1008C000D14048407047000013F0004C03D55B4214
:1008D000524263F100039CEA210C00F0178010B52E
:1008E000644603D34942404261F1000100F00EF832
:1008F000640004D34942404261F10001244203D51F
:100900005B42524263F1000310BD0000BBBBE1B18A
:10091000B2F5803F80F07E80022A1ED98C46B1FB62
:10092000F2F102FB11C31B0443EA1043B3FBF2FCD8
:1009300002FB1C3380B240EA0343B3FBF2F002FB3C
:10094000103240EA0C4000237047022A05D9844641
:10095000B0FBF2F002FB10C270474AB105D100F0C3
:10096000010249085FEA3000704700220023704707
:1009700007F098BC0B000200002100207047904255
:1009800071EB030CF6D3B3F5803F2FD2F0B5B3FA79
:1009900083F7B1FA81F4A7F10F0E3D1B5340CEF15E
:1009A000200602FA0EF2F3415340B5F10F0746D884
:1009B0000F3C2C444140C4F12006A040F14141408D
:1009C000B1FBF3F603FB1611A2FB0645001BA94180
:1009D00002D2761E8018594180EA010221FA0EF3F4
:1009E00062FA0EF200215A403046F0BD30B4B1FB3D
:1009F000F3FC03FB1C11A2FB0C45001BA94103D215
:100A0000ACF1010C8018594130BC02460B466046DF
:100A100000217047B2F1807F65D3F0B5B2FA82F75A
:100A2000B1FA81F4C7F10F063D1B22FA06F307F174
:100A3000110EF24120355A40B5F10F07B8D94140A7
:100A4000C4F12006A040F1414140B1FBF3FC03FB9F
:100A50001C11A2FB0C45001BA94103D2BCF1010CE7
:100A6000801859410F2F12D30F3FC90341EA50415B
:100A7000B1FBF3F603FB1611A2FB0645D4EBC03025
:100A8000A94102D2761E8018594146EACC3C07B3F0
:100A90004140C7F12006B840F1414140B1FBF3F6B7
:100AA00003FB1611A2FB0645001BA94102D2761ECC
:100AB0008018594180EA010221FA0EF3C7F120049F
:100AC00062FA0EF20CFA07F05A402CFA04F13043A5
:100AD000F0BD80EA010221FA0EF3002162FA0EF263
:100AE00060465A40F0BD8C46B1FBF2F102FB11C3E7
:100AF0001B0243EA1063B3FBF2FC02FB1C331B0234
:100B00004CEA002043EA1063B3FBF2FC02FB1C3307
:100B10001B024CEA002043EA1063B3FBF2FC02FB29
:100B20001C331B024CEA002043EA1063B3FBF2FCC7
:100B300002FB1C324CEA00200023704780B50021E4
:100B40000091D0E90023002007F0AEFB02BDF8B50C
:100B500004460D4616461F4607F06AFC3B46C06831
:100B6000009032462946204607F0ACFCF2BD00005A
:100B70000020224908800AF0F0BA20480088401E70
:100B80008041C043C00F704710B51D4C04F11801DF
:100B900000200AF01FFB002807D10C2204F10C01F1
:100BA0002046BDE81040F6F74BBA10BD10B5144C06
:100BB00000220C212046F0F76DFF00221149B420DD
:100BC00016F0F7FB0121B42016F0CCFB00200AF050
:100BD0000FFA04F10C0100200AF05EFA00200AF07E
:100BE00031FBBDE81040C3E70AF078BA062801DB04
:100BF00000207047024931F810007047F21B402076
:100C0000981B4020D9854A0080B5FFF7B6FF002821
:100C100004D0FFF7B9FFBDE80140A9E701BD00001E
:100C200001F000428B1AA3F16051B1F5801F0ADB7D
:100C3000B1F17F6F1FD242EAC102C10071F10041E0
:100C400042EB507070470B15C3F10903212B10D2F2
:100C5000890241EA905180020128494141F0004156
:100C600021FA03F0C3F12003994071F10041504192
:100C70007047100070476FF0000013EB103F5CBF2F
:100C8000000E42EAC0507047D0ED000A90ED021A03
:100C900070EE810AC0ED000A90ED031A30EE811A61
:100CA000C0EE810AC0ED010A90ED041A30EE410A4F
:100CB00000EE201A80ED041AB7EE000A30EE600A4A
:100CC000D0ED000A20EE200A80ED000A90ED040A23
:100CD0007047000080B550490860FEF718FF06F025
:100CE00062FF0120BDE8024005F066BA80B506F05B
:100CF0005BFF05F04DFBBDE80140FEF739BFFEF795
:100D0000E1BFFFF720B8FFF700B910B50446FEF7C2
:100D1000CFFD002801D000202070002010BD10B5AC
:100D20000446FEF7E0FD002801D0012020700020DD
:100D300010BDFFF723BAFFF79DB938B584B0364828
:100D400000688068C06885682AE0EC69002C26D0BD
:100D5000207F052823D12046FEF7D2FD80886060E1
:100D600003208DF800007F208DF801006846A968F7
:100D70004968097881707821C1705522042101A841
:100D8000F0F788FE68460290082003900220F6F7EC
:100D9000D9F802A90A200DF001FC06F093FF2435D2
:100DA00095F820000028D0D005B030BD1FB51A49F5
:100DB00009680968896A0A68044600E0083291797E
:100DC0001378A34201D00029F8D0002922D10621AE
:100DD0008DF8001050218DF80110694688705088F8
:100DE000000A8DF803005088087190880A2290FB51
:100DF000F2F0024692B2120A8DF805208871552051
:100E00008DF80700684602900820039002A90A2086
:100E10000DF0C4FB1FBD000020064020F8B50221E4
:100E20008DF8001051218DF8011069468870552009
:100E30008DF8030008718DF805008DF806008DF817
:100E40000700684602900820039002A90A200DF0CE
:100E5000A5FB05B000BD0000084100F0010070478F
:100E6000DFF86C1C0968B1FBF0F200FB12100028DF
:100E700000D0704710B58B2013F0FCFD0446DFF85E
:100E8000540C4178A14202D04470002101700178D5
:100E9000491C0170C9B215292ADBDFF83C1CD1F8C6
:100EA000E820002CC2F380100ED100281BD142F0A4
:100EB0004002C1F8E820F6F742F803460DA26BA104
:100EC0000220F1F75FFE0EE000280CD022F0400275
:100ED000C1F8E820F6F733F80346DFF8002C63A1E9
:100EE0000820F1F74FFE2046BDE8104003F086BA17
:100EF00010BD0000436865636B5F4C5644535F4C04
:100F00004F434B5F4661756C742C543A25640D0A4F
:100F100000000000DFF8C80B00210170FF214170C4
:100F2000704700007CB5DFF8A81B0968B1FBF0F240
:100F300000FB121000284FD1DFF89C5B2C7AFF2CAD
:100F400002D1BDE87340E5E7DFF8946B7078A0420A
:100F500011D0747000203070F5F7F1FF002C01D033
:100F60001EA300E020A30190CDF8004020A23FA1E5
:100F70000820F1F707FE3078401C3070C0B2052819
:100F80002ADBD5F8E810287A0128C1F3402011D1D6
:100F9000002821D021F40071C5F8E810F5F7CFFF43
:100FA0004FEA00031AA231A1082002B0BDE8704048
:100FB000F1F7E8BD00280FD141F40071C5F8E81041
:100FC000F5F7BDFF4FEA000318A228A1022002B0E6
:100FD000BDE87040F1F7D6BD73BD00007265636F68
:100FE00076657279000000006661756C740000001F
:100FF000436865636B5F56705369672066697273F7
:1010000074202573282564292C543A25640D0A0080
:10101000436865636B5F5670536967207265636FE1
:10102000766572792C543A25640D0A00436865632D
:101030006B5F5670536967206661756C742C543A07
:1010400025640D0A0000000080B50A20FFF708FFA4
:10105000DFF8840AD0F8E800C0F38010002803D13C
:101060006420BDE802405DE701BD0000545000006F
:101070007CB5DFF8645A05F1EC04606C002840F0A0
:10108000EA80DFF84C0A00684FF47A71B0FBF1F2A5
:1010900001FB1200002840F0DE8094F84800C007F1
:1010A00040F1D9804FF4377240210120F1F7B3FFAE
:1010B0000646A878032803D0092801D0012811D1B9
:1010C0002168C1F3C02000281DD141F400612160D6
:1010D000F5F735FF4FEA000360A25FA10220F1F7A8
:1010E00051FD10E02168C1F3C02000280BD021F48D
:1010F00000612160F5F723FF4FEA00035EA256A1CD
:101100000820F1F73FFD03213046FFF7A5FE06005A
:10111000DFF8D059287814D101280DD0F5F70FFF4A
:10112000019000200090236CDFF8BC294AA1022026
:10113000F1F728FD01202870606C40F00100606428
:1011400011E000280BD0F5F7FAFE00903346DFF8E7
:101150009C2941A10820F1F715FD00202870206886
:1011600020F0F500206040F2E52240210120F1F757
:1011700052FF26680321FFF76FFE002814D1C6F343
:10118000802000280BD1F5F7DAFE019000200090B6
:10119000236CDFF85C2930A10220F1F7F3FC206812
:1011A00040F48060206002E026F4806626600D2214
:1011B00040210120F1F72FFF0646206831469B2988
:1011C00012D0C0F30020002809D1F5F7B8FE019035
:1011D0000096236C2FA220A10220F1F7D3FC2068F7
:1011E00040F48070206002E020F48070206040F2C3
:1011F000DF2240210120F1F70EFF0321FFF72CFE33
:101200000600687814D101280DD0F5F798FE0190FA
:1012100000200090236CDFF8DC280FA10220F1F7FA
:10122000B1FC01206870606C40F40060606473BDC4
:1012300000280CD0F5F783FE01900096236CDFF8B0
:10124000B82805A10820F1F79DFC002068702068EF
:101250006FF39830206073BD545000004932632012
:10126000455252204D61783936373535522C543A33
:1012700025640D0A00000000493263204E4F5220C1
:101280004D61783936373535522C543A25640D0A7C
:10129000000000002530782045525220534552204E
:1012A0004944203078253032582C543A2564210D99
:1012B0000A0000007FB5DFF8444894F84400C007F6
:1012C00042D500208DF808004FF21805009002ABBF
:1012D000284602462021012002F000FD002833D0DC
:1012E000266800219DF80800FFF7B6FD002813D0FE
:1012F000F0070CD4F5F723FE01909DF8080000904C
:101300002B46DFF8FC27C7A10820F1F73BFC20683B
:1013100040F00100206012E0F0070CD5F5F70FFE59
:1013200001909DF8080000902B46DFF8D827BDA15A
:101330000820F1F727FC20684008400020600220C8
:10134000616C60F301016164606CC0F340000028CF
:1013500044D000208DF808004FF21D05009002AB2C
:10136000284602462021012002F0B8FC002835D092
:10137000266800219DF80800FFF76EFD0028C6F3DF
:10138000800013D000280CD1F5F7D9FD01909DF80D
:10139000080000902B46DFF87027A2A10220F1F789
:1013A000F1FB206840F00400206012E000280CD01F
:1013B000F5F7C5FD01909DF8080000902B46DFF879
:1013C0004C2798A10820F1F7DDFB206820F00400ED
:1013D00020600220616C60F342016164606CC0F3C4
:1013E0008000002844D000208DF808004FF2190535
:1013F000009002AB284602462021012002F06EFC3C
:10140000002835D0266800219DF80800FFF724FD4C
:101410000028C6F3001013D000280CD1F5F78FFD7B
:1014200001909DF8080000902B46DFF8E4267DA18E
:101430000220F1F7A7FB206840F01000206012E0C6
:1014400000280CD0F5F77BFD01909DF80800009076
:101450002B46DFF8C02673A10820F1F793FB206824
:1014600020F0100020600220616C60F38301616451
:10147000606CC0F3C000002844D000208DF8080044
:101480004FF21C05009002AB2846024620210120A5
:1014900002F024FC002835D0266800219DF80800C1
:1014A000FFF7DAFC0028C6F3401013D000280CD157
:1014B000F5F745FD01909DF8080000902B46DFF8F8
:1014C000582658A10220F1F75DFB206840F020006B
:1014D000206012E000280CD0F5F731FD01909DF856
:1014E000080000902B46DFF834264EA10820F1F7C3
:1014F00049FB206820F0200020600220616C60F32E
:10150000C4016164606CC0F30010002842D0002068
:101510008DF808004FF22605009002AB28460246DF
:101520002021012002F0DAFB002833D020689DF84A
:10153000081011F0070FC0F3801013D000280CD151
:10154000F5F7FDFC01909DF8080000902B46DFF8B0
:10155000D02534A10220F1F715FB206840F04000AF
:10156000206012E000280CD0F5F7E9FC01909DF80E
:10157000080000902B46DFF8AC252AA10820F1F7DF
:1015800001FB206820F0400020600220616C60F3C5
:1015900005116164606CC0F34010002840D0002049
:1015A0008DF808004FF21A05009002AB284602465B
:1015B0002021012002F092FB002831D020689DF804
:1015C0000810C907C0F3C01013D500280CD1F5F7D7
:1015D000B6FC01909DF8080000902B46DFF84825E6
:1015E00010A10220F1F7CEFA206840F080002060C0
:1015F00012E000280CD0F5F7A2FC01909DF808003D
:1016000000902B46DFF8BC2D06A10820F1F7BAFAAE
:10161000206820F080002060606C20F02000606472
:101620007FBD000054500000FEB5DFF8D04401A596
:1016300002E000BF54500000DFF8186E606CC0F389
:10164000C020002800F0578100208DF808004FF2DC
:101650004807009002AB384602462021012002F0E4
:101660003DFB002800F0478120689DF8081009061E
:10167000C0F3803012D500280BD1F5F760FC019043
:101680009DF8080000903B46324629460220F1F7BB
:1016900079FA206840F48040206012E000280CD0E5
:1016A000F5F74DFC01909DF8080000903B4606F1CF
:1016B000240229460820F1F765FA206820F48040CA
:1016C000206020689DF808108906C0F3C03013D54B
:1016D00000280CD1F5F733FC01909DF8080000902C
:1016E0003B4606F1480229460220F1F74BFA2068F2
:1016F00040F40040206012E000280CD0F5F71FFCF9
:1017000001909DF8080000903B4606F16C022946C6
:101710000820F1F737FA206820F4004020602068A4
:101720009DF80810C906C0F3404013D500280CD11D
:10173000F5F705FC01909DF8080000903B4606F186
:10174000900229460220F1F71DFA206840F400308B
:10175000206012E000280CD0F5F7F1FB01909DF815
:10176000080000903B4606F1BC0229460820F1F72C
:1017700009FA206820F40030206020689DF80810E5
:101780000907C0F3804013D500280CD1F5F7D7FB2B
:1017900001909DF8080000903B4606F1E8022946BA
:1017A0000220F1F7EFF9206840F48020206012E079
:1017B00000280CD0F5F7C3FB01909DF808000090BD
:1017C0003B4606F5867229460820F1F7DBF92068CA
:1017D00020F48020206020689DF808104906C0F39E
:1017E000C04013D500280CD1F5F7A9FB01909DF856
:1017F000080000903B4606F5987229460220F1F752
:10180000C1F9206840F40020206012E000280CD0CC
:10181000F5F795FB01909DF8080000903B4606F512
:10182000AC7229460820F1F7ADF9206820F40020B9
:10183000206020689DF808104907C0F3005013D5B8
:1018400000280CD1F5F77BFB01909DF80800009073
:101850003B4606F5C07229460220F1F793F920684D
:1018600040F48010206012E000280CD0F5F767FBF0
:1018700001909DF8080000903B4606F5D872294675
:101880000820F1F77FF9206820F48010206020689C
:101890009DF80810C907C0F3C05013D500280CD11B
:1018A000F5F74DFB01909DF8080000903B4606F5CA
:1018B000F07229460220F1F765F9206840F4000033
:1018C000206012E000280CD0F5F739FB01909DF85C
:1018D000080000903B4606F5047229460820F1F7FF
:1018E00051F9206820F400002060606C20F4006052
:1018F00040F400506064606CC0F34030002842D077
:1019000000208DF808004FF24707009002AB3846E0
:1019100002462021012002F0E1F9002833D020689E
:101920009DF808100907C0F3004013D500280CD11A
:10193000F5F705FB01909DF8080000903B4606F581
:10194000107229460220F1F71DF9206840F480301A
:10195000206012E000280CD0F5F7F1FA01909DF814
:10196000080000903B4606F51A7229460820F1F758
:1019700009F9206820F480302060606C20F4005069
:1019800040F400206064606CC0F3C040002800F0A8
:101990009E8000208DF808004FF24607009002ABB1
:1019A000384602462021012002F098F9002800F074
:1019B0008E8020689DF80810C906C0F3405013D5EA
:1019C00000280CD1F5F7BBFA01909DF808000090B3
:1019D0003B4606F5247229460220F1F7D3F8206829
:1019E00040F40010206012E000280CD0F5F7A7FAB0
:1019F00001909DF8080000903B4606F5307229469C
:101A00000820F1F7BFF8206820F40010206020685B
:101A10009DF808100907C0F3805013D500280CD199
:101A2000F5F78DFA01909DF8080000903B4606F509
:101A30003C7229460220F1F7A5F8206840F48000A6
:101A4000206012E000280CD0F5F779FA01909DF89B
:101A5000080000903B4606F5467229460820F1F73B
:101A600091F8206820F48000206020689DF808101C
:101A70004907C0F3006013D500280CD1F5F75FFAD1
:101A800001909DF8080000903B4606F550722946EB
:101A90000220F1F777F8206840F08070206012E0B3
:101AA00000280CD0F5F74BFA01909DF80800009043
:101AB0003B4606F55A7229460820F1F763F820687C
:101AC00020F080702060606C20F400206064F7BD1E
:101AD000BC1E402036344020E416002088924A0084
:101AE000383440203A344020B0924A00D4924A0020
:101AF000F8924A001C934A0040934A00D0170020F5
:101B000064934A008C934A00B4934A00D8934A00E5
:101B1000FC934A0020944A0044944A006C944A0082
:101B200094944A00C0944A00EC944A00FEB50546DD
:101B30000E460024F5F703FA310001D029A100E098
:101B400029A12AA7019000912B460FF63822394689
:101B50001020F1F717F82846DFF8B819884247D067
:101B6000DFF8B419884200F0B080DFF8B01988427D
:101B700000F0F780DFF8A819884200F03B81DFF819
:101B8000A419884200F07F81DFF89C19884200F098
:101B9000BB81DFF89819884200F0F981DFF89019CD
:101BA000884200F04782DFF88C19884200F0898271
:101BB000DFF88419884200F0D882DFF88019884263
:101BC00000F01A83DFF87819884200F05083DFF8BC
:101BD0007419884200F09283DFF86C19884200F093
:101BE0008380E2E3657272006F6B00005450000066
:101BF000002E00F0D5830A20F5F7A4F91F2345F243
:101C000004022021012001F0E7FE0A20F5F79AF9ED
:101C10001F2345F205022021012001F0DDFE0A20EC
:101C2000F5F790F9FEF71FFEBF2345F206022021CB
:101C3000012001F0D1FE0A20F5F784F93F2345F297
:101C400007022021012001F0C7FE0A20F5F77AF9EA
:101C5000012345F240222021184601F0BDFE0A2052
:101C6000F5F770F9012345F240422021184601F0B2
:101C7000B3FE0A20F5F766F9FEF7F5FD012345F2FC
:101C800040622021184601F0A7FE0A20F5F75AF914
:101C9000012345F640022021184601F09DFE0A204E
:101CA000F5F750F901234DF2F0022021184601F01A
:101CB00093FE0A20F5F746F901234DF20102202197
:101CC000184601F089FE012479E3002E00F06883B4
:101CD0000A20F5F737F9012343F60B0220211846B5
:101CE00001F07AFE01246AE3002E30D001210F209A
:101CF00012F0CEFE20468DF8040043F6200400903A
:101D000001AB22462021012001F092FF1420F5F7BB
:101D100019F99DF8040040F020008DF804000346F6
:101D2000204602462021012001F056FE1420F5F73E
:101D300009F99DF8040040F004008DF80400034602
:101D400022462021012001F047FE012437E32146ED
:101D50000F2012F09DFE0120DFF8F01708700446F6
:101D60002DE3002E00F01C8320468DF8040043F67E
:101D7000A754009001AB22462021012001F0EAFE89
:101D80009DF8040000F0EF008DF8040003462246A1
:101D90002021012001F062FEFEF765FD43F6A95403
:101DA0000020009001AB22462021012001F0D2FE4C
:101DB0009DF8040040F001008DF80400034622461F
:101DC0002021012001F04AFEFEF74DFD0020009089
:101DD00001AB4FF249022021012001F029FF002030
:101DE000009001AB4FF248022021012001F020FFBA
:101DF0000124E4E2002E00F0D38220468DF8040096
:101E0000009001AB4FF400522021012001F0A2FE0E
:101E10009DF8040000F0FB008DF8040003464FF429
:101E200000522021012001F019FEFEF71CFD42F2B4
:101E300007040020009001AB22462021012001F080
:101E400089FE9DF8040040F001008DF8040003466F
:101E500022462021012001F001FEFEF704FD0020B2
:101E6000009001AB4FF249022021012001F0E0FE79
:101E70000020009001AB4FF248022021012001F028
:101E8000D7FE01249BE2002E00F08A8220468DF8C6
:101E90000400009001AB44F60F722021012001F0F4
:101EA00059FE44F20A640020009001AB2246202132
:101EB000012001F04FFE9DF8040000F0F0008DF8C5
:101EC0000400034622462021012001F0C7FD032320
:101ED00040F207322021012001F0C0FDFEF7C3FCD3
:101EE0000020009001AB4FF249022021012001F0B7
:101EF0009FFE0020009001AB4FF2480220210120FC
:101F000001F096FE01245AE2002E00F0498220469C
:101F10008DF80400009001AB4FF481622021012074
:101F200001F018FE2046009001AB4FF482622021A0
:101F3000012001F00FFEFEF796FC9DF8040000F072
:101F4000FD008DF8040003464FF482622021012039
:101F500001F084FDAA234FF481622021012001F0C9
:101F60007DFDFEF780FC2046009001AB4FF2490258
:101F70002021012001F05CFE2046009001AB4FF2D1
:101F800048022021012001F053FE012417E2002E17
:101F900000F0068220468DF80400009001AB4FF45B
:101FA00041722021012001F0D5FD2046009001ABB7
:101FB0004FF440722021012001F0CCFD204600901A
:101FC00001AB4FF488622021012001F0C3FD0A20FB
:101FD0008DF8040003464FF440722021012001F0E7
:101FE0003DFD20468DF8040003464FF48862202111
:101FF000012001F033FD02208DF8040003464FF468
:1020000041722021012001F029FD0A208DF80400F1
:1020100003464FF440722021012001F01FFD2046AD
:10202000009001AB44F60F722021012001F092FDD7
:102030000124C4E1002E00F0B38120468DF8040095
:1020400044F63654009001AB22462021012001F0D5
:1020500081FD9DF8040000F0DF008DF804000346C8
:1020600022462021012001F0F9FCFEF7FCFB44F69A
:1020700037540020009001AB22462021012001F0BE
:1020800069FD9DF8040040F001008DF8040003464E
:1020900022462021012001F0E1FC0020009001AB4C
:1020A0004FF249022021012001F0C2FD00200090E2
:1020B00001AB4FF248022021012001F0B9FD0124BB
:1020C0007DE1002E00F06C8120468DF8040044F282
:1020D0008554009001AB22462021012001F03AFDF9
:1020E00044F286550020009001AB2A4620210120B1
:1020F00001F030FDFEF7B7FB002344F2955220219A
:10210000012001F0ABFC002322462021012001F038
:10211000A5FC00232A462021012001F09FFCFEF7A8
:10212000A2FB0020009001AB22462021012001F0FB
:1021300011FD0020009001AB2A462021012001F072
:1021400009FD0020009001AB4FF24902202101203F
:1021500001F06EFD0020009001AB4FF248022021FB
:10216000012001F065FD012429E1002E00F0188115
:1021700020468DF8040044F60474009001AB22461A
:102180002021012001F0E6FC9DF8040000F0FE0093
:102190008DF80400034622462021012001F05EFC58
:1021A000FEF761FB43F202040020009001AB2246DF
:1021B0002021012001F0CEFC9DF8040000F0F70082
:1021C0008DF80400034622462021012001F046FC40
:1021D0000020009001AB4FF249022021012001F0C4
:1021E00027FD0020009001AB4FF246022021012084
:1021F00001F01EFD0124E2E0002E34D0234644F617
:1022000006722021012001F029FCFEF72CFB20465C
:102210008DF8040044F60474009001AB224620219E
:10222000012001F097FC9DF8040000F0EF008DF80C
:102230000400034622462021012001F00FFC00206B
:10224000009001AB4FF249022021012001F0F0FC87
:102250000020009001AB4FF246022021012001F046
:10226000E7FC0124ABE00120B8490870A7E0002E8C
:1022700000F0968020468DF8040043F62764009015
:1022800001AB22462021012001F064FC9DF80400EE
:1022900000F0FB008DF804000346224620210120B7
:1022A00001F0DCFBFEF7DFFA43F629640020009022
:1022B00001AB22462021012001F04CFC9DF80400D6
:1022C00040F001008DF80400034622462021012041
:1022D00001F0C4FB0020009001AB4FF24902202125
:1022E000012001F0A5FC0020009001AB4FF2480254
:1022F0002021012001F09CFC012460E0002E4FD041
:1023000020468DF8040043F22024009001AB2246C1
:102310002021012001F01EFC9DF8040000F0BF0008
:102320008DF80400002322462021012001F096FBB5
:10233000FEF799FA43F226240020009001AB2246D2
:102340002021012001F006FC9DF8040040F001006E
:102350008DF80400034622462021012001F07EFB77
:10236000FEF781FA00208DF80400009001AB4FF2D7
:1023700049022021012001F05BFC0020009001AB0C
:1023800022462021012001F0E5FB0020009001AB56
:102390004FF246022021012001F04AFC01240EE008
:1023A00001206A490870044609E0F4F7C8FD00906E
:1023B0004FEA050379A239460220F0F7E3FB2046F5
:1023C000FEBD000014954A00614800787047000087
:1023D00010B55E4800785E4C6178814203D0607031
:1023E000F4F7ADFD60606078032814D120780028F0
:1023F00011D1F4F7A4FD6168401A40F6B931884262
:1024000009DBF4F79CFD03466CA241A10420F0F720
:10241000B9FB01202070607803280CD020780128B7
:1024200009D1F4F78CFD03466BA239A10420F0F723
:10243000A9FB0020207010BD46480021018081705A
:10244000704744488078022801DD01207047002051
:10245000704700003C954A00FEB53F4C20780028AC
:1024600054D0FFF7EEFF012850D03A4DFAF76CFC3C
:102470003C28687807DA00280CD101206870F4F74E
:102480005EFD686006E0012804D100206870F4F762
:1024900056FD68606878012838D12878002835D141
:1024A000F4F74DFD6968401A65282FDB012028707C
:1024B000A878FF2801D0401CA870F4F740FD06461C
:1024C000FAF742FC12A701960090AB78234A3946EE
:1024D0000220F0F757FBFFF7B4FF00218A2012F02B
:1024E000D7FA0021802012F0D3FA00202070F4F7F0
:1024F00026FD03463FA239460820F0F743FB0320A0
:1025000012490870F9F7E0FB00202880F7BD0000B1
:10251000545000002000C6002005C6002013C6004D
:102520002014C6002015C6002016C6002017C600BD
:102530002018C6002019C6002020C6002021C60091
:102540002022C6002023C6002024C600E416002056
:10255000940040209C004020F8004020CC984A0085
:1025600080B5FAF7F1FB612803DBFFF76AFF01286A
:1025700001D1012000E00020401E8041C043C00F77
:1025800002BD00004454435F255820496D6D6974B5
:102590002025732C543A25640D0A00004454432529
:1025A00030365820496D6D697420496E76616C69CA
:1025B000642C543A25640D0A0000000043616D65E7
:1025C0007261204474632053746172742044657492
:1025D0002C543A25640D0A0043616D6572612044F4
:1025E00074632053746F70204465742C543A2564CE
:1025F0000D0A000043616D20506F776572204F46D1
:10260000462C543A25640D0A0000000070B50446BB
:102610000D46002606E0A0194278A15D5C20F0F787
:1026200041FCB61CAE42F6D370BD70B504460D46F3
:10263000002606E0A0194278A15D5D20F0F732FC8B
:10264000B61CAE42F6D370BD70B504460D460026EA
:1026500006E0A0194278A15D5F20F0F723FCB61CCC
:10266000AE42F6D370BD000010B5DFF8CC44207840
:10267000112800F2BC80DFE800F009131D27313B70
:10268000454F59636D77818B959FA8B1122104F155
:102690000800FFF7D9FF2078401C2070002010BDF3
:1026A0000C2104F11C00FFF7CFFF2078401C2070A4
:1026B000002010BD0C2104F12800FFF7C5FF207891
:1026C000401C2070002010BD0C2104F13400FFF7E5
:1026D000BBFF2078401C2070002010BD322104F187
:1026E0004000FFF7B1FF2078401C2070002010BD93
:1026F0001E2104F17400FFF789FF2078401C207030
:10270000002010BD202104F19400FFF77FFF207806
:10271000401C2070002010BD102104F1B400FFF710
:1027200084FF2078401C2070002010BD0A2104F195
:10273000C400FFF77AFF2078401C2070002010BDF5
:10274000062104F1D000FFF770FF2078401C2070B4
:10275000002010BD102104F1D800FFF766FF20789B
:10276000401C2070002010BD102104F1E800FFF78C
:102770005CFF2078401C2070002010BD0C2104F16B
:10278000F800FFF752FF2078401C2070002010BD99
:102790000A2104F58270FFF748FF2078401C207062
:1027A000002010BD102104F58870FFF74DFF207840
:1027B000401C2070002010BD0221A01CFFF744FF28
:1027C0002078401C2070002010BD0221201DFFF742
:1027D0001DFF2078401C2070002010BD042104F54E
:1027E0009070FFF722FF00202070012010BD002014
:1027F00010BD0000F8B5002210216846EFF74AF935
:1028000010224FF48031684600F0C1F9DFF82C0344
:102810009DF807109DF8062011EB0221A0F8861004
:102820004FEA010303A276A11020F0F7ABF905B03F
:1028300000BD0000545036383135205549205665CA
:10284000723A2030302E30302E2564200D0A0000E0
:1028500080B50522E0215C20F0F724FB0022E22174
:102860005C20F0F71FFB0022E3215C20F0F71AFB4D
:102870000020DFF8CC12087001BD000010B5DFF8B1
:10288000C442207804284AD8DFE800F0030A1D215A
:102890002900FFF7DDFF2078401C2070002010BDCC
:1028A00000210E2012F0F4F800210F2012F0F0F8B1
:1028B000FFF7DAFE002804D02078401C20700020AA
:1028C00010BD002010BD03202070002010BD00218D
:1028D000084600F097F82078401C2070F5E7802229
:1028E00070215D20F0F7DEFA802271215D20F0F783
:1028F000D9FA802272215D20F0F7D4FA00F0C8FBEB
:1029000000F003F90020DFF834128873C0226F2131
:102910005C20F0F7C7FA00202070012010BD0020D5
:10292000207010BD10B50446E0215C20F0F7E9FAF4
:1029300000F0C70040EA04100246D2B2E0215C2059
:10294000BDE81040F0F7AEBA4FF47A7070B50546A6
:10295000E0215C20F0F7D5FA024642F08002E02147
:102960005C20F0F79FFAF4F7EAFA0646E0215C20D3
:10297000F0F7C7FA0446200611D5F4F7E0FA64210F
:1029800090FBF1F1642202FB1100002801D1FDF758
:102990006AFFF4F7D4FA801B29468142E6DA200662
:1029A0000ED500F01CF8E9215C20F0F7AAFA40F0FF
:1029B00001000246E9215C20F0F774FA012070BDA5
:1029C000EC215C20F0F79DFA00F010000246EC21AB
:1029D0005C20F0F767FA00F002F8002070BD80B5C7
:1029E000E0215C20F0F78DFA40F001000246E02182
:1029F0005C20F0F757FA0020DFF84411087001BDA1
:102A00007379730038B504460D462246D2B20421CC
:102A10005E20F0F747FA05215E20F0F772FA240AEB
:102A200004F00F0400F0F0000443224605215E206C
:102A3000F0F738FA2A46D2B206215E20F0F732FAD1
:102A400007215E20F0F75DFA2D0A05F00F0500F072
:102A5000F00005432A4607215E20BDE83840F0F724
:102A600021BA80B5802276215D20F0F71BFA092279
:102A700077215D20F0F716FAFF2278215D20F0F72C
:102A800011FA002279215D20F0F70CFA00227A2158
:102A90005D20BDE80840F0F705BA80B580227621B8
:102AA0005D20F0F7FFF9042277215D20F0F7FAF9B5
:102AB000002278215D20F0F7F5F9002279215D20D0
:102AC000F0F7F0F900227A215D20BDE80840F0F728
:102AD000E9B980B5802276215D20F0F7E3F909227B
:102AE00077215D20F0F7DEF9002278215D20F0F7F4
:102AF000D9F9002279215D20F0F7D4F900227A215A
:102B00005D20BDE80840F0F7CDB980B50020DFF8C2
:102B1000A8170880FF2000F063FA03215E20F0F779
:102B2000F0F900F05700024603215E20BDE808409E
:102B3000F0F7B8B900000000102D4020E416002086
:102B40002C2440202D24402010B5A0F179042146EA
:102B5000C9B25E20F0F7D5F900F07F0002462146A9
:102B6000C9B25E20BDE81040F0F79CB910B504462C
:102B7000CF215E20F0F7C5F900F07F000246A4F1F6
:102B80005901C9B25E20BDE81040F0F78BB970B5AD
:102B900004460D461646B1215C20F0F7B2F92A46EC
:102BA000D2B2B1215C20F0F77DF9B1215C20F0F7C1
:102BB000A8F92A46120AD2B2B1215C20F0F772F9C4
:102BC000B1215C20F0F79DF92A46120CD2B2B12156
:102BD0005C20F0F767F9B1215C20F0F792F92D0E37
:102BE0002A46B1215C20F0F75DF9B1215C20F0F7B5
:102BF00088F90022B2215C20F0F754F9B2215C2060
:102C0000F0F77FF9F022B3215C20F0F74BF9B32104
:102C10005C20F0F776F93246D2B2B4215C20F0F7AE
:102C200041F93246120A02F00F0242F08002B52149
:102C30005C20F0F737F9F4F782F90546B5215C20FE
:102C4000F0F75FF9000606D5F4F779F9401B65281F
:102C5000F4DB012070BD0022A1215C20F0F722F9F5
:102C6000F022A2215C20F0F71DF9002505E0A32148
:102C70005C20F0F746F960556D1C30468542F6DB66
:102C8000002070BD10B50446433400290DD0432107
:102C90005E20F0F736F940F0800002462146C9B2C6
:102CA0005E20BDE81040F0F7FDB843215E20F0F74C
:102CB00028F900F07F0002462146C9B25E20BDE837
:102CC0001040F0F7EFB810B504465B342146C9B2A6
:102CD0005E20F0F716F900F07F0002462146C9B2E7
:102CE0005E20BDE81040F0F7DDB880B540229721A6
:102CF0005C20F0F7D7F889215C20F0F702F9024652
:102D000042F0800289215C20F0F7CCF889215C2018
:102D1000F0F7F7F8002002BD70B50C4615460246E4
:102D200080215C20F0F7BEF8002287215C20F0F7BC
:102D3000B9F82A4688215C20F0F7B4F840228921AE
:102D40005C20F0F7AFF84FF4FA70FFF7CEFF0128E0
:102D500001D1012070BD002608E006F18101C9B251
:102D60005C20F0F7CEF8A055761CF6B228468642D5
:102D7000F3DB002070BD70B50C461546024680217D
:102D80005C20F0F78FF8002608E0A25D06F18101D3
:102D9000C9B25C20F0F786F8761CF6B22846864267
:102DA000F3DB602287215C20F0F77CF80022882189
:102DB0005C20F0F777F8ED0045F040052A46D2B2E6
:102DC00089215C20F0F76EF84FF4FA70BDE870408E
:102DD0008BE7014604229F209EE70A460146052014
:102DE0009AE70A4601460120C5E71CB501A8FFF78E
:102DF000F0FF002859D19DF80400012857D01C2865
:102E00007DD09D2806D0C22804D0C82828D0EF281D
:102E100026D04AE001216846FFF7DFFF002844D1B1
:102E20009DF8000040060BD49DF8000040F04000E3
:102E30008DF8000001216846FFF7D3FF002834D148
:102E4000BDF8060042F21801884204D046F217018C
:102E5000884258D05AE09DF8000000F0A3F816BD53
:102E6000382292215C20F0F71DF8FF2293215C208C
:102E7000F0F718F801220DF101013520FFF74CFFA2
:102E8000002812D1012269460520FFF745FF0028DE
:102E90000BD1684641788A07D2D441F002014170D3
:102EA0000221FFF79EFF0028CAD0012016BD38225C
:102EB00092215C20EFF7F6FFF52293215C20EFF7DB
:102EC000F1FF01220DF101013520FFF725FF002858
:102ED000EBD16C4660788007B2D4012269460520A8
:102EE000FFF71AFF0028E0D1607840F00200607020
:102EF00002216846FFF775FF0028D6D1A0E7002021
:102F00008DF800009CE700F061F816BD00F065F850
:102F1000002016BD38B5DFF87445207803283ED868
:102F2000DFE800F002111A310122F7215C20EFF7EF
:102F3000B9FFE8228A215C20EFF7B4FF2078401C1B
:102F40002070002032BDFFF750FF002823D12078E9
:102F5000401C2070002032BD002508E06019027975
:102F600005F19801C9B25F20EFF79CFF6D1C042D9D
:102F7000F4DD18229F215F20EFF794FF2078401C9A
:102F80002070002032BD9F215F20EFF7BAFFC006FE
:102F900001D5002032BD00202070012032BD00206C
:102FA000207032BD80B500F018F8002002BD38B5A1
:102FB0000446012507E0625D05F18C01C9B25C2081
:102FC000EFF770FF6D1C042DF5DB31BD80B5DFF828
:102FD000C004FFF7ECFF002002BDDFF8BC04E6E709
:102FE000DFF8B8140870704780B5802276215D2024
:102FF000EFF758FF092277215D20EFF753FFFF22FB
:1030000078215D20EFF74EFFFF2279215D20EFF759
:1030100049FFFF227A215D20BDE80840EFF742BF5B
:1030200080B5802276215D20EFF73CFF09227721D1
:103030005D20EFF737FF002278215D20EFF732FFA8
:10304000002279215D20EFF72DFFFF227A215D20FC
:10305000BDE80840EFF726BF80B5802276215D20CD
:10306000EFF720FF092277215D20EFF71BFF0022F9
:1030700078215D20EFF716FFFF2279215D20EFF721
:1030800011FF00227A215D20BDE80840EFF70ABF5A
:1030900080B5002276215D20EFF704FF0022772122
:1030A0005D20EFF7FFFE002278215D20EFF7FAFEAA
:1030B000002279215D20EFF7F5FE00227A215D20C4
:1030C000BDE80840EFF7EEBE80B5C02220215C20AD
:1030D000EFF7E8FE20215C20EFF713FF00F08000FF
:1030E000401E8041C043C00F02BD2DE9F84384B0AB
:1030F000DFF8AC43002907D0FF20E07000206070AB
:10310000A0702071FF20D2E02179491C2171C9B241
:103110000A2290FBF2F0C0B291FBF0F200FB121118
:10312000002940F0C180FFF7CFFF002800F0BE80EB
:103130002F215C20EFF7E5FE0546E0222F215C20E1
:10314000EFF7B0FE01F076F9002801D1FF20AEE0E4
:1031500038215F20EFF7D5FE064639215F20EFF7D3
:10316000D0FE07463D215F20EFF7CBFE81463C2194
:103170005F20EFF7C6FE804648EA0928207801283C
:1031800000F09280280605D457EA060002D1B8F56F
:10319000F06F53D0A07800280DD1F3F7D0FE039044
:1031A000CDF80880019700962B46DFF8F82261A140
:1031B0000220EFF7E7FCA078FF2801D0401CA070A8
:1031C00000206070A07803286EDBE07800280DD026
:1031D000F3F7B5FE0390CDF80880019700962B46D3
:1031E000DFF8C42253A10220EFF7CCFC0020E070EE
:1031F000DFF8B81201F165021078002854D10120DF
:103200002070107DB04206D1507DB84203D1B1F894
:103210007C00404548D016755775A1F87C80F3F7BF
:103220008EFE0390CDF80880019700962B46DFF8BC
:10323000802240A10220EFF7A5FC35E0607800284D
:103240000ED1F3F77CFE03904FF4F06002900197EB
:1032500000962B46DFF85C2236A10820EFF792FC9F
:103260006078FF2801D0401C60700020A07060785A
:10327000032819DBE078012814D0DFF83C0200684D
:10328000DFF838120865F3F75AFE03904FF4F06048
:103290000290019700962B46DFF8242225A10820F2
:1032A000EFF770FC0120E070E07800E0002005B04E
:1032B000BDE8F083000000003A06402018B4DFF8B3
:1032C000EC2102F194035C6D92F85F00C4F380116D
:1032D000002921D1C4F34021002911D0002827D191
:1032E000012082F85F00DFF8D00100681860034613
:1032F0000FF2DC120FA1022001B010BCEFF742BCAC
:10330000002815D0002082F85F000FF2D81209A122
:10331000082018BCEFF736BC002809D0002082F83E
:103320005F00DFF8A02103A1082018BCEFF72ABC3A
:1033300011BC704773797300F8B50025584C01280B
:1033400003D1284660712070F2BD2078002801D199
:103350002846F2BD6079002802D001282CD03FE039
:1033600038215F20EFF7CDFD074639215F20EFF7C9
:10337000C8FD0646E22220215F20EFF793FD3122AF
:1033800010215F20EFF78EFD0546002F05D011229A
:1033900038215F20EFF786FD0546002E05D011226B
:1033A00039215F20EFF77EFD0546F3F7C8FDA060E9
:1033B0006079401C607113E0F3F7C1FDA168401A09
:1033C0000B280DDBE02220215F20EFF76BFD302280
:1033D00010215F20EFF766FD054600202070607128
:1033E0002846F2BD000000002DE9F84306462F4DA7
:1033F00005F16004A07A002845D12F4F32480168BA
:1034000011F1010F01D13968016039680068091AAA
:10341000152938D3002276215D20EFF743FD0120E6
:10342000A0723868E0600FF26C08DFF8A09038688E
:10343000009033464A4641460820EFF7A3FB207828
:10344000022808DB00202070F0F70BFE2DA2414679
:103450000820EFF797FB687D002807D000206875EB
:1034600009F1280241460820EFF78CFB607800281C
:1034700009D00020607009F14C0241460820BDE8E7
:10348000F843EFF77FBBBDE8F1830000342E402006
:10349000402E402073797300442E40202E2440207B
:1034A000042D4020F8A94A0048AA4A00E41600204A
:1034B00098AA4A00DCAA4A00BC1E402060170020DF
:1034C00028AB4A0074AB4A00482E402098AB4A0013
:1034D0007670736967206661756C743A25640D0AAD
:1034E000000000007670736967206279745650732B
:1034F00069675265626F6F7420436C65616E0D0A77
:10350000000000007670736967206279745650730A
:1035100069675265626F6F74436E7420436C6561B6
:103520006E0D0A002DE9F0410C460125DFF8406BD5
:1035300006F1D807F96DCA0756D53278032A53D158
:10354000C1F3C01100294FD1717D04294CDAB17D3E
:10355000002949D1DFF8188DB8F80210491CA8F8E5
:10356000021089B2814243D10020A8F802004FF432
:10357000817240212846EFF74EFD717D032901D16C
:103580002946B175000617D50020A8F80000F86D8F
:10359000C0F3C01319A218A11020EFF7F3FAF86DC9
:1035A00040F4C070F865DFF8CC0A006838607869CC
:1035B00020F4005078611BE0B8F80000401CA8F827
:1035C000000080B2A04207D10020A8F80000054604
:1035D000786940F400507861B8F800300CA206A178
:1035E0000220EFF7CFFA03E00020DFF8841C088008
:1035F0002846BDE8F0810000545000003E3E3E3EAB
:103600003E50436C6B3A2020307825780D0A00003C
:10361000636865636B2050436C6B206661696C3A2C
:103620002020307825640D0A000000007FB5DFF807
:10363000404AD4F82C01C0F3802000281AD0002082
:10364000009003AB40F207522021012000F046FB1E
:1036500000280FD004F2271041789DF80C209142E9
:1036600001D1114641700220D4F82C1160F38B2156
:10367000C4F82C11D4F82C01C0F3C02000281AD0B3
:103680000020009003AB40F201522021012000F005
:1036900025FB00280FD004F2271001789DF80C209C
:1036A000914201D1114601700220D4F82C1160F32F
:1036B000CC21C4F82C11D4F82C01C0F30030002820
:1036C0000CD0002000F0AAFB002807D0D4F82C0171
:1036D00020F4805040F02000C4F82C01D4F82C01D4
:1036E000C0F34010002814D00020009003AB4AF231
:1036F000B4022021012000F0F1FA002809D09DF841
:103700000C00A0770220D4F82C1160F34611C4F805
:103710002C11D4F82C01C0F38010002814D0002004
:10372000009003AB4AF2B5022021012000F0D6FA46
:10373000002809D09DF80C00E0770220D4F82C1165
:1037400060F38711C4F82C11D4F82C01C0F3C01019
:10375000002815D00020009003AB4AF2B8022021C7
:10376000012000F0BBFA00280AD09DF80C0084F874
:1037700020000220D4F82C1160F3C811C4F82C11D9
:10378000D4F82C01C0F3002000283CD00020009089
:1037900003AB4AF2B9022021012000F09FFA002871
:1037A00031D09DF80C0084F821000220D4F82C11AF
:1037B00060F30921C4F82C11DFF8B8080068C4F8D8
:1037C000C00004F227152878607668782076A07FFC
:1037D000E37FC118012916DBDDA694F820100291C1
:1037E00094F8211001910090DFF8442C3146082014
:1037F000EFF7C8F92878009095F8013054A23146C7
:103800000820EFF7BFF9D4F82C01C0F3404000289E
:1038100019D00020009003AB4AF2C20220210120FF
:1038200000F05CFA00280ED004F1820000214180F3
:103830009DF80C10090241800220D4F82C1160F38D
:103840005241C4F82C11D4F82C01C0F38040002858
:1038500035D00020009003AB4AF2C30220210120A2
:1038600000F03CFA00282AD004F1820569889DF80E
:103870000C0001436980D4F82C0120F48020C4F8A6
:103880002C010B46DFF8406C3088984217D0184660
:103890004CF20101884208DBA3F540431846C011F1
:1038A00003EB10631B125B4200E01B0ADBB20FF656
:1038B0006C42A7A10820EFF765F968883080D4F83A
:1038C0002C01C0F3C030002819D00020009003ABB9
:1038D0004AF2CA022021012000F000FA00280ED08E
:1038E00004F18200002101809DF80C100902018082
:1038F0000220D4F82C1160F3D031C4F82C11D4F884
:103900002C01C0F30040002820D00020009003AB21
:103910004AF2CB022021012000F0E0F9002815D066
:1039200004F182010A889DF80C0002430A80D4F851
:103930002C0120F48030C4F82C01607900900B88B1
:10394000DFF8882B82A11020EFF71CF97FBD000063
:103950005A6F6F6D204C6576656C3A25642C416E0C
:1039600067656C204C6576656C3A25640D0A00002D
:10397000F0B585B004460D4601A81021EEF77AF89F
:10398000002204216846EEF785F8DFF8E866306823
:10399000DFF8DC16D1F8C410401A1AD0DFF8307BFB
:1039A00031687868091A022913D30020ADF80000A5
:1039B000ADF804500120ADF80A0000208DF80C008D
:1039C0006846049001A920460DF084FD31687960B5
:1039D00000E0A02005B0F0BD2DE9F04385B004461D
:1039E0000D4616461F4601A81021EEF743F80022A7
:1039F00004216846EEF74EF8DFF87886D8F8000024
:103A0000DFF86C16D1F8C410401A23D0DFF8C09A42
:103A1000D8F80010D9F80400091A02291AD3304640
:103A2000000A8DF800008DF801608DF80270ADF885
:103A300004500320ADF80A0000208DF80C00684601
:103A4000049001A920460DF045FDD8F80010C9F8F2
:103A5000041000E0A02005B0BDE8F0832DE9F0439C
:103A60008DB006460C4615461F4609A81021EEF7F4
:103A700001F80022072107A8EEF70CF80A20F3F757
:103A800061FA20208DF81C000DF11C086C2088F8CC
:103A90000100022088F802002846000A88F8030086
:103AA00088F80450002088F8050088F80670ADF802
:103AB00024400720ADF82A0000208DF82C0007A82C
:103AC0000C900FF28C0900953B460FF66C2249468C
:103AD0001020EFF757F809A930460DF0FBFC074618
:103AE000DFF890050068DFF8E81948600A20F3F76E
:103AF00029FAADF824400120ADF82A008DF82C00F9
:103B000000208DF8290007A80C9009A930460DF077
:103B1000E1FC8DF8180098F80400059098F803006F
:103B2000049098F80200039098F8010002909DF824
:103B30001C00019000959DF81830DFF8982949463F
:103B40001020EFF71FF838460DB0BDE8F0830000F5
:103B5000545000002DE9F8418DB004460D4616463C
:103B60001F4609A81021EDF785FF0022052107A8AF
:103B7000EDF790FF0A20F3F7E5F921208DF81C00FE
:103B80000DF11C086C2088F80100022088F8020062
:103B90003046000A88F8030088F80460ADF8245025
:103BA0000520ADF82A0000208DF82C008DF82900A2
:103BB00007A80C9009A920460DF08CFC0A20F3F709
:103BC000C1F9ADF824500520ADF82A0001208DF888
:103BD0002C0000208DF8290007A80C9009A9204688
:103BE0000DF078FC8DF8180098F80400059098F80E
:103BF0000300049098F80200039098F801000290E6
:103C00009DF81C00019000969DF81830DFF8C82838
:103C100081A11020EEF7B6FF98F8030038709DF8E8
:103C20001800401E8041C043C00F0EB0BDE8F081B7
:103C3000F8B588B004460D4616461F4604A8102164
:103C4000EDF718FF0022042103A8EDF723FF0A2057
:103C5000F3F778F93046000A8DF80C0030468DF8FD
:103C60000D00ADF810500220ADF8160000208DF8C0
:103C700018008DF8150003A8079004A920460DF040
:103C800029FC0A20F3F75EF9ADF810500120ADF8D9
:103C900016008DF8180000208DF8150003A8079075
:103CA00004A920460DF016FC8DF808009DF80C00C4
:103CB000019000969DF808300FF6940256A110204E
:103CC000EEF760FF9DF80C0038709DF80800401E6C
:103CD0008041C043C00F09B0F0BD00002DE9F8439A
:103CE00086B004460D4616461F46DDF8388002A809
:103CF0001021EDF7BFFE0022042101A8EDF7CAFE56
:103D0000B8F1000F06D0DFF8C8070021418001702C
:103D100008467EE0DFF85C83D8F80000DFF8501337
:103D2000D1F8C410401A73D0DFF8A49799F80010A6
:103D300020460A46032A66D8DFE802F0020B29383B
:103D4000B9F80200401CA9F8020080B202285FDB2B
:103D500025E03146090A8DF804108DF80560ADF8AC
:103D600008500221ADF80E1000218DF810108DF8CA
:103D70000D1001A9059102A90DF0ACFB99F8000006
:103D8000401C89F800000020A9F8020040E0B9F8C2
:103D90000200401CA9F8020080B20A2838DB491C46
:103DA00089F800100020A9F8020031E0ADF80850B1
:103DB0000121ADF80E108DF8101000218DF80D10B6
:103DC00001A9059102A90DF085FB8DF800009DF871
:103DD000040038709DF80000002809D0B9F80200EE
:103DE000401CA9F802000021397080B202280FDBC4
:103DF0000020A9F8020089F80000D8F80000C9F8EE
:103E00000400012005E0002089F80000A9F8020064
:103E1000002007B0BDE8F0835450000038B5DFF84B
:103E2000BC4600280BD00020207001200090002309
:103E30001A4611460846FFF751FF012032BD20788F
:103E40008B4D0021009105F1220102468B18A0F54F
:103E5000A04292B220210120FFF740FF00280ED09F
:103E600020781F2809D105F122030FF200727FA1EB
:103E70000820EEF787FE012032BD401C2070002094
:103E800032BD10B504467A480178032907D0DFF81F
:103E9000502676A10820BDE81040EEF773BE80F8EA
:103EA00025412046012805D1882270215D20EEF7AA
:103EB000F9FF0EE0022805D1782270215D20EEF78F
:103EC000F1FF06E0032804D1802270215D20EEF787
:103ED000E9FF23460FF29C6264A11020BDE8104068
:103EE000EEF750BE2DE9FC41614C94F8F700DFF885
:103EF000F4552978814203D028700020686012E0D0
:103F00006868401C686040F22D1188420BD301A8FC
:103F1000F0F76EF828789DF80410884203D0084620
:103F200028700020686004F1C006524F396830687C
:103F3000091A40F6B93081423CD3D4F82C01C0F3C1
:103F4000C040002836D03868306004F2271041782D
:103F50000078AA78824202D16A788A422AD0A87070
:103F600069700FF2081801234FF48162202118466E
:103F7000FFF732FD002806D00FF20C624146082000
:103F8000EEF700FE05E00FF2206241460820EEF752
:103F9000F9FDA87800906B78DFF84C254146102099
:103FA000EEF7F0FDD4F82C0120F40020C4F82C0129
:103FB00038687060BDE8F381010000D17047F8B542
:103FC00004466E2C20DA29A5DFF82065DFF820757D
:103FD0003978032906D0324629460820BDE8F84042
:103FE000EEF7D0BD87F82701F0F70EF800942346CE
:103FF00006F1280229461020EEF7C4FDD7F82C015F
:1040000040F40050C7F82C01F1BD010000D1704709
:1040100038B504467E2C1ADA14A515490A78032A05
:1040200007D0DFF8D02429460820BDE83840EEF755
:10403000A9BD81F82801EFF7F0FF23460FF288525F
:104040002946102001B0BDE83040EEF79BBD31BDE0
:10405000DFF8A4140A68821A41F289339A4202D323
:104060000860012070470020704700005450000095
:10407000E4160020BC1E402038B5DFF88054686884
:10408000411C6960DFF868440B287AD3002068601F
:1040900004F227100178627E8A422AD20121297017
:1040A000D4F82C1141F40051C4F82C1113465B1CB8
:1040B000637640F2014219460078C9B2814210D2BB
:1040C0005B1C6376DBB220210120FFF785FC002812
:1040D00034D1637E0FF2285266A10820EEF752FD1C
:1040E0004FE0DBB220210120FFF776FC002825D12C
:1040F000EFE791422AD201212970D4F82C1141F422
:104100000051C4F82C1111464B1E637640F2014257
:1041100000781946C9B2884209D25B1E6376DBB2C9
:1041200020210120FFF758FC002807D1D1E7DBB29E
:1041300020210120FFF750FC0028CAD0637E0FF237
:10414000A0424CA10220EEF71DFD1AE028780028BD
:1041500011D0DFF8AC030168C4F8C0100068FFF7A5
:1041600077FF002807D000202870D4F82C0140F4F5
:104170000020C4F82C01D4F82C0120F40050C4F81D
:104180002C01A868411CA96005285BD30020A86009
:1041900004F227104078217E81421BD20120287032
:1041A000D4F82C0140F48040C4F82C010B465B1C71
:1041B0002376DBB240F2074220210120FFF70CFCFE
:1041C00000281DD1237E0FF274422AA10820EEF7A9
:1041D000D9FC37E088421BD201202870D4F82C018A
:1041E00040F48040C4F82C010846431E2376DBB21D
:1041F00040F2074220210120FFF7EEFB0028E1D02A
:10420000237E0FF21C421BA10220EEF7BBFC19E03B
:104210002878002810D0BA480168C4F8C010006897
:10422000FFF716FF002807D000202870D4F82C01D3
:1042300040F40020C4F82C01D4F82C0120F4804074
:10424000C4F82C01E868411CE96040F2D171884251
:104250000DD30020E860D4F82C11C1F340200028D1
:1042600005D0B1F5007F02D1A648C4F82C0131BDBC
:104270000C24402054500000F8B50646A24CFEF72E
:10428000E0F801280AD120783146884204D030462F
:10429000012801D1FEF7D0F82670F1BD267089A45F
:1042A000934D2878032806D0984A21460820BDE877
:1042B000F840EEF767BC33460FF2A03221460820E3
:1042C000EEF760FC300000F09880032800F0958045
:1042D00005F1B800C16A012940F08F8085F8296195
:1042E00087490A684260D5F8342122F04002C5F8B7
:1042F00034210968016033206873034640222C2171
:104300000120EEF7D6FE95F8290101281BD1E87AA5
:10431000022818D1287BC00342F2107190FBF1F102
:1043200095F8F000002807D001EB8100C10089B2A8
:10433000042013F06BFD06E0532011FB00F189B25D
:10434000042013F063FD95F829310FF22432214641
:104350001020EEF717FC95F82901012804D100215F
:10436000E97101216977E975022805D10120E87119
:10437000022068770120E875E87B01281FD13320EF
:104380006873034640222C210120EEF792FED5F8F7
:10439000340120F04000C5F834013046022808D12D
:1043A000FEF7B3FB0020A8730146042013F02EFD96
:1043B00005E0012E03D100F0CFFB0120A87395F892
:1043C0002901F0F773F8002606E03B46504A2146E3
:1043D0000220EEF7D7FB761C3746FFB2012F0CDC2C
:1043E000687FEFF723FE0128EFD100BFA7A2214687
:1043F0000820BDE8F840EEF7C5BBF1BD38B5454C27
:104400002168054601F00102AA420FD060F30001C5
:104410002160F2F794FD00904FEA0503A3A229A1C1
:104420000420EEF7AFFB4FF49170A08031BD000087
:10443000F08B4A0037480178C90704D58088401EB0
:104440008041C00F00E00020401E8041C043C00FEB
:10445000704710B5264CD4F8E800C0F3801000284F
:1044600003D00020BDE81040C8E70120FFF7C6FFD9
:104470000020E073BDE81040F6F720BF10B50446F9
:10448000222010F0F7FA24494A78824202D048707C
:1044900000220A70002803D10A78521C0A7006E034
:1044A000134AD2F8343160F3CB23C2F8343109789F
:1044B000A14206D10E49D1F8342160F3CB22C1F8D4
:1044C000342110BD545000003E024020188C4A0098
:1044D00004004020408C4A00788C4A001D24402073
:1044E000B08C4A000C004020DC8C4A000C8D4A0045
:1044F000E41600205C8D4A00140040201800402083
:10450000BC1E4020000202001E244020848D4A0070
:10451000B08D4A00181800203434402043616D6586
:104520007261204953502074656D706572747572A4
:10453000653A25640D0A0000574F44203078253035
:1045400032783A20307825303478210D0A00000086
:1045500052442025642C203078253034583A2030BD
:104560007825303278210D0A00000000534E3A259C
:10457000730D0A00436F6C6F725F54656D203A20B3
:1045800025640D0A0000000043616D6572612050D2
:1045900072616D6574657273205361766520466142
:1045A000756C742E0D0A000043616D6572612050B8
:1045B00072616D6574657273205361766520537501
:1045C000636573732E0D0A0043616D6572615F5AF6
:1045D0006F6F6D5F417464203A2025640D0A0000FE
:1045E00043616D6572612053657420416E676C652F
:1045F000204661756C74203A25640D0A00000000A5
:1046000043616D6572612053657420416E676C650E
:1046100020537563657373203A25640D0A0000000A
:1046200043616D65726120536574205A6F6F6D2010
:104630004661756C74203A25640D0A0043616D650E
:10464000726120536574205A6F6F6D2053756365D6
:104650007373203A25640D0A0000000048555F532B
:1046600074725F4D6F6465436D643A25640D0A0092
:1046700043616D6572615F537465616D696E674D0D
:104680006F6465203A2025640D0A00007573657219
:1046900020616374697665206D6F6465207361764F
:1046A00065207375636365640D0A000043616D6581
:1046B00072614C6F636B50696E3A2025642C543ADA
:1046C00025640D0A0000000010B504460320FEF723
:1046D00029F90022E2215C20EEF7E4FB8222E121AD
:1046E0005C20EEF7DFFB0322E1215C20EEF7DAFB32
:1046F00003215E20EEF705FC20EA04042246E121B6
:104700005C20EEF7CFFB0222E1215C20EEF7CAFB32
:10471000BDE81040FEF718B910B5002208215E2050
:10472000EEF7C0FB002209215E20EEF7BBFB002262
:104730000A215E20EEF7B6FB00220B215E20EEF789
:10474000B1FB002210215E20EEF7ACFB002211210C
:104750005E20EEF7A7FB212212215E20EEF7A2FBDE
:1047600080221C215E20EEF79DFB41221D215E2050
:10477000EEF798FBF2F7E3FB04461D215E20EEF70F
:10478000C0FB400604D5F2F7DAFB001B6528F4DB1A
:1047900010BD10B5002208215E20EEF783FB002239
:1047A00009215E20EEF77EFB00220A215E20EEF753
:1047B00079FB00220B215E20EEF774FB0022102112
:1047C0005E20EEF76FFB022211215E20EEF76AFBFE
:1047D000312212215E20EEF765FB00221C215E20B3
:1047E000EEF760FB42221D215E20EEF75BFBF2F745
:1047F000A6FB04461D215E20EEF783FB400604D590
:10480000F2F79DFB001B6528F4DB10BD10B50022FC
:1048100008215E20EEF746FB002209215E20EEF71C
:1048200041FB00220A215E20EEF73CFB00220B2117
:104830005E20EEF737FB002210215E20EEF732FB00
:10484000002211215E20EEF72DFB202212215E2096
:10485000EEF728FB00221C215E20EEF723FB6022EE
:104860001D215E20EEF71EFBF2F769FB04461D21B9
:104870005E20EEF746FB400604D5F2F760FB001B16
:104880006528F4DB10BD704780B58020FFF71CFF62
:10489000FFF742FFFFF77DFFBDE80140B6E70246A4
:1048A00003215E20EEF7FEBA10B50446CF215E204C
:1048B000EEF727FB00F00F0004432246CF215E20D5
:1048C000BDE81040EEF7EEBA000000002DE9F0411F
:1048D00080460E4617461C46069D4246D2B210211F
:1048E0005E20EEF7DFFA4FEA1828424611215E20DB
:1048F000EEF7D8FA2846042802D0052806D00BE0A7
:10490000012212215E20EEF7CDFA0AE031221221B7
:104910005E20EEF7C7FA04E0002212215E20EEF7D7
:10492000C1FA2246D2B214215E20EEF7BBFA22462B
:10493000120AD2B215215E20EEF7B4FA2246120C0A
:10494000D2B216215E20EEF7ADFA002C3ED0240E36
:1049500004F00304224617215E20EEF7A3FA052D8A
:1049600039D8DFE805F01B0F2738380317215E2000
:10497000EEF7C7FA40F01000024617215E20EEF76E
:1049800091FA28E017215E20EEF7BBFA40F02000F4
:10499000024617215E20EEF785FA1CE017215E2003
:1049A000EEF7AFFA40F03000024617215E20EEF736
:1049B00079FA10E017215E20EEF7A3FA40F04000EC
:1049C000024617215E20EEF76DFA04E0002217215F
:1049D0005E20EEF767FA3246D2B218215E20EEF77B
:1049E00061FA3246120AD2B219215E20EEF75AFA63
:1049F0003246120CD2B21A215E20EEF753FA360E6E
:104A000032461B215E20EEF74DFA3A46D2B21C2107
:104A10005E20EEF747FA3F0A07F03F0747F08007AE
:104A20003A461D215E20EEF73DFAF2F788FA044679
:104A30001D215E20EEF765FA000607D5F2F77FFA32
:104A4000001B6528F4DB0120BDE8F0810020FBE7B6
:104A50007CB50446002508226846FEF798F8002831
:104A600026D1A00030300246D2B229465E20EEF7B1
:104A700019FA6E4605E0325C01215E20EEF712FA6B
:104A80006D1C2846C0B20428F5DB64005834224669
:104A9000D2B200215E20EEF705FA327901215E20C4
:104AA000EEF700FA9DF8052001215E20EEF7FAF9F5
:104AB00073BD1CB5FFF7E7FEAA4C02200090234609
:104AC000082221460020FFF701FF02200090234624
:104AD0000422A5490820FFF7F9FE0020FEF734F86C
:104AE0000820FEF731F81020FEF72EF81820FEF708
:104AF0002BF80020FEF73AF80820FEF737F81020D0
:104B0000FEF734F81820FEF731F898490320FFF734
:104B10009FFF00210846FEF7B5F800210420FEF7AC
:104B2000B1F800210820FEF7ADF800210C20FEF7B7
:104B3000A9F80020FEF7C7F80C20FEF7C4F81820EB
:104B4000FEF7C1F82420FEF7BEF88020FFF7ACFE88
:104B50008820BDE81640A2E61CB5FFF794FE844C01
:104B6000022000902346082221460020FFF7AEFED7
:104B700002200090234604227E490820FFF7A6FE6B
:104B80000020FDF7E1FF0820FDF7DEFF1020FDF714
:104B9000DBFF1820FDF7D8FF0020FDF7E7FF082016
:104BA000FDF7E4FF1020FDF7E1FF1820FDF7DEFF21
:104BB00071490320FFF74CFF00210846FEF762F819
:104BC00000210420FEF75EF800210820FEF75AF8C5
:104BD00000210C20FEF756F80020FEF774F80C2098
:104BE000FEF771F81820FEF76EF82420FEF76BF838
:104BF0008020FFF759FE8820FFF751FE0922772118
:104C00005D20EEF74FF9802276215D2002B0BDE8ED
:104C10001040EEF747B91CB5FFF735FE574C0220A0
:104C200000902346082221460020FFF74FFE022075
:104C300000902346042252490820FFF747FE002037
:104C4000FDF782FF0820FDF77FFF1020FDF77CFFB6
:104C50001820FDF779FF0020FDF788FF0820FDF7F9
:104C600085FF1020FDF782FF1820FDF77FFF4549E3
:104C70000320FFF7EDFE00210846FEF703F80021B0
:104C80000420FDF7FFFF00210820FDF7FBFF0021B6
:104C90000C20FDF7F7FF0020FEF715F80C20FEF7BB
:104CA00012F81820FEF70FF82420FEF70CF88020E9
:104CB000FFF7FAFD8820BDE81640F0E51CB5FFF7C8
:104CC000E2FD314C022000902346082221460020BC
:104CD000FFF7FCFD02200090234604222B49082008
:104CE000FFF7F4FD0020FDF72FFF0820FDF72CFF54
:104CF0001020FDF729FF1820FDF726FF0020FDF703
:104D000035FF0820FDF732FF1020FDF72FFF182098
:104D1000FDF72CFF1E490320FFF79AFE00210846ED
:104D2000FDF7B0FF00210420FDF7ACFF00210820B3
:104D3000FDF7A8FF00210C20FDF7A4FF0020FDF7E0
:104D4000C2FF0C20FDF7BFFF1820FDF7BCFF242099
:104D5000FDF7B9FF8020FFF7A7FD8820BDE81640CA
:104D60009DE5000010000100180001007400010022
:104D700000EE020008EE020064EE02008C1D03004B
:104D8000941D0300F01D0300588F0300608F030083
:104D9000BC8F030080B52DED028BEEF719F84FF0B4
:104DA0006632AA4BECF7A6FE41EC180B4FF06630CA
:104DB000A74953EC182BEDF731F853EC182B03F0FF
:104DC0000BFC02460B460020A24903F005FCBDEC9B
:104DD000028BBDE80440EDF793B838B500224FF4DC
:104DE0008C73B0F5157F01D24FF415709A49884243
:104DF00002D9084600E02346984D55F82310884212
:104E00000BD3D4186408944207D09C4205D055F8BF
:104E100024108842EFD22246EEE755F82240A04205
:104E200004D105EB8200D0F8640432BD884204D17D
:104E300005F2644050F8230032BD611A05EB82028E
:104E4000D2F8642401D1002008E005F2644555F849
:104E500023309B1A201A5843B0FBF1F0821800EE61
:104E6000102AB8EEC00A7E48FBF70EFFBDEEC00A5E
:104E700010EE100A32BD00002DE9F0470646794DCC
:104E800028680918296040F2E9308142C0F0D980D1
:104E900000202860744C04F1F807386ADFF8CC81F0
:104EA000D8F80010091A42F2117291422AD3002850
:104EB00028D00220A07100203870F86B40F40070F8
:104EC000F86333206073034640222C210120EEF763
:104ED000F0F8F86B20F04000F86304F19C00D8F87B
:104EE0000010C1610FF26019DFF884A10368524617
:104EF00049460420EDF746FE0AF124024946042003
:104F0000EDF740FE40F21A4086421BDBA0790228F2
:104F100000F097800220A071D8F800003862FFF7F7
:104F2000C8FD49A5524ED4F89C3006F150022946DE
:104F30000420EDF727FE06F1740229460420EDF760
:104F400021FE7EE0A6F25330C7283DD2A079022888
:104F500077D06968491C696001282AD0022811D1DC
:104F6000FEF796F8FDF7D1FD37A5D4F89C30414AFD
:104F700029460420EDF706FE41A229460420EDF75C
:104F800001FE05E038780146042901DD401E387035
:104F90000120A0710FF2B00541A229460420EDF7CF
:104FA000F1FDD4F89C30344A29460420EDF7EAFD9F
:104FB00047E0062945D30020686038780146042977
:104FC0003FDD401E38703CE0A6F22136322E08D27A
:104FD000A079022835D034D1FEF75AF8FDF795FDB7
:104FE0002FE06868401C686000203862F86B20F48D
:104FF0000070F8633878042801DA04203870A0794A
:10500000022811D1FEF744F8FDF77FFD0FF23806B4
:105010002BA231460420EDF7B5FDD4F89C30174A99
:1050200031460420EDF7AEFD6868062807D300205E
:105030006860387801460A2901DA401C387000207F
:10504000A0710020BDE8F0874C43440066664A3FEB
:1050500066660A400088C3408C0A0100049A4A0030
:10506000A42C4020A4004020E4160020BC1E4020B8
:10507000F8984A0094994A00B8994A00E0994A0081
:1050800043757272656E7420446572656174696EF1
:105090006720636C6F7365204F53440D0A00000056
:1050A0004C43442050524F54454354494F4E5F5453
:1050B000454D505F444552454154494E47720A00A0
:1050C00043757272656E74204E6F726D6F616C20E5
:1050D000636C6F7365204F53440D0A0000F10103A8
:1050E000810704D010F8011B820781B1FAD1026850
:1050F000A2F10131914311F0803104BF50F8042F27
:10510000F6E709BAB1FA81F100EBD100401CC01AF0
:1051100070470100FED0704765490A7842F07F026F
:105120000A708A784B789B1A5B1E13F07F0F00D1B0
:10513000704710B402F07F035C1C64F306028A70AF
:105140001944C87010BC7047704780B559488188B1
:1051500001F47E418180418801F47E4141805448C0
:10516000817801F080018170417801F08001417007
:10517000012003F083FB01204F49087001BD10B5E9
:105180004D4C2078002804D0012003F093FB002030
:10519000207010BDF0B40022454D2B7843F07F0302
:1051A0002B70AC786B78E41A04F07F040E46424B07
:1051B0001B78002B01D1104616E0002C12D08C4237
:1051C0000CDA26460AE06B7803F07F04671C67F36D
:1051D00006036B702B19DB784354521C114689B2BD
:1051E000B142F0DB1046C0B2F0BC7047F0B40A46E2
:1051F000304C258840F2FF131D4325806588A38825
:10520000ED1A6D1EC5F308052B4B1B78002B01D141
:10521000002015E02B468B4200D22A4600210AE0EE
:10522000A588C5F30806771C67F30805A580C35C4D
:10523000A519AB71491C0B469BB29342F0DB10469B
:10524000F0BC7047F8B500208DF80000FF241A4824
:10525000007800282BD06946012003F04AFB002883
:1052600025D0144A118840F2FF1001431180918823
:105270005088091AC1F30801002918D0FF2900DA63
:105280000C4600200D490AE05588C5F30806771C36
:1052900067F3080555809519AD79CD54401C034638
:1052A0009BB2A342F0DB2246012003F019FBF1BDC3
:1052B000205600201854002034244020A4560020FA
:1052C00070B50D462C7834B970BD11F8013F1678D1
:1052D000B34206D0401C214603F01EFB28B1014614
:1052E0002A4612F8013F002BEFD170BD40F020009C
:1052F00070472DE9F14FB0B0924604910DF1420193
:105300003A9A2B9199464A7000200AE01AF8011B3C
:105310000498309A90470028049000F041860D9838
:10532000401C0D909AF8000050B12528EED10021C4
:1053300000220791089209910A920B910C9204E0C5
:105340000D9800F02FBE41F001011AF8010F20283E
:10535000F9D023280CD02B2804D02D2805D03028B4
:1053600009D00BE041F00201EFE741F00401ECE766
:1053700041F00801E9E741F01001E6E72A280FD1E2
:10538000D9F8002052F8040BC9F8002000280F902B
:1053900003D540420F9041F004010AF1010A14E0E4
:1053A0000F92DFF8083C0AE00F98984205DA00EB0C
:1053B000800402EB4402303A0F920AF1010A9AF893
:1053C0000020A2F130000A28EED39AF800002E281F
:1053D00003D04FF0FF320E9229E01AF8010F2A286D
:1053E00009D1D9F8000050F8042BC9F800000E923A
:1053F0000AF1010A1BE02D280CBF0AF1010A002066
:1054000000220E92DFF8A44B0BE040B90E9AA242A4
:1054100005DA02EB820503EB4503303B0E930AF1FC
:10542000010A9AF80030A3F130020A2AEDD3ADF850
:1054300040100FF67C309AF8001003F06DFA08B1B6
:105440001AF8010B8DF842009DF84200682805D13A
:105450009AF8000068280CD1622106E06C2804BF8D
:105460009AF800006C2804D171218DF842100AF1DD
:10547000010A12A806901AF801BBBBF125012CD035
:105480001C3900F09481091F022940F290811339E0
:1054900000F0B884093900F08A81891E00F04D853A
:1054A000491E00F0FA84491E022940F28081091F3A
:1054B00000F0F384491F00F0EF80491E00F0A28441
:1054C000491E00F0D780C91E0CD0891E00F09A84B6
:1054D000C91E00F0978400F03BBD012307932521EE
:1054E00000F033BDD9F8000050F8044BC9F80000B3
:1054F000002C059440F0AB802B994878002800F0F0
:10550000A1804FF0FF340FF6B02003F011FA241AF7
:1055100040F0468500F028BD01236A4602A93046C6
:1055200000F00EFE002840F03B85641EF4D130965A
:10553000079C12AF74B1309E17F8011B0498B04756
:105540000028049000F02C850D98401C641E0D90DE
:10555000F2D130960A9C3021002C8DF800100CDD21
:10556000309E01236A4602A9304600F0E9FD00287A
:1055700040F01685641EF4D13096059F089C74B1E6
:10558000309E17F8011B0498B0470028049000F0E3
:1055900007850D98401C641E0D90F2D130960B9C2F
:1055A0003021002C8DF800100CDD309E01236A465E
:1055B00002A9304600F0C4FD002840F0F184641ECA
:1055C000F4D1309605980899099C471874B1309E1B
:1055D00017F8011B0498B0470028049000F0E084FD
:1055E0000D98401C641E0D90F2D130960C9C302119
:1055F000002C8DF800100CDD309E01236A4602A9B4
:10560000304600F09DFD002840F0CA84641EF4D1AD
:1056100030969DF8400041077FF584AE2020002D94
:105620008DF800007FF77EAE309C01236A4602A908
:10563000204600F085FD002840F0B2846D1EF4D1B4
:1056400030946FE60FF65830059000F08DBC0E9D3B
:10565000002D04D52046FFF741FD044607E02A4609
:10566000204603F085F9002814BF041B2C4608943B
:1056700000F07ABCD9F8001051F8040BC9F80010FA
:1056800020F00004002121F0FF35CDE9024512ABE6
:105690000593782100F04DBC2B99487820B14FF04C
:1056A000FF340FF6CC2030E79DF84200622860D02E
:1056B000682817D06A283FD06C2806D0712847D0B8
:1056C00074282CD07A281DD062E0D9F8001051F847
:1056D000040BC9F80010002866D14FF0FF340FF614
:1056E000A82012E7D9F8001051F8040BC9F80010EF
:1056F00020B94FF0FF340FF6902006E70D99018096
:1057000000F032BCD9F8001051F8040BC9F80010B1
:10571000002849D14FF0FF340FF66C20F5E6D9F898
:10572000001051F8040BC9F8001000283CD14FF0CC
:10573000FF340FF65420E8E6D9F8001051F8040BB6
:10574000C9F8001080B94FF0FF340FF63C20DCE6BA
:10575000D9F8001051F8040BC9F8001020B94FF027
:10576000FF340FF62420D0E60D9AD317C0E90023AA
:10577000FAE3D9F8001051F8040BC9F8001020B969
:105780004FF0FF340FF60020BFE60D990170EBE3F8
:10579000D9F8001051F8040BC9F8001020B94FF0E7
:1057A000FF340FF6E410B0E60D990160DCE39DF8DC
:1057B00042004C2807BFD9F80010CA1DD9F80000D4
:1057C000C21D22F00702C9F80020D2E90001083208
:1057D000C9F80020CDE90201C80F02D007982D2199
:1057E0000AE0BDF84000810702D507982B2103E0AD
:1057F000C00705D50798202112AA1154401C079014
:1058000012A807994BF0200300EB010CDDE902011F
:10581000CDE92C01612BCDF814C021AC0BD00E9832
:10582000002848BF062105D404BF4BF0200067289C
:1058300001D101210E91DDE902014F0047EAD07745
:105840007E15FF174FF0FF32974208BF964210D1E6
:10585000090341EA10510003002908BF002808D0BD
:10586000ABF1610503211A2D089118D30FF63811F9
:1058700010E0DDE902014A00521512F1010F11D1C9
:1058800008030FD1ABF1610503211A2D08911FD335
:105890000FF61C1103226046F1F7C2FB64E30FF61A
:1058A0000411F7E7DDE902016A4603F08DF8CDE95E
:1058B00002014BF02000612811D1059830210170C0
:1058C000821C0592BBF1610F0CBF7821582102E0C8
:1058D0000FF6D801DEE741700798801C0790DDE9DC
:1058E000020120F0000231F0004308BF002A02D17B
:1058F0000026002542E14BF02008B8F1610F40F08E
:1059000092800E98002847BF21210191401C0190F0
:10591000019FDDE92C017F1C00220023DDE9024507
:1059200003F08AF838BF85F0004500998DF884208F
:10593000091F002F00910DF1850632DD2046294612
:105940000022002303F092F82BD21C2203F0A8F8C7
:1059500004460D46EEF7F8FCFF1F002F804609DDD8
:10596000ECF7B6F802460B4620462946ECF756FA05
:1059700004460D46F01D0721B8F1000F0CDD491E4D
:105980005EBF08F00F0200F8012D4FEA2818F3D58A
:1059900002E0002200F8012D491EFAD5C61D002F95
:1059A000CCDC0DF18500361A01980DF18504864294
:1059B000D8BF304600282FD4B04206DA0DF1850159
:1059C0000A5C082AA8BF0F2100DA0021024621AB99
:1059D000134400E0401E13F80159521E8D42F9D0C5
:1059E0000F2904D10DF185018B5C5B1C8B54002ABF
:1059F00004D50099091D21AC401C0091411E0BD417
:105A0000621813783033DDB23A2DA4BF5B443A3BC1
:105A1000491E02F80139F4D50E99002940F1AC80F5
:105A2000421E0E92A8E00099DFF8042747F2975033
:105A3000414391FBF2F20092DDE92C45C2F10702ED
:105A4000002A25F0004504DD2046294600F04CFBE5
:105A50000BE052420020DFF8DC1600F045FB024666
:105A60000B462046294602F0B7FD04460D46B8F124
:105A7000660F06BF009F0A3706270E983F18142F9F
:105A8000C8BF142730208DF884000DF18506002F43
:105A900034DD20462946ECF733FA01460A4606F182
:105AA000080304200A26B2FBF6F606EB860EA2EBEC
:105AB0004E02303203F8012C0A22B6FBF2F202EB5E
:105AC000820EA6EB4E063036401E03F8026DE9D179
:105AD000083F002F03F10806D9DD0846EDF778F9F5
:105AE00002460B4620462946ECF798F90022DFF8DB
:105AF0004836EBF7FFFF04460D46CAE70DF1850077
:105B0000361A0DF1850404E00098401E761E0090C0
:105B1000641C20783028F7D0B8F1660F02D10098C5
:105B2000401C04E0B8F1650F0CBF012000200E9965
:105B300040188642B8BF701E00281DD4B04204DA57
:105B4000215C3429C8BF392100DC30210246631EA4
:105B50009D1800E0401E15F80169521E8E42F9D0D2
:105B6000392902D1A15C491CA154002A04D500990D
:105B7000491C1C46401C00910646009D02F09BFCFF
:105B8000406A0778DDF8388030B2002802DC012650
:105B90000FF220644BF02000662808BF6D1C16D061
:105BA000672845D128B210F1040F47DB404545DA9C
:105BB0009DF840006D1C010703D430B24045D8BFAA
:105BC000804628B2B8EB000848BF4FF000080FFA33
:105BD00085FBBBF1000F00F3B4800898411C0891CD
:105BE000302205990A54B8F1000F03DC9DF84000FB
:105BF000010704D50898411C089105990F5418EB2A
:105C00000B0FB8BFC8F100052DB26842454432B24F
:105C10000B909542B8BF2E46059B089836B2099660
:105C2000324621461844F1F7FBF9AD1B0C95D2E042
:105C3000BBF1610F17D14FF0700B19E030B2404546
:105C400004DA9DF840100A0758BF8046B8F10108F1
:105C500048BF4FF00008BBF1670F14BF4FF0450B72
:105C60004FF0650B04E0BBF1410F08BF4FF0500B44
:105C70000898411C0891B8F1000F059914F8012B00
:105C80000A5403DC9DF8400001071AD50898411C0E
:105C90000891B8F1000F05990F5412DD761E30B24D
:105CA0008045B8BF46460598089B32B22146184445
:105CB000F1F7B6F9089936B271180891A8EB060009
:105CC0000B9005980899084429B2002980F800B083
:105CD00003D42B224270821C04E02D2242700D4618
:105CE000821C6D4200212CAB28460AE004460A20A3
:105CF00094FBF0F000EB8005A4EB450403F8014BA6
:105D0000491C00B20028F1DC012906DC4BF0200020
:105D1000652804BF302002F8010B00292CAB08D104
:105D2000302002F8010B06E0491E585C303002F8C2
:105D3000010B0029F8DC059908980844121A099209
:105D400049E030B229B288421CDA0598089B32B289
:105D500021461844F1F764F9089936B27118089190
:105D6000ABEB0600B8F1000F0B9003DC9DF8400090
:105D7000020704D5059847540999491C0991CDF8A3
:105D8000308028E00598089B2AB221461844F1F794
:105D900047F90898761B5844B8F1000F089003DCC7
:105DA0009DF840100A0703D5411C089105990F542E
:105DB00030B28045B8BF46460598089B32B204EB26
:105DC0000B011844F1F72CF9089836B230180890F6
:105DD000A8EB06000B909DF8400000F0140010287E
:105DE00040F0C280079A08980B99821809988A187F
:105DF00082180C980F998018884280F2B580081A92
:105E00000A90B1E09DF84200622808D068280ED0C0
:105E10006A2814D06C281FD0712810D01CE0D9F843
:105E2000001051F8040BC9F80010C0B21AE0D9F8FC
:105E3000001051F8040BC9F8001080B212E0D9F834
:105E40000000C21D22F00702C9F80020D2E90001BB
:105E50000832C9F8002006E0D9F8001051F8040B08
:105E6000C9F800100021CDE902019DF840000107AA
:105E70005AD5DDE90223002B08BF002A54D04BF08D
:105E80002000782850D1079812A930220A54401CCB
:105E9000431C079301F800B046E09DF842006228D9
:105EA00008D068280ED06A2814D06C281FD071281A
:105EB00010D01CE0D9F8001051F8040BC9F80010FC
:105EC00040B21AE0D9F8001051F8040BC9F80010DC
:105ED00000B212E0D9F80000C21D22F00702C9F892
:105EE0000020D2E900010832C9F8002006E0D9F804
:105EF000001051F8040BC9F80010C117CDE90201D8
:105F0000002902D507982D210AE0BDF8400081073D
:105F100002D507982B2103E0C00705D5079820215B
:105F200012AA1154401C079012A807990144059128
:105F3000594602A800F04EF816E001200790D9F863
:105F4000000050F8041BC9F800008DF848100BE061
:105F500001212522BBF1000F07918DF8482003D0C5
:105F6000022207928DF849B00F9D07990A986D1A81
:105F700008992D1A0B986D1A09992D1A0C986D1AFB
:105F80009DF840102D1A48073FF5D2AA2021002D78
:105F90008DF800107FF7CCAA309E2C46FFF7BCBAD4
:105FA0004FF0FF3031B0BDE8F08F0000CBCCCC0C0F
:105FB000686A6C747A4C00007072696E74665F7304
:105FC0003A2062616420257320617267756D656E89
:105FD000740000002DE9FC4707468A463C6950469C
:105FE0006F2808BF082505D0FFF780F9782814BF6F
:105FF0000A251025D7E900013C2680468946BAF1DA
:10600000640F18BFBAF1690F05D1002903D5D8F183
:10601000000869EB4909B9F1000F08BFB8F1000F9A
:106020000CD1386B50B9082D3AD197F838000107D8
:1060300036D530223B2684F83B2031E08DF800A095
:10604000404649462A46EB17FAF760FC3032D0B298
:10605000761E3A2801960EDAA255404649462A464F
:10606000EB17FAF753FC80465FEA010908BFB8F165
:10607000000F05D108E09DF800001218513AEBE737
:10608000F868A1198842DBD3082D09D197F83800A8
:10609000010705D5A05D302802D0761E3020A0551E
:1060A000C6F13C03BB61A119F960386B834208DA81
:1060B000C31A3B624FF6EF70398F01403987BDE854
:1060C000F38700280ED597F8380000F01400102848
:1060D00008D17A6B7969386A521A121AD21A002AD0
:1060E000C8BF3A62BDE8F3872DE9D04306460F46A4
:1060F00014464FF00008DFF8449012E0E00707D59F
:1061000042464B4630463946EBF7F4FC06460F460E
:106110004046494642464B46EBF7ECFC641080464D
:106120008946002CEAD130463946BDE8D0830000CC
:10613000A08601000000F03F84D797410000244072
:10614000F8B505460E4617461C4600205CB117F808
:10615000011BB068A847B06030B1F06A401CF06223
:106160000020641EF3D1F2BD4FF0FF30F2BD0000FD
:106170007072696E74665F733A20256E206469736D
:10618000616C6C6F776564007072696E74663A203A
:1061900062616420256E20617267756D656E7400A2
:1061A000000000006E616E004E414E00696E660098
:1061B000494E4600300000007CB50446DFF8D85B4D
:1061C00000202870DFF8D40B002101700173012139
:1061D0000174002101750A4664212030EBF75AFC56
:1061E00002F0FCFC01216FF07F40F3F77FFC002CF4
:1061F0003FD000208DF80000064618E000202073F4
:10620000A0600EE01068406A0068001D4058002839
:10621000F4D0012020731068406A0068001D4058C7
:10622000A06000202071F0F78AFE2061761C022E0B
:106230001FDA69463046EDF7C6FE15EB061471010C
:10624000DFF89C0B02689DF800000128DAD10120DC
:1062500020731068406A006808304058A0601068D9
:10626000406A00680844407B2071F0F768FE2061B6
:10627000DCE773BD10B5DFF8244B207801281ED170
:10628000207A02F03FFE002802D00A280DD00FE04D
:10629000022020706068217A0268517002214160FA
:1062A0000020BDE8104001F0D1BC0120207010BDDD
:1062B000002020702220BDE8104001F0C7BC10BDB6
:1062C000DFF8203B1878002804D09A7D9968586838
:1062D00000F020BE7047DFF8100B4178012904D18F
:1062E00002788168406800F003BF7047DFF8F80A61
:1062F000417B012904D1027B4169006901F060BA48
:106300007047DFF8E80A4178012903D102788168F3
:1063100040689CE1704770471CB5044600208DF82A
:10632000000069462046EDF74EFEDFF86C0A214674
:1063300000EB0110017B9DF80000884202D020464E
:10634000EDF738FE13BD10B500241EE0DFF8480A53
:1063500000EB0411087B012816D18868002801D0C1
:10636000401E8860886800280ED100200873DFF87E
:10637000700A00680068406A006800EB4410407BC7
:1063800008712046FFF7C8FF641C022CDEDB10BD3D
:1063900080B5FFF76FFFFFF793FFFFF79CFFFFF755
:1063A000A5FFFFF7B8FFFFF7CEFFBDE80140A8E764
:1063B00010B5DFF8304A2178002903D0A268608A3E
:1063C00000F0EEFC0020DFF8D41908702070DFF830
:1063D000180A0021417041730846DFF8101A48700E
:1063E00010BD38B50546002401208DF80000684630
:1063F000F9F779FA002812D128688079002802D0AC
:1064000001240CE02D1D2968887909789DF8002069
:10641000914201D00028F5D0002800D10124204667
:1064200032BD38B504460025002C18D06846F9F76F
:106430003FFA002814D12068007F002802D00125EF
:106440000EE0241D2168087F097B9DF80020914201
:1064500001D00028F5D0002802D1012500E0012557
:10646000284632BD7CB504460025DFF8900B006855
:106470008068866912E001250FE0306800280CD0A2
:106480006846FAF74CFC0028F5D121469DF800003B
:1064900032689047010000D005461036307B002856
:1064A00002D128460428E8D1284676BD2DE9FC41D2
:1064B0000C4617461D46DFF8281909680968896ADD
:1064C000D1F800804168022957D10068467801E080
:1064D00008F1080898F8060098F80010B14201D0B9
:1064E0000028F5D0002846D12846012805D1022EE3
:1064F00003D1012001F0AAFB5CE03046FFF7B2FFB8
:10650000002832D13046F9F7E0F9DFF89008012190
:1065100001730674C481386846706846F9F7B6F9A5
:1065200000281ED19DF80000032817D1B8F80200FA
:10653000000A39688870B8F802003968C870B8F87D
:1065400004000A2190FBF1F0014689B2090A3A6879
:106550001171396848710620786004E00220786083
:1065600001E002207860002408E0572801D12224AD
:1065700004E07E2402E0122400E01324012D0FD158
:10658000002C0DD00020DFF8142800E0401C01464C
:10659000C9B2042904DC1144097E8C42F6D10124DD
:1065A000200004D1F6B2022E01D101F087FB204673
:1065B00001F04CFBBDE8F381F8B514461D46426876
:1065C000022A28D10068407806463246521E022A26
:1065D0001BD8DFF8C87779807C603E7202F092FCAD
:1065E000002802D00A2808D00BE00220387020686A
:1065F00046700220606000240EE00120387078248C
:106600000AE000203870222406E012240020DFF87F
:106610008C17087000E01324012D0FD1002C0DD031
:106620000020DFF8782700E0401C0146C9B20429A9
:1066300004DC1144097E8C42F6D10124200001D1F2
:1066400001F03CFB2046BDE8F24001F0FFBAF8B58E
:1066500004460D4616466068042828D120686FF06D
:106660007F4741788278120242EA0142C0780243B1
:10667000BA421AD1F9F702FE002814D102220121F0
:106680003846F3F7B5F9002803D1012068600020EF
:106690000EE0062801D178200AE0072801D17820F1
:1066A00006E0722004E0222002E0312000E0132006
:1066B000782807D1DFF83407012141700670446063
:1066C0008560F1BD002801D1012169600021DFF85A
:1066D0001C275170012E0ED100280CD0DFF8BC36DB
:1066E00000E0491C0A46D2B2042A04DC1A44127E95
:1066F0009042F6D10120BDE8F24001F0A7BA02466F
:10670000120C0A700246120A4A7088707047FEB571
:1067100004460D4600262068417801290AD101214E
:106720000191314600910123022219468078F3F746
:1067300038F800E00120002822D12F680DF1020076
:10674000F3F780F8002819D16846F3F726F80028F7
:1067500002D030468DF800002068407878709DF8AF
:106760000000B8703046F870BDF80200000A3871B9
:10677000BDF8020078710620686002E0102600E093
:1067800031263046FEBD2DE9FF4105460E4600206C
:106790008DF808002868417802290AD10121019169
:1067A000002100910123022219468078F2F7F9FFB7
:1067B00000E00120002850D13468E71C00208DF84B
:1067C000010080466846F2F7E8FF002802D0404604
:1067D0008DF800002868407860709DF80000A07077
:1067E00002A8F9F74DFD002804D0032070609DF841
:1067F000080037E09DF80000002827D00DF10101C6
:1068000001A8F3F74BF801001BD107EB88042146E0
:106810000198FFF774FF9DF8011028688078014007
:106820009DF80000084004D0E07008F101081FFA4C
:1068300088F80DF1010101A8F3F730F8B8F1250F40
:10684000E1DB012802D031208DF808004FEA8808EA
:1068500008F10308C6F8048002E031208DF8080032
:106860009DF8080004B0BDE8F0812DE9FE4F054613
:106870008946002428684178062901D1022601E0D2
:106880001224002690F805A05046FE2805D0FF28C7
:1068900007D14FF0000AEF2704E04FF0900AEF27EE
:1068A00000E05746200064D102A8F2F776FF28687E
:1068B0008178C278120242EA014290F8048048EAE4
:1068C00002080DF10903324601214046F2F78BFF21
:1068D00000284DD1CDF800904FF006094FF0000B85
:1068E0002868407800990968487000980068811C01
:1068F0004046FFF704FF9DF809109DF8080001408D
:10690000009800684171009D27E06868A0EB0900CD
:10691000401EADF80A000DF10A00019028684844B5
:10692000401C00905346DBB2324601214046F3F74B
:106930000DF900280FD14FF0010BBDF80A00002817
:1069400009D0286800F809A0BDF80A00814409F1BF
:1069500001091FFA89F90AF1010A5046C0B28742BB
:10696000D3DAC5F80490BBF1000F02D1312400E066
:1069700031242046BDE8FE8FFEB50C460026304689
:10698000ADF8020001908DF8000005460DF10200FF
:10699000F3F792F9002839D16068BDF80210890038
:1069A000891C884232D32F4601E031262CE038463C
:1069B000BDF8021080B2884229D2300027D1694642
:1069C00001A8F3F7A1F90028EFD10198000C216884
:1069D0002A4692B2114488706D1C0198000A216801
:1069E0002A4692B2114488706D1C019821682A468B
:1069F00092B2114488706D1C9DF8000021682A46EF
:106A000092B2114488706D1C7F1CD0E7312659204A
:106A100021680870032021684870ADB2AD1C656024
:106A20003046FEBD2DE9F84F86B00D46A988059188
:106A30000021ADF80A1089464FF0010B8DF80910BE
:106A400000688178C278120242EA01420679164350
:106A500040790490592029680870042029684870FA
:106A60002868871CC84603E008F101081FFA88F867
:106A7000DFF8240B0068006810EB4814207F012821
:106A800000F097806FF07F4086423DD0A0690028DB
:106A900002D00068B04200D00024002CE4D0E068AE
:106AA0000028E1D002A8F2F778FEA06940798DF8BD
:106AB0000C000DF10903022201463046F2F793FE65
:106AC00000281FD13046000C494689B2785409F19C
:106AD00001093046000A494689B2785409F1010992
:106AE000484680B23E5409F101099DF809109DF80D
:106AF00008000140484680B2395409F101094FF0BD
:106B0000000A12E0102060E031205EE0A9F10209E5
:106B100007E0BBF1000FA7D1BDF80A000028F5D0AF
:106B200081440AF1010A1FFA8AFAE06850F82A0043
:106B3000002899D00499FF2901D1012106E041786C
:106B4000049A914201D1012100E000210029E8D0FE
:106B50004378002100E0491CE06850F82A004068B2
:106B60000A4692B250F822000028F4D1484680B27A
:106B70003B5409F10109484680B2395409F1010931
:106B80000598C01FA0EB0900ADF80A000DF10A003E
:106B90000190484680B23844009002229DF80C10C3
:106BA0003046F3F72BF88346BBF1070FB1D1212014
:106BB0000BE01FFA89F909F10209C5F80490BBF14D
:106BC000010F01D1312000E0002007B0BDE8F08FB7
:106BD0002DE9FE4380460C460025D8F80000407899
:106BE0000A280AD1012001902846009001230222A0
:106BF0001946FF20F2F7D5FD00E0012000283DD125
:106C0000D4F8009009F103062F466846F2F7C5FD57
:106C1000002802D028468DF80000D8F800004078FF
:106C200089F801009DF8000089F802009DF8000035
:106C300000281FD00DF1010101A8F2F79AFE010012
:106C400015D106EB870841460198FFF758FD9DF8DE
:106C500001009DF80010084088F803007F1CBFB2B7
:106C60000DF1010101A8F2F784FE252FE7DB0128D1
:106C700000D03125BF00FF1C676000E031252846A9
:106C8000BDE8FE837CB506460D4614460822314613
:106C90006846F0F7D5F92046022801D001283BD1FB
:106CA0007168022936D3306842781346162B2FDAE2
:106CB0001FA0C05C00282BD023A0C05C814229D13A
:106CC000521E092A24D8DFE802F0050A0F142319FE
:106CD0002323231E29466846FFF719FD1DE0294698
:106CE0006846FFF750FD18E029466846FFF744FE66
:106CF00013E029466846FFF795FE0EE029466846F0
:106D0000FFF7B3FD09E029466846FFF761FF04E09D
:106D1000122002E0132000E00120012C05D10146E1
:106D2000122901D0312900D1012000F08FFF73BD5D
:106D3000000101000100010000000100000000004E
:106D40000000000000000000030303020603060425
:106D5000040502020202020306030303020200000A
:106D600070B40346DFF82C0B00680068446800200C
:106D70001E4600E0403494F83D206588B54201D0BD
:106D8000002AF7D0002A05D162681278002A01D1C2
:106D900001200C6070BC704780064020AC2E402063
:106DA00038B50D461446002100916946FFF7D8FF1B
:106DB000002814D02846012806D1009841690029EE
:106DC0000DD02068884731BD022D08D10098816917
:106DD000002904D00078022801D12068884731BDFD
:106DE00020064020440640205C06402074064020D7
:106DF0002DE9FC4106460F4614460025706841689F
:106E0000002900F083807069002800F07F80B0695D
:106E100000287BD00868FFF7E4FA002876D0706875
:106E200040684068FFF7FDFA00286DD06846716938
:106E30008847002861D19DF8001000295DD12846BF
:106E4000ADF80200012071684978002904D0B089AA
:106E5000ADF80200284605E03169002902D00DF1A5
:106E600002008847002842D120887968BDF80220B6
:106E70008218921C914238D3DFF81C8AC91EA8F8E8
:106E800002107188090A3A6811542088401C208039
:106E900071883A6880B211542088401C20800121FA
:106EA00088F80010396880B20844B16988472946DB
:106EB00088F800102288BDF802108A1822800A285B
:106EC00001D1782523E0132801D113251FE01428D0
:106ED0000BD0222801D1222519E0312816D03328E1
:106EE00012D0002813D0222511E014250FE00A2823
:106EF00001D178250BE0222509E00A2801D1782567
:106F000005E09DF8005002E0332500E031252846D9
:106F1000BDE8F6812DE9FC4706460F469046002461
:106F2000204601900120ADF8000025464046022889
:106F300001D001285DD17068A0F101095FEAC97133
:106F400035D4012833D04FEA59091FFA89F9A246EE
:106F500022E0306800EB4A0001A94278807810EB0B
:106F60000220FFF7FDFE002812D06D1C6A4639464C
:106F70000198FFF73DFF01000AD0782901D1002CCC
:106F800000D104464046012802D1222C00D1012420
:106F90000AF1010A1FFA8AFACA4503DA002CD8D08E
:106FA000782CD6D0ADB2002D02D1312400E01324CC
:106FB000002C02D1BDF800007860782C08D1DFF8F1
:106FC000DC08022101704660876080F8168013E0BB
:106FD000312C06D1B8F1010F03D1012000F036FEAB
:106FE0000AE00020DFF8B4180870204600F02EFEFA
:106FF00002E0012000F02AFEBDE8F38720064020D1
:107000007CB504460D46164600208DF800006068E9
:107010008168002966D0E069002863D0206A0028D2
:1070200060D00868FFF7DDF9002857D060688068F5
:107030004068FFF7F6F900284CD00DF10100E16936
:10704000884700283BD19DF80110002937D1002046
:10705000ADF80200012260684078002804D0A089C1
:10706000ADF80200002206E02169002903D00DF1ED
:10707000020088470246002A1DD1BDF80200B04236
:1070800015D16A4601462868C01C236A9847002823
:1070900003D09DF8001000290DD09DF8001078292C
:1070A00001D00A2821D178208DF800001DE013209E
:1070B0008DF8000019E022208DF8000015E05B2813
:1070C00003D172208DF800000FE09DF801008DF8CB
:1070D00000000AE033208DF8000006E07F208DF8E4
:1070E000000002E031208DF800009DF8000076BD20
:1070F0002DE9FC4104460D4616460027384600900F
:107100003046022801D001281AD16068042815D31E
:10711000A0F1030820684178807810EB01276946C8
:107120003846FFF71DFE002806D0424692B221469F
:107130000098FFF765FF04E0312002E0132000E033
:1071400001200146782907D1DFF854070121417059
:1071500006704460856010E0010008D10321696079
:10716000394689B2090A2A68517029688F7000214E
:10717000DFF82C27517000F069FDBDE8F38170B590
:10718000044600202246DFF81C3703EB02150129D4
:1071900004D1014629712973A96070BD29790E4671
:1071A0009B6A5B7B5B1E9E421ADB5201DFF8E406A2
:1071B00001680868406A00680830805800280DD0CF
:1071C000012028730868406A006808308058A86069
:1071D000EFF7B5FE28612046FFF79EF8012070BD4D
:1071E000491C297170BD2DE9FC4703460D46002658
:1071F0003146DFF8A00600680068406A0768144658
:10720000A44601E02037491C387F3A7B624501D013
:107210000028F7D0002862D1786900285DD0DFF817
:10722000848608F1240989F8001099F8000008EB19
:107230000010007B002801D0372651E09A46DAF88A
:107240000400801E3968884239D10DF10100F9F738
:107250005CFD002831D12868DAF8003021469DF81D
:10726000012091420ED1597841703246F97B28684D
:10727000801CEFF729FFF87B801C6860012088F8EC
:1072800000001DE06A46811C981C7B6998479DF8A8
:10729000001008430FD1DAF80000407829684870E0
:1072A000F87B801C686088F80140C9F804700120F0
:1072B00088F8000004E00E4602E0222600E01326D3
:1072C00030000DD013280BD0002199F80000FFF7F3
:1072D00056FF012804D1372602E07E2600E0122660
:1072E0003046BDE8F6872DE9F84304460D46904642
:1072F0000026DFF8A00500680068406A0168434680
:1073000000E02031087F0A7B9A4201D00028F8D0A3
:10731000002861D1886900285CD0DFF8889509F1E0
:10732000240799F80000002800D179606068796826
:10733000097C891C88423BD130468DF800006846A4
:10734000F8F7B6FA99F8000001282FD1404699F8CD
:10735000011088422AD19DF80000404526D03046D1
:1073600089F80000387809EB0010007B002801D074
:1073700036261EE078688169002915D02068801CB7
:10738000884700280AD17868007BF8F78AFA2068D5
:10739000407829684870022068600AE07E2801D1A0
:1073A0007E2606E0352604E0222602E0242600E0C0
:1073B0001326300004D101213878FFF7E0FE0CE0FD
:1073C00013280AD000213878FFF7D9FE012804D10C
:1073D000362602E07E2600E012263046BDE8F28323
:1073E0007CB505460C46022A01D0012030E06868D1
:1073F00002282CD3286840780646761C7610C007F1
:1074000012D501208DF800006846F8F76CFA9DF857
:107410000010304601F0B6FD010019D13246214678
:107420002846FFF7E0FE13E001208DF800006846D3
:10743000F8F759FA9DF80010304601F0A3FD01005D
:1074400006D1324621462846FFF74DFF00E01320C3
:1074500000F0FCFB73BD38B50D46144641680229A7
:107460000ED100684078002808D1F8F707FA00200C
:107470002968487002206860002002E0122000E0C5
:107480001320012C0FD100280DD00021DFF8183473
:1074900000E0491C0A46D2B2042A04DC1A44127ED7
:1074A0009042F6D10120BDE8324000F0CFBB38B5A4
:1074B0000C4615464168022935D1006840780128FC
:1074C00002D0022817D02CE001216FF07F40F2F7A4
:1074D0000DFB00280DD1012021684870022060605A
:1074E00000240FF2D0320FF2C4310820EBF74AFB30
:1074F0001AE0312418E001216FF07F40F2F7D9FA49
:1075000000280CD1022021684870606000240FF22E
:10751000B0320FF298310820EBF734FB04E031244D
:1075200002E0122400E01324012D0FD1002C0DD015
:107530000020DFF8742300E0401C0146C9B2042992
:1075400004DC1144097E8C42F6D101242046BDE8BA
:10755000324000F07BBB38B50546F8F78FF9DFF80D
:1075600048432078022808D128466188884204D1FF
:1075700000202070207A01F0DFFC207B002809D059
:10758000E089854206D100202073207CBDE832408E
:1075900000F0A2B931BD000094CB4A007CB504468E
:1075A0000D46164631208DF800002068437803F020
:1075B0007F03616803291BD1191F3C2914D37F2B3A
:1075C00012D06A468178184601F028FB9DF8000029
:1075D000002810D031280ED022280CD012280AD032
:1075E00031208DF8000006E012208DF8000002E046
:1075F00013208DF800009DF80000002805D102201E
:1076000068602068407829684870012E14D19DF880
:107610000000002810D00020A34B00E0401C0146D1
:10762000C9B2042908DC9DF800201944097E8A4269
:10763000F4D101208DF800009DF8000000F006FB59
:1076400073BD70B40346934800680068C4690020A5
:107650001E4600E01834227D6588B54201D0002A1C
:10766000F8D0002A01D101200C6070BC704738B5F9
:1076700005460C4600208DF8000068680069002867
:1076800028D061680088001D81421FD369462068A8
:10769000001D2A699047696809690988491D616068
:1076A000002806D09DF80000002802D122208DF885
:1076B00000009DF8000000280FD16868006900886C
:1076C000001D6168884208D2606006E013208DF8D2
:1076D000000002E012208DF800009DF8000032BD8D
:1076E00038B504460B46154600208DF8000060684A
:1076F0008068002825D00088001D596888421CD168
:107700006A462868011D1868001DA368984700286C
:1077100006D09DF80000002802D122208DF800003C
:107720009DF80000002805D1606880684088001D31
:10773000686009E00520686006E013208DF800000D
:1077400002E012208DF800009DF8000032BD38B52F
:1077500004460B46154600208DF800006068C0689E
:10776000002827D04088001D696888421ED16A46DB
:107770002868011D1868001DE368984705216960A5
:10778000002806D09DF80000002802D122208DF8A4
:1077900000009DF8000000280FD16068C068408894
:1077A000001D6968884208D2686006E013208DF8E1
:1077B000000002E012208DF800009DF8000032BDAC
:1077C0002DE9FC4104460D4616460027B8463846CA
:1077D00000903046022801D001283FD1606804287B
:1077E0003AD3206847788178C07800EB0128694651
:1077F0004046FFF726FF00282CD00098406800681C
:10780000FEF7EFFD002823D0009840684068FEF79F
:1078100008FE00281AD03846012804D014D30328C3
:107820000DD006D310E02A4621460098FFF758FFF6
:1078300015E02A4621460098FFF789FF0FE0294608
:107840000098FFF714FF0AE0122008E0332006E05A
:107850007F2004E0312002E0132000E001201049E5
:107860000246782A0ED02A685770424692B2120A0F
:107870002B689A702A6882F8038000224A7300F00D
:10788000E5F904E0012048730E730C614D61BDE819
:10789000F3810000200640201024402044064020B0
:1078A0005C06402080064020AC2E402044636D5F83
:1078B000447370004374726C20447463204F4E0014
:1078C0004374726C20447463204F464600000000ED
:1078D000992200F05ABB0000022800D0704780B502
:1078E000F8F773FF3C48002181760121C17601BD84
:1078F000FEB505460024012904D05BD3032948D0F6
:1079000006D357E020463449087701F067F951E083
:10791000012809D15FF001030FF2D00231A102204A
:10792000EBF730F9012445E0022843D02B4F2A4ED3
:10793000307F002813D097F89800022801D004283F
:107940000DD1F3F725F9502809D3F3F721F9A6282B
:1079500005D2EDF7B2FC002801D1032D14D0EDF7CC
:10796000ACFC441EA441E40FF3F712F90294019019
:1079700097F898000090337FDFF8642019A1022067
:10798000EBF700F9572415E0F9F7D7F9F3F76CF99D
:1079900010E0204610490877022D09D15FF002035C
:1079A0000FF264020FA11846EBF7ECF8012401E096
:1079B00001F014F92046FEBD80B500200649087785
:1079C000F6F71AFE01F00AF90FF2580205A1042099
:1079D000BDE80840EBF7D6B844004020D00B0020AB
:1079E0004C8F4A0064696167536563003130203011
:1079F00032206661696C65642C205365733D256493
:107A00000D0A0D0A0000000031302030332066617D
:107A1000696C65642C205365733D25640D0A0D0A5D
:107A2000000000005333205365727665722054695C
:107A30006D656F75740D0A0D0A00000018B4A44A34
:107A4000014601291AD0117B012907D006D1014630
:107A5000112913D0122911D031290FD051687F2359
:107A60000C682370537D0C6863700B68987003205A
:107A700048600021108A14BCF7F7B9BF0121108AB1
:107A800014BCF7F7B4BF70B50446914D6E68002280
:107A900071683068EFF718FB102C14D0112C1AD035
:107AA000142C20D0192C25D0222C2AD0272C2FD0D2
:107AB000282C50D02E2C32D0312C3ED03E2C35D01C
:107AC000852C41D04EE02B7B3246E9892868BDE801
:107AD0007040FEF7EBBC2B7B3246E9892868BDE895
:107AE0007040FEF769BD2A7B31462868BDE87040CA
:107AF000FEF7ADBD2A7B31462868BDE87040FFF730
:107B0000C1B82A7B31462868BDE87040FFF702BA49
:107B10002A7B31462868BDE87040FFF761BC2A7BAC
:107B200031462868BDE87040FFF7E2BA2A7B31464B
:107B30002868BDE87040FFF78EBC2A7B3146286874
:107B4000BDE87040FFF73CBE2A7B31462868BDE89F
:107B50007040FFF7ACBC2A7B31462868BDE8704016
:107B6000FFF71CBD287B012801D1012000E0112076
:107B7000BDE870406AE070B403460120544A926840
:107B800054681E4600E01034227B2578B54201D0AF
:107B9000002AF8D0002A01D10C6002E00020024641
:107BA0000A6070BC704770474949087D002802D0C0
:107BB0000020087500E070477CB500200090044666
:107BC000434D29684868002802D00968097869751A
:107BD00001D1012425E06946687DFFF7CCFF00282C
:107BE0001ED000988068FEF7FCFB002816D0009895
:107BF000407800280CD02E6830684078000607D501
:107C000000F05CF83068417801F07F01417001E0DC
:107C100000F058F8687DFFF736FF02E07F2400E0AF
:107C20001124002C11D0287B01280BD10020294AD7
:107C300000E0401C0146C9B2042903DC515C8C42BF
:107C4000F7D101242046FFF7F9FE73BD10B50400FB
:107C500019D11F4C00F02FF800280BD1607D40F0A7
:107C600040006168096808700021208ABDE8104062
:107C7000F7F7BDBEE089FFF76EFC0121208ABDE861
:107C80001040F7F7B4BE782801D100F01BF8204669
:107C9000BDE81040D2E6FFF75EBC70B4039D049CC3
:107CA0000B4E3482F381306075603273B160012015
:107CB000307570BC7047084800787047012006494D
:107CC00008707047002004490870704700000000E9
:107CD00024064020C42E40202F244020044A11783E
:107CE000002904D1002802D0506001201070704794
:107CF000D01E4020F0B4024602230024DFF898553D
:107D00002F6802E00323641CE4B2287B84421BDA60
:107D100004EB44008600381D805D0028F3D1B819BB
:107D2000C3888B42EED36B6843F822000068416041
:107D3000012053F822100871002053F822104872D5
:107D400053F82210087203461846F0BC704770B40E
:107D500003460220DFF84025556855F82320002A05
:107D600005D014686668147A361B8E4201D2012051
:107D70000DE01179012905D11071002055F823106B
:107D8000887204E0042901D0022900D1002070BCCF
:107D90007047DFF8041502464B7B9A4201D301205D
:107DA0007047496851F82000002801D10020704731
:107DB0000179062903D105210171022070470229AA
:107DC00003D1032101710220704700207047024651
:107DD0000120DFF8C4144B6853F82210002900D1A9
:107DE000704710B40C79042C06D10020087153F8A8
:107DF0002210887243F8220010BC7047F8B50C4678
:107E00000025DFF898140968096851F820602F46AA
:107E100004E0214601F024FA05437F1C306939460D
:107E2000C9B250F821000028F3D12846C0B2F2BDF3
:107E3000F8B50E460446DFF86454310028D0FFF749
:107E4000A8FF00270FE0DFF85004416851F8240034
:107E500000281BD000220271104651F82420907295
:107E600041F8240012E02868006850F824000069F6
:107E70003946C9B250F8210000282FD08179002955
:107E8000E1D00429DFDA314601F0F8F97F1CEAE796
:107E9000002618E0DFF80004416851F824000028AB
:107EA00010D000220271104651F82420907241F83F
:107EB000240007E081790029ECD00429EADA0021C6
:107EC00001F0DCF9761C2868006850F8240000698D
:107ED0003146C9B250F821000028EBD1F1BD78B489
:107EE00002461446DFF8B4030068006850F82430F6
:107EF000987B002806D00546042D03DA184674BC8A
:107F000001F0C3B9411F042902D30A38062829D237
:107F1000DFF884031146457BA94223D2416851F81A
:107F2000240000281ED00579042D1BD1857A6D1CF4
:107F3000857200252E4607E08079002801D00428AC
:107F400000DB6D1C761CF6B2186950F8260000287C
:107F5000F2D151F82400807AEDB2A84202D3104643
:107F600072BC34E771BC704702460020034605E04E
:107F700089790A39062900D201205B1C010003D14E
:107F800052F823100029F3D1704737E72DE9FE4F4F
:107F90001546002901D10120AFE0ADF804004FF0F3
:107FA00000090646BD4F3868006850F826A04C46C8
:107FB000204600908346884616E00098A04201D3F0
:107FC000002C0DD104460BE08179002908D004294A
:107FD00006DA6A46414601F05FF90100EDD08146BC
:107FE0000BF1010B5FFA8BFBDAF8101051F82B0044
:107FF0000028E9D10846FFF7B7FF002879D0D8F864
:10800000041089B2BDF80400FFF7A1FE8146A24921
:1080100001280DD14A6852F82600002808D0002116
:108020000171084652F82610887242F8260060E076
:10803000484600285DD1D1F804B05BF82600D8F896
:108040000420D8F8001003681B68007A1844EEF783
:10805000E7FF5BF826100A7AD8F804008218D2B23B
:10806000019201983A68126852F82620528890428C
:1080700004DB0879022801D1032008715BF826008F
:108080000079032821D14FF0000818E004205BF8A4
:10809000261008710FE081794A1F042A02D30A3999
:1080A000062908D25BF82610096801F0D9F80028E3
:1080B000ECD04FF0010908F101085FFA88F8DAF80E
:1080C000100050F828000028E5D14846002810D1BB
:1080D00001985BF8261008723868006850F826008E
:1080E0004088002805D05BF82600006844680198A5
:1080F000241A002D00D02C604846BDE8FE8F97E67C
:108100002DE9F84F0546894616464FF000082F46E0
:1081100062480068006850F827A04446A34616E06D
:108120000098A04201D3002C0DD104460BE08179C8
:10813000002908D0042906DA6A46494601F0C4F845
:108140000100EDD080460BF1010B5FFA8BFBDAF8F2
:10815000101051F82B000028E9D10846FFF704FF62
:10816000002811D049462846FFF7C4FD010001D080
:10817000804609E04848406850F82700C088A0427F
:1081800001D3002C00D10446002E00D034604046BC
:10819000BDE8F28F2DE9F0410D0001D1012078E01A
:1081A000DFF8F8C00646DCF80000006850F826E06A
:1081B0007746B87B1C46002808D00146042905DA1A
:1081C00029463846BDE8F04101F072B8411F042944
:1081D00002D30A3806285BD22F48476857F8261082
:1081E000002955D0002A11D0107880465368BEF877
:1081F0000220002A0DD000280BD00020087157F86B
:108200002610887247F82600034602E04FF0000867
:108210004346B8F1010F00D000236A68D21A57F81C
:108220002610002934D0D1F800E0DEF8040098428E
:108230002ED3C88890422BD3DCF80000006850F899
:1082400026004088002808D091F808C091F80980DD
:108250009044C44501D202201BE0DEF800C0002893
:1082600005D04B7A18466044D3184B7201E00CEBF2
:10827000030001462868EEF7D3FE002C06D057F81D
:10828000260001684968407A091A2160002000E050
:108290000120BDE8F0810000ACD34A00D41E40208C
:1082A0001DE60000704700002DE9FE4F52490025F1
:1082B00012EB010A5D4100B950480C9901621AF5B0
:1082C000616245F10003CDE9002306464FF4C8780A
:1082D0004FF0640901E0DDE900A550462946484A0F
:1082E0000023F8F7F1FA044650462946444A002391
:1082F000F8F7EAFA1D00924605D5641E40480021B1
:108300001AEB000A4D41601C072290FBF2F2C2EB0F
:10831000C202801A48BFC01DB061A4F5B77B40F20D
:108320006D1094FBF0F700E07F1E0021384600F04E
:10833000F1FF024640F26D1303FB07229442F3DB88
:1083400002F26D10A04215DA934508BF17F0030F33
:1083500001D07F1CE9E707F26C71642091FBF0F01B
:1083600009FB101030B9434691FBF3F308FB1311DE
:108370000029EED13846A41A7061F46100F0B0FF14
:108380000C2100F1180232F9023D491E9C42FADB31
:1083900031614FF4616230F91110641A5046294678
:1083A0000023641CF8F790FAF460B0602946504648
:1083B0004FF461620023F8F787FA14461D46204601
:1083C00029463C220023F8F77FFA706029462046B0
:1083D0003C220023F8F778FA3260306A002806D58C
:1083E000304600F0E3FF002830623FF774AF3046BC
:1083F00003B0BDE8F08F00BF807EAA83D423402065
:1084000080510100FFE741381A288041C00F7047B2
:10841000A0F10901052901D3202801D101207047CD
:1084200000207047A0F141011A2938BF2030704761
:108430002248704770B45368D41801E05B1C491E91
:10844000042B08DA00291FBF057804F8015B10F837
:10845000016B002EF2D1536070BC704738B50446F2
:10846000084611001D4615D02A46FFF7E3FF69684C
:10847000049B1CB95A6B2846904704E00A469B6B44
:108480002946204698476FF00102811A02D0491E02
:1084900001D001E003E005E00021696032BD6FF02A
:1084A000010032BD4FF0FF3032BD1CB5034C0094CB
:1084B000FFF7D4FF16BD024870470000E4334020A8
:1084C000AC3340202DE9F04F93B08B46002180461D
:1084D000174600911D463846FCF700FE044603A8E7
:1084E0000021C0E90011CDF8188007950DF1200991
:1084F000009D0DF12C0A18E003AB2246394605A871
:10850000FFF7D3FF0646002E1ADD0598BF19A41BFE
:1085100025281BD0B34546D3704239183246404611
:10852000EEF77EFDB044ABEB060B55EA040046D0F7
:10853000002CE1D16D1E5AF8257059F82540DBE773
:108540003878461EB641F643F60FDEE7002CE1D040
:108550003878452802D117F8016B02E04F28FAD08D
:1085600000260EA802A9019000913B781C9907985B
:10857000324601F06DF806B1641E02997F1C641E3C
:10858000002904DC8CB907460C466442CDE78B45D4
:1085900009D30A4601464046EEF742FD0298804460
:1085A000ABEB000BC1E7002012E0032DEBD24AF841
:1085B000257049F825400746029C6D1CE5E7BBF194
:1085C000000F05D0002288F800200699A8EB0100D2
:1085D00013B0BDE8F08F0000F0B540F2FF7581EAFE
:1085E000030C0CF0004C15EA11541DBF15EA13578B
:1085F000AC42AF42E5E0BC41C1F31301C3F3130346
:10860000801A994143F4801304D2641E0018494132
:1086100080185941C90241EA5051B1FBF3F603FBFE
:108620001611A2FB0675D7EBC020A94102D2761E17
:1086300080185941C90241EA5051B1FBF3FE03FBD6
:108640001E11A2FB0E75D7EBC020A94103D2AEF1DB
:10865000010E80185941890241EA9051760546EA97
:108660008E2EB1FBF3F603FB1611A2FB0675D7EBBA
:108670008020A94102D2761E80185941C90241EAE0
:1086800050514EEA060EB1FBF3F603FB1611A2FBA6
:108690000675D7EBC020A94102D2761E8018594139
:1086A000C90241EA5051B1FBF3F703FB1711A2FBDA
:1086B0000735D3EBC020A94167F100070CBF00428A
:1086C00047F0010766F3D5274FEA1E31B80814F5C5
:1086D000806412DDBD0775F1004250EB0E5051EB86
:1086E000045111F5801F5CBF41EA0C01F0BD4CF054
:1086F0007F6141F0E0410020F0BDBD076D0840EA18
:108700000E5041F48011D4F10104B4F120060ADACC
:10871000C4F120060200E04001FA06F3E1401843EC
:10872000B24015430EE0342C13DCC6F1200445EAB8
:1087300040056D0820FA06F2154321FA06F0A14023
:108740000D43002175F1004250F1000051EB0C0186
:10875000F0BD00205FEA0C01F0BDCFB992185B417B
:10876000B3FA83F704BFB2FA82F6BF190B3FB7F131
:1087700020062FBF02FA06F3BB40C7F1200622FAFB
:1087800006F638BF3343BA401CB1E419641E33E720
:108790007F4231F00041B1FA81F404BFB0FA80F6B3
:1087A000A4190B3CB4F120062FBF00FA06F1A1403A
:1087B000C4F1200620FA06F638BF3143A0403C1B26
:1087C0001AE7AC421ABF05EA1357AF4212E050EA6B
:1087D00041061CBF52EA4306BFE750EA4107304654
:1087E00061461CBF41EA0551F0BD52EA430C08BF87
:1087F000C143F0BD00204FF4001616EB410F98BFA7
:1088000016EB430F08BF16EB410F24BFC14305E031
:1088100016EB430F0CBF61464CEA0551F0BD00005A
:108820002DE9F84304460D4616461F46DDF8208024
:108830002548214600EB0109002201214846EEF7B8
:1088400043FC294620460DF079FB20460DF055FFEC
:108850000122494620460DF0D7FC30460DF055FA6E
:10886000394630460DF050FA0022414630460DF0B0
:1088700048FA3046BDE8F2430DF044BA80B5002115
:10888000124A030042F8231002D0012809D001BD8A
:108890000F48009003238D220E490020FFF7C0FFF0
:1088A00001BD0D48009007238E220C490120FFF7DF
:1088B000B7FF01BD0549024651F82210002901D039
:1088C0000DF0B2BB704700000C5200201041402058
:1088D00001864A00C8E24A0007864A00E4E24A00EC
:1088E00010B500240DF0FEFB002800D10124204625
:1088F00010BD38B50C46002529460DF04CFC00286B
:1089000001D0032801D1012100E02946002900D02F
:1089100001252070284632BDC9B202788A421AB1B8
:108920001CBF10F8012FF9E718BF002070470000A6
:1089300080B500B906A005490B681BB122220021B1
:10894000984701E001F04FF9222002BD00244020A9
:10895000636F6E73747261696E742068616E646CAB
:1089600065723A20626164206D65737361676500AA
:10897000C9B2830706D0521E22D310F8013B994298
:10898000F7D11FE0083A13D302F1040241EA0121B2
:1089900041EA014150F8043B121F21BF4B40A3F1B3
:1089A000013C2CEA030C1CF0803FF3D0C9B2001F3D
:1089B000083210F8013B521E28BF91EA030FF8D885
:1089C00018BF0120401E704710B5144600F002F891
:1089D000226010BDC1F30A5343B14A0012F5001FD3
:1089E00028D2A3F2FE32A1EB0251704750EA410CAB
:1089F00020D001F0004C31EA0C01B1FA81F204BF41
:108A0000B0FA80F3D2180B3AB2F120032CBF00FA6F
:108A100003F1914041EA0C013EBFC2F1200C20FA63
:108A20000CF319439040524240F2FD33D21A01EB4D
:108A3000035170470022704741EA030C50EA4C0C86
:108A400052EA0C0C4FF4001C09D307D01CEB410F69
:108A50009CBF1CEB430F8B4208BF824270471CEB4C
:108A6000430FFBD8994208BF9042704741EA030C7C
:108A700050EA4C0C52EA0C0C4FF4001C09D307D0FE
:108A80001CEB410F9CBF1CEB430F994208BF904267
:108A900070471CEB410FFBD88B4208BF82427047E6
:108AA000124254D440F2FF7C1CEA11530FD06345AC
:108AB00031D09B1863453CBF01EB0251704701F078
:108AC000004141EA0C510020AFF30080704750EAAA
:108AD000410320D001F0004C91EA0C011CD0B1FA06
:108AE00081F30B3B9A420DD9D21A994051EA0C01FD
:108AF000C3F1200C20FA0CFC61449840531C40F256
:108B0000FF7CD7E7914041EA0C01C2F1200C20FA2A
:108B10000CF3194390407047B0FA80F31533202BC3
:108B2000E0D3202AEED3203A203B9A4209D9D21A28
:108B300000FA03F141EA0C010020531C40F2FF7CD3
:108B4000B8E700FA02F141EA0C01002070475242F6
:108B500040F2FF7C1CEA11530DD06345DBD0B2EB31
:108B6000030C3CBFA1EB025170470CF1010221EA5A
:108B7000035141F4801150EA410CCCD001F0004C7B
:108B8000352A27DC30B481EA0C01B2F1200309DA7E
:108B9000C2F12003044601FA03F5D0402843D14036
:108BA0009C400CE0C3F12002450020FA03F418BFFA
:108BB00044F0010421FA03F091400C43002174F1C8
:108BC000004550F1000051EB0C01244230BC7FF411
:108BD0007BAF70476146002076E7000080B5EDF777
:108BE000BCFF002801D1EDF7B3FFEDF7C6FF002869
:108BF00001D1EDF7BDFF0020EBF7B8FD002802D151
:108C00000020EBF7AAFD0020EBF7B7FD002804D108
:108C10000020BDE80240EBF76DBD01BD7CB5054607
:108C20000E461446EDF7A9FF012814D1F7F702FB11
:108C3000002810D12B46042B0DDA30000BD004286D
:108C400009DA00BF0FF29C22A4A10220E9F79AFFE3
:108C50002220207073BD002020702846032800F2D7
:108C60002E81DFE810F004004D009600DD00304654
:108C700001280ED1EDF771FF002801D1EDF768FF53
:108C8000EDF77BFF002840F02381BDE87340EDF74E
:108C90006FBF022812D10020EBF768FD002802D137
:108CA0000020EBF75AFD0020EBF767FD002840F0AD
:108CB0000F810020BDE87640EBF71CBD032E40F08D
:108CC000F480EDF74AFF002801D1EDF741FFEDF701
:108CD00054FF002801D1EDF74BFF0020EBF746FDD4
:108CE000002802D10020EBF738FD0020EBF745FD0E
:108CF000002840F0ED800020BDE87640EBF7FABC9C
:108D0000304601280ED1EDF728FF012801D1EDF7FB
:108D10001BFFEDF732FF002840F0DA80BDE873401A
:108D2000EDF726BF022812D10020EBF71FFD012826
:108D300002D10020EBF708FD0020EBF71EFD002814
:108D400040F0C6800020BDE87640EBF7D3BC032E90
:108D500040F0AB80EDF701FF012801D1EDF7F4FE03
:108D6000EDF70BFF002801D1EDF702FF0020EBF734
:108D7000FDFC012802D10020EBF7E6FC0020EBF718
:108D8000FCFC002840F0A4800020BDE87640EBF712
:108D9000B1BC304601280ED1EDF7EFFE012801D11C
:108DA000EDF7E2FEEDF7D9FE002840F09180BDE836
:108DB0007340EDF7CDBE022812D10020EBF7DDFCA9
:108DC000012802D10020EBF781FC0020EBF7CEFC5C
:108DD000002840F07D800020BDE87640EBF7BDBC68
:108DE000032E62D1EDF7C9FE012801D1EDF7BCFEDB
:108DF000EDF7B3FE002801D1EDF7AAFE0020EBF756
:108E0000BCFC012802D10020EBF760FC0020EBF74E
:108E1000ADFC00285CD10020BDE87640EBF79DBC9E
:108E2000304601280DD1EDF7A8FE012801D1EDF75C
:108E30009BFEEDF792FE01284AD1BDE87340EDF7A5
:108E400083BE022811D10020EBF797FC012802D144
:108E50000020EBF73BFC0020EBF788FC012837D122
:108E60000020BDE87640EBF76FBC032E1DD1EDF777
:108E700084FE012801D1EDF777FEEDF76EFE0128A3
:108E800001D1EDF761FE0020EBF777FC012802D15C
:108E90000020EBF71BFC0020EBF768FC012817D142
:108EA0000020BDE87640EBF74FBC2B46DFF82420CE
:108EB0000AA10220E9F766FE3120207073BD0095FB
:108EC0002B46054A05A10220E9F75CFE122020701E
:108ED00073BD0000048F4A00288F4A0061707044FF
:108EE000636D000032382025303278206661696C6D
:108EF00065642C20537065656420496E56616C6909
:108F0000640D0A0080B5002013490876F7F792F93E
:108F1000002807D1DFF8442011A10220E9F732FE32
:108F2000012002BDF7F709FFEEF709F8EBF757F854
:108F3000EBF769F9002002BD80B5074901224A76A6
:108F400000220A76F7F754FC0FF21C0204A1042059
:108F5000BDE80840E9F716BE440040207C8F4A0077
:108F600044636D5265737400446961676E6F737416
:108F700069632072657175657374207265736574B9
:108F80000D0A0000F0B40246002003460446AC4E31
:108F9000944600E0641C2546EDB2012D0EDC16F867
:108FA00025706745F6D10123042906DA06EB850210
:108FB000515C012902D07E2000E02220002B00D14C
:108FC0001220F0BC7047000030B40A46D2B20C4602
:108FD000240AE4B242EA04220C46240CE4B242EA37
:108FE00004420C46240E42EA04620446E41304F0F0
:108FF00002040546AD1305F001052C43032C11D8DE
:10900000DFE804F00206090E134603F0FF0309E04F
:10901000C2F3072306E013461B0C03F0FF0301E035
:1090200013461B0EC0F3C7025340C0F3C75282F071
:10903000A5021340C0F3873282F05A02D3180022EF
:109040000AE00C46240E84EA517484EA513484EA1E
:10905000D10464084941521C9A42F2D3820706D5D2
:109060000A0642EA1142090201F47F011143484015
:1090700030BC704770B58AB005460C4600263246B3
:1090800008216846E8F706FD04F07F4104F47F00FC
:10909000411804F47F40411804F0FF04641805E00F
:1090A0006000002C044600D56C40761C282EF7DBAF
:1090B0002046000E029002A8C4F307414160C4F3A9
:1090C0000721816004F0FF04C460042032E08B5C5F
:1090D00054426D462544ED798D542144CB71521C88
:1090E0006946042AF3DB9DF800204B789B0103EBD3
:1090F000C2138A7803EB4213CA7803EB02130A798E
:1091000003EBC2034A7903EB82038A7903EB420340
:10911000C9795A184B4989180A46D21001EB1272C4
:1091200022F00F02891A114306AA434202EB83027E
:109130001161401E002814DD802200216C460CE0E5
:10914000312307E002AB03EB800353F8043C1342E6
:10915000F6D1302363545210491C0829F2DB002257
:10916000BEE706A9C8688A6840EA0220496840EA62
:109170000140069940EA01600AB070BD0B461146F5
:109180000128184600D11FE774E72DE9FC410C4681
:10919000154600200090EDF7D2FEEAF720FF684662
:1091A000EAF719FFEDF7CBFE06460120F7F71EFDA3
:1091B00030180099081800F05CFD0026224F0BE0E3
:1091C00000F014FDFF2190FBF1F1C1EB0121401AE9
:1091D000391D01F80800761CB0465FFA88F8B8F12E
:1091E000040FEDDB0422391D2046EDF719FF0422A0
:1091F000391D3846EDF724FF00202870BDE8F681C0
:1092000010B50A784B781B0443EA02638A7843EA74
:109210000223CC781C430C490B784A78120442EAAA
:1092200003628B7842EA0322C9780A430749FFF7B1
:10923000A5FF844201D0012010BD002010BD000018
:109240009C2C402030D0FFFF6C00402008180020EC
:109250009BE701460120D3E797E701460220CFE7CD
:10926000024601209379052B02D00A2B03D07047C8
:109270005088F4F7D2BC5088EDF7ADB98279022A54
:1092800002D14088F7F73FBD7047827B022A02D1A6
:109290008089F7F74EBD704718B4034601209C79CA
:1092A000022C03D1588818BCF7F72BBD12BC7047AD
:1092B00030B404460120A57B022D03D1A08930BC27
:1092C000F7F739BD30BC704718B4034601209C79CC
:1092D000022C03D1588818BCF7F711BD12BC704797
:1092E00010F0030F11D100F26C70642190FBF1F1CA
:1092F000642202FB110159B94FF4C87390FBF3F3D8
:109300004FF4C87101FB130010B100BF21A07047DA
:109310001AA0704770B4002859BF451E05F5967411
:109320000546A5F1640410F0030F13D100F26C7030
:10933000642290FBF2F2642303FB120242B94FF461
:10934000C87690FBF6F64FF4C87202FB160008B917
:109350000AA300E00FA36A10642005EB927695FB48
:10936000F0F04FF4C872C0EBA60094FBF2F233F9B0
:10937000111070BC101808187047000000001F0082
:109380003C005B0079009800B600D500F4001201A3
:1093900031014F0100001F003B005A007800970088
:1093A000B500D400F300110130014E014FF0FF3041
:1093B000704700002DE9F041074606984F280C46FB
:1093C00015461E46B84607D10798806C324600F015
:1093D0005DFC316800291BDC002C356005D5681C5C
:1093E00030602D2107F8011B6442781900226D1EA0
:1093F00002700CD40A2194FBF1F101EB8103A4EB80
:109400004304303400F8014D6D1E0C46F2D5404641
:10941000BDE8F08110F0030F0ED1642190FBF1F153
:10942000642202FB110181B9002807DD4FF4C871E5
:1094300090FBF1F0642808D000207047FCD5374934
:1094400090FBF1F0B0F5967FF6D101207047C91D71
:10945000081AD21D121A072190FBF1F0C0EBC000D0
:10946000821892FBF1F0704770B48B1DD41DE41A82
:10947000072593FBF5F3C3EBC3031C19072610F074
:10948000030F94FBF6F30ED1642490FBF4F46425EF
:1094900005FB140454BB002821DD4FF4C87490FB75
:1094A000F4F0642822D00020141A40F27315AA1A8E
:1094B0008918072291FBF2F2C2EBC202891A401806
:1094C00000F26D10072590FBF5F5C5EBC505401BB7
:1094D00040F26B1294420BDD02280CD111E0E2D570
:1094E0000E4C90FBF4F0B0F5967FDCD10120DBE769
:1094F000B4F5B57F02DD032801D102E004DB0428C6
:1095000002D14FF0FF3305E002291CBF03290429D3
:1095100000D15B1C70BC18467047000070FEFFFF56
:1095200010B50446FFF7A0FF002801D1601E10BD52
:1095300001DD204610BD601C10BD38B504460D4647
:109540000A226946284600F007FC00998D4226D081
:1095500009782F2923D16169A0F26C728A4218BF61
:1095600001F26C7120D10098451C0A2269462846F8
:1095700000F0F2FB00998D4211D009782F290ED10D
:109580002169421E8A4218BF491C0DD100980A2247
:109590006946401C00F0E0FB00998D4201D1022099
:1095A00032BDE168884206D0814202DA4FF0FF30D6
:1095B00032BD012032BD002032BDF8B505460E4651
:1095C000002717E010F1010F18BF002811D16A46DB
:1095D0000221601C00F05AFB22780178914224D0CD
:1095E00001462846FFF7A9FF21782D2921D02B29F4
:1095F00023D07F1C706C6A46394600F047FB044656
:10960000207808B36A460121601C00F03FFB014648
:109610002846FFF792FF21782D29D3D02B29E8D1B6
:10962000002818BF0128D2D0E3E741782A29D7D1F2
:1096300008E038B10128DCD104E010F1010F18BFB7
:109640000028D6D12046F2BD0FF25C50F2BD0000DA
:109650002DE9FE4F8046A3F125000C9C0D9F552857
:109660000D46164600F29382DFE810F08C0291025C
:109670009102910291029102910291029102910252
:109680009102910291029102910291029102910242
:109690009102910291029102910291029102910232
:1096A000910291025C00630076009E009102B4007A
:1096B000D300EC00F6009102910291021F01910289
:1096C000910291029102410146015301640174012A
:1096D000A901C5012702790291029102910291022A
:1096E000910291025600E6006A009400A3009102E4
:1096F000B900E600910209019102910214012901C9
:1097000091022C0191023501910250015801910200
:109710009F01B901D1015002D8F81810A86822465B
:10972000490026E2D8F81810E86849002246491C8A
:109730001FE2D8F81010A86949002246491C18E217
:10974000452E0CBF686B286A2246002100F09EFA65
:1097500081462068404218E2452E0DD14046FFF771
:109760002CFF22460321401C00F090FA814699F814
:109770000000002840F01382019500966421D8F87B
:10978000140090FBF1F12346022213313846FFF713
:1097900011FEF0E1019500962346D8F80C10022244
:1097A0003846FFF707FEE6E10FF200496FF00700C9
:1097B000EBE1019500962346D8F80C1002223846BA
:1097C000FFF7F8FD81463878302840F0E881202105
:1097D0003970E4E10FF2E0396FF00700D5E1D8F815
:1097E0001C20D8F81810D8F81400FFF799FE64224E
:1097F00090FBF2F2642101FB1200002848BF6430A4
:10980000014601950096234602223846FFF7D2FD15
:10981000B1E1D8F81C20D8F81810D8F81400FFF7D8
:109820007FFE00F26C7001460195009623460422EB
:109830003846FFF7BFFD9EE1D8F810106869224650
:10984000490096E1019500962346D8F808100222B7
:109850003846FFF7AFFD8EE1D8F808100B310C2029
:10986000234691FBF0F000EB4004A1EB840101954D
:1098700000960222491C3846FFF79CFD7BE10195CA
:1098800000962346D8F81C100322491C3846FFF7DF
:1098900091FD70E1019500962346D8F81010022240
:1098A000491C3846FFF786FD65E101950096234681
:1098B000D8F8041002223846FFF77CFD5BE10FF276
:1098C000043961E1D8F808100C29ACBF012100214E
:1098D000286822464DE1452E0CBF286CE86A2246D6
:1098E000032100F0D3F98146206840424DE10FF298
:1098F000D8296FF0040151E1019500962346D8F86C
:10990000001002223846FFF755FD34E10FF2C0295E
:109910003AE10FF2C0296FF007013FE1D8F81810C3
:1099200001B9072101950096234601223846FFF729
:1099300041FD20E1D8F81C20D8F818100020FFF7CE
:1099400086FD014601950096234602223846FFF720
:1099500031FD10E1D8F81C90D8F818A0D8F8148080
:109960004A4651464046FFF77FFD90B9A8F10108ED
:109970004046FFF74FFD002814BF4FF4B77240F286
:109980006D120AF10700A0EB09014046FFF76CFDDC
:1099900002E00128B8BF0120014601950096234648
:1099A00002223846FFF706FDE5E0019500962346C2
:1099B000D8F8181001223846FFF7FCFCDBE0D8F895
:1099C0001C20D8F818100120FFF741FD0146019531
:1099D0000096234602223846FFF7ECFCCBE0452EEA
:1099E0000CBFA86B686A2246012100F04FF981463E
:1099F00020684042C9E0452E0CBFE86BA86A2246A9
:109A0000022100F043F9814620684042BDE0D8F8C9
:109A10001400642190FBF1F14FF0640A0AFB110A73
:109A20004FF00209BAF1000F48BF0AF1640A452E4F
:109A30003AD129464046FFF7C0FD83469BF8020015
:109A400090B3224601210BF1010000F01FF90A2218
:109A5000002100F081F9D8F8148008F26C78A8EBA6
:109A600000089BF800002D2808BFC8F100080A2252
:109A700069460BF1020000F06FF9804400990BF188
:109A80000200884210D009789BF8012091420BD146
:109A9000C2464FF001090A2001E009F1010998FBD3
:109AA000F0F8B8F1000FF8DC0195009623464A461D
:109AB00051463846FFF77EFC5DE0452E0FD140460B
:109AC000FFF77BFD22460421401C00F0DFF88146B1
:109AD00099F800103B291CBF206800280BD1019584
:109AE00000962346D8F81410042201F26C7138460F
:109AF000FFF760FC3FE03B214846FEF70DFF10B149
:109B0000A0EB09002060206840423EE000F026F90A
:109B100098B32246022100F0B9F881462068002857
:109B2000C4BFD8F82000002839DD0A2200214846A9
:109B300000F012F9643002D42B21397002E02D229A
:109B40003A70404201460195009623460422781C53
:109B5000FFF730FCA0F101092068401C15E000F07F
:109B6000FDF850B1D8F820100029CCBF0121002108
:109B7000224600F08BF8814611E0002020600FF2B1
:109B800060090CE00FF25C090120206007E025214C
:109B9000397000207B70B870B946022121604846B8
:109BA00003B0BDE8F08F00002B3A0000256D2F2593
:109BB000642F25790000000025592D256D2D256481
:109BC000000000000A00000025483A254D00000072
:109BD0000900000025483A254D3A255300000000B1
:109BE000000000002500012000F0BAB8F0B52349BC
:109BF000234AD1F8807053681078224D224E6FF0BE
:109C0000004418BB082006FB03532746B3FBF7F7B5
:109C1000401E04FB1733F6D10F46102006FB0353FA
:109C2000A446B3FBFCFC04FB1C333B60A64657F880
:109C3000043B06FB0353B3FBFEFE04FB1E33401E36
:109C400047F8043BEAD1CF6F0120107006FB0353A5
:109C5000254607F01F07B3FBF5F551F8270004FB75
:109C6000153341F82730C1F88000536020F04040A0
:109C7000F0BD034900220A7048607047502340201D
:109C8000A43340205FF36E3C0D661900F8B504461E
:109C90000D462078164600280CBF002714F8017BDB
:109CA00003E0017881B16D1E441C39462046FEF761
:109CB00033FE18B92046FBF711FA2044002DF0DCE2
:109CC000001B30602046F2BD3160F2BD2DE9F84343
:109CD00081460D0090461C4608BF6D464F4600E089
:109CE0007F1C387800F046F80028F9D13E782D2EF8
:109CF00018BF2B2E05D117F8010F00F03BF808B163
:109D000009E02B26234642462946384600F03CF817
:109D100029688F4204D1C5F800900020BDE8F28385
:109D20002B2E04D1B0F1004F06D2BDE8F2832D2EC8
:109D3000FBD1B0F1004F0CD9AFF300800CB1012082
:109D400020602D2E14BF6FF000404FF00040BDE8A2
:109D5000F2834042BDE8F2830023B7E7002070475A
:109D600080B500F0B3F8024A11001820ABBEFBE743
:109D70002600020010B50446FEF75AFB01462046B5
:109D8000096ABDE8104008472DE9F84F84B00E4637
:109D900017460BB100221A600446A04601E008F104
:109DA000010898F80000FFF7E5FF0028F7D198F8C0
:109DB00000002D2816BF2B2818F8015B2B25002F3B
:109DC000019603D4012F01D0252F03DB002E56D09E
:109DD000346054E0002F0CDD102F04BF98F8000011
:109DE000302802BF98F8010040F02000782811D1F7
:109DF0000CE098F80000302818BF0A270AD198F81C
:109E0000010040F02000782803D1102708F1020853
:109E100000E00827CDF80C8001E008F1010898F86F
:109E200000003028F9D0064E7E4414364FF0000969
:109E300006F12800CDF80880CA468DF800000CE035
:109E40007437010001469DF80000081ACA465FFAFF
:109E500080FB07FB09B908F1010898F8000000F041
:109E60004BF801463A4606F12800FEF781FD00282E
:109E7000E8D10399414504D1019800B10460002064
:109E800020E00299F05DA8EB0101091A002910D425
:109E900006DCB9EB0B0103D3B1FBF7F0504508D05A
:109EA000AFF30080049808B1012101604FF0FF3941
:109EB00003E02D2D08BFC9F10009019808B1C0F8D1
:109EC0000080484605B0BDE8F08F000010B500F0F6
:109ED0001DF8020000230024E4431068A04203D0D0
:109EE00011000220ABBE13605068A04203D0111DC8
:109EF0000220ABBE536010BD10B50446FEF798FAC1
:109F000001462046896ABDE810400847004870476E
:109F10002C344020394901224A670A2800D9704769
:109F200080B5DFE800F0060E1C242C343C44684C5D
:109F30005A0000204867F9F7ABF8BDE80140F8F790
:109F4000E4BDF9F7A5F8F8F7E0FDF9F769F800BF07
:109F50002BA229A11020BDE80840E8F713BEF9F7AD
:109F600097F8F8F7D2FDBDE80140F8F77ABDF9F7A8
:109F70008FF8F8F7CAFDBDE80140F9F76DB8F9F7B9
:109F800087F8F8F7C2FDBDE80140F8F7A2BDF9F780
:109F90007FF8F8F7BAFDBDE80140F9F725B8F9F701
:109FA00077F8F8F7B2FDBDE80140F8F776BDF9F7AC
:109FB0006FF8F8F7AAFDBDE80140FAF72CBEF9F7F3
:109FC00067F8F8F7A2FDFAF7C7FD00BF11A20AA1D2
:109FD0001020BDE80840E8F7D5BDF9F759F8F8F7C3
:109FE00094FDFAF766FD00BF12A203A11020BDE8A0
:109FF0000840E8F7C7BD01BD54500000E41600203A
:10A000005245445F53435245454E20544553540DE9
:10A010000A00000073686F775F51353033785F4F07
:10A0200053445F43656D6172614572725F70616731
:10A03000650D0A0073686F775F51353033785F4F75
:10A0400053445F4F76657254656D705F7061673120
:10A05000650D0A00002101700846704780B5E9F7D8
:10A0600054FF002002BD10B50446F4F7C9FA0028D9
:10A070000AD1DFF858240FF2C4410420E8F782FD2A
:10A0800031202070012010BD0020207010BD10B5BF
:10A090001446E9F730FF012802D10020207001E0CA
:10A0A00072202070002010BD00210170084670470A
:10A0B00080B501460F22A5A0F3F741FB002002BDA9
:10A0C000002101700846704780B501460F220FF24B
:10A0D0007440F3F734FB002002BD002101700846F4
:10A0E000704710B5044600202070F0F76DF86070DE
:10A0F000002010BD0021017008467047DFF8D01322
:10A100004A78027009784170002070470021017080
:10A110000846704780B5E9F707FF002002BD10B57B
:10A120000446F4F76DFA00280AD131202070DFF8D8
:10A13000A4230FF208410420E8F724FD012010BDFC
:10A140000020207010BD10B51446E9F7E3FE012889
:10A1500002D10020207001E072202070002010BD8C
:10A16000002101700846704780B5E9F7EBFE00203A
:10A1700002BD002101700846704710B51446E9F78A
:10A18000D8FE012802D10020207001E0722020704A
:10A19000002010BD002101700846704780B5E9F726
:10A1A000DEFE002002BD10B50446F4F729FA0028AF
:10A1B00009D131202070C84A0FF280310420E8F71D
:10A1C000E1FC012010BD0020207010BD10B5144628
:10A1D0004178002906D00D2904DA8178002901D0C0
:10A1E000202903DB31202070002010BDE9F7AEFEEE
:10A1F000012802D10020207001E072202070002090
:10A2000010BD002101700846704780B5E9F7B4FE23
:10A21000002002BD002101700846704710B51446A9
:10A220004178002906D00D2904DA8178002901D06F
:10A23000202903DB31202070002010BDE9F793FEB8
:10A24000012802D10020207001E07220207000203F
:10A2500010BD0021017008467047A0494A7802707D
:10A26000097841700020704700210170084670474E
:10A2700080B5E9F733FE002002BD002101700846D9
:10A28000704710B51446E9F71FFE012802D10020DF
:10A29000207001E072202070002010BD00210170AC
:10A2A0000846704710B50446E9F71DFE014609123D
:10A2B00021706070002010BD0021017008467047B9
:10A2C00010B50446E9F713FE0146091221706070CB
:10A2D000002010BD002101700846704780494A786F
:10A2E0000270097841700020704700210170084613
:10A2F00070477C4909780170002070470021017087
:10A30000084670470321017077490A7842704A78FD
:10A3100082708A78C270CA7802710A79427149796A
:10A3200081710021C17171490A7802724A784272C2
:10A330008A788272CA78C2720979017300214173E6
:10A340008173C173017408467047000038444A00A5
:10A3500000210170084670470C21017000214170F6
:10A36000817008467047002101700846704780B52B
:10A37000E9F70FFE002002BD00210170084670477A
:10A3800010B51446E9F7FCFD012802D10020207029
:10A3900001E072202070002010BD002101700846ED
:10A3A000704780B5E9F702FE002002BD0021017070
:10A3B0000846704770B515468478A4090CD0032C64
:10A3C0000AD02346DFF828215CA10420E8F7DAFB55
:10A3D00031202870002070BD58A6E9F7DEFD012865
:10A3E000234607D159A231460820E8F7CBFB0020CD
:10A3F000287006E05DA231460220E8F7C3FB722018
:10A400002870002070BD002101700846704738B5E3
:10A410000446384D2346022228880021F3F76EF9BE
:10A42000A878A070002032BD002101700846704756
:10A4300010B50446F0F7ACFB1E380146090A21703E
:10A440006070002010BD0021017008467047002197
:10A45000017028490A790270097B42EA8102027080
:10A4600000207047002101700846704780B5034600
:10A470000322204840690021F3F740F9002002BD83
:10A48000002101700846704738B504461A4D23462E
:10A490000622D5E90201F3F731F90020A0716878AE
:10A4A000A071297840EA8100A071A97840EA0110E2
:10A4B000A071002032BD00210170084670470D498F
:10A4C00091F898100170002070470000A88F4A0092
:10A4D000FABF4B00D88F4A0008904A00FABF4400E8
:10A4E000F8BF4B00FA7F4100A40140202401402026
:10A4F00038904A00D00B0020F00B002000210170A2
:10A50000084670471CB5044601208DF800006846D7
:10A51000F5F7E9F99DF800002070002016BD002134
:10A52000017008467047000080B501465FF01002D8
:10A5300015A0F3F704F9002002BD0000525744694A
:10A5400064000000534D49524D0000004631423135
:10A55000202D3E203078253032582C2073756363CF
:10A5600065737366756C0D0A000000004631423158
:10A57000202D3E203078253032582C206661696CC1
:10A580007572650D0A00000056312E38382E3335AD
:10A590003100000070B4024601200023164601E09D
:10A5A0005B1CDBB2242B0FDA084CC3EB43152C44A5
:10A5B0002588B542F4D1A07A0870E07D4870A07D6E
:10A5C0008870607DC870002070BC70470C4200200D
:10A5D00038B50C46234D2346022228880021F3F784
:10A5E0008DF8A878A070002032BD10B50C46F0F7A9
:10A5F000CFFA1E380146090A21706070002010BD94
:10A6000000200870174802790A70007B42EA800235
:10A610000A700020704780B50B460322114840693C
:10A620000021F3F76BF8002002BD38B50C460E4D43
:10A6300023460622D5E90201F3F760F80020A07155
:10A640006878A071297840EA8100A071A97840EA71
:10A650000110A071002032BD024890F898000870E7
:10A6600000207047D00B0020F00B002001B49DF8B3
:10A670000000002801D100BEFDE701B070470000D6
:10A6800038B501240A462E4B9D5C012D06D00423CB
:10A6900000221146FF2000F0F7FD1DE0002806D043
:10A6A000062300221146FF2000F0EEFD14E02548AD
:10A6B00050F82200002802D00578A94206D00F23C6
:10A6C00000221146FF2000F0DFFD05E01E4941F8A1
:10A6D0002200002402209854204632BD70B5144652
:10A6E0001A4601252346164EF65C022E05D02B464F
:10A6F0000021FF2000F0C8FD20E00646022E05D311
:10A7000002230021FF2000F0BFFD17E0002905D142
:10A7100003230021FF2000F0B7FD0FE00A4951F8A4
:10A720002310896801EBC0004078844205D00F23D4
:10A730000021FF2000F0A8FD00E00025284670BDA4
:10A7400008404020A8DB4A004040402001B49DF86A
:10A750000000002801D100BEFDE701B070470000F5
:10A7600001B49DF80000002801D100BEFDE701B052
:10A770007047000001B49DF80000002801D100BE20
:10A78000FDE701B07047000001B49DF8000000280B
:10A7900001D100BEFDE701B07047000001B49DF893
:10A7A0000000002801D100BEFDE701B070470000A5
:10A7B00001B49DF80000002801D100BEFDE701B002
:10A7C000704700000C4A138840F2FF110B431380BE
:10A7D000918853885B1A5B1EDB0500D1704710B46B
:10A7E000C1F308035C1C64F308019180D1188871DF
:10A7F00010BC7047704700001052002001B49DF853
:10A800000000002801D100BEFDE701B07047000044
:10A8100001B49DF80000002801D100BEFDE701B0A1
:10A82000704780B50B200CF0EDF91C4908601C48FE
:10A83000002101606FF07F414160002181600521AE
:10A84000016001BD1748006820F07F407047014655
:10A85000154A536823F07F430868984203D2126870
:10A86000D21A801800E0C01A0B60704738B50B4947
:10A870000968A1FB00010D4A0023F6F747F80446DA
:10A880000D46002001218D4203D801D3844200D21D
:10A890000846FFF7BDFF204632BD0000CC1E402019
:10A8A00010E000E018E000E014E000E040420F009B
:10A8B00001B49DF80000002801D100BEFDE701B001
:10A8C0007047000001B49DF80000002801D100BECF
:10A8D000FDE701B0704700004EF68851CEF200014E
:10A8E000086840F470000860BFF34F8FBFF36F8FAC
:10A8F0004FF00170E1EE100A7047024600204B68ED
:10A900001146012902D1197A002904D0110004D17D
:10A91000197A012901D1012070475978891F25D062
:10A92000491E1FD01139012920D9891E012919D9A1
:10A93000891E01291AD9891E012913D9891E0129C5
:10A9400014D9891E01290DD936390FD0891E09D095
:10A95000891E01290AD9891E012903D9891E05D01A
:10A96000891E06D1022A04D001207047022A00D194
:10A970000120704710B5044610460A46014620469D
:10A98000ECF7A2FB204610BD0A780260087800E0D0
:10A990000078401E8041C043C00F704702460B46FE
:10A9A00000217B2000F070BC02460B4600217B207A
:10A9B00000F07BBC0B461146012202704270184623
:10A9C000ECE710B50124DFF8B428515C002907D169
:10A9D000010001D100240BE00A21FFF7DFFF07E0AF
:10A9E000002804D10D210020FFF7D8FF00E000244B
:10A9F000204610BD10B50024002804D001241421E5
:10AA00000020FFF7CBFF204610BD10B50024002921
:10AA100003D101241421FFF7C1FF204610BD0229F4
:10AA200009D1DFF85C1801EB02118968002902D115
:10AA300019220221BEE7704718B40C46A41E012C4F
:10AA400012D8DFF83C4804EB8303DB6A5C68DB6800
:10AA500033F8122002EB420304EB0312D279002AEE
:10AA600002D0172218BCA5E711BC704730B4DFF83C
:10AA7000104804EB8303DB6ADD6835F812205B685D
:10AA800002EB420503EB0512937802290DD15179AF
:10AA900000290AD1C3EBC30104EB4101098A06294D
:10AAA00003D32022022130BC84E730BC7047F8B5C4
:10AAB00004460F4615461E460020ADF800003846F5
:10AAC000C00703D521466846FFF7A9FFB80709D597
:10AAD0009DF80000002805D133462A4621466846E5
:10AAE000FFF7AAFF780709D59DF80000002805D1D7
:10AAF00033462A4621466846FFF7B8FF9DF8010015
:10AB0000F2BD002808D1DFF87407012902D1002125
:10AB10008154704702218154704710B502460B469C
:10AB20000020DFF85C17C2EBC20401EB4401098A84
:10AB3000002904D00B211846FFF736FF012010BD75
:10AB400010B50124DFF838270001105C0A0001D19C
:10AB5000002805D1012908D1002806D0032804D0F7
:10AB60000B210220FFF720FF00E00024204610BD4B
:10AB7000F8B504460D4600210E4612E052683346F1
:10AB80009BB203EB43073B01D25A1201805C0028C1
:10AB900006D0032804D00B212046FFF705FF012132
:10ABA000761CDFF8DC062A4600EB8202D26A3346C6
:10ABB00017899BB2BB42E1D30846F2BD70B505468A
:10ABC00000200124064600E0761C3146C9B2022965
:10ABD00015D2DFF8AC162A4601EB8201C96A096872
:10ABE0003246D2B2114491F840100129ECD12146ED
:10ABF0003046C0B2FFF791FF01460129E4D1002899
:10AC000006D129462046FFF7B3FF002800D10024D3
:10AC1000204670BD10B50124DFF864160001085C01
:10AC2000002804D00B210C20FFF7BEFE00E000241A
:10AC3000204610BD30B40A460023DFF844161446FF
:10AC400001EB8401C96ACC68054634F815404968AF
:10AC500004EB440501EB05142179002907D00129F3
:10AC600006D1E178012903D1217B002900D10123FC
:10AC7000194630BC64E710B5024600201346032B8A
:10AC80000FD0042B02D00B2B12D010BD0901DFF81E
:10AC9000F045635C002B16D121444978002912D17C
:10ACA0000CE0DFF8DC350901595C00290BD105E027
:10ACB000DFF8CC350901595C002904D10C2110467C
:10ACC000FFF772FE012010BDF8B505460F460126BC
:10ACD000DFF8AC05114600EB8100C46A002C04D1FA
:10ACE0000A212846FFF75AFE1FE0204600F082F8AE
:10ACF000002816D1002F04D015212846FFF74EFE5C
:10AD000013E06068E168098801EB41021101405AD3
:10AD1000002804D00E212846FFF740FE05E000265B
:10AD200003E00E212846FFF739FE3046F2BD10B58C
:10AD300000240346DB1F012B13D8DFF8443503EB57
:10AD40008202D26A5368D26832F8111001EB4102D4
:10AD500003EB02118968002903D101241821FFF7B0
:10AD60001DFE204610BD30B4002110E05B680C468B
:10AD7000A4B204EB44052C011B5B02EB031200237D
:10AD8000137053709380936013739370491CDFF8B2
:10AD9000F024034602EB8303DB6A0C461D89A4B250
:10ADA000AC42E3D330BC704730B400210BE0002448
:10ADB0001D46ADB202EB45056C825B1C1C46A4B27D
:10ADC000062CF4D3491C022912D2DFF8B42403461E
:10ADD00002EB8303DB6A1B680B4493F84030012BC2
:10ADE000F0D1C1EBC10302EB430200231382E5E77C
:10ADF00030BC704770B40246002301200C46157C1D
:10AE0000AC420ED100E05B1C1C46157EE4B2AC42A5
:10AE100007D20C4655691E46F6B2AD5DAC42F2D182
:10AE2000002070BC7047F8B504460D461646000178
:10AE3000DFF84C740121395400213844818000F03E
:10AE400077FA2846C0EBC00107EB4107388A002893
:10AE500005D007EB40004482388A401C388200F05D
:10AE60007DFA00F065FA388A798A2246914201D04B
:10AE700000280ED1388A002803D17C82388A401CF1
:10AE8000388200F06BFA31462846BDE8F44000F005
:10AE900027BEBDE8F14000F061BA30B4DFF8E0331E
:10AEA000144603EB8403DB6A5C68DB68054633F811
:10AEB000153003EB430504EB05139B7E012B01D1F9
:10AEC00030BC02E0114630BC64E0F0B4DFF8B043BF
:10AED000134604EB8303DB6A0546DE6836F815602B
:10AEE0002D01012704EB050C8CF801705B6806EB63
:10AEF000460703EB0716337901290CD1012B02D148
:10AF0000012060550BE0F179002908D1002161553D
:10AF10001146F0BC05E0002B01D101206055F0BCCA
:10AF20007047F8B50C46DFF85813224601EB820251
:10AF3000D26A5368D268054632F8152002EB420502
:10AF400003EB05129578C5EBC50211EB4206318A79
:10AF500000291ED0318A0027034600E07F1C3A46B4
:10AF600092B28A4209DA06EB4202528A9342F5D142
:10AF7000394689B2284600F0C1FBBFB2002F08D184
:10AF8000308A002805D021462846BDE8F44000F06C
:10AF9000A7BDF1BD10B4DFF8E82202EB8101C96A58
:10AFA000CB6833F810300001145C022C1CD0145C08
:10AFB000032C1BD1496803EB430401EB0413D9793B
:10AFC000002913D1197900290BD001290CD1D97886
:10AFD000012909D1197B491E8941C943C90F11545F
:10AFE00004E00021115401E00121115410BC70470C
:10AFF0007CB5064600F034FE8DF800009DF8004058
:10B000009DF800100020FFF7DCFC050039D1304628
:10B01000FFF7F0FC050034D1DFF8686221469DF8A7
:10B02000000056F82000FFF7E5FE002824D19DF827
:10B03000000056F82000DFF8486206F12C019DF868
:10B04000002041F822009DF80000FFF7ADFE9DF8BA
:10B050000000FFF788FE214606F12C009DF8002035
:10B0600050F82200006800F0E7FC012809D12B21EC
:10B070000020FFF799FC04E001250E210020FFF7D6
:10B080008DFC002D07D19DF800200021084602B05C
:10B09000BDE8704035E573BD7CB504460D4601261C
:10B0A00000F0DEFD8DF800009DF8002021460C2008
:10B0B000FFF70AFE00280FD129460C20FFF7A5FC58
:10B0C000002809D12046FFF7A5FD002804D16C48CF
:10B0D00000EB041085600026304676BD7CB500F09C
:10B0E000BFFD8DF800009DF800509DF80010012074
:10B0F000FFF767FC040027D1614E294606F12C00BA
:10B100009DF8002050F82200FFF774FE002817D1A8
:10B110009DF80000FFF752FD040015D19DF80000D6
:10B1200000F0A5FC012803D12B210120FFF73CFCF6
:10B13000002006F12C019DF8002041F8220003E0D8
:10B140000E210120FFF72AFC9DF800200121204656
:10B1500002B0BDE87040FFF7D4BC7CB5044600F0F7
:10B160007FFD8DF800009DF8002021460220FFF7AA
:10B17000ABFD00282DD1424D05F12C009DF80010AB
:10B1800050F82100C068214630F811609DF8001089
:10B190002046FFF74FFD00281BD19DF800302246C6
:10B1A00007210220FFF783FC002812D105F12C00B3
:10B1B0009DF8001050F82100406806EB460100EBB6
:10B1C000011081789DF80020204602B0BDE8704053
:10B1D00029E673BD7CB504460D46012630468DF840
:10B1E000010000F03DFD8DF800009DF80020214693
:10B1F0000420FFF769FD002822D129460420FFF72B
:10B2000004FC00281CD19DF8002021460420FFF7F3
:10B2100032FD002814D19DF800300DF101022946BD
:10B22000204600F0DAFC060003D09DF8010000285B
:10B2300006D19DF800209DF801102046FFF72DFE55
:10B24000304676BD1CB5044600F00AFD8DF80000BE
:10B250009DF8002021460720FFF736FD00280CD17D
:10B260009DF8002021460720FFF761FD002804D14A
:10B270000120034901EB0411887013BDEC2B402021
:10B28000382440201CD74A00F8B504460D4616461F
:10B290001F4600F0E8FC0D4901EB40029481084490
:10B2A0000570067107720020F2BDF8B504460D4620
:10B2B00016461F4600F0D7FC054901EB4002948179
:10B2C00008440570067107720020F2BD4840402016
:10B2D0005C404020EFF310807047000070B500F034
:10B2E000C2FC0446DFF83C5305EB840630690028B5
:10B2F00006D1FFF7EFFFC10700D472B645F824006E
:10B300003069401C306170BD80B500F0ACFCDFF8E6
:10B31000141301EB800213695B1E136151F82000C6
:10B32000C00703D41069002800D162B601BD000037
:10B3300070B500F098FC0446DFF8EC5205EB84068B
:10B340003069002806D1FFF7C5FFC10700D472B6E7
:10B3500045F824003069401C306170BD80B500F0B4
:10B3600082FCDFF8C41201EB800213695B1E1361DB
:10B3700051F82000C00703D41069002800D162B63C
:10B3800001BD000070B500F06EFC0446DFF84453C8
:10B3900005EB84063069002806D1FFF79BFFC10743
:10B3A00000D472B645F824003069401C306170BD8D
:10B3B00080B500F058FCDFF81C1301EB8002136924
:10B3C0005B1E136151F82000C00703D410690028E8
:10B3D00000D162B601BD000070B500F044FC044627
:10B3E000DFF8F45205EB84063069002806D1FFF738
:10B3F00071FFC10700D472B645F824003069401CC3
:10B40000306170BD80B500F02EFCDFF8CC1201EB8E
:10B41000800213695B1E136151F82000C00703D43A
:10B420001069002800D162B601BD000070B500F0BF
:10B430001AFC0446DFF8A45205EB840630690028A4
:10B4400006D1FFF747FFC10700D472B645F82400C4
:10B450003069401C306170BD80B500F004FCDFF83D
:10B460007C1201EB800213695B1E136151F820000E
:10B47000C00703D41069002800D162B601BD0000E6
:10B4800070B500F0F0FB0446DFF8545205EB84067B
:10B490003069002806D1FFF71DFFC10700D472B63E
:10B4A00045F824003069401C306170BD80B500F063
:10B4B000DAFBDFF82C1201EB800213695B1E1361CB
:10B4C00051F82000C00703D41069002800D162B6EB
:10B4D00001BD000070B500F0C6FB0446DFF8045261
:10B4E00005EB84063069002806D1FFF7F3FEC1079B
:10B4F00000D472B645F824003069401C306170BD3C
:10B5000080B500F0B0FBDFF8DC1101EB80021369BD
:10B510005B1E136151F82000C00703D41069002896
:10B5200000D162B601BD000070B500F09CFB04467E
:10B53000DFF8B45105EB84063069002806D1FFF727
:10B54000C9FEC10700D472B645F824003069401C1A
:10B55000306170BD80B500F086FBDFF88C1101EB27
:10B56000800213695B1E136151F82000C00703D4E9
:10B570001069002800D162B601BD000070B500F06E
:10B5800072FB0446DFF8645105EB8406306900283D
:10B5900006D1FFF79FFEC10700D472B645F824001C
:10B5A0003069401C306170BD80B500F05CFBDFF895
:10B5B0003C1101EB800213695B1E136151F82000FE
:10B5C000C00703D41069002800D162B601BD000095
:10B5D00070B500F048FB0446DFF8145105EB840613
:10B5E0003069002806D1FFF775FEC10700D472B696
:10B5F00045F824003069401C306170BD80B500F012
:10B6000032FBDFF8EC1001EB800213695B1E136163
:10B6100051F82000C00703D41069002800D162B699
:10B6200001BD0000384140205841402070B500F075
:10B630001AFB0446DFF8BC5005EB8406306900288D
:10B6400006D1FFF747FEC10700D472B645F82400C3
:10B650003069401C306170BD80B500F004FBDFF83C
:10B66000941001EB800213695B1E136151F82000F6
:10B67000C00703D41069002800D162B601BD0000E4
:10B6800070B500F0F0FA0446DFF86C5005EB840664
:10B690003069002806D1FFF71DFEC10700D472B63D
:10B6A00045F824003069401C306170BD80B500F061
:10B6B000DAFADFF8441001EB800213695B1E1361B4
:10B6C00051F82000C00703D41069002800D162B6E9
:10B6D00001BD00007841402098414020B841402001
:10B6E000D8414020F84140201842402038424020B4
:10B6F00058424020784240209842402038B50546C4
:10B700000C46FFF7EBFDC5EBC5004000DFF8441524
:10B710000A5A022A02DA00220A520FE0641CA4B27A
:10B720000B1806E003EB44056D8823F81450641CE5
:10B73000A4B29442F6DB0A5A521E0A52BDE83140C6
:10B74000FFF7E2BDDFF8100550F823004368C0683A
:10B7500030F8110000EB400103EB011000210B4613
:10B7600002E042F82130491C0329FAD3194605E0CA
:10B7700000EB81031B6A42F82130491C0329F7D3EF
:10B7800070473EB50446DFF8D004DBB250F8230022
:10B79000C36889B233F81110436801EB410503EB2C
:10B7A000051100688B781844007AC98A0023ADF827
:10B7B0000430ADF800308DF802306B46D2B200F0A4
:10B7C00071FF204669460622EBF72AFC37BD2DE9BA
:10B7D000F04F89B082460C4691469B46DFF87804CC
:10B7E000494650F821004168C268534632F8132098
:10B7F00002EB420311EB031595F802800068414605
:10B800004218127A029250F8210001900026012776
:10B81000287D03904B462246514604A8FFF7B1FF0E
:10B820009DF81100012853D1304612998DF802403D
:10B830008DF80190CDF820B00C468DF80080DDF831
:10B840000C808146ADF80CA026E000200C31885415
:10B8500019E0BDF814B0687F012814D19DF80130BB
:10B8600052469DF80010584600F0B8F92070BDF817
:10B870000C201201DFF8E4130028E6D101200C317E
:10B88000885406460027380002D0089820F819B0DE
:10B8900009F101095FFA89F9C1451BDA286930F815
:10B8A00019A00198C06B514601EB4101415C9DF824
:10B8B00010008142CDD006AB9DF80220029800F026
:10B8C000F1FE9DF81900002802D0BDF81CB0C2E7B7
:10B8D000012000E0304609B0BDE8F08F2DE9F843C3
:10B8E00004460D4616461F464FF00008DFF8680371
:10B8F000394650F821004168C268234632F81320C7
:10B9000002EB420301EB0319006899F802100844A6
:10B91000007A00F07AFE99F805100A0001D1C207FA
:10B9200004D40A46012A03D1400701D54FF001088B
:10B93000B8F1000F06D000962B463A462046FFF796
:10B9400046FF00E00120BDE8F28338B50C46DFF881
:10B95000081351F8221009680844057AE06A017852
:10B96000012904D142780121284600F06DFFE06AE8
:10B97000811C2846BDE8344000F052BF2DE9FF414C
:10B9800005460E46174698460A9C32464146FFF742
:10B99000DCFF33466A4639462846FFF7D3FE0022CD
:10B9A0006946204600F0FAFD98F80410204600F0A1
:10B9B000D9FF0121204600F033FE98F81A00002834
:10B9C00003D10121204600F006FF0021204600F0AF
:10B9D00001FEBDE8FF812DE9F047054616469E4C65
:10B9E00054F82620D06830F81100116829440F7AE5
:10B9F00000EB40014FEA01185068404490F8149061
:10BA00004FF0000A12E054F826100A6852F8252078
:10BA1000D26B49684144096931F8100000EB4000DD
:10BA2000115C384600F020FE0AF1010A5046C0B20F
:10BA30004845E8DBBDE8F08770B5044600252E4692
:10BA400001E0761CF6B2022E0FD2A01990F8400049
:10BA50000128F6D154F82610A019007A00F097FCBE
:10BA6000002800D001252800EBD0284670BD2DE924
:10BA7000F843804600242746A1464546764E03E01B
:10BA800009F101095FFA89F9B9F1020F0FD256F8ED
:10BA900025000068484490F840100129F0D1007A50
:10BAA00000F01AFD002800D001273800E8D056F831
:10BAB00025002146028989B291420ED24068214672
:10BAC00089B201EB41021101405A644901EB0010B7
:10BAD000002181608170641CE9E73846BDE8F2838B
:10BAE000F8B55D4A0B4652F8233002461C681444F0
:10BAF000257AC2EBC2046400564E325B002A17D08E
:10BB00003219548822465E68DB6833F8123003EB42
:10BB1000430706EB0713514E06EB0212127B012A74
:10BB200002D11A79002A03D000952246FFF726FF9A
:10BB3000F1BDF8B51C460023474D264655F8265062
:10BB400006466F68ED6835F8165005EB450C07EBB7
:10BB50000C1C9CF802701D469CF81AE0BEF1010F07
:10BB600018D19CF80550002D0DD19CF80750002DE0
:10BB700009D10546374EC7EBC70C06EB4C06768855
:10BB8000B54200D001231D0025D12346FFF7A6FEB4
:10BB9000034620E09CF81420304810EB061420786F
:10BBA000012801D1012316E0A088461EBCF80E70C2
:10BBB000A088002800D17E1EA068B6B200EB460027
:10BBC00005E0068821F8146000EB47006D1C2C4648
:10BBD000E4B29442F5DB1846F2BDAAE710B41E4C5D
:10BBE00054F823301B6803EB8101C96802EB420360
:10BBF00001EB83018C1D0021A2886388C0F30E0035
:10BC00006478062C22D8DFE804F004060C12161A19
:10BC10001E0001211AE0824218DA834216DB01215C
:10BC200014E0834201DB824210DB01210EE08342FB
:10BC30000CDB01210AE0824208DA012106E083429E
:10BC400004DA012102E0824200DB0121084610BC37
:10BC500070470000482440206424402038244020BD
:10BC60000020704770479148006800F0030070475B
:10BC700000000000F8B50024FFF7F5FF214600287A
:10BC800000D1012408468A4A05E032F810302343E7
:10BC900022F81030401CF028F7D3864A506F50F439
:10BCA00070005067BFF34F8FBFF36F8F824B084612
:10BCB00018608248D8638248586082481864824875
:10BCC0009860824C5C64824CDC60824C9C644FF0D7
:10BCD000D8541C61804CDC64804C5C61804C1C65D9
:10BCE000804C9C61804C814D45EA44055D65804CEB
:10BCF000DC61804C804D44EA45059D657F4D1D62A9
:10BD00007F4D44EA4504DC654FF080445C627D4C25
:10BD10001C667D4C9C620C465C664FF0CE44DC6237
:10BD20007A4C9C664FF0D0441C63794CDC664FF033
:10BD300060445C63774C1C6710F5800098630020BA
:10BD40005867BFF34F8FBFF36F8F1068800302D423
:10BD50001068C00354D500201067BFF34F8FD66E14
:10BD6000C6F34E376C4C43F6E075C6F3C90C05EAD2
:10BD7000471050EA8C706062BFF34F8F6046A0F1AD
:10BD8000010C0028F3D13846471E0028EDD1106F72
:10BD900040F00100106700202060BFF34F8F0028A3
:10BDA0001067BFF34F8FD66EC6F34E37C6F3C90C7C
:10BDB00005EA471050EA8C706062BFF34F8F60460F
:10BDC000A0F1010C0028F3D13846471E0028EDD120
:10BDD000106F40F00100106700202060BFF34F8F0C
:10BDE000106830F400301060BFF34F8FBFF36F8FD7
:10BDF000106830F480301060BFF34F8FBFF36F8F47
:10BE0000084610E003EB8004E56BED0709D5434DD0
:10BE10000E46F6B26E6053F82060AE60E46BEC60E4
:10BE2000491C401CC0B20F28ECD33C48016851F0BB
:10BE300003010160BFF34F8FBFF36F8F00201067C6
:10BE4000BFF34F8FD36EC3F34E343349C3F3C905E9
:10BE500043F6E07000EA441050EA85700861BFF3D1
:10BE60004F8F2846451E0028F2D12046441E002848
:10BE7000ECD1BFF34F8F106850F480301060BFF3E7
:10BE80004F8FBFF36F8FBFF34F8FBFF36F8F0020C4
:10BE90000860BFF34F8FBFF36F8F106850F400300E
:10BEA0001060BFF34F8FBFF36F8FF1BD04002640CA
:10BEB0008008264014ED00E0D82240203F00041006
:10BEC000000000001F0008030000480027000B07C7
:10BED0000000001023000B1619000B1600000020B4
:10BEE00021000803000040200D00000001000B03AA
:10BEF0000040402001000C130D000000007C402099
:10BF0000090000002DC0041300006040130004135A
:10BF100035000B032700041350EF00E094ED00E020
:10BF2000DFF8641901EB80004068016849084900A6
:10BF300001607047DFF8501901EB8000406801682C
:10BF400041F0010101607047D0F89C2322F4C02227
:10BF5000002901D0032100E00021490401F4C0219F
:10BF60000A43C0F89C23704710B4DFF81C4904EB67
:10BF70008000406800EB8100DFF8101901EA0241FF
:10BF8000C3F30E030B43036610BC7047DFF8F828B9
:10BF900002EB8000406800EB81000021C0F8B01285
:10BFA00070470000DFF8E01801EB80004068D0F82F
:10BFB000A00300BF02A1400F00F00300085C70471F
:10BFC0000E0C0A0838B50C46DFF84C1901EBC00519
:10BFD000E978002902D1FFF7E5FF00E00F204FF6D6
:10BFE000FF716A78012A05D1C0F1100001FA00F052
:10BFF000044006E0C0F10F0081400C40C4F30E0481
:10C000000441204680B232BDDFF87C1801EB80028B
:10C01000506841680B46DB0F0846000E00F0010037
:10C02000800140EA43100B46DB0D03F0010340EAB8
:10C0300003200B461B0D03F0010340EAC31092F8E6
:10C040002420520705D50A46120C02F0010240EAEC
:10C050004220490901F0010140EA81207047DFF8E0
:10C06000281801EB8002506801690846400800F07A
:10C07000010040410B46DB0803F0010340EAC30026
:10C080000B469B0803F0010340EA830092F824204A
:10C09000520704D5090901F0010140EA0110704777
:10C0A000400000F00600704770B506460C46154685
:10C0B000207860F35D7525F00605E078FFF7F0FF66
:10C0C000054325F0200500222021A07C00F05AF92C
:10C0D000054325F0004500224FF00041E07C00F0D0
:10C0E00051F90543207D60F39E75DFF89C0700EB56
:10C0F000860090F8240040070CD525F44035A0793F
:10C10000012802D0022803D004E045F4003501E004
:10C1100045F44035E079012802D0022803D004E03C
:10C1200045F4800501E045F4C00525F08065207ADE
:10C13000022802D14FF0806100E000210D43002869
:10C1400013D025F0006500224FF00061607A00F006
:10C1500019F9054325F000752E4600224FF00071B5
:10C16000A07A00F00FF90546354325F4006500225A
:10C170004FF40061607E00F005F90543A07E60F396
:10C180004A25284670BD2DE9F14F8CB00C46154666
:10C190000C22002109A8FEF7EDFB0C22002106A8C5
:10C1A000FEF7E8FB0C22002103A8FEF7E3FB0C22BC
:10C1B00000216846FEF7DEFB002627E006EB46007E
:10C1C000271897F80090C8464FEA581809F01F0939
:10C1D000012000FA09F90DF10C0A5AF828B00022E2
:10C1E0004946B87800F0CEF840EA0B0B4AF828B080
:10C1F000EA465AF828B000224946787800F0C2F89A
:10C2000040EA0B0B4AF828B0761CF6B22846864264
:10C21000D4DB00210C9818E002EB8002526802EB9C
:10C22000810209AB53F82130536206AB53F8213039
:10C23000C2F8E03203AB53F8213053646B4653F835
:10C240002130C2F88430491CC9B2DFF83C26135CA7
:10C250009942E1DB0DB0BDE8F08F000070B50446F7
:10C26000DFF8245605EB8400406800210BE00A4605
:10C27000D2B200EB820202F53872002313604FF055
:10C28000FF331361491C0A462B5DD2B29A42EED3AA
:10C29000002608E000234FF6FF723146C9B220465F
:10C2A000FFF762FE761C3046C0B20428F2DB00269F
:10C2B00014E004EB440105EB8101800801EB8000F0
:10C2C000C068FF21F20002F018029140084204D039
:10C2D0003146C9B22046FFF759FE761C3046C0B23F
:10C2E0000328E6D370BD010000D00047704718B4A2
:10C2F000DFF8941501EB80014A68136ADFF89C4669
:10C3000014F8301000290DD0116901F0010103F07B
:10C31000010319420AD00121116104EBC0004068F9
:10C3200012BCE0E710691061106B106311BC70471C
:10C3300070B4DFF8642602EB80035B68002407E03A
:10C3400051F8245003EB8406C6F8A450641CE4B2F0
:10C35000155CAC42F4DB70BC704770B4DFF8382673
:10C3600002EB80035B68002407E051F8245003EBE4
:10C370008406C6F8B450641CE4B2155CAC42F4DB2D
:10C3800070BC7047012800D01146084670472DE95F
:10C39000F84304460E46DFF8F00400EB8409D9F8B0
:10C3A000045000220121204600F072FA286820F48F
:10C3B00000302860204600F0D9F98046002840F07F
:10C3C00088802A6831462046FFF76EFE2860DFF835
:10C3D000480500EBC407307D7870204600F092F9E4
:10C3E0008046002875D1B079022803D1286840F42E
:10C3F0008030286071792846FFF7A6FD06F10B0111
:10C40000204600F00DFA05F1C400317E416099F834
:10C410002410C90701D5F18A016006F120012046E8
:10C42000FFF786FF06F12C012046FFF796FF717893
:10C43000204600F0BAF8286C800880002864B07F9D
:10C44000002808D0286CF17F490001F00201084360
:10C4500040F00100286406F13809D9F804100029D9
:10C4600006D099F80020002A02D02046FFF78BFE64
:10C47000D5F8800040084000C5F88000B07B401E21
:10C480008041C043D5F8801051EAD070C5F88000D3
:10C49000F27B0021204600F041FA327C0121204647
:10C4A00000F03CFA727C0221204600F037FAD9F8FD
:10C4B00008007860B078F8703079B870F07EB18B91
:10C4C000DFF8DC2402EA01421043C5F8A80301208A
:10C4D00038704046BDE8F28378B591B0064600203A
:10C4E0008DF800008DF8030001208DF80400002075
:10C4F0008DF80500ADF80600ADF808008DF80A00CB
:10C50000DFF8844306E0694601441622CA7200221D
:10C51000CA73401CA55DA842F5D300208DF80E001B
:10C52000ADF812008DF81400ADF8160006900790D3
:10C530008DF838000EA800214160816069463046C0
:10C54000FFF725FF010027D104EB86004468002097
:10C550000BE004EB800100224A624FF0FF324A6197
:10C5600000224A64C1F88420401CA842F1D330461E
:10C57000FFF774FE002060631F21304600F050F882
:10C580000121304600F011F80020DFF8101401F806
:10C590003600304600F0EAF812B070BD002A02D032
:10C5A000012A01D07047C3E6D7E638B50C46DFF85C
:10C5B000E81301EB8000406800F56875FFF736F876
:10C5C000286820F0604040EA44702860BDE83140AF
:10C5D000FFF742B838B50C46DFF8BC1301EB80001A
:10C5E0004568FEF7CFFE002C02D0012C05D008E0F4
:10C5F000286840F08070286003E0286840F48010CC
:10C600002860BDE83140FEF7D3BE38B50446FFF7D9
:10C61000FBFC05462046FFF722FD0543284632BDB8
:10C6200010B4DFF8742302EB8003586810300A4618
:10C63000520802F0010252410C46E40804F00104E1
:10C6400042EAC4020C46A40804F0010442EA84024F
:10C6500093F824305B0704D5090901F0010142EA8F
:10C660000112026010BC704738B50C460021DFF89B
:10C67000282302EB8002556805EB8402D2F80021E2
:10C6800013030DD51146FFF79DFC014620464009D6
:10C6900005EB8000012204F01F0402FA04F4446157
:10C6A000084632BD70B51C4601F01F050023A3806B
:10C6B00021706370A370DFF8EC3253F8206006EB52
:10C6C0008103D3F80031490906EB810101F1140619
:10C6D000120402F4403203F440318A420DD119466B
:10C6E000C90C01F0010161701946890C01F00101CA
:10C6F000A1701946FFF766FCA080012000FA05F53D
:10C70000356070BD2DE9F84305460026012142F24F
:10C71000107000F06EF90746012000F054F9009007
:10C72000B046594800EB8500406800F10409D9F88B
:10C73000004004F00704FEF74FFE2846FFF7F0FB29
:10C74000FEF760FE08E0D9F8004004F0070401217C
:10C75000684600F042F98044002C01D0B845F2D37D
:10C76000B84500D302263046BDE8F2832DE9F843F0
:10C7700004460025012142F2107000F03AF9064605
:10C78000012000F020F900902F463F4800EB840084
:10C79000406800F10408D8F8009009F00709FEF796
:10C7A00045FE2046FFF7C6FBFEF756FE08E0D8F828
:10C7B000009009F007090121684600F00EF9C71939
:10C7C000B9F1010F01D0B742F1D3B74200D302252E
:10C7D0002846BDE8F28338B50C46DFF8BC1101EB02
:10C7E00080004568FEF7CAFE286A04F0010404438D
:10C7F0002C62BDE83140FEF7D7BE38B50C46DFF8F5
:10C80000981101EB80004568FEF7E2FE286A04F00B
:10C81000010420EA04042C62BDE83140FEF7EEBEBC
:10C8200070B4DFF8742102EB80035B68002406E03B
:10C830000D5D03EB8406C6F89450641CE4B2155CED
:10C84000AC42F5DB70BC704770B50D461446DFF89E
:10C85000481101EB80004668FEF712FE306820F4B4
:10C86000606030602846401E8041C043C00F316880
:10C8700051EAC020640204F4C06404433460BDE89B
:10C880007040FEF713BE000054034B000000FF7F12
:10C890002DE9F84381460D461646012142F21070FB
:10C8A00000F0A7F80446012000F08DF80090002762
:10C8B000B846DFF8F00050F82990FEF70BFE002E86
:10C8C00005D1D9F8000020F08070C9F80000D9F82F
:10C8D000000040F08000C9F80000FEF711FE002DB6
:10C8E00016D0D9F8045005F0807508E0D9F8045046
:10C8F00005F080750121684600F06FF8C719B5F1A1
:10C90000807F01D1A742F1D3A74201D34FF00208A3
:10C910004046BDE8F28300006824402070B50C4614
:10C9200015461D4901EB8000416801F1800690F831
:10C930002400800715D5FEF7A3FE3068002C03D035
:10C94000022C07D003D307E065F3410004E065F350
:10C95000C30001E065F345103060BDE87040FEF7AC
:10C96000A5BE70BD38B50C460B4901EB800045688B
:10C97000FEF7DAFD002C02D0012C05D008E0286873
:10C9800020F00050286003E0286840F00050286044
:10C99000BDE83140FEF7DEBD54034B006824402063
:10C9A0000000FF0358034B00002070470120704730
:10C9B000704780B5002802D00020FDF71FFFBDE8BA
:10C9C0000140FDF72EBF01460020002902D00129B9
:10C9D00001D07047E8E7FDF735BF02460020002987
:10C9E00002D0012902D070471046DFE71046FDF75C
:10C9F0002EBF02460020002902D0012902D0704734
:10CA00001046D5E71046FDF731BF7047002070474C
:10CA10002DE9F84F88B015469E464FF0000A56465D
:10CA2000D54A52F8232014680746E3191B7A54F8B4
:10CA300027C00C465168D26832F8142002EB420736
:10CA400011EB0717F9793A7DD7F81080DFF82C93AE
:10CA500009EB0414D4F80890B4F804B009EB4B09BE
:10CA60008DF805008DF804E00793CDF818C0059106
:10CA7000049201E00AF1010A5046C0B204998842CA
:10CA800040DA38F810B0059800280AD102AB7A795C
:10CA90000698C06B594601EB4101415C0798FFF7CE
:10CAA00001FE9DF80900012828D1BDF80C00797F0E
:10CAB000012918D19DF804305A469DF80510FFF75A
:10CAC0008DF801280AD1BDF80C0000905346DBB266
:10CAD0002A464946384600F055F910E001206070BA
:10CAE000207306460BE000905346DBB22A464946C7
:10CAF000384600F047F90020207300E00126304658
:10CB00000128B7D1304609B0BDE8F08F08889B4AAC
:10CB100002EB0012C879002802D09088401C908057
:10CB20009088704702460020944B03EB02139B78D9
:10CB3000012B0ED1904B53F821104B68C96831F886
:10CB4000121001EB410203EB02118968002900D0A9
:10CB50000120704738B504460D460021FEF7CEFD92
:10CB600087482146C1EBC1025100405A002805D038
:10CB700029462046BDE83440FEF7B2BF31BD2DE95D
:10CB8000F84F0546894693461E460A9C7A48214638
:10CB900050F82110086800F108022B46D25C009280
:10CBA000C8464A68C96831F8181001EB410312EB16
:10CBB00003174FF0000A52463946FFF7A7FF6F49A7
:10CBC00001EB0818012188F8011098F800100129DC
:10CBD00002D1022188F8001058452ED3032088F88E
:10CBE0000000387B002825D1F878012822D14FF0A9
:10CBF000010A002251460098FFF74AFE00281CD186
:10CC0000224649462846FEF7E6FE51460098FFF7C1
:10CC1000F4FD51460098FFF703FD21462846FFF733
:10CC200099FF21464846FFF77DFF012805D1B868E6
:10CC3000804702E05046A8F80400BAF1000F1FD167
:10CC400021464846FFF76EFF8146387900280CD10F
:10CC5000032088F80000002E07D101210098FFF77B
:10CC6000CCFD21462846FFF775FF01210098FFF70C
:10CC7000D7FCB9F1010F03D1B868BDE8F24F004706
:10CC8000BDE8F18F2DE9FE4F06460D461746B94621
:10CC9000DFF8E4A05AF82900314602680A44127A03
:10CCA0000092374AC1EBC10302EB43014988ADF85A
:10CCB00004108846C16831F818B040680BEB4B018E
:10CCC00000EB0110C089ADF806003B460246BDF8F6
:10CCD00004103046FFF79CFE0446012C11D15AF88F
:10CCE00029004068001D0BEB4B010901405C002846
:10CCF00003D101210098FFF780FD01210098FFF783
:10CD00008FFC002C09D14FEA08181C48011D31F88E
:10CD10000810491C001D20F80810002C08D12B46D3
:10CD20000097BDF80620BDF804103046FFF727FF36
:10CD3000BDE8F78F1CB50446FEF792FF8DF80000A2
:10CD40000D489DF8001050F821000068204490F82C
:10CD500042000146FF290ED009490246C2EBC20338
:10CD60005A00895A002906D09DF80020002102B0FF
:10CD7000BDE8104086E713BD6424402038244020DD
:10CD80004824402000985A4321F8120070470020A0
:10CD9000D0E7FEE710B5040001D0012000E000203C
:10CDA000FDF764FC00F006F800F007FADFF814194C
:10CDB0000C6010BDDFF85809016841F00101016005
:10CDC00070472DE9F0410C4642F2E4752E46DFF83B
:10CDD00044291368DFF8F0181940DFF83C7904D0D3
:10CDE0001068014011603D8011E03988A9420ED0E1
:10CDF00045F6A52800F0ACF8404501D03D8006E09E
:10CE0000012C03D043F2CC30388000E04646304657
:10CE1000BDE8F08102460B460421012000F05DBD13
:10CE200000687047008870470078704770B50C46FE
:10CE3000254645EA000111F0030F06D1042A04D368
:10CE40000426FFF7EDFF28600CE0C90706D4022A8C
:10CE500004D30226FFF7E6FF288003E00126FFF750
:10CE6000E3FF2070304670BD024642F6B450002900
:10CE700003D0002A01D045F6A520704710B504461E
:10CE800000F0DAF9DFF894080460204600F074FC42
:10CE9000014645F6A522914202D0DFF87C180880B1
:10CEA00010BD2DE9F04780468A46914645464E46DC
:10CEB00054465046401E8041C043C00FFDF7D6FB8C
:10CEC000B9F1000F01D0012000E00020FDF7CEFBFA
:10CED0005146404600F0D8FCFDF7C8FBDFF8388823
:10CEE00049465046FFF7C0FFA8F8000045F6A529BF
:10CEF000B8F80000484527D14EF24270A8F800006B
:10CF000021462846FFF786FF2846FFF7B7FF014670
:10CF10004A4691420DD100F05FFC22463146284638
:10CF2000FFF784FF074600F061FC01212846FFF768
:10CF300048FF4946884203D17D193E44E41BE3D1B2
:10CF4000002C01D1A8F80090B8F80000BDE8F087E7
:10CF500070B5064642F2E475DFF8B847206800284D
:10CF600019D506F17040B0F5802F14D200F017F8F3
:10CF7000002809D006F00300361A306810F1010FBE
:10CF800004D045F6A52501E045F6A525206800F06A
:10CF90000040206001E045F6A525284670BDDFF879
:10CFA0007007006800F001007047F8B504460D46B0
:10CFB000882C8041C00FFDF759FB204600F043F854
:10CFC000064642F2E471884211D045F6A5274EF696
:10CFD000B800864201D13E4609E02946204600F0CD
:10CFE000F6FA0646B84202D1204600F002F8304672
:10CFF000F2BDDFF82C174968082805D2DFF82407AE
:10D000000268114301607047872805D1DFF81407D3
:10D010000269114301617047083802469209DFF83E
:10D02000083703EB820200F03F00202805D2D2F837
:10D030005C030143C2F85C137047D2F8400301431C
:10D04000C2F84013704710B50446882C8041C00FC9
:10D05000FDF70CFB882C02D342F2E47010BD204691
:10D0600000F008F8002802D14FF6222010BD4EF63D
:10D07000B80010BD38B50446DFF8A45600F090FAA9
:10D0800028600120296888406860082C03D2DFF8F6
:10D090009416096815E0872C03D1DFF88816096912
:10D0A0000FE0083C21468909DFF87C2602EB81016C
:10D0B00004F03F04202C02D2D1F85C1301E0D1F837
:10D0C0004013084032BDF8B504460D46882C804117
:10D0D000C00FFDF7CBFA2046FFF7B5FF064642F238
:10D0E000E471884211D045F6A5274FF622208642EA
:10D0F00001D13E4609E02946204600F068FA06467E
:10D10000B84202D1204600F002F83046F2BDDFF806
:10D1100010164968C943082805D2DFF808060268D6
:10D12000114001607047872805D1DFF8F8050269D2
:10D13000114001617047083802469209DFF8E8356E
:10D1400003EB820200F03F00202805D2D2F85C03F6
:10D150000140C2F85C137047D2F840030140C2F8A6
:10D1600040137047DFF88016086070472DE9F041E2
:10D1700004460D4645F6A526DFF8F8852046FFF75C
:10D18000F1FFDFF8780607683F0C012108F10C0079
:10D19000FFF723FCD8F804104018C8F80400D8F8AA
:10D1A0000810884204D22846FFB28742E6D101E047
:10D1B00042F6D4363046BDE8F08110B500F00FF8E5
:10D1C0000446DFF83806016821F4805101600168E7
:10D1D00021F40041016000F02FF8204610BD70B529
:10D1E00045F6A525DFF88C4500206060012142F25C
:10D1F0001070FFF7FEFBA0600120FFF7E4FBE0608A
:10D20000DFF8F8653068400840003060706800045E
:10D210000CD4012104F10C00FFF7DFFB616840181A
:10D220006060A1688842F1D342F6D435306820F4BA
:10D2300098703060284670BDDFF8D8140A68DFF8AF
:10D24000C00502400A60704780B5892802D342F6C3
:10D25000B45002BDDFF8A415096811F4887F02D02C
:10D2600042F2E47002BDDFF89C150968002902D57E
:10D2700042F2E47002BDFFF7E6FE4FF6222188423B
:10D2800002D042F2E47002BD45F6A52002BD401C6A
:10D29000DFF87415086070472DE9F84306460C4620
:10D2A000DFF864552868002802D142F2E47037E0C4
:10D2B000882E8041C00FFDF7D9F9DFF8B87400203F
:10D2C0007860012142F21070FFF793FBB8600120F3
:10D2D000FFF779FBF8603046FFF7B6FF814645F669
:10D2E000A528414688420FD1FFF7A6FF304600F03F
:10D2F0009AF9B8612146FFF739FF814642F6D431E9
:10D30000884201D100F0ADF84846404507D100F011
:10D3100063FA6FF07F4100202A68904781464846B3
:10D32000BDE8F28310B500F017F904464EF24271E1
:10D33000884210D0DFF89403016849084900016071
:10D34000016821F0100101604FF40051DFF824045E
:10D350008069FFF75FFD204610BD70B506460D469B
:10D36000144600F091FAFDF781F9304600F0B0F96B
:10D3700006F07F0116F0070F09D115F0070F06D14F
:10D380004919812903D2002D01D0002C02D142F687
:10D39000B45070BDDFF86414096811F4887F02D0BE
:10D3A00042F2E47070BDDFF85C140968002902D510
:10D3B00042F2E47070BDFFF746FE4FF6222188422C
:10D3C00002D042F2E47070BD45F6A52070BD78B47D
:10D3D0000C46DFF8283403F5807311F0030F0CD1ED
:10D3E00003EB800154F8045B0D6054F8045B4D605E
:10D3F000801C083AF4D171BC704714F8011B0091ED
:10D40000009914F8015B41EA05210091009914F894
:10D41000015B41EA05410091009914F8015B41EA82
:10D420000561009103EB8001009D0D6014F8015B24
:10D430000095009D14F8016B45EA06250095009DB6
:10D4400014F8016B45EA06450095009D14F8016B40
:10D4500045EA06650095009D4D60801C083ACCD1D8
:10D46000C9E77CB50020DFF8A4130860DFF88C431F
:10D47000206840F4807020600025012142F2107085
:10D48000FFF7B7FA06460120FFF79DFA00902068E3
:10D49000C00506D401216846FFF79FFA4519B54239
:10D4A000F5D3206820F48070206073BD2DE9F84F1B
:10D4B00006460F4690461C46DFF84C532868002865
:10D4C00002D142F2E47045E0DFF8A89206F07F0056
:10D4D000C9F81C00112089F800000020C9F80400D8
:10D4E000012142F21070FFF784FAC9F80800012008
:10D4F000FFF769FAC9F80C00424639463046FFF793
:10D500002CFF834645F6A52A514688420CD1FFF7E9
:10D5100093FE21463046FFF729FE834642F6D4317A
:10D52000884201D1FFF79DFF5846504511D1C9F8F7
:10D530001060C9F814703A464146C6F38400FFF7FC
:10D5400046FF00F049F96FF07F4101202A689047BB
:10D5500083465846BDE8F28F38B56E480168090425
:10D5600011D44EF24274DFF80C52012105F10C0087
:10D57000FFF733FA696840186860A96888420DD3DC
:10D5800042F6D4340AE0006800F45030B0F5804F21
:10D5900002D145F6A52401E042F2E474204632BDF2
:10D5A000DFF87C11082801D208600EE0872802D13C
:10D5B0000020086009E0083800F03F00202802D26F
:10D5C000C008086001E020380860086870477CB532
:10D5D0000C4645F6A525002100910E4601918728AD
:10D5E00009D0DFF83C110E6831468908A1EB4102F1
:10D5F00006EB8206F600872803D86A4601A900F0E8
:10D6000025F80198DFF818114968084209D00098F8
:10D61000002806D00068F040C0B2A04201D042F21B
:10D62000E475284676BD082803D2400300F18050F7
:10D630007047872803D2400300F57C10704702D161
:10D640004FF0D85070474FF0FF30704730B4DFF8DC
:10D65000D0301B689B089B00082808D2DFF8B00177
:10D6600000680860DFF8AC01C318136027E0872862
:10D6700007D1DFF89C0100690860DFF89C011060A9
:10D680001DE008380446A409DFF89C5005EB84052A
:10D6900000F03F00202809D2D5F89C03086003EB76
:10D6A0000413DFF87801C318136008E0D5F880038D
:10D6B000086003EB4413DFF86801C318136030BC43
:10D6C00070470000A42440200000103300C02E400A
:10D6D00010B5044600F0C3F8FCF7C8FF04F165403C
:10D6E000B0F5005F01D2882410E004F17040B0F57D
:10D6F000803F02D20446640B08E0A4F58004B4F530
:10D70000801F02D2640B083400E08924204610BD3B
:10D710001080264004C02E4028354020A024402000
:10D720009824402048832640008026402DE9F0417F
:10D73000044600253B4EB6F800803B480768002CA5
:10D7400001D0012000E02846FCF790FF4EF2427025
:10D7500080450CD1A06800F40240B0F5024F06D11C
:10D760006068B84203D142F2E47030800225284656
:10D77000BDE8F0817824402070B545F6A524FFF778
:10D78000F1FC0020214908601C4D286840F480709D
:10D790002860264E00207060012142F21070FFF7D1
:10D7A00028F9B0600120FFF70EF9F0602868C00585
:10D7B0000CD4012106F10C00FFF70FF97168401835
:10D7C0007060B1688842F1D342F6D434286820F4FE
:10D7D00080702860204670BD1548006800680028E9
:10D7E00000D00047704700000083264010480068C2
:10D7F0004068002800D000477047000000C02E405D
:10D80000000013F394C02E402402402000C12E409B
:10D8100088832640008426408084264084842640D5
:10D82000C083264028354020A02440207824402072
:10D83000A4244020A0F58000B0F5801F8041C00FD7
:10D84000704700F17040B0F5803F8041C00F7047D5
:10D8500000F16540B0F5005F8041C00F704710B522
:10D860000446FFF7E7FF00280CD12046FFF7E9FF49
:10D87000002807D12046FFF7EBFF401E8041C04340
:10D88000C00F10BD012010BD38B504460D462D193E
:10D890006D1EFFF7CFFF002804D02846FFF7CAFF10
:10D8A000002816D12046FFF7CCFF002804D02846D8
:10D8B000FFF7C7FF00280CD12046FFF7C9FF00285B
:10D8C00009D02846FFF7C4FF401E8041C043C00F67
:10D8D00032BD012032BD002032BDF8B504460D46F0
:10D8E00016461F4600F018F8012C0DD128460328D3
:10D8F00004D13946304600F03BF805E0042D03D151
:10D900003946304600F04EF800F01CF80020F2BD19
:10D91000EFF310807047000070B5FEF7A4F90446DD
:10D92000DFF8485005EB84063069002806D1FFF780
:10D93000EFFFC10700D472B645F824003069401CDF
:10D94000306170BD80B5FEF78EF9DFF8201001EB75
:10D95000800213695B1E136151F82000C00703D4D5
:10D960001069002800D162B601BD00009844402033
:10D97000194A536843F001035360126802F007022A
:10D98000521C091807E0154B1860BFF34F8FBFF307
:10D990006F8F10EB02108842F5D3BFF34F8FBFF3A8
:10D9A0006F8F70470C4A53685B085B0053601268C6
:10D9B00002F00702521C091807E0094B1860BFF378
:10D9C0004F8FBFF36F8F10EB02108842F5D3BFF378
:10D9D0004F8FBFF36F8F704780ED00E058EF00E08E
:10D9E0005CEF00E080B5024600200146DFF84834D5
:10D9F00000E00121002910D103EB82018968496907
:10DA000009680029F5D059780029F2D0062302468A
:10DA100001465020FDF738FC012002BD70B50546D7
:10DA200000263046DFF8104402E00220607001203A
:10DA3000002818D104EB8500806840690068002840
:10DA4000F5D0017A0129F2D1018CA18031462170F3
:10DA500000F0B6FB0028E8D00923324611465020DA
:10DA6000FDF712FC0126002E0ED0002021460028D2
:10DA70000ED101EB8500806840690068002801D064
:10DA8000002048700120F2E70120214629448870D7
:10DA900070BD10B50024DFF8A0331844807800284A
:10DAA00005D1052321465020FDF7EEFB08E00029B3
:10DAB00005D0042321465020FDF7E6FB00E00124B9
:10DAC000204610BD10B50024DFF86C331A18927888
:10DAD000002A06D10523062221465020FDF7D4FB5B
:10DAE00010E00A460E2A05DA03EB80008068808881
:10DAF000814206D20223062221465020FDF7C4FBB4
:10DB000000E00124204610BDF8B500242346957995
:10DB1000466ADFF82473407807EB4000808800EB0A
:10DB2000400706EBC7008078012809D1087AA8428F
:10DB300004D3092D07D31068400004D4012302E068
:10DB4000092D00D30123002B06D0032306222146F2
:10DB50005020FDF799FB0DE09068002809D1487925
:10DB6000002806D10123062221465020FDF78CFB18
:10DB700000E001242046F2BD10B50446002011E06B
:10DB8000DFF8B41201F1080050F824004069006881
:10DB9000002806D0027A012A03D100224A7000F040
:10DBA0009EFB01200028EBD010BD80B5DFF8881265
:10DBB0008A78012A07D10623002211465020BDE8A9
:10DBC0000050FDF761BB002807D009230022114651
:10DBD0005020BDE80050FDF757BBDFF860028860B9
:10DBE0000020FFF7FFFE002803D10020BDE802401F
:10DBF00014E701BD10B50021DFF83C42A0780128F0
:10DC000006D0062310225020BDE81040FDF73CBB93
:10DC1000084600E0012000280DD1A0684069006896
:10DC20000028F7D060780128F4D106231022502074
:10DC3000FDF72AFB0121002905D10020A070FFF784
:10DC40009BFF0020A06010BDF8B506460F460124DA
:10DC5000032231460020FFF71CFF012852D1DFF8D4
:10DC6000D8018168496951F82650012F04D043D367
:10DC7000032F2ED018D33FE00644707802280CD131
:10DC8000284600F046FB00283CD120467070014633
:10DC90002878F0F728F9002434E006230322002135
:10DCA0005020FDF7F1FA2DE006447078401E03D0B5
:10DCB000401E012805D925E0284600F06BFB00280E
:10DCC00020D10220707001462878F0F70CF900246A
:10DCD00018E030444178891E012906D8032141709B
:10DCE0002878F0F700F900240CE006230322002135
:10DCF0005020FDF7C9FA05E0062303220021502039
:10DD0000FDF7C2FA2046F2BD2DE9F8430C46012684
:10DD1000074601460020FFF7D5FE01282BD1002C35
:10DD200006D13346062200215020FDF7ADFA22E04D
:10DD3000DFF80481D8F80800C16811F8079041693C
:10DD400051F82950002D16D0006907EB470110EB60
:10DD5000C107224639462846FFF7D6FE01280AD1D8
:10DD600008EB09004078012805D1224639462846AB
:10DD700000F052FB06463046BDE8F28318B4024676
:10DD800013462D4CA178002907D105231922002123
:10DD9000502001B010BCFDF777BA0E2A03DAA16853
:10DDA0008A88904207D2022319220021502001B014
:10DDB00010BCFDF769BA4869CA68D25C50F8220005
:10DDC000002807D0096903EB430201EBC20114BC30
:10DDD00000F0C6BB11BC704730B41346164A9468B5
:10DDE000002C0BD06269A568285C52F8200000283E
:10DDF00004D00A46214630BC00F0C3BB30BC70479B
:10DE000070B50D4DA968002913D08A68165C486961
:10DE100050F82640002C0CD0204600F0BBFA002819
:10DE200007D10220A91948702078BDE87040F0F7AA
:10DE300061B870BD00000000A824402010DA4A003C
:10DE40002DE9F04104460D4616461F4670682060D5
:10DE50003168890202D540F000402060DDF818806A
:10DE600098F8100000280BD1306800F07060B0F115
:10DE7000C06F05D10123082200215020FDF715FABB
:10DE800098F81000012806D03068002803D52068D3
:10DE900040F08040206098F8080096F848108142D1
:10DEA00001D3686000E0696006F108036A68D2B2D5
:10DEB0002168B8F80000C0B2F0F755F801280DD17C
:10DEC000B8F80000A0803878A07106F1080028603A
:10DED00029462046BDE8F04100F0B0BBBDE8F08126
:10DEE0002DE9F843ADF5806D07464FF00008C146B7
:10DEF0008E7A30468008801D212802D2B608B61DD1
:10DF000000E0202644460D4629E0C908D208120444
:10DF100042EA0162DB0842EA032242EADC0216E03E
:10DF20004FEA88084FF0020903EB4411D1F81CC0F6
:10DF30004B69CA6849680028E7D0490D520D1204A0
:10DF400042EA01625B0D42EA032242EA5C52204649
:10DF50000146C9B2B87801F0FBFC641CE4B2B442DB
:10DF600034DAAA7A1046844230DAEB68E878397CF1
:10DF700000290FD190464FF00009191D51F83420A7
:10DF8000002803D0520042F04042E0E7D20442F0C1
:10DF90004042DCE701299046C2D14FEA48084FF0E1
:10DFA0000109210103F10C0252581B1D5958002888
:10DFB00006D0C90BD20B42EA014242F0C022C6E7AA
:10DFC000D20042EAC14242F0C022C0E7F968B87804
:10DFD00001F0FFFC4046C0B200281DD0002012E036
:10DFE000E96851F8301001AA42F83010694601EB97
:10DFF000C001EA78521E9241D243D20F4A700022E9
:10E000000A70401CC0B24146C9B28842E8DB6A4689
:10E010004946B87801F00AFB0DF5806D01B0BDE806
:10E02000F08330B585B00446DFF8B004617830F88D
:10E03000110000EB4001CD00606A0830405B0390A6
:10E04000606A001D405D0090606A2844407901903C
:10E05000606A284480790290606A2844807A04903B
:10E06000606A425D6946A07801F066FD606A811CC5
:10E07000495D012920D11030405B0390606A0C306B
:10E08000405D0090606A2844407B0190606A2844AB
:10E09000807B0290606A2844807C0490606A2844F7
:10E0A00042786946A07801F099FD606A2844827D33
:10E0B000417DA07801F0E6FD606A2844017DA078EA
:10E0C00001F022FE05B030BD18B44378DFF810042B
:10E0D00000EBC31030F812004FF6FF74A04212D0CC
:10E0E00000EB400401EBC401087900280BD1087C47
:10E0F000032808D1DFF8EC0300EBC31030F812005E
:10E1000012BC00F087BA11BC704778B585B00446E0
:10E110006578DFF8CC0300EBC510134630F8130028
:10E120004FF6FF73984249D000EB400311EBC30652
:10E130003079002842D1307C002815D10096234642
:10E14000DFF8A40350F82500717C01EB4102910037
:10E15000425801A903A8FFF773FE33790022717CAE
:10E16000A07801F010FA29E0012827D110460728ED
:10E170000AD10123082200215020FDF796F8A0695A
:10E1800000281BD0804719E0062A04D160690028C6
:10E1900014D0804712E000962346DFF84C0350F875
:10E1A0002500717C01EB41029100425801A903A8AE
:10E1B000FFF746FE0021A07801F014FA06B070BD0A
:10E1C000F8B5044600252E46DFF82073B81C6178A8
:10E1D000228C20F81120A06A0268DFF80C03617815
:10E1E00050F82110A07801F0EFF801216278B954BD
:10E1F000002826D1A07801F0EBFD1827218C794367
:10E20000626A901C405C002805D05018827D417DD8
:10E21000A07801F037FD606A218C4F433844017DBE
:10E22000A07801F071FD204600F062F909E0DFF806
:10E23000B012627801EBC2114FF6FF7221F8102084
:10E24000761C3046C0B24028F1DB04F12C00294690
:10E250000278C9B291423DD240682946C9B250F80D
:10E260002100017C002916D001291ED003292FD1BD
:10E2700000210A468379D2B29A4229D2DFF860227D
:10E28000637802EBC312437C53FA81F3068822F8C9
:10E290001360491CEDE7DFF84812627801EBC21108
:10E2A000427C008821F8120012E0DFF83412627814
:10E2B00001EBC212437C068822F81360627801EBFE
:10E2C000C21203889381627801EBC2110088C88171
:10E2D0006D1CBAE7A078BDE8F24001F0E3BB80789E
:10E2E00001F0A7BB10B5044680486178405C012866
:10E2F0000AD1607A002804D101220421A07801F01B
:10E3000095FDA07801F034FDA078BDE8104001F043
:10E31000B1BB70B504460025A06A026872486178F6
:10E3200050F82110A07801F04FF8060030D1A07805
:10E3300001F04EFD2046FFF774FE204600F0D8F8AD
:10E3400019E00021A07801F04DF913E0406829465A
:10E35000C9B250F821000379002B0BD1017C0029B0
:10E3600003D00229EDD0ECD304E00022417CA07858
:10E3700001F009F96D1C04F12C0029460278C9B29C
:10E380009142E3D32046FFF7ADFF002800D00126DD
:10E39000304670BDF8B504460025A07801F0D2FAE9
:10E3A000002837D151486178405C012826D1A078F7
:10E3B00001F00EFD607A002820D12A460421A078C1
:10E3C00001F034FD1AE0717CA07801F097FD14E0B3
:10E3D00040682946C9B250F82160307C0328F2D148
:10E3E0000027717C7918C9B2A07801F087FD7F1CE5
:10E3F0003846B179C0B28842F3D36D1C04F12C00C9
:10E4000029460278C9B29142E2D3A078BDE8F24031
:10E4100001F048BB0120F2BDF0B585B004460D46C1
:10E4200016460120002739468DF804100291039109
:10E430008DF81010297C032944D13068C00F8DF865
:10E440000400287AB179814201D3029000E0029160
:10E45000687A8DF80D003068800F00F001008DF8AB
:10E460000C00606A401C1D49627831F8121001EB03
:10E470004102D100405C8DF80E0028798DF8100023
:10E48000697C7918C9B2A07801F00AF9002812D184
:10E490001448617800EBC110697C7918B28820F8C3
:10E4A0001120B0680090336801AA697C7918C9B25C
:10E4B000A07800F0E0FF7F1CFFB2A9798F4201DA5B
:10E4C0000228DDD0002802D0022800D00120014619
:10E4D000022900D1022005B0F0BD0000EA2B402047
:10E4E0005C284020DC27402080034B00E82B4020A4
:10E4F0007FB5044600250121A07801F0E9FA27E064
:10E5000040682946C9B250F82160307C002817D1F4
:10E5100000208DF808000190F078401E8041C04333
:10E52000C00F8DF80000F06803686A46717CA0781F
:10E5300000F0DAFFF0684268717CA07801F008FA18
:10E54000307C012803D131462046FFF7C9FC6D1C01
:10E5500004F12C0029460278C9B29142D0D37FBD84
:10E5600070B504460D460026697C7118C9B2A078C2
:10E5700001F0C4FC761C3046A979C0B28842F3D3BE
:10E5800070BD012B03D9DB1E03D109699CE5096924
:10E59000BBE5704742484349086070473EB50246B4
:10E5A0000120404B1B68002B33D014465D78AC42F1
:10E5B0002FD2D868134603EB830410EB84043A4847
:10E5C0004068237B00EBC303608965680095247A6B
:10E5D000002C04D0012C07D0032C0AD00DE02C46CF
:10E5E00044F00044009408E02C4644F04044009479
:10E5F00003E02C4644F0804400944C688DF80640BB
:10E6000009680291ADF8042069465A685268126898
:10E6100090473EBD2349096800290ED002464B7839
:10E620009A420AD2C96800EB800201EB82000269BB
:10E63000002A02D000210088104770473EB5194AD1
:10E640001268002A2AD08379174C2578AB4225D24C
:10E650006468241D54F8333080885C88A0421DD241
:10E6600052681B7852F82320126852F82020002AA2
:10E6700014D09068002811D010884B689478012C31
:10E6800006D193884C68A34200D92346019300E049
:10E6900001930968009169469268904737BD000070
:10E6A00074DB4A00DC2840203CDA4A008164704771
:10E6B000D0F8003C23F41F43002906D0120202F4D4
:10E6C000F8521A4342F400421346C0F8003C704727
:10E6D00010B4D0F8FC4BDFF8BC3A1C40002906D03F
:10E6E000120402F4FE02224342F000421446C0F833
:10E6F000FC4B10BC70470068C00F80F001007047F1
:10E70000416B41F0005141630021C0F8E01AC0F8AC
:10E71000E01AD0F8E01A41F48071C0F8E01A416BB9
:10E7200021F000514163704710B403680C46641E29
:10E73000A441E443E40F64F3CB230360D0F8001C4E
:10E7400013465B1E9B41DB43DB0F21F0004141EA96
:10E75000C371C0F8001CD0F8001C21F41F41C0F8A0
:10E76000001C10BC704780687047012301F01F0235
:10E770009340202901D203637047402900D2C3622D
:10E78000704702460020202907D201F01F01126BBA
:10E79000012088401040C84008E0402906D201F01E
:10E7A0001F01D26A012088401040C840C0B27047A3
:10E7B00038B505460C0001D0012000E00020FBF731
:10E7C000CFFFD5F8041CDFF8D0090140C5F8041CC0
:10E7D000D5F8040C2168890201F4F8410843217A34
:10E7E00001F0070108436168490101F0E0010843B5
:10E7F000E168DFF8842A02EA015210432169090422
:10E8000001F4E0210843C5F8040C31BD38B50546D4
:10E810000C0001D0012000E00020FBF7A1FF696897
:10E820004FF6F870014069606868217801F00701CF
:10E830000843A168090401F4E02108436168C904A0
:10E8400001F460110843E16840EA0160216989052B
:10E8500001F440010843686031BD38B505460C003D
:10E8600001D0012000E00020FBF77AFF286D00F0C6
:10E8700000402865286D2168890201F47C41084325
:10E88000217A01F01F0108436168490101F47871A0
:10E890000843E168DFF8902A02EA415210432169F7
:10E8A000090401F4F8110843286531BD38B505465F
:10E8B0000C0001D0012000E00020FBF751FF05F51E
:10E8C0003F614A68DFF8640A02404A604A68636848
:10E8D0002068C3185B1C03F0FF031A43A068000301
:10E8E00000F4FE2002432069800500F0FE50024340
:10E8F0004A600868800A800208600868E268C2F31B
:10E9000009021043086031BD38B505460C0001D03E
:10E91000012000E00020FBF723FF05F53F618A6836
:10E92000DFF89C0A02408A608A6863682068C3181E
:10E9300003F01F031A43A068000300F47040024371
:10E940002069800500F0707002438A6008686FF3E8
:10E95000194008600868E268DFF8683A03EA024391
:10E960001843086031BD006DC00F7047406B400B0D
:10E9700000F001007047426B0B465B1E9B41DB437E
:10E98000DB0F63F34D3242637047026D0B465B1E33
:10E990009B41DB43DB0F22F0004242EAC372026577
:10E9A000704702680B465B1E9B41DB0F63F35142CD
:10E9B000026070470068C00A00F0010070474068BC
:10E9C000C00800F0010070474000C01D70470246BB
:10E9D0000020202908D2906A126B104001F01F011C
:10E9E000C84000F001007047402907D2506AD26A3F
:10E9F000104001F01F01C84000F00100704700EB1B
:10EA00008100C0F8802870470068000E00F0010007
:10EA10007047426B61F3D742426370470029016837
:10EA200003D121F480310160704741F480310160ED
:10EA30007047D0F80C0CC00F7047012904D14FF07B
:10EA40007041C0F8101C70470021C0F8101C7047BE
:10EA500001F01F01D0F8140C01228A401040C84078
:10EA6000C0B27047012202FA01F1C0F8141C7047CD
:10EA700001F01F01D0F8100C01228A401040C8405C
:10EA8000C0B2704770B5044604F53F6502F065F901
:10EA9000012805D14FF07840686200202862E861C3
:10EAA00000206861DFF82C0B286104F52E604FF020
:10EAB0000D11C1610021C16081604160616B41F055
:10EAC00000516163016821F000410160DFF8081B1B
:10EAD0000160016841F000410160606B20F000506E
:10EAE00060634FF0FF36204601F02AFB212802D355
:10EAF000E6620020606226630020A06220654FF479
:10EB000080106063DFF8D40A20620020E061A0601A
:10EB1000606028606860A860E860DFF8C40A206070
:10EB200070BD38B504460D4600206979002903D030
:10EB30002979204601F05AFC01000BD1297D0029DA
:10EB400008D02B69EA68A968204601B0BDE83040CA
:10EB500002F012B932BD70B504460D46687D022838
:10EB600003D000212046FFF71CFF29462046FFF76F
:10EB7000D8FF060006D0204601F000FB204601F039
:10EB800081FB10E005F11C01204601F057FC2968CB
:10EB9000204601F0B8FE060005D0204601F0EEFA4E
:10EBA000204601F06FFB304670BDF8B504460D46B7
:10EBB000164600272846FFF79EFD002808D0284665
:10EBC00001F0DCFA070003D1284601F05BFB0746A1
:10EBD000380023D1286820F000402860284601F042
:10EBE000B4FB0700284605D001F0C8FA284601F01A
:10EBF00049FB13E0FFF784FD96F82020B17F2846FB
:10EC0000FFF792FDB169284602F0F1F8204602F0C4
:10EC100044F931462846FFF79EFF07463846F2BDC5
:10EC200038B504460D46A97FFFF7AFFEE87F002800
:10EC3000606B10D040F40050606305F12401204661
:10EC4000FFF734FEA87F002819D005F138012046CF
:10EC5000BDE8344058E620F400506063A87F0028E7
:10EC600005F12401204607D0FFF7F7FD05F1380133
:10EC70002046BDE834409BE5BDE83440C6E531BDE3
:10EC800038B50146DFF8A02952F82140DFF80C2AF8
:10EC900052F8215003288041C00FFBF761FD204648
:10ECA00002F05BF8FBF75CFD05F54075687900281C
:10ECB00005D10120687100212046FFF7BEFE00202B
:10ECC0002860287131BD2DE9F0410D460146DFF87D
:10ECD000582952F82140DFF8C42952F82160002752
:10ECE00003288041C00FFBF73BFD06F5407898F8FC
:10ECF0000400012801D102271AE0012088F804004D
:10ED0000C8F8005098F81C0000280AD1384688F846
:10ED1000050096F82403012803D101212046FFF7BE
:10ED20008CFE98F81C00012802D1012088F805000B
:10ED30003846BDE8F0812DE9F8430F4615461E46DA
:10ED400000240146DFF8E02852F82180DFF8042A89
:10ED500052F8219003288041C00FFBF701FDD9F83C
:10ED6000203399F81D233946404601F0DFFF012882
:10ED700001D104240CE007EB470009EB800108797E
:10ED8000002801D0022403E0012008710D604E71BB
:10ED90002046BDE8F2832DE9F84785B08A4614463F
:10EDA0001D4600260146DFF8F42852F82190DFF8CE
:10EDB000782852F8217003288041C00FFBF7D0FC5F
:10EDC000002C01D0012000E03046FBF7C9FCD04602
:10EDD0004146384601F081FB6268D2B290428941D7
:10EDE000C943C90F0846FBF7BBFCD9F8203399F893
:10EDF0001D235146384601F099FF012801D1042610
:10EE00003BE00AEB4A0009EB800999F8040000286E
:10EE100001D0022631E041463846FFF7A6FC022029
:10EE200089F804003046C9F80800207B89F80500FD
:10EE3000E07A89F806006068039020788DF8080071
:10EE4000207A8DF81000607A8DF81100A07A8DF884
:10EE50001200E07A002802D01C20019001E00C2072
:10EE600001900E9C4146384601F03AF93146009136
:10EE700023462A4601A901F0A6FC304606B0BDE8AB
:10EE8000F0872DE9FC4104460E4600250328804109
:10EE9000C00FFBF765FC2046DFF88C1751F8207097
:10EEA000DFF8B01851F8201001F5477898F8010004
:10EEB000002801D101252EE00879012801D1022581
:10EEC00029E00120087198F80000012801D10120F3
:10EED00048710E6098F8000000281CD1284648713F
:10EEE00098F808000090012306222146384601F0D8
:10EEF00017FB98F8080000900123072221463846A6
:10EF000001F00EFB98F8080000900123052221462D
:10EF1000384601F005FB2846BDE8F6812DE9F04FA3
:10EF200095B005460E46DFF8001751F82070DFF85F
:10EF3000241851F820B006EB46000BEB8008D8F8F7
:10EF40000000002802D101A8C8F800003146384668
:10EF500001F0E1FAD8F800203146384601F0D4FB40
:10EF600031463846FFF701FC3846FFF7FCFB00202E
:10EF700088F8040098F805900BF5437ADAF8004019
:10EF8000002C04D05B46324601462846A04798F83C
:10EF90000400002810D198F8050000280CD10120A9
:10EFA00088F805009AF81800009000233246294698
:10EFB000384601F0B5FA0FE0B9F1000F0CD198F81E
:10EFC0000500012808D19AF8180000900023324665
:10EFD0002946384601F0A4FA15B0BDE8F08F2DE9B6
:10EFE000F84795B005460E46DFF83C1651F82070FC
:10EFF000DFF8A81651F8208000200190149006EB4D
:10F00000460008EB800999F806000028314638468A
:10F0100016D001F080FA01AA3146384601F074FB9F
:10F020003846FFF7A0FB1498C9F808000198C0F310
:10F03000036004280FD131463846FFF796FB0AE0FB
:10F0400001F05CFBC9F808003846FFF78CFB31463D
:10F050003846FFF78AFB002089F8040008F5437A58
:10F06000DAF80040002C04D04346324604212846FA
:10F07000A04799F8040000280CD1012089F8050068
:10F080009AF818000090002332462946384601F0CD
:10F0900047FA0CE099F80500012808D19AF8180001
:10F0A0000090002332462946384601F039FA16B05E
:10F0B000BDE8F08770B594B00546DFF86C2552F8CE
:10F0C0002040DFF8D82552F820603068002801D1B0
:10F0D00068463060052904D03DD307292ED01FD3C0
:10F0E00039E03079012836D13168204601F07CFDC5
:10F0F00005212046FFF739FB00203071D6F80C437C
:10F10000002C04D03346024601212846A04730791E
:10F11000002820D101207071284600F0EBFA1AE097
:10F1200006212046FFF721FBD6F80C43002C12D015
:10F130003346002202212846A0470CE00721204642
:10F14000FFF713FBD6F80C43002C04D03346002203
:10F1500003212846A04714B070BD70B50446DFF8FF
:10F16000C804214650F821501F2610E03146284699
:10F17000FFF76EFC002809D031462846FFF778FCDF
:10F18000002803D03146204600F008F8761E1C2ED9
:10F19000ECD270BDFFFF807F188308C0F8B594B033
:10F1A0000546DFF8842452F82040DFF8F02452F8B6
:10F1B00020601C2906D05CD31E293DD02DD31F29E9
:10F1C00049D056E006F540773879012851D13868A2
:10F1D000002801D1684638603968204601F045FDB5
:10F1E0001C212046FFF73EFC1D212046FFF73AFC7C
:10F1F0001E212046FFF736FC00203871FC68002CE9
:10F2000004D03346FF2205212846A047387900283C
:10F210002FD12846FFF734FD2BE01D212046FFF7B4
:10F2200021FC06F54070C468002C22D03346FF2232
:10F2300006212846A0471CE01E212046FFF712FCAD
:10F2400006F54070C468002C13D03346FF22072116
:10F250002846A0470DE01F212046FFF703FC06F5D6
:10F260004070C468002C04D03346FF220821284691
:10F27000A04715B0F0BD00000000F03F2DE9F84FA9
:10F280000C46DFF8A41351F820A0DFF8C81451F899
:10F2900020504FF0000B584600900646274639464E
:10F2A000504600F01DFF8046D8F8000020F0706046
:10F2B00040F01060C8F800000121DFF8B407FDF746
:10F2C00098FB81460120FDF77EFB009039465046B1
:10F2D000FFF757FA002808D101216846FDF77DFBAA
:10F2E00086194E45F2D34FF0030B50465946032979
:10F2F0000DD0D8F80010C1F30362082A01D14FF0F5
:10F30000050BC1F30361092901D14FF0000B394608
:10F31000FFF72BFA002004EB440105EB8101087193
:10F320005846BDE8F28F00000000E07F000F38E093
:10F330002DE9F04106460F46DFF8EC1251F8204067
:10F34000DFF8101451F8200000213A4602EB420386
:10F3500000EB830211713D4600F21D3898F8000061
:10F3600001281CD1606B000E00F00F00FFF72CFB92
:10F37000A8420AD22946204600F0B2FE016821F0D8
:10F380007061016041F080610160002F12D198F836
:10F39000073005223146204601F018F90AE02946D7
:10F3A000204600F09DFE016821F07061016041F08F
:10F3B0008061016029462046BDE8F041FFF7D5B9DC
:10F3C000E00F3FFC0000FF032DE9F04107460D462A
:10F3D00014463E46DFF8500250F82680384603288F
:10F3E0008041C00FFBF7BCF9002C01D0012000E0E8
:10F3F0000020FBF7B5F9224641463846FFF7D5FB1A
:10F40000070035D121464046FFF70AFC617D4046A2
:10F4100001F0CAFA00200AE000EB400105EB81018F
:10F4200001224A7100220A600A718A60401C402849
:10F43000F2D305F54170012141700021017004F102
:10F440004C010A7802764A6882600022C2608968AC
:10F4500001611146416161794176217D81762168A2
:10F46000C161012085F82403DFF8E80240F8265046
:10F470003846BDE8F0812DE9FC4705460E461446A6
:10F480009A460127684951F82080DFF8C81251F8E0
:10F49000209003288041C00FFBF762F9002C01D0B7
:10F4A000384600E00020FBF75BF94046FFF787FA9B
:10F4B000002816D10A980090534622463146284625
:10F4C000FFF769FC07000CD1207B002809D199F8CF
:10F4D00024030090012332462946404601F020F8DB
:10F4E00007463846BDE8F6872DE9F84384B00F4655
:10F4F00014469846002501464B4A52F82160DFF831
:10F50000542252F8219003288041C00FFBF728F9BC
:10F51000002C01D0012000E02846FBF721F9D9F8A2
:10F52000203399F81D233946304601F0FFFB0128AE
:10F5300001D1042523E039463046FFF716F960680B
:10F54000029020788DF80400207A8DF80C000F20AE
:10F55000009043466A463946304601F08AF828460C
:10F56000009043466A463946304601F082F804204E
:10F57000009043466A463946304601F07AF82846FC
:10F5800005B0BDE8F0832DE9F84304460D469046EA
:10F590001E46254951F82070DFF8B81151F8209027
:10F5A00003288041C00FFBF7DBF83346424629466B
:10F5B0002046FFF7C0FB01000AD1002E08D199F8C0
:10F5C0002403009001232A462146384600F0A8FF74
:10F5D000BDE8F2830041008080000C0006B003000B
:10F5E0000F0090D870B504460D4603288041C00F27
:10F5F000FBF7B6F80C48214650F82160304601F080
:10F60000ACFB01280AD13046FFF713FA012805D1D7
:10F6100029462046BDE87040FFF755BB29462046E5
:10F62000BDE87040FFF72DBC3C174B002DE9F041C1
:10F6300007460C46154603288041C00FFBF790F89B
:10F640000026DFF8940550F827703846FFF753F886
:10F65000B0F1010868EB08085FEAD87803D03846B3
:10F6600000F0BEFD06463846FFF7CEF9002802D16D
:10F67000300000D10126300004D12A462146384608
:10F6800001F0B2F9B8F1000F05D0384600F0FAFDEC
:10F69000010000D006463046BDE8F081402A4020F7
:10F6A00070B50C462B49024651F822500328804180
:10F6B000C00FFBF755F82646402E01DBFF2C01D189
:10F6C000012000E00020FBF74BF8402E0ADA06EBA1
:10F6D000460005EB80000079002801D1002070BDB4
:10F6E000022070BD95F80403002801D1002070BDF0
:10F6F000022070BDF8B50446DFF8DC1451F8205044
:10F70000144951F8206003288041C00FFBF728F806
:10F7100006F547773878002817D1387A009000230B
:10F7200005222146284600F0FBFE387A009000238F
:10F7300006222146284600F0F3FE387A0090002386
:10F7400007222146284600F0EBFE00203060307191
:10F75000F1BD0000402A40202DE9F04706460F4643
:10F7600015469846DFF8701451F82090DFF8B81667
:10F7700051F8204003288041C00FFAF7F1FF402DD7
:10F780008041C00FFAF7ECFF002C57D029464846BD
:10F79000FFF71DF904E06D1E29464846FFF717F9EB
:10F7A000002801D1AF42F6D3002831D02F464FF0C8
:10F7B0000C0A04F547704078012807D1082D05D2BE
:10F7C00029463046FFF776FC002709E0201D0AFB9A
:10F7D00007F1405C012803D129463046FFF79EFB24
:10F7E0000AFB07F7201DC05D022803D129463046D9
:10F7F000FFF7F5FB29464846FFF7E9F8002807D050
:10F80000201DC05D002803D129464846FEF7ADFF04
:10F81000B8F1010F29D14846FFF70BF9012824D18F
:10F8200094F81C03002820D13046BDE8F047FFF7CC
:10F8300094BC39464846FEF798FF7F1CBD42F8D27B
:10F84000B8F1010F11D11C214846FFF70BF91D211A
:10F850004846FFF707F91E214846FFF703F91F2125
:10F860004846BDE8F047FFF7FDB8BDE8F087F8B5BA
:10F870000646DFF8641351F82070DFF8AC1551F834
:10F880002040022801D9002000E00120FAF768FF9B
:10F89000002C53D03A6A90070DD5786840040AD5F9
:10F8A00002203862D4F81453002D04D023460921D5
:10F8B0003046A8473A6AD0020ED5786B00280BD59F
:10F8C0004FF480103862D4F81453002D04D023462E
:10F8D0000A213046A8473A6A90030ED57868000599
:10F8E0000BD54FF400303862D4F81453002D04D0F7
:10F8F00023460D213046A8473A6AD0030ED57868D2
:10F9000040050BD54FF480303862D4F81453002DE5
:10F9100004D023460C213046A8473A6A500710D538
:10F92000786800040DD504203862D4F81453002DF3
:10F9300007D023460B213046A847F1BDDFF840062B
:10F940003862F1BDDFF83C1651F8200000F016BC1B
:10F950002DE9F0410D4616460024DFF82816024630
:10F9600051F8227003288041C00FFAF7F9FE386879
:10F9700000F07F00A84201D3402D01D3042425E0EC
:10F980003846FEF7B8FEB0F1010868EB08085FEAF8
:10F99000D87803D0384600F023FC04463846FFF7F9
:10F9A00033F8002802D1200000D10124200004D126
:10F9B000324629463846FFF722F8B8F1000F05D045
:10F9C000384600F05FFC010000D004462046BDE848
:10F9D000F081F8B506460C4603288041C00FFAF7BF
:10F9E000BFFE0025DFF89C0550F826603046FEF784
:10F9F00082FE471EBF41FF0F03D0304600F0F0FBF0
:10FA000005463046FFF700F8002802D1280000D153
:10FA10000125280003D121463046FEF747FE002F7E
:10FA200005D0304600F02EFC010000D005462846E7
:10FA3000F2BD70B50446DFF8A01151F82450032838
:10FA40008041C00FFAF78CFE284600F097FB0600B5
:10FA50000AD12846FFF716F8284600F013FC0020CC
:10FA6000DFF8941441F82400304670BD0000000017
:10FA700040420F0010B5044603288041C00FFAF73A
:10FA80006FFEDFF8000550F8244001F0FFFA20680F
:10FA900020F00040206001F00FFB2046BDE8104040
:10FAA00000F0C5BB10B5044603288041C00FFAF72B
:10FAB00057FEDFF8D00450F82440204600F05EFBEB
:10FAC000010004D12046BDE8104000F0DBBB10BDB2
:10FAD000F8B506460C4603288041C00FFAF740FEF1
:10FAE0000025DFF8A00450F826603046FEF703FE3C
:10FAF000471EBF41FF0F03D0304600F071FB0546A3
:10FB00003046FEF781FF002802D1280000D10125F0
:10FB1000280007D101F0E4FA21463046FEF77EFFC7
:10FB200001F0F4FA002F05D0304600F0ABFB0100E5
:10FB300000D005462846F2BD2DE9F04107460C46A7
:10FB4000154603288041C00FFAF70AFE002C01D0A9
:10FB5000012000E00020FAF703FE0026DFF824046D
:10FB600050F82770D7F800805FEAD87803D038467D
:10FB700000F036FB06463868000E10F0010002D196
:10FB8000300000D1012630001AD101F023FB2946B4
:10FB90003846FEF7F0FE012D04D121463846FEF727
:10FBA00085FE0BE03846FEF7DEFE0128214638468A
:10FBB00002D1FEF752FE01E0FEF728FE01F020FB25
:10FBC000B8F1000F05D0384600F05CFB010000D012
:10FBD00006463046BDE8F0813C174B002DE9F04762
:10FBE00007460C46154603288041C00FFAF7B8FDBA
:10FBF000002C01D0012000E00020FAF7B1FD002622
:10FC0000DFF8800350F827703846FEF7D3FE8046B1
:10FC1000D7F800905FEAD97903D0384600F0E0FACF
:10FC200006463868000E00F001004146002903D066
:10FC3000002802D1300000D10126300016D138460C
:10FC4000FEF794FE824601F0EDFA2A464146384618
:10FC5000FEF76AFDBAF1010F2146384602D1FEF7E0
:10FC600053FE01E0FEF7A4FD01F0F2FAB9F1000F36
:10FC700005D0384600F006FB010000D006463046AD
:10FC8000BDE8F0872DE9F04107460C4615460328EC
:10FC90008041C00FFAF764FD0026DFF8E80250F853
:10FCA00027703846FEF727FDB0F1010868EB080819
:10FCB0005FEAD87803D0384600F092FA0646384614
:10FCC000FEF7A2FE002802D1300000D1012630004C
:10FCD0000ED101F0CFFA786B80042A4621463846CF
:10FCE00002D5FEF7F5FC01E0FEF7E2FC01F0D8FAE0
:10FCF000B8F1000F05D0384600F0C4FA010000D07A
:10FD000006463046BDE8F081F8B506460C460328A5
:10FD10008041C00FFAF724FD0025DFF8680250F893
:10FD200026603046FEF7E7FC471EBF41FF0F03D0B9
:10FD3000304600F055FA05463046FEF765FE0028CD
:10FD400002D1280000D10125280007D101F0BAFA1C
:10FD500021463046FEF75DFE01F0CAFA002F05D0BD
:10FD6000304600F08FFA010000D005462846F2BD6B
:10FD7000F8B50546DFF80C1251F8204001265E491F
:10FD800051F8207003288041C00FFAF7E9FC2046A3
:10FD9000FEF7B1FC012819D12946204600F058FC95
:10FDA00007F20535287800280DD1204600F0D5FF50
:10FDB000012808D12046FEF73CFE012803D1314638
:10FDC0002046FEF73AFE3046E87700263046F2BD80
:10FDD00070B50146DFF8AC2152F821400125464AB2
:10FDE00052F8216003288041C00FFAF7B9FC204681
:10FDF000FEF781FC012814D1204600F01EFC2046AD
:10FE000000F0ABFF012808D12046FEF712FE0128C2
:10FE100003D100212046FEF710FE002086F82403BF
:10FE20000546284670BD0000402A40202DE9F041DB
:10FE300007460C46154603288041C00FFAF790FC90
:10FE40000026504850F827703846FEF754FCB0F1B1
:10FE5000010868EB08085FEAD87803D0384600F05C
:10FE6000BFF9064630003AD1042C35D8DFE804F05B
:10FE700018260A1103002A464FF40041384600F0C4
:10FE80002BFA2CE02A464FF48041384600F024FA41
:10FE900025E02A4644F20101384600F01DFA1EE032
:10FEA0003846FEF7B1FD012801D0012617E02A46A9
:10FEB0004FF48061384600F00FFA10E03846FEF744
:10FEC000A3FD012801D0012609E02A464FF4006174
:10FED000384600F001FA02E00020FAF741FCB8F1E0
:10FEE000000F05D0384600F0CDF9010000D00646DD
:10FEF0003046BDE8F0810000402A40202DE9F04165
:10FF000005460E4603288041C00FFAF729FC374604
:10FF1000402F02DB3046FF2801D1012000E0002005
:10FF2000FAF71EFC2846174951F82040164951F8A7
:10FF300020104FF00008402F1FDA07EB470011EBAD
:10FF400080073879002802D14FF0050815E091F8B4
:10FF5000243332462946204600F038FB38790228FF
:10FF600004D131462846FFF789F9804638790128BF
:10FF700003D131462846FFF7DBF94046BDE8F08162
:10FF800006003B003C174B00402A402002680B460D
:10FF90005B1E9B41DB0F63F35142026070470068B8
:10FFA000C00A00F001007047426B0B465B1E9B418C
:10FFB000DB43DB0F63F30C3242637047426B0B464B
:10FFC0005B1E9B41DB43DB0F63F3104242637047D0
:10FFD000426B0B465B1E9B41DB43DB0F63F38E32B0
:10FFE00042637047426B0B465B1E9B41DB43DB0F5A
:10FFF00063F351424263704742680B465B1E9B416C
:02000004004AB0
:10000000DB0F63F3861242607047426B0B465B1E48
:100010009B41DB0F63F3CB224263704742680B4680
:100020005B1E9B41DB43DB0F63F3C71242607047EB
:100030000146FF200A46412A02D2DFF8EC0C405C60
:10004000704738B5044600F07BF80546204600F0BE
:1000500077F804F180010022134602E041F82230D3
:10006000521CB2EB850FF9D31A4604E004EB82056B
:10007000C5F88038521C8242F8D3606B40F0805043
:10008000606318462061A0646061A06102E01846C8
:10009000086001200028FAD0606B20F08050606377
:1000A00031BD0000014608200A46092A01D208464F
:1000B0007047093A062A12D8DFE802F00406080A57
:1000C0000C0E10000C207047102070471420704751
:1000D000182070472020704730207047402070471C
:1000E0002DE9F04180460C4600200646E4B2074662
:1000F000014608F1800503E08036641AE4B27F1CF3
:100100003A46D2B2022A0EDA3946C9B2404600F067
:10011000C5F908304FF400710246D2B2B1FBF2F1DA
:10012000C9B28C42E8DAB4FBF1F201FB1244C0B26E
:100130008008604310FA86F005EB8000BDE8F0818E
:1001400001460020024609E006A353F822309942F6
:1001500003D100BF06A050F82200521C032AF3D39B
:1001600070470000004030400080304000C0304008
:10017000400000004000000040000000F8B50446C8
:100180000020009005460121DFF8E80BFCF731FC68
:1001900006462F4600F0A8FE206840F08040206010
:1001A000206840F0805020602068C00F03D0206895
:1001B00020F00040206000F0ADFE0120FCF703FCC1
:1001C00000902068C0F30060002807D10121684634
:1001D000FCF703FC4519B542F3D303273846F2BDBB
:1001E000F8B504460020009005460121DFF8840B95
:1001F000FCF7FFFB06462F4600F0A0FE206820F02B
:100200000040206000F0B0FE0120FCF7DCFB009015
:100210002068C0F30060002807D101216846FCF780
:10022000DCFB4519B542F3D303273846F2BDF8B5D8
:1002300004460020009005460121DFF8380BFCF74A
:10024000D8FB06462F4600F0A3FE206820F0805021
:100250002060206820F08040206000F0AFFE012088
:10026000FCF7B1FB00902068C0F30060002807D0C5
:1002700001216846FCF7B1FB4519B542F3D30327CA
:100280003846F2BDF8B5044600200090054601212D
:10029000DFF8E00AFCF7ADFB06462F462068C00FEA
:1002A00018D100F09FFE206840F00040206000F070
:1002B000AFFE0120FCF787FB00902068C0F30050E0
:1002C000002807D101216846FCF787FB4519B54294
:1002D000F3D303273846F2BDF8B504460E46174659
:1002E000354600F0A9FE44F20100002F16D0314639
:1002F000814204D1606B40F00040606321E03046F1
:10030000B0F5806F02D0B6F5006F03D1206840F4DD
:100310000010206060680543656012E0864204D1E9
:10032000606B20F0004060630BE0606820EA050528
:100330006560606810F4406F03D1206820F40010FD
:100340002060BDE8F14000F08DBEF8B50446002005
:10035000009006460121DFF81C0AFCF74AFB07461D
:100360003546206840F0007020600120FCF72BFB30
:1003700000902068C0F34060002807D00121684643
:10038000FCF72BFB8619BE42F3D3032528002BD1A3
:10039000206840F4805020602046FFF752FE4FF066
:1003A000FF3626616661A6610020A06226632046B2
:1003B000FFF7C6FE212802D300206062E662DFF864
:1003C000000B2062002060604FF48010606300200A
:1003D000206504F53F600021016041608160C160DB
:1003E0004161DFF8E01A01612846F2BD38B50446E4
:1003F0000D46FFF7A5FE024692B200212068C0F329
:10040000C020002800D00121080015D1206840F04C
:1004100000502060606B65F31B6060634FF0FF303D
:10042000A06400206FF0604304E004EB8005C5F891
:100430008038401C9042F8D3084632BD38B5044697
:100440000D46FFF7ACFD002804D12878401E8041FE
:10045000C00F00E00120FAF78DF92046FFF79FFD5D
:10046000002804D16878401E8041C00F00E00120C0
:10047000FAF780F92046FFF792FD00280DD0D4F856
:10048000000C20F44030297840EA014020F4C010EC
:10049000697840EAC140C4F8000C31BD0246002929
:1004A00002D0012908D00FE00820D2F8001C090C66
:1004B00001F0030188400EE00820D2F8001CC90CAE
:1004C00001F00301884006E00820D2F8001C090C66
:1004D00001F003018840C0B27047F8B504460D46EC
:1004E00008200026374600E07F1C3946C9B20229A1
:1004F00010DA3946C9B22046FFF7D0FF4FF4007139
:1005000000F10802D2B2B1FBF2F18E193146C9B244
:100510008D42E9D2F2BD80B5FFF7E2FD006801BD72
:100520002DE9F0470546894690461E46089C01275E
:1005300008F01F008740DFF890A9B8F1200F1DD206
:1005400030000FD000F0E6FE5AF8390038434AF880
:1005500039002046012802D15AF83900A86200F07B
:10056000EFFE0BE000F0D6FE5AF83900B8434AF827
:1005700039005AF83900A86200F0E2FEA8F120081C
:10058000B8F1200F1FD20AEBC908002E0ED000F0E0
:10059000C1FED8F804000743C8F80470012C02D14A
:1005A000D8F80400686200F0CBFE0CE000F0B2FE68
:1005B000D8F8040020EA0707C8F80470D8F8040047
:1005C000686200F0BDFE0020BDE8F0872DE9F04133
:1005D00004460F4690461D46012608F01F0086403F
:1005E000B8F1200F10D200F0A5FD3846DFF8D8187A
:1005F000A26AB24341F830202A46012A02D151F8BA
:100600003000A06200F0ACFDA8F12008B8F1200F86
:1006100011D200F08FFDDFF8B00800EBC700616A6F
:1006200021EA06064660012D01D140686062BDE8FE
:10063000F04100F095BDBDE8F08110B50446FFF72C
:100640007FFD0021A162212801D30846606210BD10
:1006500038B504460D46FFF773FDDFF86C1851F806
:100660003520A262212803D301EBC50040686062F7
:1006700031BD70B514461D46FFF732FD0646002C0D
:1006800001D0012000E00020FAF774F8002030606B
:1006900070602079012810D1306840F4001030607B
:1006A000306820F480003060706800F06040706056
:1006B000716825F0604001437160207900280ED1F7
:1006C000306820F4C000306070686FF39C40706048
:1006D0007068DFF8F81701EA854108437060206808
:1006E0000F280AD0306820F07060306030682168D0
:1006F000090601F070610843306070BD80B5FFF7F6
:10070000EFFC006880B202BD2DE9F0410746884643
:100710001446FFF7E5FC05462868000C00F00F00C2
:10072000FFF7C0FC0646002C01D0012000E00020AD
:10073000FAF720F841463846FFF7CFFEB04204DA18
:1007400041463846FFF7C9FE064604F148000670E8
:10075000296821608902696801D5616001E0890C1E
:100760006160216889B24160002015E020F003013A
:1007700005F10802525813461B0A03F47F4343EA6B
:100780001263170207F47F073B4343EA026304F155
:1007900008025350001DC0B2B108B0EB810FE5D381
:1007A000B0420EDA05F1080182089200D21C00F076
:1007B0000303D21A895C04F108021154401CC0B230
:1007C000EEE7BDE8F0812DE9F84304460D461646F4
:1007D0000027002D01D0012000E038469946F9F7A6
:1007E000C9FF4FF00060206038466060A868C0B262
:1007F000FFF71EFC8046B9F1000F42D0384616E0E4
:100800000146890859F8212013461B0A03F47F4347
:1008100043EA12634FEA022C0CF47F0C4CEA030308
:1008200043EA026304F1080242F82130001DA9687E
:100830008908B0EB810FE3D3A96888420CD204F198
:10084000080182089200D21C00F00303D21A19F8A2
:1008500000308B54401CEFE74046FFF723FCA968AB
:1008600004F108020BE08B089B00DB1C01F0030C79
:10087000A3EB0C0395F80DC002F803C0491C81429C
:10088000F1D3287901280AD1606800F060406060E7
:10089000616826F06040014361604FF4C007287929
:1008A00000280CD160686FF39C4060606068DFF8DE
:1008B0001C1601EA86410843606027F4C00768F30C
:1008C000134729680F291CD01C2902D147F480172F
:1008D00004E00898012801D147F4801727F07067D9
:1008E000090601F070610F43287B002803D027F42C
:1008F000801747F00047A87B002801D047F08047C9
:100900002760BDE8F1832DE9F84304460D4604F164
:1009100080096F1E3946FFF7E0FD80460026284615
:10092000401E8041C043C00FF9F724FF39462046DE
:10093000FFF7D6FB80442046FFF702FC09EB0010CE
:1009400008F10808404504D32046FFF7F9FBA84208
:1009500000D20426300024D1206867F3060020600E
:100960002068C0F3407000281BD1002706E008EB88
:1009700001031A72491C8142F9D37F1CAF4210D285
:1009800039462046FFF7ACFB80460020C8F800003F
:10099000C8F8040039462046FFF79FFD00210A46AB
:1009A000E9E73046BDE8F283002903D002290FD0E1
:1009B00009D37047416821F008014160416821F482
:1009C000805141607047416841F0080141607047C3
:1009D000416841F480514160416821F00801416063
:1009E0000121FFF7D3BA00002DE9F0410746884600
:1009F000144607F1E005002C02D14046032801D13E
:100A0000012000E00020F9F7B5FE786BC0F3036623
:100A1000B8F1030F00F2E680DFE808F0023282DA74
:100A200000F0B0FB386820F44070386000F0C0FB84
:100A3000002107E0DFF8980400EAC340821845F877
:100A400021201BE0701CB1EBC00F80F0CB80002296
:100A500014F83100002801D04FF00042201D50F85A
:100A60003130601C10F831000028E3D042F08042A1
:100A70005B0023F040439A1845F82120491CE1E728
:100A800000F080FB0120396860F30921396000F033
:100A90008FFB00273B4620E043F6F87202EACC02C7
:100AA0005118014345F8231015E0DFF8240400EA4B
:100AB000CE40844445F823C0D2F80CC0507A0028B8
:100AC00055F82300E8D041F48041CCF3CD325118E1
:100AD000014345F82310BF1C5B1C701CB3EBC00F17
:100AE00080F080804FF0000C614604EBC702107864
:100AF000002801D04FF0004C107A002801D04FF4AC
:100B00000041D2F804E050780028CED04CF0804C60
:100B1000DFF8C00300EA4E00844445F823C0CBE769
:100B200000F030FB0220396860F30921396000F0E1
:100B30003FFB00231A4618E0C7F3C701084345F8F6
:100B4000220010E07F0107F47F47074345F8227039
:100B5000CF69487E002855F82200EDD0C7F34751F1
:100B6000084345F822001B1D521C701CB2EBC00F3D
:100B700038D204EBC3014F684878002804D07F0DB9
:100B80003F0645F8227003E0FF083F0645F8227053
:100B9000CF68487A002855F8220006D07F0907F46C
:100BA0007F07074345F8227005E07F0307F47F07BE
:100BB000074345F822704F69487C002855F8220009
:100BC000C0D07F0B07F47F47074345F82270BFE78B
:100BD00000F0D8FA386840F440703860BDE8F04161
:100BE00000F0E6BABDE8F081F8B507460C4607F11B
:100BF00080052868000C00F00F00FFF753FA064646
:100C0000002C01D0012000E00020F9F7B3FD092EEF
:100C100000D3082604F14800067029682160890283
:100C2000696801D5616001E0890C6160F96C41700F
:100C3000216889B24160002014E00146890805EB73
:100C40008102926813461B0A03F47F4343EA12634E
:100C5000170207F47F073B4343EA026304EB810179
:100C60008B60001DB042E8D3F1BDF8B505460C46D7
:100C700005F500563068000C00F00F00FFF712FA7F
:100C80000746002C01D0012000E00020F9F772FD9A
:100C900004F148000770316821608902716801D54C
:100CA000616001E0890C61602168CA0200D50027FB
:100CB00007F00302521E9241D2433B469B1013EBB6
:100CC000D27206F10803D2B253F8222002F07F025A
:100CD000890205D4D5F80C1C090C01F07F015218CB
:100CE000DFF8F411895C4170216889B2416000200D
:100CF00016E00146890806F1080252F82120134641
:100D00001B0A03F47F4343EA1263150205F47F05CF
:100D10002B4343EA026304F1080242F82130001D2C
:100D2000B842E6D3F1BD00001CCC4A0030B4044602
:100D300000200D46DBB29D4201D301200BE0012AC9
:100D400009D1626BC2F30362521CD2009208521D99
:100D50008A4200D3012030BC704702460021084679
:100D600000E00121002903D15C498A42F9D1012028
:100D70007047000040420F002DE9F04107468846C9
:100D800016461C460025FFF7E8FF00282BD006EB8F
:100D90005801491E56EA080000D101255FEAC870D3
:100DA00000D501253868800000D5012528001BD119
:100DB00007F60C40026842F000420260826842F08E
:100DC00000628260826822F070428260026861F391
:100DD0000D220260016866F316410160016864F348
:100DE0000401016000E001252846BDE8F08138B526
:100DF00004460D46A80604D501212046FFF7D4F885
:100E000003E000212046FFF7CFF8680604D5012152
:100E10002046FFF7D3F803E000212046FFF7CEF885
:100E2000280704D501212046FFF7D2F803E000216E
:100E30002046FFF7CDF8A80707D52068000504D4A1
:100E400001212046FFF7EAF803E000212046FFF7E2
:100E5000E5F8680704D501212046FFF7CDF803E047
:100E600000212046FFF7C8F8E80704D501212046F5
:100E7000FFF7B8F803E000212046FFF7B3F8E806D3
:100E800005D501212046BDE83440FFF7BEB800215A
:100E90002046BDE83440FFF7B8B810B400210C4636
:100EA00008E0094A034602EBC3020B46DBB242F8F4
:100EB0002340491C0A46D2B2022AF2D310BC704722
:100EC00006003B00004100804C2A40200000FC1F2F
:100ED0000000F83F0000FF3F642A402000403040FF
:100EE000EFF310807047000070B5FAF7BCFE0446BF
:100EF000DFF8705405EB84063069002806D1FFF74F
:100F0000EFFFC10700D472B645F824003069401CD9
:100F1000306170BD80B5FAF7A6FEDFF8481401EB2A
:100F2000800213695B1E136151F82000C00703D4CF
:100F30001069002800D162B601BD000070B5FAF753
:100F400092FE0446DFF8205405EB84063069002841
:100F500006D1FFF7C5FFC10700D472B645F82400DB
:100F60003069401C306170BD80B5FAF77CFEDFF857
:100F7000F81301EB800213695B1E136151F8200026
:100F8000C00703D41069002800D162B601BD00007B
:100F900070B5FAF768FE0446DFF8D05305EB840617
:100FA0003069002806D1FFF79BFFC10700D472B655
:100FB00045F824003069401C306170BD80B5FAF7F7
:100FC00052FEDFF8A81301EB800213695B1E136168
:100FD00051F82000C00703D41069002800D162B680
:100FE00001BD000070B5FAF73EFE0446DFF88053FD
:100FF00005EB84063069002806D1FFF771FFC107B1
:1010000000D472B645F824003069401C306170BDD0
:1010100080B5FAF728FEDFF8581301EB8002136958
:101020005B1E136151F82000C00703D4106900282B
:1010300000D162B601BD000070B5FAF714FE044697
:10104000DFF8305305EB84063069002806D1FFF73E
:1010500047FFC10700D472B645F824003069401C30
:10106000306170BD80B5FAF7FEFDDFF8081301EBC3
:10107000800213695B1E136151F82000C00703D47E
:101080001069002800D162B601BD000070B5FAF702
:10109000EAFD0446DFF8E05205EB840630690028DB
:1010A00006D1FFF71DFFC10700D472B645F8240032
:1010B0003069401C306170BD80B5FAF7D4FDDFF8AF
:1010C000B81201EB800213695B1E136151F8200016
:1010D000C00703D41069002800D162B601BD00002A
:1010E00070B5FAF7C0FD0446DFF8905205EB8406B0
:1010F0003069002806D1FFF7F3FEC10700D472B6AD
:1011000045F824003069401C306170BD80B5FAF7A5
:10111000AAFDDFF8681201EB800213695B1E136100
:1011200051F82000C00703D41069002800D162B62E
:1011300001BD000070B5FAF796FD0446DFF8405295
:1011400005EB84063069002806D1FFF7C9FEC10708
:1011500000D472B645F824003069401C306170BD7F
:1011600080B5FAF780FD864901EB800213695B1EAA
:10117000136151F82000C00703D41069002800D182
:1011800062B601BD70B5FAF76EFD04467D4D05EB04
:1011900084063069002806D1FFF7A2FEC10700D4FB
:1011A00072B645F824003069401C306170BD000003
:1011B00080B5FAF758FD734901EB800213695B1E95
:1011C000136151F82000C00703D41069002800D132
:1011D00062B601BD70B5FAF746FD04466A4D05EBEF
:1011E00084063069002806D1FFF77AFEC10700D4D3
:1011F00072B645F824003069401C306170BD0000B3
:1012000080B5FAF730FD604901EB800213695B1E7F
:10121000136151F82000C00703D41069002800D1E1
:1012200062B601BD70B5FAF71EFD0446574D05EBD9
:1012300084063069002806D1FFF752FEC10700D4AA
:1012400072B645F824003069401C306170BD000062
:1012500080B5FAF708FD4D4901EB800213695B1E6A
:10126000136151F82000C00703D41069002800D191
:1012700062B601BD70B5FAF7F6FC0446444D05EBC5
:1012800084063069002806D1FFF72AFEC10700D482
:1012900072B645F824003069401C306170BD000012
:1012A00080B5FAF7E0FC3A4901EB800213695B1E56
:1012B000136151F82000C00703D41069002800D141
:1012C00062B601BD70B5FAF7CEFC0446314D05EBB0
:1012D00084063069002806D1FFF702FEC10700D45A
:1012E00072B645F824003069401C306170BD0000C2
:1012F00080B5FAF7B8FC274901EB800213695B1E41
:10130000136151F82000C00703D41069002800D1F0
:1013100062B601BD70B5FAF7A6FC04461E4D05EB9A
:1013200084063069002806D1FFF7DAFDC10700D432
:1013300072B645F824003069401C306170BD000071
:1013400080B5FAF790FC144901EB800213695B1E2B
:10135000136151F82000C00703D41069002800D1A0
:1013600062B601BDB8424020D8424020F842402039
:1013700018434020384340205843402078434020C1
:1013800098434020B8434020D8434020F8434020B1
:1013900018444020384440205844402018B40C469B
:1013A0001146FF290CD193F8051300292FD12146AE
:1013B000052901D007292AD1022218BCFCF70CBD4F
:1013C00001EB410203EB82025279002A1FD1042C67
:1013D0001DD8DFE804F0080D121703000322C9B27C
:1013E00018BCFCF7F9BC0022C9B218BCFCF7F4BC6D
:1013F0000122C9B218BCFCF7EFBC0122062118BCBF
:10140000FCF7EABC0122072118BCFCF7E5BC11BCC3
:1014100070470B2901D1FCF7F3BC704710B50021D0
:10142000F9F72EF9002821D100241DE04448016875
:10143000886800EBC4004078002814D10020414A9D
:10144000105541488A6812F83420845408308A685C
:1014500012F8342000238354886800EBC40110F88C
:10146000340000F08AF8641C022CDFD310BD38B5BC
:10147000364C2078022808D001231A460021FF208C
:1014800001B0BDE83040F9F7FFBE00251DE02C4853
:1014900001688A6802EBC5004078002814D12A4808
:1014A0004FF0FF3312F83520835408308A6812F861
:1014B000352083540020234A5055886800EBC5012D
:1014C00010F8350000F073F86D1C022DDFD30120F9
:1014D000207031BDF8B506460C46012702230022D4
:1014E000F9F7FCF8002829D1154D2868806800EB31
:1014F000C6018A78012A1BD010F8360000F0B0F837
:1015000001281BD0022819D00E49207A002802D1C8
:101510003846885501E0022088552868806800EB2D
:10152000C602214610F8360000F048F8074605E0EC
:1015300002231A460021FF20F9F7A6FE3846F2BD25
:1015400040404020E02840204034402008404020D7
:1015500018B40246052A02D0062A05D008E0012266
:101560003B4B0C461A5503E00222394B0C461A55E8
:1015700014BC00F089B800F087B810B5044648687C
:101580008978012909D00168204600F062FD3149BF
:101590002046BDE8104000F0FABF4168204600F048
:1015A00053FF2D492046BDE8104001F004B889786A
:1015B000012901D000F0B1BD00F0A0BF7CB5044608
:1015C0000D46AA78298800F0C7FDE978204601F089
:1015D00007F8EA88E96841F288336879461EB6411F
:1015E000F60F287A002800933346204602D100F0F7
:1015F000DCFD01E000F068FE01000BD0E96800901E
:1016000008784B7843EA00232A7A29882046E2F7B3
:10161000ADFA012076BD002902D002290AD013E0DC
:101620000B490E4A1056085C002801D10020704773
:10163000032070470649094A1056085C012801D169
:10164000012070470220704704207047000000000E
:10165000E028402077154A0051154A0040344020C8
:1016600010B504468878012805D00021204600F0F6
:101670008AFE014604E00021204600F06CFF01468E
:101680002046BDE81040C6E77047FEE740680121EC
:10169000000A00F00F0001FA00F0704740680121D5
:1016A00000F00F0001FA00F07047016941F4007189
:1016B00001617047016941F48071016170470269FD
:1016C0005208012901D1012100E0002101F00101AE
:1016D00051EA4202026170474069400800F001008F
:1016E0007047406900F0010070474069000B00F04E
:1016F000010070474069C00A00F00100704740696E
:10170000800A00F0010070474FF48051416170473A
:101710004FF40061416170474FF48061416170474F
:101720008369012A01D1194301E023EA01018161A2
:101730007047426A61F31A6242627047826A61F3DB
:101740001B6282627047826A61F313428262704751
:10175000D0F8282161F31B62C0F828217047D0F827
:10176000282161F31342C0F828217047C26A61F34F
:101770001322C2627047426A22F48062012901D1B9
:10178000012100E00021890201F480610A434262E4
:101790007047826A120BC1F30B0151EA0231816278
:1017A0007047426A61F3492242627047426AD20836
:1017B00001F0070151EAC20141627047826C61F396
:1017C0000D2282647047826C61F31D6282647047EF
:1017D000826C61F3154282647047826C920901F059
:1017E0003F0151EA821181647047026D61F31D620D
:1017F00002657047026D61F3154202657047026D24
:1018000061F30D2202657047026D920901F03F01FC
:1018100051EA821101657047826D61F31142826560
:101820007047806D000C00F003007047826D9208D5
:1018300001F0030151EA820181657047C06D000C1F
:1018400000F007007047C06D00F00700704712EB12
:10185000012101667047006FC0B27047D0F81021B7
:101860005208012901D1012100E0002101F001010C
:1018700051EA4202C0F810217047D0F81831012A0D
:1018800001D1194301E023EA0101C0F818117047A2
:10189000D0F81C2122F00202012901D1012100E02F
:1018A0000021490001F002010A43C0F81C217047E1
:1018B000D0F81C215208012901D1012100E00021AA
:1018C00001F0010151EA4202C0F81C217047D0F832
:1018D000242161F31242C0F824217047D0F824215A
:1018E00022F40052012901D1012100E00021490325
:1018F00001F400510A43C0F824217047D0F8242194
:1019000061F30C32C0F824217047D0F8242122F072
:101910000802012901D1012100E00021C90001F0E4
:1019200008010A43C0F824217047D0F8242122F08E
:101930000402012901D1012100E00021890001F008
:1019400004010A43C0F824217047D0F8242122F072
:101950000202012901D1012100E00021490001F02A
:1019600002010A43C0F824217047D0F8242152080C
:10197000012901D1012100E0002101F0010151EA1A
:101980004202C0F824217047D0F8402161F34A0296
:10199000C0F840217047D0F85421520801F00101ED
:1019A00051EA4201C0F85411704710B5040001D04B
:1019B000012000E00020F8F7F1FEA07AE17A8842E9
:1019C00001D1012010BD002010BD10B5040001D0D0
:1019D000012000E00020F8F7E1FE0020E072A07294
:1019E00010BD2DE9F04105460C4616461F46002C59
:1019F00001D0012000E00020F8F7D0FE002D01D03A
:101A0000012000E00020F8F7C9FE2846FFF71BFF81
:101A100080462846FFF742FE804505D23A463146C9
:101A20002846BDE8F04112E7A07A05288041C00FA2
:101A3000F8F7B4FEA07A2654A07A20444771A07A21
:101A4000401CA072BDE8F081F8B504460D0001D03D
:101A5000012000E00020F8F7A1FE002C01D00120B9
:101A600000E00020F8F79AFE2046FFF7ECFE06465D
:101A70002046FFF713FE07460DE0E87A29184A7959
:101A8000295C2046FFF7E3FEE87A401CE872204616
:101A9000FFF7D9FE06462846FFF787FF002801D149
:101AA000BE42EADB2846FFF780FF002803D0284625
:101AB000BDE8F24089E7F1BDF8B505460C4616468B
:101AC000002C01D0012000E00020F8F767FE002D77
:101AD00001D0012000E00020F8F760FEA07E03287E
:101AE0000CD194F82000002808D1E37F052221467C
:101AF0002846FFF776FF012084F8200094F82000A4
:101B0000012801D1062700E0042794F822000028CC
:101B100022D0A08BC00900F00600A0F11003DBB2B8
:101B20003A4621462846FFF75CFFA38BDBB2002232
:101B300021462846FFF755FF012E1DD1A08BC00975
:101B400000F00600A0F10F03DBB23A46214628461A
:101B500001B0BDE8F04044E7012E01D1012300E0CF
:101B60000023A08B03EB4003DBB23A462146284614
:101B700001B0BDE8F04034E7F1BDF8B504460D0012
:101B800001D0012000E00020F8F708FE002C01D071
:101B9000012000E00020F8F701FE2046FFF753FE89
:101BA00007462046FFF77AFD06462846FFF7FDFE6A
:101BB000002810D1F1BD2869027800212046FFF7E6
:101BC00046FE2869401C2861E868401EE8602046FF
:101BD000FFF739FE0746E868002801D0B742EADB84
:101BE000F1BDF8B505460C4616461F46002C01D03F
:101BF000012000E00020F8F7D1FD002D01D00120E8
:101C000000E00020F8F7CAFD002243F60341284611
:101C1000FFF786FD012F05D12846FFF74BFD28462B
:101C2000FFF743FD012E07D1002202212846FFF7CE
:101C30000EFE002084F8200000202061E0600120DA
:101C4000A077F1BD70B50D46DFF8741751F820602C
:101C5000DFF8B41751F82040002C01D0012000E03B
:101C60000020F8F79BFD00213046FFF762FD0021C0
:101C70003046FFF796FDA57670BD10B504460021ED
:101C8000FFF73CFE00212046FFF785FE002120469D
:101C9000FFF73BFE01212046FFF747FE01212046CA
:101CA000FFF753FE01212046BDE810405DE6F8B580
:101CB0000D460026DFF8081751F82070DFF84817A6
:101CC00001EB80008468002C01D0012000E0304648
:101CD000F8F764FD3846FFF7D0FF2846032800D107
:101CE000012631463846FFF7F9FD2573F1BD38B5B9
:101CF00004460D46FFF708FDA87E032802D1002008
:101D000085F82000012068760346002229462046F7
:101D1000FFF767FFEA6A002A05D095F830100B201C
:101D2000BDE83840104731BD38B504460D460020A7
:101D300085F8200003206876012300222046FFF763
:101D400050FFEA6A002A03D095F830100B20904724
:101D50002046BDE83240FFF7DFBC38B504460D46EB
:101D6000FFF7D6FC0123002229462046FFF739FF62
:101D700006206876EA6A002A05D095F830100B2014
:101D8000BDE83840104731BD38B504460D46FFF771
:101D9000ACFC002803D029462046FFF7A8FF2046C8
:101DA000FFF7A8FC002803D029462046FFF7D5FFFF
:101DB0002046FFF7A4FC002804D029462046BDE8B1
:101DC0003440B1E731BD70B5044600260228804199
:101DD000C00FF8F7E3FCDFF8E80550F82450DFF80F
:101DE000280650F82440002C01D0012000E03046A5
:101DF000F8F7D4FC2846FFF774FC00280AD02046E8
:101E0000FFF7D3FD002804D121462846FFF71CFE2A
:101E100000E00126002E1BD02069002818D0E068C1
:101E2000002811D1002394F8212021462846FFF7ED
:101E3000D8FE0020607604F12C000268002A07D04A
:101E400001790B20904703E021462846FFF795FED5
:101E500021462846BDE8704096E738B504460D4651
:101E60000DE02046FFF7F7FC296908702869401C3F
:101E70002861E868401EE8606869401C6861204687
:101E8000FFF7DCFC002802D0E8680028E9D131BD6A
:101E900038B5044602288041C00FF8F77FFCDFF810
:101EA000200550F82450DFF8600550F82440002C3D
:101EB00001D0012000E00020F8F770FC2846FFF771
:101EC0000BFC00283BD021462846FFF7C6FFE06800
:101ED000002811D1002394F8212021462846FFF73D
:101EE00080FE0020607604F12C000268002A26D0D3
:101EF00001790B20904722E02846FFF792FCE16829
:101F0000884205D3491E89B22846FFF785FC16E0B2
:101F10006069001D000612D1081F40F201129042B4
:101F200006D3FF23012221462846FFF75AFD06E08B
:101F30004B1FDBB2012221462846FFF752FD214606
:101F40002846BDE834401FE738B504460D462978D9
:101F5000FFF72CFCE968C9B22046FFF739FC296974
:101F6000C9B22046FFF72FFC6968C9B22046FFF7C7
:101F700025FCA968C9B22046BDE83440FFF72DBC56
:101F800038B504460D46E969C9B2FFF72EFC296A47
:101F9000C9B22046FFF72EFC6969C9B22046FFF797
:101FA0002EFCA969C9B22046BDE83440FFF72CBC1D
:101FB0002DE9F04107460C461546022602288041CD
:101FC000C00FF8F7EBFB3846DFF84C1651F82080CD
:101FD000DFF8401651F82000807F002814D000213F
:101FE0004046FFF76CFB29464046FFF7ADFF294608
:101FF0004046FFF7C5FF21463846FFF723FE012183
:102000004046FFF75CFB00263046BDE8F08110B586
:1020100004460846FFF7D9FC2046BDE8104000F012
:102020001BBB38B504460D462969FFF787FB696974
:102030002046FFF788FBE9682046FFF7AAFB01214D
:102040002046FFF798FBA9682046BDE83440FFF71B
:102050008DBB2DE9F04105460C0001D0012000E0C8
:102060000020F8F79BFB284602288041C00FF8F7B4
:1020700095FB2E46DFF89C7557F82600002801D105
:10208000012000E00020F8F789FBDFF88C0550F80C
:10209000268004F128004178C1EBC10207EBC201A0
:1020A000103147F8261000220A760A61CA604A7683
:1020B00001228A7722888A8301F12202A378137091
:1020C000637E537001F12406E2693260226A726015
:1020D000626AB26000783073207E40F00800C877F2
:1020E000002081F82000606830614046FFF78FFFD4
:1020F00021464046FFF795FF3269E1782846FFF711
:1021000057FFA2782188284600F026F80121404692
:10211000FFF7D5FA0020BDE8F08170B5044602282B
:102120008041C00FF8F73AFBDFF8940250F82450D2
:10213000DFF8E06456F82400002801D0012000E018
:102140000020F8F72BFB002046F824000146284623
:10215000FFF7B5FA002070BD70B504460D4616466F
:1021600002288041C00FF8F719FBDFF8A80450F8E7
:102170002440002C01D0012000E00020F8F70EFBE5
:1021800004F11C000580867170BD38B504460D460B
:102190000022FFF791FC29462046FFF7EEFC0021C4
:1021A0002046BDE83440FFF741BB2DE9FE4F06460F
:1021B0000D46934699460C98002100910F46FAF778
:1021C00018FC80464FF0020A304602288041C00FBA
:1021D000F8F7E4FA002D01D0012000E03846F8F7C6
:1021E000DDFA5846401E8041C043C00FF8F7D6FACA
:1021F0003046734951F820100191834951F820402D
:10220000002C01D0012000E03846F8F7C7FAA07F83
:10221000002827D0C4F80CB025613846207684F811
:102220002190A0775046607621460198FFF7ADFFD8
:102230003846FAF7C8FB00903046FFF7C4FD00218E
:102240006846FAF7CAFBC7190021304600F09BF830
:10225000022801D14745EFD3474501D309206076D5
:1022600094F819A05046BDE8FE8F70B50C4654494D
:1022700051F82050DFF89C1351F8206001223146BC
:102280002846FFF719FC40F20110844206D3FF23D1
:10229000012231462846FFF7A4FB07E004F1FF03C3
:1022A000DBB2012231462846FFF79BFB2846FFF7A9
:1022B000EDF9844201D2E4B22046411E89B228469B
:1022C000BDE87040FFF7A8BA2DE9F84F06460D4665
:1022D000934699460A98002100910F46FAF789FB28
:1022E00080464FF0020A304602288041C00FF8F7BE
:1022F00055FA002D01D0012000E03846F8F74EFADB
:102300005846401E8041C043C00FF8F747FA3E4888
:10231000314650F82140002C01D0012000E0384621
:10232000F8F73CFAA07F00282AD0C4F80CB0256149
:102330000120207684F821903846A07750466076B8
:1023400059463046FFF791FF3846FAF73CFB0090BC
:10235000384660613046FFF79BFD00216846FAF77A
:102360003CFBC7190021304600F00DF8022801D1CE
:102370004745EFD3474501D30920607694F819A06B
:102380005046BDE8F28F38B505460C46022880411C
:10239000C00FF8F703FA1C4850F82550002D01D063
:1023A000012000E00020F8F7F9F9002C05D095F89D
:1023B0002300012801D1E8682060687E32BD00005A
:1023C00048174B0038B5DFF8501251F82040DFF8BD
:1023D000441201EB80008568687C002805D1012249
:1023E00040F604712046FFF748FA687C012805D1C1
:1023F000012240F606712046FFF73FFA01212046F0
:10240000BDE83440FFF72ABAE42A402038B5044634
:102410001546FFF7B9FA002D05D001212046BDE889
:102420003440FFF754BA00212046BDE83440FFF79E
:102430004EBA38B504461546FFF78AF929462046B4
:10244000BDE83440FFF78BB92DE9F04105460C009B
:1024500001D0012000E00020F8F7A0F9284602286A
:102460008041C00FF8F79AF92E46DFF8A87107F1FE
:10247000080050F82600002801D1012000E00020CB
:10248000F8F78CF9DFF8900150F8268007F1080082
:1024900050F8266000203070A069F061207F86F837
:1024A00020000020B060706086F8210060797074B0
:1024B000206970616069B06100207070A0787073ED
:1024C0000020B073E078F073404600F0C5F8A278C1
:1024D00021884046FFF79AFF21792846FFF7E7FB5E
:1024E000E268A1684046FFF7A4FFF07B002802D015
:1024F0002846FFF767FF0020BDE8F08170B504466D
:1025000002288041C00FF8F749F9DFF80C0150F8B4
:102510002450DFF8000100EB8406B468002C01D0E1
:10252000012000E00020F8F739F9607C00280AD18A
:10253000E07B012807D100212846FFF7A9F90021F7
:102540002846FFF7B5F90020B06001462846FFF79E
:1025500085F9002070BD38B505460C46022880413B
:10256000C00FF8F71BF92B4800EB85008568002D9C
:1025700001D0012000E00020F8F710F9002C04D071
:10258000687C012801D168682060287832BD38B5A0
:1025900004460D4602288041C00FF8F7FFF81D4899
:1025A00050F82440002C01D0012000E00020F8F772
:1025B000F5F8E56231BD38B504460D460228804184
:1025C000C00FF8F7EBF8134800EB84008468002C88
:1025D00001D0012000E00020F8F7E0F8E56131BD0E
:1025E00038B504460D4602288041C00FF8F7D6F8EA
:1025F000084850F82440002C01D0012000E00020C1
:10260000F8F7CCF8012D02D10320A07631BD0020CF
:10261000A07631BDE42A402048174B00026922F021
:102620000202012901D1012100E00021490001F04D
:1026300002010A4302617047D0F8102122F0020221
:10264000012901D1012100E00021490001F002012E
:102650000A43C0F81021704710B504460121FFF766
:10266000DDFF01212046FFF7E7FF00202061C4F8CD
:10267000100110BD10B50024002806D001240B2342
:1026800000221146FF20F8F7FFFD204610BD80B55F
:10269000FFF7F0FF002813D115490868002807D17B
:1026A00014480860C06800280AD0BDE8024008E06D
:1026B00000231A461146FF20BDE80050F8F7E4BD9C
:1026C00001BD38B5044600250EE0606810F83500FD
:1026D000094948556068011D51F8351010F835005A
:1026E00000F00CF86D1CEDB220788542EDDB31BDB9
:1026F00044404020ACDB4A000C4040202DE9F04132
:1027000002466C4850F8225000236B4CA05C012814
:1027100001D10123BEE0286820F08060286048686D
:10272000467807787F0747EA0627807847EA0077E8
:102730002F601F46A8E005F1200E9CF800C04FEA6C
:102740004C1C001D80594EF80C004BE0D1F808C01D
:102750003E010CEB0600807B00280CD01CF8060024
:10276000400105F12C0C5CF800C04CF0004C05F168
:102770002C0E4EF800C0886810F806C005EB4C1C03
:10278000DCF838E03044007B000400F4702040EABC
:102790000E0ECCF838E0886800EB060C9CF801E0DF
:1027A000BEF1100FC7D0BEF1120FC4D0BEF1140F8E
:1027B00006D0BEF1500FBED0BEF1540FBBD011E019
:1027C0009CF8000005EB40109C46C0F824C08868C7
:1027D00005F1200C10F806E04FEA4E1E001D80594E
:1027E0004CF80E00886810F806C005EB4C1C083049
:1027F0008059CCF82800886810F806C04FEA4C1CB5
:1028000005F12C0E5EF80CE03044407800F07F00BB
:1028100040EA0E0E05F12C0040F80CE08868805D5F
:10282000400105F12C0C5CF800C04CF0007C05F177
:102830002C0E4EF800C002EB4200DFF880C00CEB1B
:10284000001CD1F808E01EF80680B6449EF801E0AE
:102850000CF818E0D1F808E01EF806E00CEB4E0C7E
:102860004FF0010E8CF801E0D1F808C0DFF850E01D
:102870000EEB00101CF806E00CF1040C5CF806608E
:1028800020F81E607F1CFFB208788742FFF65EAF1B
:102890000120A054286840F0806028601846BDE8F8
:1028A000F081074A00EB400302EB031030F81100FF
:1028B0007047000000404020784640207040402093
:1028C00060294020704770B50546DFF83C4602217C
:1028D000606D00F041FC002609E0286B00EBC601AA
:1028E000496810F8360001F0EBF8761CF6B2E87B88
:1028F0008642F2DB00F00DF8012006E0296C11F8A9
:10290000301021440871401CC0B2E97C8842F5DBDC
:1029100070BDDFF8F8150878002800D0704710B5B2
:1029200001200870DFF8E8450021084662689047FA
:102930004E20A16888470020DFF8D815096888472D
:102940000020DFF8D415096888470020DFF8CC158F
:1029500009688847DFF8C8450020616888474E202D
:10296000A1688847DFF8BC4500202168884700211E
:102970004E20626890470020DFF8AC150968884750
:10298000DFF8A8450020616888474E20A168884785
:102990000020DFF89C154968884700210846DFF8C9
:1029A00094251268BDE810401047F8B50546EC7A4A
:1029B000DFF88465002C11E0286A00EB4401881ED2
:1029C000DFF86C25DFF8743511F8021C01EBC1014A
:1029D000715C595C52F831108847641EECD1AC7BB5
:1029E000DFF85C65DFF85075002C13E00C21E86A15
:1029F00001FB04F20244A2F10C00DFF8243512F8C6
:102A00000C2C02EBC202BA5CB25C11FB02F1595809
:102A10008847641EEAD1AC7A3E46002C14E0E8698F
:102A200000EB4411A1F12000DFF80025DFF8143598
:102A300011F8201C01EBC101715C595C01EB8103B1
:102A4000990051588847641EE9D16C7ADFF8F86420
:102A5000002C13E01421A86901FB04F20244A2F146
:102A60001400DFF8B83412F8142C02EBC202BA5C7E
:102A7000B25C11FB02F159588847641EEAD1F1BDDE
:102A8000F8B50446DFF880546C65012100F064FB62
:102A9000686D002817D00026DFF8B07410E031010F
:102AA000E26B5018DFF86834DFF88CC4515C01EB3E
:102AB000C1011CF80110795C090159588847761C3E
:102AC000A07C8642EBD32046FFF76FFF0026DFF89D
:102AD000687412E0616901EBC600DFF84C24DFF88E
:102AE000703411F8361001EBC101795C595C01EBCF
:102AF0004103990051588847761C207A8642E9D3D1
:102B00000026DFF8187415E0142101FB06F2A36912
:102B10009818DFF834C4DFF820E49A5C02EBC202B4
:102B20001EF802201CF8022011FB02F1394449680A
:102B30008847761C607A8642E6D32046FFF7C3FEBC
:102B40000026DFF8F07314E006EB86008200A36B2A
:102B500031469818DFF8FCC3DFF8DCE39A5C02EB3F
:102B6000C2021EF802201CF8022057F822209047CB
:102B7000761C607C8642E7D30026DFF8DC7311E028
:102B800006EB4601A26A5018DFF88C33DFF8A8C3C1
:102B9000515C01EBC1011CF80110795C53F8311054
:102BA0008847761C607B8642EAD30026DFF8AC7348
:102BB00012E006EB46008100626A5018DFF85433D9
:102BC000DFF874C3515C01EBC1011CF80110795CA2
:102BD00053F821108847761C207B8642E9D30026D3
:102BE000DFF8747312E006EB4601A26A5018DFF8B2
:102BF0002833DFF844C3515C01EBC1011CF801101C
:102C0000795C03EBC10149688847761C607B86428A
:102C1000E9D30026DFF82C7313E07101E269501844
:102C2000DFF80833DFF810C3515C01EBC1011CF879
:102C30000110795C01EB810203EB8201496888474E
:102C4000761CA07A8642E8D30026DFF8C47213E02F
:102C50003201E36B31469818DFF8F0C2DFF8D8E2B2
:102C60009A5C02EBC2021EF802201CF8022007EB5D
:102C7000021252689047761CA07C8642E8D3002658
:102C8000DFF8987215E0142101FB06F2A369981889
:102C9000DFF8B4C2DFF8A0E29A5C02EBC2021EF8D1
:102CA00002201CF8022011FB02F139448968884790
:102CB000761C607A8642E6D30026DFF8887212E03E
:102CC0007101E2695018994BDFF86CC2515C01EB5D
:102CD000C1011CF80110795C01EB810203EB820158
:102CE000C9688847761CA07A8642E9D300268C4FB3
:102CF00015E00C2101FB06F2E36A9818DFF840C2E8
:102D0000DFF834E29A5C02EBC2021EF802201CF8E3
:102D1000022011FB02F1394449688847761CA07BE8
:102D20008642E6D3002028800120A8700020E870A9
:102D30000646814F19E00120287015E0216A884875
:102D40004A1C12F81620805C0328F4D001EB4600E0
:102D5000774A7A4B11F8161001EBC101795C595C86
:102D600002EBC10149688847761CE07A8642E5D3C8
:102D7000287800282ED100253E460EE0616B01EB3D
:102D80008500684A774B11F8251001EBC101715C91
:102D9000595C52F8311088476D1C207C8542EDD378
:102DA00000256A4E0DE02901E26B5018584B515C2A
:102DB00001EBC101795C715C03EB0111C9688847C3
:102DC0006D1CA07C8542EED304212046BDE8F44072
:102DD00000F0C2B9F1BDF8B5022500264A4C564FA5
:102DE00003E0022800D10025761CA078864211D28B
:102DF0005D48815D08464D4A524B01EBC101795C4B
:102E0000595C01EB810302EB830189688847012843
:102E1000E7D10125280017D1002600E0761CE078D4
:102E2000864211D25148815D08463D4A444B01EB30
:102E3000C101795C595C01EB410302EB83018968B4
:102E400088470128EAD101252846F2BDF8B52E4C65
:102E5000606D002851D00025374E17E04049026AC6
:102E6000521C12F81520895C03290ED1016A01EB6E
:102E700045002F4A314B11F8151001EBC101715C6F
:102E8000595C02EBC101496888476D1C606DC17ACD
:102E90008D42E3D3207800282FD000250EE0416B2F
:102EA00001EB85001F4A2F4B11F8251001EBC101E2
:102EB000715C595C52F8311088476D1C606D017C63
:102EC0008D42ECD30025214E1B4F0DE0C16B2A0132
:102ED00088180F4B895C01EBC101795C715C03EBD5
:102EE0000111C96888476D1C606D817C8D42EDD3EE
:102EF0000421BDE8F44000F02FB9F1BD00F0DCBDC5
:102F00001B4A126810470000E8284020ED2B4020A3
:102F1000B0134B0034114B0044114B0054114B00C3
:102F20007C114B0070134B0080134B00D0134B00EF
:102F300030144B0028144B00FD034B00D8034B000A
:102F4000C0034B00CC034B009C034B00F0034B0031
:102F5000A8034B00E4034B0090034B0084034B0099
:102F600028084B00B4034B00BA2A4B00BB2A4B0085
:102F7000942E4020F8B504460D4616461F46002004
:102F8000F9F721FD20600020286001463846F9F756
:102F900030FD3060F1BD70B50C4615460026314657
:102FA000F9F71BFD216840182060A84200D30126D4
:102FB000304670BD1FB5634C6069C00124D4606B9E
:102FC00040F080706063206840F00100206060681D
:102FD00040F00100606000F095F842F210736A461C
:102FE00001A902A8FFF7C6FF009A01A902A8FFF7EE
:102FF000D2FF6169C90101D40028F5D0012803D1AD
:1030000006210120FFF77CFF1FBD1FB5FFF7D2FF90
:103010004C4C6069800224D4606B40F40010606303
:10302000206840F001002060606840F001006060AE
:1030300000F068F842F210736A4601A902A8FFF78F
:1030400099FF009A01A902A8FFF7A5FF616989020B
:1030500001D40028F5D0012803D105210120FFF774
:103060004FFF6069000424D4606B40F4004060634B
:10307000206840F001002060606840F0010060605E
:1030800000F040F842F210736A4601A902A8FFF767
:1030900071FF009A01A902A8FFF77DFF6169090489
:1030A00001D40028F5D0012803D14E210120FFF7DB
:1030B00027FF2069C00124D4206B40F0807020637A
:1030C000206840F001002060606840F0010060600E
:1030D00000F018F842F210736A4601A902A8FFF73F
:1030E00049FF009A01A902A8FFF755FF2169C9010C
:1030F00001D40028F5D0012803D14E210120FFF78B
:10310000FFFE1FBD104845F6F02101604AF20F5145
:103110000160704779E70D490878002800D07047B2
:1031200010B4012008700C20094A0A4BD47810FB17
:1031300004F41C444C60927810FB02F01844886040
:1031400010BC704700C32D4000C02D4054294020C2
:10315000A8034B0080134B00012902D0022901D1A2
:10316000D9E7D7E77047FEE700207047DFF874091A
:10317000DFF87419096801F0030150F82100DFF845
:103180006C19B1FBF0F0704780B5FFF7EFFFDFF887
:103190006019DFF86029126802F0010251F822106C
:1031A000084002BD4FF4FA40704780B5FFF7FAFFC0
:1031B000DFF83C19DFF840291268C2F3002251F809
:1031C0002210084002BDDFF834090068DFF830192A
:1031D0000968C90F00D10020DFF81419DFF824298D
:1031E0001268C2F3405251F822100840704738B5B7
:1031F000DFF81449A06821694840DFF81059696870
:10320000814204D06860204600F0F6FB28606068C8
:10321000C0F38000002801D0286832BD002032BDF4
:1032200080B5FFF7E4FFDFF8E8180968C1F34561EE
:10323000002902D0B0FBF1F002BD002002BD80B534
:10324000FFF7EEFFDFF8CC28DFF8CC181368DB0FB0
:1032500051F8231008401168C1F30341491CB0FB29
:10326000F1F002BD80B5FFF7DBFFDFF8B028DFF833
:10327000A8181368DB0F51F8231008401168C1F338
:103280000341491CB0FBF1F002BDDFF8940800686F
:10329000C0F30360082800D068E7D0E780B5FFF7E7
:1032A000F4FFDFF88028DFF870181368DB0F51F89F
:1032B000231008401168C1F30241491CB0FBF1F032
:1032C00002BD80B5FFF7E1FFDFF85C28DFF84818A2
:1032D0001368DB0F51F8231008401168C1F3024155
:1032E000491CB0FBF1F002BD80B5FFF7CEFFDFF85F
:1032F0003C28DFF824181368DB0F51F8231008402E
:103300001168C1F30341491CB0FBF1F002BD80B567
:10331000FFF7BBFFDFF81828DFF8FC171368DB0F97
:1033200051F8231008401168C1F30241491CB0FB59
:10333000F1F002BD80B5FFF7A8FFDFF8F827DFF84E
:10334000D8171368DB0F51F8231008401168C1F338
:103350000241491CB0FBF1F002BD10B5DFF8D847BF
:10336000DFF8D8072168C1F3056150F821008047D4
:10337000DFF8A4176268D20F51F822100840616884
:10338000C1F30541491CB0FBF1F010BD80B5FFF75A
:1033900085FFDFF85C17DFF8A8271268C2F3002268
:1033A00051F82210084002BD80B5FFF777FFDFF823
:1033B0004017DFF88C271268C2F3402251F8221020
:1033C000084002BD80B5FFF769FFDFF82417DFF87A
:1033D00070271268C2F3400251F82210084002BD63
:1033E00010B5DFF86047DFF854072168C1F30561C5
:1033F00050F821008047DFF820176268D20F51F89B
:10340000221008406168C1F30541491CB0FBF1F08E
:1034100010BD80B5FFF768FFDFF8D416DFF8282766
:103420001268C2F3007251F82210084002BD80B544
:10343000FFF747FFDFF8B816DFF81027126802F031
:10344000010251F82210084002BD80B5FFF726FFA7
:10345000DFF89C16DFF8AC26126802F0010251F882
:103460002210084002BD80B5FFF718FFDFF8801674
:10347000DFF890261268C2F3400251F8221008408B
:1034800002BD80B5FFF70AFFDFF86416DFF8C0263B
:103490001268C2F3C00251F82210084002BD80B584
:1034A000FFF7FCFEDFF84816DFF8A4261268C2F327
:1034B000001251F82210084002BD80B5FFF7EEFE61
:1034C000DFF82C16DFF888261268C2F3401251F894
:1034D0002210084002BD80B5FFF7E0FEDFF81016AD
:1034E000DFF86C261268C2F3801251F822100840EF
:1034F00002BD80B5FFF7D2FEDFF8F415DFF85026E5
:103500001268C2F3C01251F82210084002BD80B503
:10351000FFF7C4FEDFF8D815DFF834261268C2F3CF
:10352000002251F82210084002BD80B5FFF7B6FE18
:10353000DFF8BC15DFF818261268C2F3402251F8F4
:103540002210084002BD80B5FFF7A8FEDFF8A015E5
:10355000DFF8FC251268C2F3802251F822100840DF
:1035600002BD80B5FFF79AFEDFF88415DFF8E0258D
:103570001268C2F3C02251F82210084002BD80B583
:10358000FFF78CFEDFF86815DFF8C4251268C2F378
:10359000003251F82210084002BD80B5FFF77EFED0
:1035A000DFF84C15DFF8A8251268C2F3403251F855
:1035B0002210084002BD80B5FFF770FEDFF830151D
:1035C000DFF88C251268C2F3803251F822100840CF
:1035D00002BD80B5FFF762FEDFF81415DFF8702535
:1035E0001268C2F3C03251F82210084002BD80B503
:1035F000FFF767FEDFF8F814DFF854251268C2F30E
:10360000805251F82210084002BD80B5FFF746FEF7
:10361000DFF8DC14DFF828251268C2F3800251F8C5
:103620002210084002BD80B5FFF738FEDFF8C01455
:10363000DFF80C251268C2F3C00251F822100840CE
:1036400002BD80B5FFF750FEDFF8A414DFF80025B7
:103650001268C2F3C05251F82210084002BD10B5E2
:10366000DFF8F044DFF8D4042168C1F3046150F8B6
:1036700021008047DFF8A0146268D20F51F82210B1
:1036800008406168C1F30141491CB0FBF1F010BD75
:1036900080B5FFF7E4FFDFF85814DFF8AC241268B8
:1036A000C2F3400251F82210084002BD80B5FFF776
:1036B000D6FFDFF83C14DFF890241268C2F38002D2
:1036C00051F82210084002BD80B5FFF7C8FFDFF8AF
:1036D0002014DFF874241268C2F3C00251F82210DB
:1036E000084002BD80B5FFF7ECFDDFF80414DFF8F9
:1036F00058241268C2F3402251F82210084002BD3B
:1037000080B5FFF7DEFDDFF8E813DFF84424126828
:10371000D20F51F82210084002BD80B5FFF7BEFD60
:10372000DFF8CC13DFF818241268C2F3801251F8C6
:103730002210084002BD80B5FFF7B0FDDFF8B013DE
:10374000DFF8FC231268C2F3C01251F822100840BF
:1037500002BD80B5FFF7C8FDDFF89413DFF8E8235A
:103760001268C2F3005251F82210084002BD80B521
:10377000FFF7BAFDDFF87813DFF8CC231268C2F345
:10378000405251F82210084002BD80B5FFF799FD64
:10379000DFF85C13DFF8B0231268C2F3805251F8EF
:1037A0002210084002BD80B5FFF79EFDDFF84013F0
:1037B000DFF894231268C2F3C05251F82210084077
:1037C00002BD80B5FFF790FDC949DFF87C23126880
:1037D000C2F3006251F82210084002BD80B5FFF725
:1037E00083FDC349DFF860231268C2F3406251F8D9
:1037F0002210084002BD80B5FFF763FDBC49DFF829
:1038000048231268C2F3802251F82210084002BDFA
:1038100080B5FFF769FDB649CB4A1268C2F3C022F2
:1038200051F82210084002BD80B5FFF75DFDB04998
:10383000C54A1268C2F3003251F82210084002BD96
:1038400080B5FFF751FDAA49BF4A1268C2F3403262
:1038500051F82210084002BD80B5FFF732FDA4499F
:10386000BB4A1268C2F3006251F82210084002BD40
:1038700080B5FFF739FD9E49B14A1268C2F30032A4
:1038800051F82210084002BD80B5FFF72DFD984980
:10389000AB4A1268C2F3403251F82210084002BD10
:1038A00000BFAD48AD490968C1F3013150F82100AE
:1038B000004780B5FFF7F4FF8D49924A1268C2F3C2
:1038C000800251F82210084002BD80B5FFF7E6FCE7
:1038D00087499F4A1268C2F3405251F822100840AB
:1038E00002BD80B5FFF700FD8149864A1268C2F328
:1038F000802251F82210084002BD80B5FFF7F4FC89
:103900007B49924A1268C2F3002251F82210084003
:1039100002BD10B5924C89482168C1F3046150F88A
:10392000210080477C496268D20F51F8221008407C
:103930006168C1F30041491CB0FBF1F010BD80B5D6
:10394000FFF7E7FF6A49824A1268C2F3407251F8F2
:103950002210084002BD80B5FFF724FC64497C4A70
:103960001268C2F3007251F82210084002BD80B5FF
:10397000FFF794FC5E49744A1268D20F51F8221086
:10398000084002BD10B5774C6C482168C1F3036153
:1039900050F82100804760496268D20F51F8221028
:1039A00008406168C1F30241491CB0FBF1F010BD51
:1039B00080B5FFF799FC4E49614A126802F0010296
:1039C00051F82210084002BD80B5FFF78DFC484930
:1039D0004C4A1268C2F3404251F82210084002BD1E
:1039E00080B5FFF781FC4249464A1268C2F3403273
:1039F00051F82210084002BD2DE9F8430646002484
:103A00002546FFF7E0FBB168C1F30237D6F808C0DE
:103A10000CF0FF0C3169C1F30E01BCFBF7FE07FB94
:103A20001ECCFB0203EB8733B0FBF3F203FB120661
:103A3000002836D000FB0EF8B8FBF0F9CE4501D1D6
:103A4000444600E001250CFB00FEBEFBF0FEF44501
:103A500008D1DFF814E1744504D2B0FBF7F00CFB99
:103A6000004400E00125002A0BD001FB02F0B0FB6E
:103A7000F2F2914204D13C4A944201D2041900E08E
:103A8000012500290DD001FB06F0B0FBF1F18E42BB
:103A900006D135498C4203D2B0FBF3F0041900E0A3
:103AA0000125002D00D000242046BDE8F283052822
:103AB00001D11248016070472C4951F8200000479D
:103AC00030B400222A4B044600E0521C042A06D2DD
:103AD00013F83250AC42F8D103EBC200416030BC65
:103AE0007047000060134B0064C03940006CDC027A
:103AF00058134B0008002D400C802C40703440209F
:103B000004402D4014C32D4000002E40743440204A
:103B100008002E4080002E4050134B0084002E40A1
:103B200004832D4008832D400C832D4010832D40AD
:103B300014832D4018832D4084842D4088114B0020
:103B400014C12D4044842D4018C32D401CC32D406A
:103B500010C32D40C4832D4008124B000480284020
:103B600044832D40C4852D4001404B4C18124B001E
:103B70005034402070472DE9FE43040051D04348A3
:103B8000217801EBC10108440778057946798178ED
:103B900009013F4A02F1080043583E4807EB870CF1
:103BA00000EB0C176068002810D057F825C00CEB0C
:103BB000860CDCF808E02EEA030E401E1144C968AA
:103BC0008840034043EA0E03CCF8083042F21073F9
:103BD0006A4601A902A8FFF7CDF957F82580D8F861
:103BE0003C9009F00109009A01A902A8FFF7D3F956
:103BF000B9F1010F01D10028EFD000280DD108EB59
:103C0000860160680028886803D040F00040886022
:103C100007E020F00040886003E021780120FFF7F2
:103C20006FF9BDE8F78300281BD0027802EBC202CF
:103C3000164B995C1A4452794068002811D0164BF3
:103C400053F8311001EB8201D1F8802022F4702268
:103C5000401E000400F47020104340F00040C1F802
:103C60008000704700280FD00849027802EBC2029A
:103C7000895C4068002800D10120074A52F83110C1
:103C80008A6860F35E628A6070470000FC034B0044
:103C90003C084B0054074B00B0074B00704700280E
:103CA00000D1704710B4027802EBC202234B995C3A
:103CB0001A441279224B01EB810403EB041151F8F1
:103CC00022104078002802D00120486303E0486BAE
:103CD00040084000486310BC70477FB504002BD0FB
:103CE000207800EBC000154A115C1044027960781E
:103CF000002821D0124801EB810300EB031050F89B
:103D000022500120A86342F210736A4601A902A85A
:103D1000FFF730F9EE6B06F00106009A01A902A840
:103D2000FFF739F9012E01D10028F3D0012803D182
:103D300021780120FFF7E4F87FBD0000FC034B0071
:103D400054074B007047704700280BD0414900785A
:103D500000EBC000085C404951F8200001684908A8
:103D6000490001607047002822D0018900291BD03A
:103D70003949384A037803EBC303D25C51F8221067
:103D8000027B43891B0403F47F0343EAC273827BF3
:103D9000120102F0F0021343427B120602F080721D
:103DA000134343F001030B6041680078FFF77FBEC7
:103DB00070477FB505002DD0297826480A4602EBCA
:103DC000C202865C2889002824D0687B002821D084
:103DD000287B00281BD142F210736A4601A902A871
:103DE000FFF7C8F81C4850F826004468E40F009A12
:103DF00001A902A8FFF7CFF8002C01D10028F1D0CB
:103E0000002807D029780120FFF77AF87FBD02202B
:103E1000FFF776F87FBD0F4900EBC000085C0E4944
:103E200051F82000016849084900016070470028E6
:103E30000ED00849027802EBC202895C0089012891
:103E400006D1054850F82100016841F001010160E8
:103E500070470000FC034B00A8074B0070477047F9
:103E6000FEB5040072D03A483A49227802EBC20209
:103E70001144897900EBC1000578467847683648D7
:103E800050F825106088002851F826002FD03842BD
:103E90005CD151F82600384341F826002F4850F8ED
:103EA0002500016841F001010160416841F0010114
:103EB0004160FFF727F942F210736A4601A902A890
:103EC000FFF758F8009A01A902A8FFF764F82449FF
:103ED00051F8251051F82610394201D10028F1D0AF
:103EE000012833D121780120FFF70AF8F7BD3842C5
:103EF0002CD051F82600B84341F82600174850F856
:103F00002500016841F001010160416841F00101B3
:103F10004160FFF7F7F842F210736A4601A902A860
:103F2000FFF728F8009A01A902A8FFF734F80C4916
:103F300051F8251051F82610394201D00028F1D04F
:103F4000012803D121780120FEF7DAFFF7BD000038
:103F50005C0A4B00FC034B00F8074B0018084B00B1
:103F600008084B0080B58DF80000012903D100201E
:103F7000ADF8020002E00120ADF802006846FFF74C
:103F80006FFF01BD7047704700280BD03A49408849
:103F90000028086803D040F001000860704740081E
:103FA0004000086070473448016841F00101016039
:103FB000704731480168490849000160704700288E
:103FC0000BD02E4940880028086803D040F4807048
:103FD0000860704720F480700860704727480168C7
:103FE00041F48071016070472448016821F48071B8
:103FF00001607047FEB505460024002D3BD068796E
:10400000012804D008D3032805D002D304E00324F8
:1040100002E0012400E00224002C2CD0184E30686D
:10402000400F052823D142F210736A4601A902A865
:10403000FEF7A0FF1348076807F00047009A01A9A0
:1040400002A8FEF7A8FFB7F1004F01D00028F1D079
:10405000002807D13068800804F0030454EA800483
:104060003460F7BD29780120FEF74AFFF7BD2978B3
:104070000A20FEF745FFF7BD08002D400C802C40BC
:1040800064C0394088C12D407047704770477FB584
:104090000546644864492A4602EBC2021144097A83
:1040A00000EBC100466800F0F5F83078C0071CD579
:1040B00042F210736A4601A902A8FEF75BFF346959
:1040C00004F01004009A01A902A8FEF764FF002C76
:1040D00001D10028F3D0002803D029460120FEF7A3
:1040E0000FFF30684008400030607069000900012F
:1040F0007061306940F00300306100F0E1F87FBD8D
:10410000002801D00078C2E77047002800D170472E
:10411000F0B40578434A454B2C4604EBC4041B5DC0
:1041200002EBC3035C68467842685640826856409A
:1041300075403F4A52F82160AE4257D042F82150B4
:104140003C490968096C3C4D0A1D5E78AE5D52F829
:1041500036204FF47A76B2FBF6F2091D9B78EB5CC1
:1041600051F833103346B1FBF3F183683546B3FBA6
:10417000F5F3002A3AD0002938D0002B36D002EBD4
:104180004205B5FBF1F56D1C02EB8201B1FBF3F1C9
:1041900009318D4200D20D466B4340F2F331594351
:1041A00040F2C7365643B1FBF6F74FF00A0C07FB57
:1041B00016110CFB01F1B1FBF6F60CFB0766361D80
:1041C00040F2DD314B4340F209414A43B3FBF2F781
:1041D0000CFB05F56560A66007FB12330CFB03F3CF
:1041E000B3FBF2F10CFB0717FF1EE760406860614C
:1041F000F0BC7047002814D00A490B4A037803EB3F
:10420000C3031A44127A01EBC20149680A68407874
:10421000002803D042F001020A60704752085200A1
:104220000A607047C0074B00FC034B0004044B00BE
:10423000402940203C294020EC284020EFF310800A
:104240007047000070B5F7F70EFD0446254D05EBED
:1042500084063069002806D1FFF7F0FFC10700D4BB
:1042600072B645F824003069401C306170BD000012
:1042700080B5F7F7F8FC1B4901EB800213695B1E60
:10428000136151F82000C00703D41069002800D141
:1042900062B601BD70B5F7F7E6FC0446124D05EBBA
:1042A00084063069002806D1FFF7C8FFC10700D493
:1042B00072B645F824003069401C306170BD0000C2
:1042C00080B5F7F7D0FC084901EB800213695B1E4B
:1042D000136151F82000C00703D41069002800D1F1
:1042E00062B601BDB8444020D84440207047022047
:1042F0007047704700281ED05549007800EBC00079
:10430000085C00210BE052F8302002EB8102D2F869
:10431000803023F00043C2F88030491CC9B24D4AB6
:1043200002EBC0031B799942EDDB52F830000168C3
:1043300041F0004101607047002800D1704770B41F
:104340004349027802EBC2028A5C4188002939D0D5
:10435000404B53F83240A5683F490D40817909032D
:1043600001F4E0410D43817B0D43A56025693B4984
:104370000D408189C1F30E010D43817D890701F054
:1043800080410D432561C17B890701F08041057C97
:104390006D0705F000552943858AC5F30A052943B1
:1043A000458A2F4E06EA05463143E160C07B401E38
:1043B0008041C00FC001A06153F83200016821F0B4
:1043C0000041016070BC70472DE9FF41054602269F
:1043D0001F48294601EBC101475CDFF8788058F897
:1043E0003700006800281CD442F210736A4601A905
:1043F00002A8FEF7BFFD58F837004068C0F38004FC
:10440000009A01A902A8FEF7C6FD002C01D10028E0
:10441000F1D0012806D1012629463046FEF770FD6D
:1044200000E00026304604B0BDE8F08100280ED040
:104430000749027802EBC202895C4088012806D154
:10444000044850F83100016821F0004101607047D4
:10445000FC034B00B0074B00008FFFFF0080FFBF45
:104460000000FF037047002800D17047F0B5057BBE
:10447000494A4A4B2C4604EBC404145D53F82430DB
:104480000678344604EBC4042244D47907694268B0
:1044900057407E40754082685540414A52F821603D
:1044A000AE4278D042F8215001693E4AB1FBF2F2A7
:1044B0003D490968096C091D3C4D6D7851F835106E
:1044C000384DB1FBF5F5466881684E4338494E4397
:1044D00040F638115143B6FBF1F10E46652902D37F
:1044E0004FF47A760EE00127DFF8C8C008E00CEB45
:1044F000870EDEF814E08E4501D25CF827607F1C41
:10450000062FF4D34FF4FA11514306FB05F7B1FB24
:10451000F7FC0CF5807C4FF4FA11B1FBF6F1ACEB33
:10452000010C4FF08041002700E089088C45FCD346
:1045300000290CD001EB070EF44505D3ACEB070CBA
:10454000ACEB010C07EB41077F088908F0E7BF00DF
:10455000BF37FF098068684380B2186004EB4400ED
:10456000800007FB06F106F0FF0646EA01461C1D27
:10457000265003444FF47A704243B2FBF5F0401EDC
:10458000C0F3130098607F1C4F437F0807F2E737A2
:10459000C7F31307DF60F0BDFC034B00A4074B001B
:1045A0005029402040420F003C294020EC28402068
:1045B000A0860100F8134B007047002800D1704717
:1045C00010B4DFF8D013007800EBC0000844017885
:1045D0000279DFF8C433807800011858DFF8BC3363
:1045E00001EB810403EB041151F822100A6842F038
:1045F00008020A600A6822EA0000086010BC7047DE
:104600002DE9FE43040072D0217801EBC101DFF8EF
:10461000842353181878121D515CDFF884236578C1
:1046200032F815609A781201DFF86C339F581B1D21
:1046300053F80280DFF8642300EB800302EB0310E1
:1046400050F821506868384020FA08F086424ED071
:1046500042F210794B466A4601A902A8FEF78AFC8D
:10466000009A01A902A8FEF796FC6968C90301D562
:104670000028F5D0002836D12868B84306FA08F695
:104680003E40064346F004062E604B466A4601A9AA
:1046900002A8FEF76FFC009A01A902A8FEF77BFCB6
:1046A0006968490701D40028F5D000281BD14B4682
:1046B0006A4601A902A8FEF75DFC009A01A902A8BA
:1046C000FEF769FC6968C90301D50028F5D0002808
:1046D00009D16868C0F34240012808D0217803203E
:1046E000FEF70EFC03E021780120FEF709FCBDE88F
:1046F000F783002800D1704710B4A649007800EB7A
:10470000C000084401780279A34B80780001185852
:10471000A24B01EB810403EB041151F822100A684B
:1047200042F008020A600A6822EA0000086010BC31
:1047300070472DE9FE4304006ED0217801EBC101E2
:10474000944A53181878121D515C954A657832F8CE
:1047500015609A781201904B9F581B1D53F80280E8
:104760008E4A00EB800302EB031050F8215068687A
:10477000384020FA08F086424ED042F210794B467B
:104780006A4601A902A8FEF7F5FB009A01A902A852
:10479000FEF701FC6968C90301D50028F5D000289F
:1047A00036D12868B84306FA08F63E40064346F07C
:1047B00007062E604B466A4601A902A8FEF7DAFBFF
:1047C000009A01A902A8FEF7E6FB6968490701D42F
:1047D0000028F5D000281BD14B466A4601A902A843
:1047E000FEF7C8FB009A01A902A8FEF7D4FB69688E
:1047F000C90301D50028F5D0002809D16868C0F3A5
:104800004240012808D021780320FEF779FB03E01D
:1048100021780120FEF774FBBDE8F7832DE9FF4105
:10482000040042D022785B4802EBC2014318197899
:1048300018795C4DAD5C9A781201574B9E581A441A
:104840005768564A01EB810302EB031151F82080AF
:10485000D8F8000040F00C00C8F8000042F21073D5
:104860006A4601A902A8FEF785FB009A01A902A8E1
:10487000FEF791FBD8F80410890301D50028F4D085
:1048800000280ED1D8F80000B043BD4035400543A4
:10489000C8F80050D8F8000020F00C00C8F800005C
:1048A00003E021780120FEF72BFBBDE8FF812DE915
:1048B000FE4304005DD0217801EBC101354A531855
:1048C0001878121D515C364A657832F815509A787E
:1048D0001201314B9E581B1D9F58304A00EB80033C
:1048E00002EB031050F82180D8F8000040F00C00D3
:1048F000C8F8000042F210794B466A4601A902A8A6
:10490000FEF738FB009A01A902A8FEF744FBD8F88D
:104910000410890301D50028F4D0002825D1D8F847
:104920000000B043BD4035400543C8F80050D8F8FA
:10493000000020F00C00C8F800004B466A4601A9B0
:1049400002A8FEF717FB009A01A902A8FEF723FBB5
:10495000D8F80410890301D40028F4D0012808D124
:1049600021780320FEF7CCFA03E021780120FEF73E
:10497000C7FABDE8F783002800D000E070470A4975
:104980000A680A4B407833F8100060F30D320A6071
:1049900070470000FC034B003C084B0054074B00E1
:1049A0000C074B00BC064B000480284030074B002E
:1049B00010B501240146012901D0002801D10024AD
:1049C00005E02123224600217820F6F75DFC2046F1
:1049D00010BD38B50A4601240146912917DA224B49
:1049E0000D462D1133F8153000F00F00C340D807E5
:1049F0000DD51E48806810F82100C00701D500249D
:104A00000AE0F02300217820F6F73EFC04E00A23B8
:104A100000217820F6F738FC204632BD38B50A462A
:104A200001240146912917DA114B0D462D1133F857
:104A3000153000F00F00C340D8070DD50B48806833
:104A400010F82100C00701D500240AE0F02300215E
:104A50007820F6F719FC04E00A2300217820F6F705
:104A600013FC204632BD00000C174B0088DD4A00C5
:104A700020174B0038B5044600252946FFF7CEFF26
:104A8000002803D1204600F035F80546284632BDFF
:104A900038B504460D460121FFF79BFF00280AD1D7
:104AA0002846FFF785FF002805D129462046BDE8A6
:104AB000344000F02CB831BD38B504460025112132
:104AC000FFF787FF002803D1204600F038F805469D
:104AD000284632BD314A52F820008A08C94301F005
:104AE000030151EA8201091801F5A851087800F084
:104AF0000100704701462A480A461211D2B2805C72
:104B0000284A0346D25CA1EB021189B2E2E7244AAB
:104B100003461B11DBB2D25C224B9B5CA0EB031063
:104B200080B21E4B53F822208308C04300F00300DC
:104B300050EA8300801800F598500170704770B5F6
:104B40000446174821460911C9B2455C2E4615484E
:104B5000805DA4EB001400F02BF8214689B22846B2
:104B6000FFF7B8FF0146491E8941C90F204680B2B0
:104B70000A4A52F826208308C04300F0030050EA96
:104B80008300801800F59850017000F027F8214646
:104B900089B22846BDE870409CE7000024354020DB
:104BA00058144B00BC2A4B00EFF3108070470000F4
:104BB00070B5F7F758F80446114D05EB84063069D7
:104BC000002806D1FFF7F0FFC10700D472B645F800
:104BD00024003069401C306170BD000080B5F7F7DB
:104BE00042F8074901EB800213695B1E136151F81B
:104BF0002000C00703D41069002800D162B601BDAF
:104C00007844402010B5104C206800F5D6704168FB
:104C1000C90707D5006810F0817F03D00C21002060
:104C200000F034F8206800F5E6704168C90709D53E
:104C3000006810F0817F05D00D210020BDE81040F4
:104C400000F024B810BD00000040402000EB4110EF
:104C5000C06A400C00F00100704700EB4110006B8F
:104C6000C00F704700EB4110006BC00B00F001005B
:104C7000704700EB4110016B41F001010163704787
:104C800000EB4110006B00F001007047F8B50C46D6
:104C9000284951F82050284900EB400211EBC20688
:104CA00027462648F15D405C002816D1214628465B
:104CB000FFF7D3FF01280BD021462846FFF7E0FF7E
:104CC000012805D021462846FFF7CCFF012804D152
:104CD00021462846BDE8F440CBE721462846FFF7A9
:104CE000B5FF012825D121462846FFF7B6FF012848
:104CF0000BD021462846FFF7C3FF012805D02146E7
:104D00002846FFF7AFFF012813D121462846FFF7B9
:104D1000B0FFF15D0A4850F821201068002808D043
:104D20000848405C012804D110791168BDE8F440BE
:104D30000847F1BD34174B00BC344020342A4020D2
:104D4000C0294020282A40200068400F00F00100C0
:104D500070478368012A01D1002200E0012202F09D
:104D6000010202FA01F119438160704700EB411022
:104D70000262704700EB41104262704713465B1EAF
:104D80009B41DB43DB0F00EB4110C16A63F3DF7132
:104D9000C162704713465B1E9B41DB43DB0F00EB98
:104DA0004110C16A63F39E71C162704700EB41100C
:104DB000C16A62F31D71C162704713465B1E9B415D
:104DC000DB43DB0F00EB4110C16A63F35961C16241
:104DD000704713465B1E9B41DB43DB0F00EB41102A
:104DE000C16A63F31861C162704713465B1E9B4141
:104DF000DB43DB0F00EB4110C16A63F35141C16239
:104E0000704700EB4110C16A62F34A21C1627047EA
:104E100000EB4110C06A400A10F0030003D00228E2
:104E200005D002D305E00020704701207047022022
:104E3000704703207047002903D0022903D004D310
:104E400006E0172070471620704700F0F800704702
:104E5000FF20704700EB4110C16A62F3C711C162C5
:104E6000704700EB4110C16A62F30601C1627047EE
:104E700000EB4110C16A090ADB0103F0800353EA29
:104E8000012302F07F021A43C262704700EB411017
:104E9000C06A00F07F00102808D0122808D014281B
:104EA00008D0502808D0542808D009E010207047B6
:104EB00012207047142070475020704754207047CC
:104EC0000020704700EB4110016B41F001010163CC
:104ED000704700EB4110416B62F30F014163704773
:104EE00000EB4110816B62F313418163704700EB6B
:104EF0004110816B62F38E3181637047034600205D
:104F0000052A00DB704710B4DFF8940803EB830434
:104F100000EB840050F82200C84000F0010010BCF3
:104F2000704770B504460D46164602288041C00FF2
:104F3000F5F70CFC284618288041C00FF5F706FC51
:104F400031462846FFF777FF0546FF2801D00120AC
:104F500000E00020F5F7FAFB29462046BDE8704046
:104F6000FDF79FBCDFF83C3853F82000002A03D03F
:104F7000022A06D002D306E0172187E701F0F801E4
:104F800084E7162182E700207047F8B505460C003B
:104F900001D0012000E00020F5F7D8FB28460228C8
:104FA0008041C00FF5F7D2FB207818288041C00F50
:104FB000F5F7CCFB6078602801D0622801D1012090
:104FC00000E00020F5F7C2FB022221782846FFF717
:104FD00095FF012801D1012000E00020F5F7B6FB84
:104FE000A27821782846FFF7BDFF502801D1012083
:104FF00000E00020F5F7AAFBA27821782846FFF709
:1050000090FF218BE28A5118884201DB012000E0E9
:105010000020F5F79BFB208BE18A0818B0F5803F54
:105020008041C00FF5F792FBDFF8780750F8256054
:10503000DFF8740705EB450110EBC105DFF86C776D
:105040002078285C07EB4000218B8181A2782178B1
:105050003046FFF7D6FE228B21783046FFF786FEDA
:10506000228BE08A821892B221783046FFF782FEC6
:10507000E08AA18A814209D101202178695C7854B3
:10508000227A21783046FFF7E5FE16E0002801D0AD
:1050900001280ED101202178695C7854207A0128FA
:1050A00001D1002200E0012221783046FFF7D2FE34
:1050B00003E000202178695C7854627821783046DA
:1050C000FFF7CFFE227A21783046FFF7C3FE207823
:1050D000285C07EB4000E18A8184F1BD2DE9F047AF
:1050E00080460C46154602288041C00FF5F72EFB7E
:1050F000204618288041C00FF5F728FBC146DFF88D
:10510000A40650F82960002721463046FFF780FEAC
:10511000024621464046FFF704FFDFF88C1609EBF4
:10512000490201EBC208A14618F809102A46DFF827
:105130007CA60AF10C0333F81130D318984201DA37
:1051400001272DE02B0001D082420ED13A462146A4
:105150003046FFF74AFE21463046FFF7B3FE0120F6
:1051600018F809100AF801000EE038460AF80100A4
:10517000DFF89407405C401E8041C043C00F0246E8
:1051800021463046FFF731FE0AF10C0018F80910ED
:1051900030F81120521992B221463046FFF7EAFD4D
:1051A00018F809000AEB400085843846BDE8F0870E
:1051B0002DE9F04706460C0001D0012000E0002058
:1051C000F5F7C4FA3046012801D9002000E001209B
:1051D000F5F7BCFA207818288041C00FF5F7B6FA29
:1051E0006078262801D1012000E00020F5F7AEFA12
:1051F000032221783046FFF781FE012801D10120EA
:1052000000E00020F5F7A2FAA27821783046FFF7F7
:10521000A9FE50280DD0A27821783046FFF7A2FED3
:10522000102806D0A27821783046FFF79BFE12287E
:1052300001D1012000E00020F5F788FAB046DFF840
:10524000640550F82870A27821783046FFF769FE8F
:105250000546208B854201DB012000E00020F5F7A8
:1052600075FA4FF6FF70854201D0012000E0002062
:10527000F5F76CFA681CE18A88428041C043C00F90
:10528000F5F764FAA08B854201DB012000E00020E5
:10529000F5F75CFAA27821783046FFF763FE5028D4
:1052A00002D14FF0010901E04FF00009DFF8F804E6
:1052B00008EB480100EBC108E68A3046DFF8ECA4B1
:1052C000854207D1761C0120217818F801100AF8D0
:1052D000010017E0002E01D0002D07D1268B012000
:1052E000217818F801100AF801000BE0218B46180C
:1052F00096FBF5F005FB10660020217818F80110E8
:105300000AF80100207818F800000AEB4000218B11
:1053100049448181A27821783846FFF772FD228BBB
:105320004A4492B221783846FFF720FD4E44324677
:1053300092B221783846FFF71DFDA08B81444A4682
:1053400092B221783846FFF7C4FD227AE08A85427E
:1053500009D1012A01D1002200E00122217838463A
:10536000FFF778FD03E021783846FFF773FD627898
:1053700021783846FFF775FD227A21783846FFF705
:1053800069FD207818F800000AEB4000E18A81846A
:10539000BDE8F0872DE9F04780460C461546022807
:1053A0008041C00FF5F7D2F9204618288041C00F80
:1053B000F5F7CCF9C146DFF8EC0350F82960002777
:1053C00021463046FFF724FD024621464046FFF7BE
:1053D000A8FDDFF8D41309EB490201EBC208A1468E
:1053E0002946DFF8C8A3884201DA012752E014D128
:1053F0003A4621463046FFF7F8FC21463046FFF793
:1054000061FD6A1C92B221463046FFF7B3FC0120D1
:1054100018F809100AF801003CE02A0018D13A46B1
:1054200021463046FFF7E1FC21463046FFF74AFDB2
:105430000AF10C0018F8091030F811202146304606
:10544000FFF798FC012018F809100AF8010021E084
:105450000AF10C0218F8093032F81320891891FB70
:10546000F0F200FB1210024692B221463046FFF7DE
:1054700081FC18F8090039460AF80010DFF8881492
:10548000085C401E8041C043C00F024621463046A2
:10549000FFF7ABFC18F809000AEB4000858438469A
:1054A000BDE8F087F8B504460D462646DFF8F4025D
:1054B00050F826702879FF2809D00122297838462B
:1054C000FFF768FC2A7929783846FFF76FFC687A7D
:1054D000002814D0297801280DD1DFF8FC04DFF86A
:1054E000C82206EB460302EBC302515C05F10C0235
:1054F00040F8212003E001223846FFF76AFC687873
:10550000262808D0602801D0622809D129462046E3
:10551000BDE8F44039E529462046BDE8F44047E6B9
:10552000F1BD2DE9F04105460C0001D0012000E05D
:105530000020F5F70BF9284602288041C00FF5F747
:1055400005F9607A012807D1E068002801D0012020
:1055500000E00020F5F7FAF82F46DFF8480250F88F
:105560002780A1782078FFF766FC0646207808EBB4
:1055700040100021C162012221784046FFF7E9FB7B
:105580004046FFF7E1FB002806D1E078012803D16F
:105590000020F5F7DBF804E0E27821784046FFF7D9
:1055A000EDFB21462846FFF77DFFE2792178404652
:1055B000FFF79DFC627921784046FFF791FC0122BC
:1055C00021784046FFF7F9FBDFF8DC0107EB4701E4
:1055D00000EBC100DFF8041462782378C35CCA547E
:1055E0000C312278825C63788B54DFF81C1301F154
:1055F0000C022378C35C0124D454182E04D2805D9D
:10560000125C521C0C310A54BDE8F0812DE9F843BC
:1056100007460C4602288041C00FF5F797F8204650
:1056200018288041C00FF5F791F8DFF8840150F891
:10563000278021464046FFF7EBFB054629462046DA
:10564000FFF7F9FB0646A14608EB491000218163EC
:10565000C16A01F0FF01C162DFF84C0107EB4701AD
:1056600010EBC107DFF8780317F80910405C262813
:1056700004D1002221464046FFF72BFC17F8090011
:10568000DFF8841200220A5401F10C031A54032D8E
:105690000AD0182E08D2BA5D01F10C00805C0028F7
:1056A00002D0401E0C318854BDE8F18370B5044629
:1056B0000D4602288041C00FF5F748F82846182803
:1056C0008041C00FF5F742F82146DFF8E40050F8BA
:1056D00021200020DFF8D03001EB410603EBC601AA
:1056E0002B46C95CDFF8F432DFF81C620E44367BCF
:1056F000022E01D1595C01E01944097B262903D00F
:10570000602901D062290AD129461046FFF780FBA3
:10571000024629462046BDE87040FFF702BC70BD36
:10572000F8B506460C46154602288041C00FF5F72D
:105730000DF8204618288041C00FF5F707F8DFF86C
:105740006800314601EB410200EBC2002146405C9B
:10575000DFF88812DFF8B0210244127B022A01D15F
:105760000F5C01E00844077B00F048F9262F0AD0BF
:10577000602F01D0622F0DD12A4621463046FFF717
:10578000ADFC044608E02A4621463046FFF702FEFB
:10579000044601E04FF4406400F046F92046F2BDB3
:1057A0007C34402034174B00BC344020EC2940208E
:1057B00034174B00F8B506460C46154602288041C2
:1057C000C00FF4F7C3FF204618288041C00FF4F73C
:1057D000BDFFDFF8100250F8267000F039F92146BD
:1057E0003846FFF76FFB002D33D0022D1CD044D27A
:1057F000DFF8F40106EB460110EBC1052646DFF8A1
:10580000EC01A95D405C002837D1012221463846D1
:10581000FFF7EBFA002221463846FFF7DAFA0120BB
:105820003949AA5D885428E0012221463846FFF70D
:10583000DCFA012221463846FFF7CBFA3248DFF87E
:10584000A81106EB460201EBC201095D0122425498
:1058500013E0002221463846FFF7C7FA002221460E
:105860003846FFF7B6FA2848DFF87C1106EB460207
:1058700001EBC201095D00224254BDE8F14000F095
:10588000FDB8F8B506460C46154602288041C00F03
:10589000F4F75CFF204618288041C00FF4F756FF4C
:1058A000504850F8267000F0FDF8002D05D1002278
:1058B00021463846FFF7CEFA04E001222146384659
:1058C000FFF7C8FA012221463846FFF7CAFA4648D0
:1058D00006EB460110EBC105264601203F49AA5DB3
:1058E00011440873002221463846FFF77EFA21460C
:1058F0003846FFF7E7FA02203D49AA5D11440873D4
:10590000BDE8F14000F0E4B8282A40202DE9F0413C
:1059100007460C4616461D4602288041C00FF4F784
:1059200015FF204618288041C00FF4F70FFF2D48BF
:1059300050F8278000F0E0F828482B4907EB470291
:1059400001EBC2012246895C0844007B012827D173
:10595000069A1046602801D0622809D121464046A7
:10596000FFF77FFA2A4621464046FFF773FA17E011
:10597000B6F5004F0FD12846012801D1002300E0E1
:10598000012321464046FFF773FA2A462146404646
:10599000FFF760FA04E02B4621464046FFF768FA1D
:1059A000BDE8F04100F0BEB838B505460C46022807
:1059B0008041C00FF4F7CAFE204618288041C00F6E
:1059C000F4F7C4FE0548084905EB450201EBC201A6
:1059D000095D0844007B32BDC0294020A43440202A
:1059E000B034402034174B00BC344020EC29402018
:1059F000282A4020EFF310807047000070B5F6F7BA
:105A000032F90446DFF8445105EB8406306900287A
:105A100006D1FFF7EFFFC10700D472B645F82400A6
:105A20003069401C306170BD80B5F6F71CF9DFF8B5
:105A30001C1101EB800213695B1E136151F82000F9
:105A4000C00703D41069002800D162B601BD000070
:105A500070B5F6F708F90446DFF8F45005EB840654
:105A60003069002806D1FFF7C5FFC10700D472B620
:105A700045F824003069401C306170BD80B5F6F7F0
:105A8000F2F8DFF8CC1001EB800213695B1E1361A2
:105A900051F82000C00703D41069002800D162B675
:105AA00001BD000070B5F6F7DEF80446DFF8A4503B
:105AB00005EB84063069002806D1FFF79BFFC1077C
:105AC00000D472B645F824003069401C306170BDC6
:105AD00080B5F6F7C8F8DFF87C1001EB8002136997
:105AE0005B1E136151F82000C00703D41069002821
:105AF00000D162B601BD000070B5F6F7B4F80446F7
:105B0000DFF8545005EB84063069002806D1FFF712
:105B100071FFC10700D472B645F824003069401CFB
:105B2000306170BD80B5F6F79EF8DFF82C1001EB00
:105B3000800213695B1E136151F82000C00703D473
:105B40001069002800D162B601BD00005845402010
:105B50007845402098454020B8454020F8B5064695
:105B60000D4614463746042F01DB012000E00020DB
:105B7000F4F70AFED52F01DA012000E00020F4F747
:105B800003FE3D4F38683D4988428041C043C00F05
:105B9000F4F7FAFD386800EB8600002C01D0016CA8
:105BA00021600564BFF36F8FBFF34F8FF1BD38B530
:105BB00004462546C043C00FF4F7E6FDD52D01DAB3
:105BC000012000E00020F4F7DFFD012104F01F00B8
:105BD00081402B48640940F8241031BD38B5044693
:105BE0002546C043C00FF4F7CFFDD52D01DA0120C3
:105BF00000E00020F4F7C8FD012104F01F008140FF
:105C00002048640940F8241031BD70B504460D46A3
:105C10002646042E01DB012000E00020F4F7B4FD4D
:105C2000D52E01DA012000E00020F4F7ADFD284672
:105C3000102801DA012000E00020F4F7A5FD2D0175
:105C40001148055570BD38B504462546C043C00F00
:105C5000F4F79AFDD52D01DA012000E00020F4F7D9
:105C600093FD012104F01F0081400848640940F8B9
:105C7000241031BD0000000008ED00E0000000200D
:105C800000E100E080E100E000E400E080E200E00C
:105C900038B5040001D0012000E00020F4F774FDC5
:105CA000206855288041C00FF4F76EFD002523E0E1
:105CB00000F029F81FE0606830F9350000F025F8A1
:105CC000606800EBC501C97830F9350000F01CF8B8
:105CD00060680022011D51F8351030F9350000F0E0
:105CE00010F8616831F9350001EBC50189780029A8
:105CF000DED000F007F86D1C20688542DBD3002061
:105D000032BD2BE753E769E77FE79CE7DFF8E8164A
:105D10000161DFF8341741610021816170478269B8
:105D20000B465B1E9B41DB43DB0F22F4002242EA61
:105D3000C3428261704782690B465B1E9B41DB4315
:105D4000DB0F22F4802242EA8342826170470269BB
:105D500061F30C0202617047026961F31C62026127
:105D60007047016941F400310161704710B40B467E
:105D7000140000D05B1C032B04D1016941F00051D9
:105D8000016117E000290AD1002A816903D021F4BA
:105D9000016181610AE041F40061816106E081698D
:105DA00021F010015B1E41EA03118161016921F0BC
:105DB0000051016110BC7047836923F002034A0857
:105DC00053EA42038361826961F300028261704792
:105DD000026922F4005242EA41320261704710B473
:105DE00083691446641EA441E443E40F01228A40FF
:105DF000934304FA01F11943816110BC7047806933
:105E0000C84000F00100704701777047826922F0B6
:105E100080420B461B0A03F0010342EA837282614F
:105E200001777047826922F080420B461B0A42EAE2
:105E3000837222F000420B465B0A42EAC37282611F
:105E400001777047C069C0B2704701468869C00FCA
:105E5000C969C9B251EA0020704701468869400DFE
:105E600000F400708A69D20F50EA0220C969C9B2F1
:105E7000084370474069C84000F0010070470000C7
:105E8000103904292BD8DFE801F01B130B03230082
:105E90004269DFF860160A4042F40022426170470E
:105EA0004269DFF850160A4042F48022426170478E
:105EB0004269DFF840160A4042F4003242617047FE
:105EC0004269DFF830160A4042F48032426170477E
:105ED0004269DFF820160A4042F48012426170479E
:105EE0004269DFF810160A4042F47022426170479E
:105EF000F8B504460D4616461F463846F6F763FDCC
:105F0000206039463046F6F774FD2860F1BD70B563
:105F10000C46154619460026F6F75FFD2168401825
:105F20002060A84200D30126304670BD816A41F44A
:105F30008041816270470821816270472DE9F843F2
:105F400007460C4604288041C00FF4F731FC002CB2
:105F500001D0012000E00020F4F72AFCDFF8A88639
:105F600008EB8709D9F8100000285BD10120F4F76D
:105F70001FFC207A21288041C00FF4F719FC6068CB
:105F8000B0F5005F04D2401E8041C043C00F00E066
:105F90000020F4F70DFCDFF8F80650F82750A6694A
:105FA000C9F8106048F82740E07A032804D1607AE5
:105FB000401E8041C00F00E00120F4F7F9FB0020F3
:105FC000014601E03154401C1828FBD32846FFF756
:105FD0009DFE207A082802D22846FFF7C2FE217AC9
:105FE000491E2846FFF7B8FE61682846FFF7AFFE56
:105FF000E17A607A002804D001222846FFF7B6FE35
:1060000003E000222846FFF7B1FE617A2846FFF739
:10601000D3FEA17A2846FFF7DBFE0020B075F075AD
:1060200020683060BDE8F1837FB5044604288041D4
:10603000C00FF4F7BDFB00200290DFF8540650F8C3
:106040002450DFF8C40500EB84063469002C01D02D
:10605000012000E00020F4F7ABFB00231A4669465C
:1060600001A8FFF745FF207D002802D1607D0028B0
:1060700007D00023009A02A901A8FFF748FF0028D3
:10608000F1D00023009A02A901A8FFF740FF0028E1
:1060900001D0012024E0002217212846FFF79FFEAF
:1060A000002216212846FFF79AFE002215212846D5
:1060B000FFF795FE00221B212846FFF790FE0022E5
:1060C00018212846FFF78BFE00221A212846FFF7E9
:1060D00086FE002219212846FFF781FE002030614C
:1060E00004B070BD2DE9F04707460C4691460428E0
:1060F0008041C00FF4F75CFB002C01D0012000E0D0
:106100000020F4F755FB4846401E8041C043C00FB5
:10611000F4F74EFB4FF000083846DFF8EC1451F866
:10612000205001EB80000669C246002E01D00120FC
:1061300000E04046F4F73CFB00F0C2FB307D002855
:1061400005D000F0D3FB4FF002084FF0010ABAF17E
:10615000000F1DD10120307500F0C8FB002D01D0CB
:10616000012000E00020F4F723FB287B012803D066
:10617000401E8041C00F00E00120F4F719FB287B8E
:10618000012805D14A462146384600F025FA8046C6
:106190004046BDE8F08770B506460C4604288041AD
:1061A000C00FF4F705FBDFF8600400EB86010D6912
:1061B00050F82660002D01D0012000E00020F4F707
:1061C000F7FA002E01D0012000E00020F4F7F0FAE9
:1061D000002C12D0307B01280FD100F0C1FBAE7D26
:1061E000287D002804D0E868206000F0CFFB09E09B
:1061F0000020206000F0CAFB04E000F0B1FBAE7D9F
:1062000000F0C4FB304670BD2DE9F04707460C4650
:10621000914604288041C00FF4F7CAFA002C01D03F
:10622000012000E00020F4F7C3FA4846401E8041F8
:10623000C043C00FF4F7BCFA4FF000083846DFF84F
:10624000C81351F8205001EB80000669C246002EA9
:1062500001D0012000E04046F4F7AAFA00F058FB14
:10626000707D002805D000F069FB4FF002084FF068
:10627000010ABAF1000F1DD10120707500F05EFB1C
:10628000002D01D0012000E00020F4F791FA287BD6
:10629000012803D0401E8041C00F00E00120F4F728
:1062A00087FA287B012805D14A462146384600F066
:1062B000F1F980464046BDE8F08770B506460C46C9
:1062C000154604288041C00FF4F772FA002C01D063
:1062D000012000E00020F4F76BFA2846401E8041C0
:1062E000C043C00FF4F764FAC74800EB86000069AA
:1062F0008460056170BD70B5044604288041C00FFC
:10630000F4F756FA2046DFF8881351F8205000269B
:10631000BD4901EB80000069002807D12846FFF73E
:1063200091FD2846BDE87040FFF7DABD204600F039
:10633000E3F813212846FFF79DFD00280DD01B210F
:106340002846FFF75CFD002802D0204600F056F8F2
:1063500013212846FFF794FD012614212846FFF754
:1063600089FD002811D014212846FFF789FD14214A
:106370002846FFF744FD002803D0204600F066F8C9
:1063800002E02846FFF75EFD012615212846FFF7AB
:1063900071FD002809D015212846FFF730FD00289F
:1063A00002D0204600F02AF8012617212846FFF7E0
:1063B00061FD00280BD0300009D117212846FFF7D6
:1063C0001EFD002803D0204600F04BF801261621C0
:1063D0002846FFF74FFD00280BD0002E09D11621CB
:1063E0002846FFF70CFD002803D02046BDE870408A
:1063F00063E070BD000000000400000F70B50446AB
:10640000814901F1100252F8205051F8206000F04B
:106410000BFA2869002806D13369002B03D0726972
:10642000002120469847286900280BD1204600F01B
:106430006BF93369002B05D0726902212046BDE853
:106440007040184770BD000000C01FC06E49024672
:1064500051F822100B69002B02D04A690421184719
:106460007047F8B505468A4951F82040664901F160
:10647000100252F8206051F82070F06800281BD0FC
:10648000284600F099F9F068002806D13B69002BF6
:1064900003D07A69012128469847F06800280BD17B
:1064A000002217212046FFF79AFC012216212046E0
:1064B000BDE8F840FFF793BCF1BD38B5044652493A
:1064C00051F82050103151F82000C06800280FD139
:1064D000287B012802D1204600F098F82B69002B78
:1064E00006D06A690221204601B0BDE83040184755
:1064F00031BD0000FF3FE03F2DE9F8430446002591
:106500002E46634951F820703F4901F1100252F8BC
:10651000208051F8209011213846FFF7ABFC00286D
:106520000FD019213846FFF76AFC002801D1012657
:1065300007E00125072088F8170011213846FFF7EA
:106540009FFC10213846FFF795FC002811D0300041
:106550000FD118213846FFF752FC002801D101263F
:1065600007E00125082088F8170010213846FFF7BA
:1065700087FC12213846FFF77DFC002811D030003F
:106580000FD11A213846FFF73AFC002801D1012625
:1065900007E00125092088F8170012213846FFF787
:1065A0006FFC85F001053543EDB2002D12D199F84D
:1065B0000C00012802D1204600F0A6F8D9F81030CE
:1065C000002B07D0D9F814200321204601B0BDE8E4
:1065D000F0431847BDE8F18310B52D4B53F8204028
:1065E000094B03EB800000694160C26002218175A4
:1065F00001212046FFF793FB012217212046FFF7D8
:10660000EEFB002010BD0000004140203EB50021FF
:1066100002911F4951F82040A64901EB800005690D
:10662000A87D022804D0002217212046FFF7D7FBBF
:10663000002216212046FFF7D2FB00231A466946A6
:1066400001A8FFF755FC16212046FFF713FC002890
:1066500007D10023009A02A901A8FFF758FC0028DF
:10666000F1D00023009A02A901A8FFF750FC0028EE
:1066700001D00320A87500212046FFF750FBA87D1C
:10668000022801D10020A8750020287537BD000020
:1066900050174B0010B51B4B53F82040854B03EBB4
:1066A0008000006901234375816002610221C17588
:1066B0002046FFF715FC2046FFF738FC0121204655
:1066C000FFF739FB01221B212046FFF788FB01223F
:1066D00018212046FFF783FB01221A212046FFF7ED
:1066E0007EFB012219212046FFF779FB01221521AB
:1066F0002046FFF774FB002010BD6D4951F82000C3
:10670000FFF719BC50174B003EB5002102916849B4
:1067100051F82040674901EB8000056900221B21E8
:106720002046FFF75CFB002218212046FFF757FBAD
:1067300000221A212046FFF752FB00221921204691
:10674000FFF74DFB002214212046FFF748FB0022F3
:1067500015212046FFF743FBE87D06281DD10023C5
:106760001A46694601A8FFF7C3FB15212046FFF72B
:1067700081FB002807D10023009A02A901A8FFF796
:10678000C6FB0028F1D00023009A02A901A8FFF758
:10679000BEFB002801D00320E87500212046FFF74A
:1067A000CAFA2046FFF74EFB00206875E87D0228F4
:1067B00001D10020E87537BD30B401463C4850F89F
:1067C00021003C4B03EB8102126953F82130D97A46
:1067D000002901D0012909D1536819785B1C536045
:1067E000D3685B1ED36030BCFFF70EBB54682178C2
:1067F000D568012D05D1641C5460D468641ED46032
:1068000009E0641C5460257841EA0521641C546049
:10681000D468A41ED460DA7A022A02D130BCFFF711
:10682000F5BA30BCFFF7FEBA38B50146204850F83B
:106830002100204A02F1100353F8214052F8215060
:10684000E97A002901D0012912D1FFF7FBFAA168EA
:106850000870E87A002804D1A068017801F07F016F
:106860000170A068401CA0602069401E206131BDFD
:10687000022902D1FFF7E9FA01E0FFF7EEFAA16879
:106880002269012A087006D1A068401CA060206916
:10689000401E206131BDA168491CA1600012087032
:1068A000A068401CA0602069801E206131BD0000EE
:1068B00050174B0000414020EFF31080704700005C
:1068C00070B5F5F7D0F90446394D05EB840630690B
:1068D000002806D1FFF7F0FFC10700D472B645F8D3
:1068E00024003069401C306170BD000080B5F5F7B0
:1068F000BAF92F4901EB800213695B1E136151F84D
:106900002000C00703D41069002800D162B601BD81
:1069100070B5F5F7A8F90446264D05EB84063069F5
:10692000002806D1FFF7C8FFC10700D472B645F8AA
:1069300024003069401C306170BD000080B5F5F75F
:1069400092F91C4901EB800213695B1E136151F837
:106950002000C00703D41069002800D162B601BD31
:1069600070B5F5F780F90446134D05EB84063069E0
:10697000002806D1FFF7A0FFC10700D472B645F882
:1069800024003069401C306170BD000080B5F5F70F
:106990006AF9094901EB800213695B1E136151F822
:1069A0002000C00703D41069002800D162B601BDE1
:1069B000D8454020F84540201846402010B5002416
:1069C000002806D001241123002211466520F4F787
:1069D0005BFC204610BD10B5002487494968C96892
:1069E000884206D301240B23022200216520F4F7FC
:1069F0004BFC204610BD10B500247F4949688968CA
:106A0000884206D301240C23082200216520F4F7D4
:106A10003BFC204610BD10B5002400F00BF9002807
:106A200006D001240E23032200216520F4F72CFC5C
:106A3000204610BD0020704710B5024600246F4864
:106A40000178130009D1032912D001241323002255
:106A500011466520F4F718FC0AE0032906D1012449
:106A60000F2300216520F4F70FFC01E00A210170DB
:106A7000204610BD614A002907D1002802D10C2010
:106A8000107070470320107070470C201070704712
:106A900038B504460020FFF7CFFF002834D1204648
:106AA000FFF78CFF0400544827D15549416000226C
:106AB00005E04B6915015B5903445A70521C8B6801
:106AC0009A42F6D3002206E08B6902EB0215AD0074
:106AD0005B59C254521CCB689A42F5D3002205E0A0
:106AE0000B6955015B5903449A70521C4B689A42DA
:106AF000F6D3C86900F098F801E000214160002158
:106B00002046BDE83440B5E731BDF8B504463A4DFE
:106B10002E5D01270220FFF78FFF002811D12046AC
:106B2000FFF759FF002808D16868806906EB061155
:106B300000EB810000F07AF8002702210020FFF727
:106B400099FF3846F2BD70B504462B4D281946789A
:106B50000820FFF771FF002813D12046FFF74BFFF5
:106B6000002809D1FDF76EFB6868406900EB06104C
:106B700000F070F8FDF77CFB08210020BDE87040B4
:106B800078E770BD10B501240320FFF755FF0028FA
:106B90000AD1FFF740FF002802D100F049F8002495
:106BA00003210020FFF766FF204610BD10B5022428
:106BB0000420FFF741FF002806D100F03BF804460F
:106BC00004210020FFF756FF204610BD80B50720A6
:106BD000FFF732FF00280DD1FFF72CFF002804D16A
:106BE00005484068C06900F037F807210020BDE87B
:106BF00004403FE701BD0000642B40202A354020BF
:106C000000E34A0038B5044600251920FFF714FFB9
:106C1000002807D1204600F01BF805461921002066
:106C2000FFF728FF284632BD00F072B8FBF728BFF7
:106C3000FCF70CB980B5FCF7CEF8002802D001288B
:106C400002D003E0002002BD012002BD022002BDEF
:106C5000FCF754B900F01FB800F057B810B504465F
:106C6000E06800F05FF8E068017B012905D1007859
:106C7000012802D1002000F069F800F071F8002826
:106C800003D1BDE8104000F075B807210120BDE830
:106C9000104000F079B838B505462C79A86800F0A6
:106CA000C8F9A86800F08FF9A86800F0DCF9002C9A
:106CB00001D0012C04D12046BDE8324000F0EDB9EE
:106CC0000D2C04D12846BDE8324000F0F5B90E2C59
:106CD00001D0112C03D12846BDE83240BEE70F2C6D
:106CE00001D0122C04D12846BDE8324000F0F0B9A2
:106CF000102C01D0132C07D12846FFF7AFFF2846F0
:106D0000BDE8324000F0E4B931BD006800F0A8BA37
:106D100080B5006800F034FA0120BDE8024000F0C0
:106D200015B8FEE7017801290FD141780A4A0129F7
:106D300003D143681943D16001E00021D16011689B
:106D400021F07801806801431160704703490A68A7
:106D500060F310420A60704704C62A4000C62A4009
:106D6000002003490968C90700D50120704700BF0A
:106D700000C02E400348016821F440710160704753
:106D80000000000004802E40014A126810470000F5
:106D9000EC3440207047F8B504460D4616461F46B1
:106DA0000020F5F710FE20600020286001463846DC
:106DB000F5F71FFE3060F1BD70B50C461546002694
:106DC0003146F5F70AFE216840182060A84200D33A
:106DD0000126304670BDFEE7C948006845F6F0213F
:106DE00001604AF20F51016070470120C4490968EF
:106DF0008860F1E7C24A126802EB4121D1F8042110
:106E000082431043C1F80401E6E7BD49096801EB7C
:106E10004020D0F8041141F00101C0F80411DBE773
:106E2000B74A126802EB402000EB4110D0F8441141
:106E300041F00101C0F84411CEE77FB54468817884
:106E4000007AC0072DD54D02AD4E30684219D2F8F8
:106E500000315B0804F0010050EA4303C2F800313E
:106E60000120FFF7C7FF42F210736A4601A902A88A
:106E7000FFF791FF009A01A902A8FFF79DFF316873
:106E80002944D1F8081101F0010104F001029142F6
:106E900001D00028EED0002803D0FF210020FFF70A
:106EA00073FF7FBD2DE9FF414468856846780F4632
:106EB000DFF84C82D8F8000000EB472000EB86009A
:106EC000C0F830410846FFF7A0FF42F210736A464F
:106ED00001A902A8FFF75FFF009A01A902A8FFF726
:106EE0006BFFD8F8001001EB472101EB8601D1F8C8
:106EF000101129408C4201D00028EDD0002803D089
:106F0000FF210020FFF740FFBDE8FF812DE9FF478B
:106F10000D468768B8460024467817F001071FD150
:106F200042F210736A4601A902A8FFF734FF009AE3
:106F300001A902A8FFF740FF0446714800682946EE
:106F400000EB412000EB4610D0F84801002801D4A6
:106F5000002CECD0002C03D0FF210020FFF714FF01
:106F6000002C2ED12C464FEA4619DFF894A1DAF80E
:106F7000000000EB44204844C0F8408131462846D8
:106F8000FFF74EFF42F210736A4601A902A8FFF70D
:106F900002FF009A01A902A8FFF70EFFDAF800101D
:106FA00001EB44214944D1F8481101F00101B942F3
:106FB00001D00028EDD0002803D0FF210020FFF7EA
:106FC000E3FEBDE8FF87F8B50446002510E0B06990
:106FD00007EB47018A00815C012903D1B178104495
:106FE000FFF794FF7F1CFFB2307D8742EFDB6D1C03
:106FF0002846C0B202281BDA6168C0EBC00211EB60
:10700000820630780128F2D100270CE0306907EBC6
:1070100047018A00815C012903D1B1781044FFF750
:1070200041FF7F1CFFB2307B8742EFDB0027DBE7AD
:10703000F1BD38B50446002510E06168C0EBC00220
:1070400001EB82000178012907D14178012904D19F
:107050000179C90701D5FFF7F0FE6D1C2846C0B2C3
:107060000128EADD31BD38B50446002510E061682D
:10707000C0EBC00201EB82000178012907D1417801
:10708000012904D10179C90701D4FFF7D6FE6D1C8F
:107090002846C0B20128EADD31BD010004D101203B
:1070A00017490968486005E0012803D10220144906
:1070B0000968486099E6000080B5BFF34F8F4079BA
:1070C000002801D000F0D8F830BFBFF34F8F01BDCA
:1070D00010B504000A48A168096802681161BFF38D
:1070E0004F8F4FF4004100684160FFF77EFEBFF311
:1070F0004F8F6079002801D000F0BEF830BF10BD7E
:10710000F03440201FB504001AD042F210736A46D2
:1071100001A902A8FFF73FFE009A01A902A8FFF704
:107120004BFE494909688C608968484C0C4001D085
:107130000028F1D0002803D0FF210020FFF724FE13
:107140001FBD1FB504001AD042F210736A4601A990
:1071500002A8FFF720FE009A01A902A8FFF72CFE63
:10716000394909680C600968394C0C4001D0002885
:10717000F1D0002803D0FF210020FFF705FE1FBD3E
:1071800038B50446304D28688068002803D031495E
:107190004860FFF7B7FF29686068C8600868002882
:1071A00001D0A2688A61C00701D5E068C86131BD1D
:1071B000F0B403461D2000241568002901D126499A
:1071C00000E02649264601E06D1C761C202E0AD2DE
:1071D0000127B7400F42F8D01F42F5D02846641C63
:1071E000012CF1D91E201560C0B2F0BC70472DE90A
:1071F000FC4100200090144E30680068144D05409A
:10720000144F00D03D603C686A4600212046FFF7DD
:10721000CFFF80462846FFF794FF002C10D130683E
:1072200080680A4C044000D07C607868002804D054
:107230006A460121FFF7BCFF80462046FFF762FF48
:107240004046BDE8F6810000F43440205902116048
:1072500059D706606C2B402059D70760D9171160A9
:1072600000783C2804D05A2805D10120FFF715BF2B
:107270000020FFF712BF70470248016841F0020189
:107280000160704710ED00E002480188491C018050
:10729000704700BFF21B402070B5044625461C48CD
:1072A00050F82560002903D0012922D004292DD1CE
:1072B000200002D0012809D070BD002000280ED186
:1072C00014480078F3F77EFA0120F7E7002004E085
:1072D00010484078EDF720FF01200028F8D0012267
:1072E0000C4841192046FEF7E8FF00207075F07544
:1072F00070BD002C02D0012C04D070BDBDE87040E0
:10730000F3F778BABDE87040EDF71EBF70BD00BF5F
:10731000104140200C520020012200F01F018A4041
:107320000249400941F820207047000080E100E058
:10733000002901D0FEF7E6BCFEF7E5BCFEF7E4BC91
:10734000FEF7DFBC002805D0012320220021FF200A
:10735000F3F79ABF02480068006800F03CB80000EC
:1073600024E34A0010B500240246121FD12A07D395
:10737000022321222146FF20F3F786FF012401E0AA
:10738000FFF7D6FF204610BD10B500240246121F9D
:10739000D12A02D20A46102A07DB022322222146E2
:1073A000FF20F3F771FF012401E0FFF7C7FF20463C
:1073B00010BD10B5002403461B1FD12B07D3022399
:1073C00024222146FF20F3F75FFF012401E0FFF7AD
:1073D000B7FF204610BD0068002801D0FEF758BC5A
:1073E0007047FEE710B5002807D00C230022114695
:1073F0007C20BDE81040F3F747BF164CE0690078E9
:10740000012807D0F023002211467C20BDE810405F
:10741000F3F73ABF204600F04AF80F48046010BD69
:1074200080B50D4A1268002A07D10F2304220021DB
:107430007C20BDE80050F3F727BF00F0ACF90D2821
:1074400007D10D23042200217C20BDE80050F3F772
:107450001BBF01BD48EB4A0020414020F0B44188E9
:10746000C3681A791B6800241DE0866836F824502A
:1074700006EB8406B678DFF8987457F82660022A7F
:107480000AD0AF086FEA050C0CF0030C4CEA870732
:10749000BF1907F598573A7006EB850606F5107682
:1074A0003360641CA4B28C42DFDBF0BC704738B59B
:1074B0000446DFF860140A460020054613E06369BD
:1074C00013F81030FF2B08D0B0F5C87F05D2C0F3F9
:1074D000080302EB8303C3F8405A401C80B2A38820
:1074E0009842ECDB0120002801D12846F7E7216A09
:1074F000312000F0D5FA2046FFF7B0FF28460246BB
:10750000DFF8143407E023F81020491C084680B245
:107510000A28F8DB0120002801D11146F6E731BD29
:10752000F8B50E461421136901FB00F423441D88AD
:107530001F7A0024B2F800C0604506D30A23012256
:1075400021467C20F3F7A0FE43E0926912F8200068
:10755000C00706D4F023012221467C20F3F794FED5
:1075600037E0187B01280ED0DFF8AC0311FB07F1E0
:10757000084429460911C9B230F8110005F00F017D
:10758000C840C00724D500F0D5FADFF8840350F8CE
:10759000270000EB850000F5107001683246012AD3
:1075A00004D121F4002141F400110DE0320004D196
:1075B00021F4001141F4002106E0022E02D141F431
:1075C000201101E021F42011016000F0C9FA00E06F
:1075D00001242046F2BDF0B400231C460F4601E012
:1075E000641CA4B20546DFF8346336F81560B44273
:1075F0000EDADFF82C6356F8255035F83460BE42B9
:10760000EED105EBC405AD781646B542E8D1234668
:10761000184680B2F0BC70472DE9F04704460D468D
:107620001646A246BA4F57F82A80284608EB80082B
:1076300008F51078D8F800902046FFF7CCFFB8493D
:1076400051F82A1001EBC000C17957F82110828847
:1076500001EB820101F5246180790860002229464E
:10766000204600F019F94FEAD909213E46EAC90639
:1076700046F42016C8F80060BDE8F087F8B5064665
:10768000A34B53F826400D4604EB850404F5107413
:107690002568A44F57F826708C4637F81C70DFF821
:1076A00088C25CF82660BA1806EB82024C3AD6789B
:1076B00053F82630168803EB860303F5246392788B
:1076C0001A60002200F0E8F89848054045F40025CB
:1076D0002560F1BD2DE9F04115461E468C4A034652
:1076E00052F823700A4607EB820707F51077D7F8A0
:1076F0000080012200F0D0F8306905EB850100EB35
:107700008100847A4FEAD8084FEAC808012C06D1D4
:1077100048F400183146284600F0E0F80FE0002C4D
:1077200002D148F400280AE0022C06D148F42018BF
:107730003146284600F0D2F801E028F420183246FD
:1077400021462846FFF7ECFEC7F80080BDE8F0812F
:1077500038B56F4A034652F823400A4604EB8204C8
:1077600004F510742568002200F096F86F48054073
:1077700045F40025256031BD654B53F8200000EB32
:10778000810000F510700168C90852EAC10242F494
:107790000012026070472DE9F84F05468A461646EA
:1077A00000241427306907FB05F10844B0F8008075
:1077B00090F8089031888D4206D30A23042221468E
:1077C0007C20F3F761FD64E0B16911F82510C90769
:1077D00006D4F023042221467C20F3F755FD58E01F
:1077E000407B002806D10E23042221467C20F3F79B
:1077F0004BFD4EE0D346BBF12A0F01DB0D2448E0E0
:1078000000F0C2F94A48494650F8210017FB0BF72F
:1078100038444146091130F8110008F00F01C84002
:10782000C00733D55046002818D0401E0E2821D955
:107830000F381AD0801E18D0401E0E2808D90F38D5
:107840000D281DD8524641464846FFF7E5FE1EE08A
:10785000524641464846FFF711FF18E033462A4694
:1078600041464846FFF736FF11E041464846FFF7DC
:107870006FFF0CE0524641464846FFF77DFF06E0A9
:1078800022464146484600F007F800E00D2400F08B
:1078900091F92046BDE8F28F70B506460D461446B4
:1078A00000F01EF9284600F00F00EDB22D111A4924
:1078B00006EB860201EB820131F81520012303FA61
:1078C00000F0012C01D1104302E0C04380B210400F
:1078D00021F81500BDE8704000F018B9096900EB07
:1078E000800211EB82021088117A527A1346022B21
:1078F0000CD0074B53F821108308C04300F003005D
:1079000050EA8300401800F598500270704700005C
:10791000B02A4B000000294024414020B82A4B00E7
:10792000AC2A4B00A82A4B00A42A4B00F8FFDFFF2B
:10793000A02A4B0038B504460025002C01D00120B8
:1079400000E02846F2F7B4FF606891288041C00F3C
:10795000F2F7AEFF207A022805D00546ED0205F4C5
:10796000006545F40055217C022904D008464005F5
:1079700000F400100543E07B022803D0400400F42B
:1079800000300543A07B022803D0000400F48030BF
:107990000543207B022803D0000200F480700543D9
:1079A000607B022803D0800100F040000543607C2A
:1079B000022803D0C00400F400200543E07A022826
:1079C00003D0800300F480400543A07A022803D04E
:1079D000400100F020000543607A024602F00F02E9
:1079E0001543002812D1012910D194F868100229FA
:1079F0000CD06268104680B28008D24302F00302C5
:107A000052EA8002DFF8BC008218117020686168B9
:107A100000EB8100C0F84052204600F020F82046DC
:107A2000BDE8324030B4DFF8A020136800240FE036
:107A30000B430CE02146C9B200EB4101498A002901
:107A400005D00D04F4D5DFF8845029430B40641CA5
:107A50002146C9B20229EDD3136030BC7047DFF86C
:107A600070100A46437C012B00D0704730B40023CD
:107A700012E0C418A47D102C0DD000EB8305AD6A74
:107A8000B5F5C87F07D2C5F3080502EB850504F0FC
:107A90000F04C5F8404A5B1C0F2BEAD930BC704775
:107AA00070B504460D460B4805604460002605E0AD
:107AB0006C2070432844FFF73DFF761CA642F7D3A5
:107AC000002070BD001329400CC62A4081F9FFFF39
:107AD00000002940D42B4020EFF3108070470000B5
:107AE00070B5F4F7C0F80446DFF8F05005EB8406F3
:107AF0003069002806D1FFF7EFFFC10700D472B646
:107B000045F824003069401C306170BD80B5F4F741
:107B1000AAF8DFF8C81001EB800213695B1E13613D
:107B200051F82000C00703D41069002800D162B6C4
:107B300001BD000070B5F4F796F80446DFF8A050D8
:107B400005EB84063069002806D1FFF7C5FFC107A1
:107B500000D472B645F824003069401C306170BD15
:107B600080B5F4F780F8DFF8781001EB8002136934
:107B70005B1E136151F82000C00703D41069002870
:107B800000D162B601BD000070B5F4F76CF8044690
:107B9000DFF8505005EB84063069002806D1FFF766
:107BA0009BFFC10700D472B645F824003069401C21
:107BB000306170BD80B5F4F756F8DFF8281001EB9E
:107BC000800213695B1E136151F82000C00703D4C3
:107BD0001069002800D162B601BD0000F8444020C1
:107BE00018454020384540200846704710B50346E8
:107BF0000A460020DFF8F4422C214B43E15C0029C7
:107C000008D111000FD0112301467920F3F73CFB76
:107C1000012010BD002A06D1142302460146792016
:107C2000F3F732FB012010BD00290AD12C21484373
:107C3000DFF8B812012A02D100220A54704701224B
:107C40000A54704770B514460025DFF8A0222C2393
:107C50004343D6183278002A07D101251123224642
:107C600000217920F3F710FB30E00A46062A07D3FB
:107C700001251223224600217920F3F705FB25E098
:107C8000FFF7B2FF71680978884207DB01254023BE
:107C9000224600217920F3F7F7FA17E021462C2934
:107CA00003D02D2901D0372910D1F16800EB400213
:107CB00001EBC200001D00F09CF9002806D0012550
:107CC0003B23224600217920F3F7DEFA284670BDD7
:107CD00070470020002900D1704780B5102302466C
:107CE00001467920F3F7D0FA012002BD03460A4687
:107CF000002048F201018B4200DA704780B5322340
:107D000001467920F3F7C0FA012002BD10B5DFF873
:107D1000DC412C2358432044C06801EB410300EBB5
:107D2000C3014869002807D13123072200217920A7
:107D3000F3F7AAFA01240BE0091D104600F050F9F0
:107D4000040005D03023072200217920F3F79CFAA4
:107D5000204610BD70B5054600210846FFF746FFD6
:107D6000040021D129460020FFF7B3FF04001BD1F6
:107D7000DFF87851DFF878016860002610E006EB44
:107D80004601406800EBC10005EB8602D0606868E0
:107D90004068001D00EBC10000F0ACF8761CF6B2A4
:107DA000686801788E42EADB002221461046BDE871
:107DB000704039E738B501210020FFF717FF0400B4
:107DC0001ED100250BE0C86805EB4501CA008118EB
:107DD000097C001D104400F0A4F86D1CEDB2DFF822
:107DE0000C11486800788542EDDB002048600246AF
:107DF00001F10C0302E043F82020401C0628FAD3CE
:107E0000012221460020BDE838400DE770B5044648
:107E10000D46042806D140F26360814202DA29004F
:107E200000D00546022221460020FFF70BFF002864
:107E30001DD121460020FFF7D7FE06460221284625
:107E4000FFF754FF002812D1DFF8A000C06806EB4E
:107E5000460100EBC100011D284600F084F800280F
:107E600005D03423022200217920F3F70DFA2046B1
:107E7000BDE870402CE770B504460D460722214648
:107E80000020FFF7DFFE002815D121460020FFF774
:107E9000ABFE06462A4631460020FFF737FF002892
:107EA00009D11248C06806EB460100EBC100011D74
:107EB000284600F084F82046BDE8704008E710B579
:107EC0000A4C616800290FD00844017A0020FFF7AE
:107ED0008BFEE16800EB400201EBC200406901004B
:107EE00002D0BDE81040004710BD0000F83440202B
:107EF000C4EC4A0010B504462078012810D161680E
:107F000000290DD0207AFDF70CFB3448217A01EBD3
:107F1000410200EB021061680978628920F81120A3
:107F200010BD38B504460025002900D10125207870
:107F3000012817D16068002814D00178207AFDF755
:107F400065FB2A4660680178207AFDF79AFC234891
:107F5000217A01EB410200EB0210616809780022EE
:107F600020F8112031BD7CB505460C460020217853
:107F7000012922D160680178207AFDF797FB064637
:107F8000606841780091037A2A460178207AFDF7EB
:107F9000BDFC28464643F60B324692B26068017833
:107FA000207AFDF7BDFB0D49227A02EB420301EB7B
:107FB00003116268127821F81250C0B276BD0846EB
:107FC0000178012908D141684A78012A04D00122A8
:107FD0000978007AFDF7EEBB70470000742B402053
:107FE000024600200B78012B02D11046F2F785BC27
:107FF000704710B501240178012913D1416809782F
:10800000007AFDF7D1FC26280BD0602809D0622821
:1080100007D0202805D0222803D0212801D02328EA
:1080200000D10024204610BDEFF3108070470000FF
:1080300070B5F3F718FE0446254D05EB840630694C
:10804000002806D1FFF7F0FFC10700D472B645F84B
:1080500024003069401C306170BD000080B5F3F72A
:1080600002FE1B4901EB800213695B1E136151F88C
:108070002000C00703D41069002800D162B601BDFA
:1080800070B5F3F7F0FD0446124D05EB8406306938
:10809000002806D1FFF7C8FFC10700D472B645F823
:1080A00024003069401C306170BD000080B5F3F7DA
:1080B000DAFD084901EB800213695B1E136151F878
:1080C0002000C00703D41069002800D162B601BDAA
:1080D0003846402058464020F0B400233A490A6808
:1080E00005E02F5D0755641CB442FAD35B1C934234
:1080F0001CD203EB430001EB800084684768C5682D
:1081000020462D1A05F00306002004E054F820C094
:1081100047F820C0401CA5EB060CB0EB9C0FF5D334
:1081200004EB800507EB80000024DDE7274D2A687B
:1081300000210E460CE043F82060401CB0EB940F89
:10814000F9D314F0030F02D0344643F82040491C01
:1081500091420AD2281D50F8313005F1080050F83C
:1081600031401846241A3046E8E7F0BC7047F0B4B6
:1081700015490A68164B05E02F5D0755641CB4428B
:10818000FAD35B1C93421CD203EB430001EB80004B
:1081900084684768C56820462D1A05F0030600204C
:1081A00004E054F820C047F820C0401CA5EB060CA2
:1081B000B0EB9C0FF5D304EB800507EB80000024A7
:1081C000DDE7F0BC70470000100C4800800C480050
:1081D00006000000006800F001007047016841F0EF
:1081E000010101607047016849084900016070475A
:1081F0000068C0F34120012801D101207047002010
:108200007047014600200968090911F0030104D0F4
:10821000012901D10120704702207047012906D0B1
:10822000022908D1016841F020010160704701680E
:1082300041F0100101607047F8B5044600250121A6
:1082400040F6B830F4F7D5FB0646284600900746BE
:108250002068800601D501251EE02068C0061BD5D8
:108260004CF2205020614DF6281020610120F4F7D7
:10827000AAFB009004E001216846F4F7AEFBC719A1
:108280002068C00601D5B742F5D3B74204D3012117
:108290002046FFF7C3FF01252846F2BDF0B58B79D4
:1082A0004A78521E9241D243D20F0C79641EA441E7
:1082B000E443E40F8D786D1EAD41ED0FCE78761E50
:1082C000B641F60F4F797F1EBF41FF43FF0F91F874
:1082D00000C04FEA432E0EF4C06E4EEA0C6E4EEA1A
:1082E000022252EAC41252EA850252EA460252EAD5
:1082F00087120260012242608A6882600A79002A3D
:1083000001D0CA68C260012B01D1098A8161F0BD28
:1083100002460020032A00D20120002902D0914207
:1083200000D301207047026961F30F0202617047B8
:10833000806900EB0010C01C80B270470121C16150
:108340007047406800F0010070470068800900F045
:1083500001007047416801F00101416070472DE95B
:10836000F04105460C46DFF8640250F825602846C7
:10837000401E8041C00FF2F7A5FA002C01D0012069
:1083800000E00020F2F79EFA3046FFF755FF012883
:1083900001D1012724E03046FFF71CFF002802D05E
:1083A0003046FFF720FFE168A068FFF7B1FF070044
:1083B00016D121463046FFF771FFDFF8148260794D
:1083C000002803D0606908EB850148603046FFF75C
:1083D00005FFA17C3046FFF721FF012008F80500CA
:1083E0003846BDE8F08170B50446784850F824500E
:1083F0002046401E8041C00FF2F764FA2846FFF77E
:108400001BFF060012D12846FFF7EDFE0120686031
:108410004FF44870A8600020E860A8616D482860AB
:108420002846FFF78BFF002069490855304670BD8C
:1084300070B5664951F820400025401E8041C00FAC
:10844000F2F740FAFFF7F4FD2046FFF7D1FE0028CF
:108450002ED0012836D14CF220562046FFF768FF77
:10846000B04200D101252046FFF762FF01462046B9
:10847000FFF759FF2046FFF75BFFB04200D101250F
:108480002046FFF755FF01462046FFF74CFF2046E8
:10849000FFF7B7FE012815D1002D13D04DF6281196
:1084A0002046FFF740FF01212046FFF7B7FE09E015
:1084B0004AF202612046FFF736FF4BF28041204628
:1084C000FFF731FFBDE87040FFF7C8BD2DE9F0416F
:1084D0000D4614463D4951F82060401E8041C00FB2
:1084E000F2F7F0F93046FFF78CFE074621462846A2
:1084F000FFF70EFF804600281ED13046FFF79CFE96
:10850000012802D14FF0010816E03046FFF76BFE5C
:10851000B560002C05D0F460306840F08000306019
:1085200003E0306820F0800030603046FFF756FEF0
:1085300039463046FFF772FE4046BDE8F08170B51F
:10854000224951F82040401E8041C00FF2F7BAF98D
:108550002046FFF756FE0546FFF792FD2046FFF73F
:108560006BFE060006D12046FFF73DFE2946204659
:10857000FFF754FEFFF79AFD304670BD70B5044614
:10858000124850F824502046401E8041C00FF2F798
:1085900099F90F4E305D0128284613D1FFF7D1FE1F
:1085A000002812D02846FFF7D0FE00280DD028461C
:1085B000FFF7D0FE06EB84004068002805D0BDE838
:1085C00070400047BDE87040C4E670BDB42A4B005F
:1085D000DC2B40200A0100FF0020F3F788BEFEE7F5
:1085E000FEE70020F7F743B901231F2200210846C8
:1085F000F7F7B2B800233F2220211846F7F7ACB8AE
:108600000020FDF778BE0120FDF775BE00EB41109C
:10861000C16A62F3C711C1627047FFF750BC002006
:10862000FFF7ACBF3B003B003B003B003E003E0081
:108630003E003E0045004500450045004C004C0012
:108640004C004C0053005300530053005900580095
:10865000590058005E005E005E005E00640063002A
:108660006400630069006900690069006F006E00C2
:108670006F006E007A0079007A007900850084002E
:108680008500840090008F0090008F009B009A006E
:108690009B009A00A600A600A600A600B700B600A0
:1086A000B700B600C700C700C700C700D800D70092
:1086B000D800D700E800E800E800E800F900F8007A
:1086C000F900F8000C01FE000C01FE00200103017E
:1086D00020010301330109013301090146010E01A3
:1086E00046010E015A0114015A0114015F011501DE
:1086F0005F01150166011701660117016D0118017F
:108700006D01180174011901740119017B011B012C
:108710007B011B0182011C0182011C0189011E01D8
:1087200089011E0190011F0190011F019701200185
:10873000970120019F0122019F012201AD01230128
:10874000AD012301BB012401BB012401C9012601A4
:10875000C9012601D6012701D6012701E40129011B
:10876000E4012901E7012A01E7012A01EB012B01BC
:10877000EB012B01EF012D01EF012D01F3012E0182
:10878000F3012E01F8012F01F8012F01010231013F
:10879000010231010B0232010B02320115023401D8
:1087A000150234011E0235011E023501290236016F
:1087B0002902360132023801320238013A02390107
:1087C0003A02390142023A0142023A014B023C01AB
:1087D0004B023C0153023D0153023D0156023F0151
:1087E00056023F0158024001580240015B0241011C
:1087F0005B0241015E0243015E02430161024401EA
:1088000061024401630246016302460166024701B8
:108810006602470169024801690248016C024A0187
:108820006C024A016F024B016F024B0171024C0155
:1088300071024C0174024E0174024E0177024F0125
:1088400077024F017A0251017A0251017C025201F2
:108850007C0252017F0253017F02530182025501C3
:108860008202550185025601850256018702570191
:10887000870257018A0259018A0259018D025A0161
:108880008D025A0190025C0190025C0192025D012E
:1088900092025D0195025E0195025E0198026001FF
:1088A000980260019B0261019B0261019E026201CC
:1088B0009E026201A0026401A0026401A30265019C
:1088C000A3026501A6026701A6026701A902680169
:1088D000A9026801AB026901AB026901AE026B013A
:1088E000AE026B01B1026C01B1026C01B4026E0107
:1088F000B4026E01B9026F01B9026F01BF027001CB
:10890000BF027001C4027201C4027201CF0273017E
:10891000CF027301E4027401E4027401F9027B01E5
:10892000F9027B010E037F010E037F012203820106
:108930002203820130038901300389013E03900143
:108940003E0390013E0390013E0390014C6967682D
:1089500074204D616C205761697420666F722070BD
:108960006F77657220757020746F20636F6D706C07
:108970006574650D0A00000076616C75653A2564C2
:10898000204B3A2564204C313A25752C204C4D3231
:108990003A25752C2074656D70323A2564204C4957
:1089A0006E6465783A2564200D0A00004C6967689A
:1089B00074204D6F64656C205761697420666F7216
:1089C00020706F77657220757020746F20636F6DF3
:1089D000706C6574650D0A004D4952524F52204D1E
:1089E0004F4445207C204B4559204D4F44453A2566
:1089F00064204C494E453A2025640D0A00000000D1
:108A000053545245414D494E47204D4F4445207CDB
:108A1000204B4559204D4F44453A202564204C4970
:108A20004E453A2025642C2025730D0A00000000D5
:108A30005077724D643A25642C5077724D64466CC1
:108A400061673A25642C7072655278466C61673AAA
:108A500025640D0A0000000000000000180100005D
:108A6000E001000020030000C6050000FE07000032
:108A70003A090000760A0000B10B0000ED0C00007E
:108A8000290E0000960F0000031100007112000073
:108A9000DE1300004B15000023170000FB18000038
:108AA000D41A0000AC1C0000841E000080220000CC
:108AB0007C260000782A0000742E0000703200002E
:108AC000D63500003D390000A33C00000A400000FC
:108AD00070430000284A0000E05000009857000052
:108AE000505E000008650000DD6E0000B2780000F6
:108AF000868200005B8C000030960000F3A300002B
:108B0000B6B100007ABF00003DCD000000DB0000E0
:108B10009AE3000033EC0000CDF4000066FD000095
:108B2000000601006E0D0100DD1401004B1C010068
:108B3000BA230100282B0100BB3101004E3801008F
:108B4000E23E010075450100084C01001053010090
:108B5000185A01002061010028680100306F0100EF
:108B600000790100D0820100A08C01007096010004
:108B700040A00100AEA301001BA7010089AA0100CB
:108B8000F6AD010064B1010082B80100A1BF01008F
:108B9000BFC60100DECD0100FCD40100F8DB0100FE
:108BA000F4E20100F0E90100ECF00100E8F7010057
:108BB000F0FE0100F8050200000D0200081402009A
:108BC000101B0200A01C0200301E0200C01F020089
:108BD00050210200E022020068360200F049020043
:108BE000785D02000071020000710200002D414B0F
:108BF00043616D6572612053775665723A25303254
:108C000064253032642C20485665723A253032642F
:108C1000253032640D0A000043616D6572612045A4
:108C200076206C75783A2025642C416E7469476C07
:108C30006172655F4C6576653A2025640D0A000017
:108C4000574F442025642C203078253034583A2062
:108C50003078253032783A3078253032783A3078AA
:108C6000253032783A3078253032783A30782530ED
:108C70003278210D0A000000524F442025642C2038
:108C80003078253034583A203078253032783A30F0
:108C900078253032783A3078253032783A30782575
:108CA0003032783A307825303278210D0A000000D1
:108CB000436F6C6F722054656D2057616974206634
:108CC0006F7220706F77657220757020746F2063EB
:108CD0006F6D706C6574650D0A00000043616D6511
:108CE00072612044617461205570646174652E2046
:108CF0003C5A6F6F6D203A25643E207C203C416ECB
:108D000067656C3A2025643E0D0A0000416E676C71
:108D100065205761697420666F7220706F77657285
:108D200020757020746F20636F6D706C6574650DB5
:108D30000A00000043616D6572615F416E67656C9A
:108D40005F417464203A2025642C627954656D700B
:108D500056616C203A25640D0A0000005A6F6F6D51
:108D6000205761697420666F7220706F776572207A
:108D7000757020746F20636F6D706C6574650D0A7B
:108D800000000000537472204D6F646520576169C4
:108D90007420666F7220706F776572207570207412
:108DA0006F20636F6D706C6574650D0A00000000C4
:108DB0007573657220616374697665206D6F646593
:108DC0002073617665206661696C65643A25640D7F
:108DD0000A00000063616E20307839360000000020
:108DE00063616E20307832303900000063616E209C
:108DF000307833396400000063616E203078396563
:108E00000000000063616E20307833666600000069
:108E100063616E20307833656600000063616E2008
:108E2000307835616500000063616E20307835363A
:108E30006600000063616E20307836663100000005
:108E400063616E206E6D000063616E20307836665F
:108E50003600000063616E2030783339370000003F
:108E600063616E20307863320000000063616E2021
:108E7000307833333900000063616E2055647350DD
:108E8000687952657100000063616E205564734615
:108E9000756E52657100000063616E203078336634
:108EA000300000004932435263683A25642C416423
:108EB00064723A307825782C5265673A3078257894
:108EC0002C4572723A25642C443A307825780D0A84
:108ED000000000004932435763683A25642C41641E
:108EE00064723A307825782C5265673A3078257864
:108EF0002C4572723A25642C443A307825780D0A54
:108F00000000000032382025303278206661696C1C
:108F100065642C20636F6D6D5479706520496E56C1
:108F2000616C69640D0A00003238202530327820E7
:108F30006661696C65642C20737562253032782017
:108F4000496E56616C69640D0A00000031302030B2
:108F500032206661696C65642C2070633D25642C49
:108F600020414753503D25642C20563D25642C203C
:108F70004143433D25640D0A0D0A000044696167C1
:108F800020726571207265736574206661696C6515
:108F9000642C20537065656420496E56616C696469
:108FA0000D0A0D0A000000003245204631383720F6
:108FB000777269746520696E68696269742C2063D0
:108FC0006F6E746163742074686520737570706C63
:108FD0006965720D0A000000324520463138432091
:108FE000777269746520696E68696269742C2063A0
:108FF0006F6E746163742074686520737570706C33
:109000006965720D0A000000324520463138422061
:10901000777269746520696E68696269742C20636F
:109020006F6E746163742074686520737570706C02
:109030006965720D0A00000046314231202D3E2044
:10904000756E737570706F72746564207061726193
:109050006D3A3078253032580D0A000044656D2095
:10906000566F6C7420526973696E672041626F7627
:109070006520313633562C2564562C543A25640D20
:109080000A00000044656D20566F6C7420526563C1
:109090006F7665722041626F7665203933562C25D4
:1090A00064562C543A25640D0A00000044656D2076
:1090B000566F6C742046616C6C696E672042656CFB
:1090C0006F77203837562C2564562C3A25640D0AC4
:1090D0000000000044656D20566F6C74205265637B
:1090E0006F7665722042656C6F7720313537562C6C
:1090F0002564562C543A25640D0A000044656D2001
:10910000566F6C74202825642D3E25642920416605
:109110006669726D2025732C202C2564562C2054F2
:109120003A25640D0A0000004474633A2564204126
:10913000666669726D204E472C54646966663A25EE
:10914000642C543A2564200D0A0000004474633AEC
:1091500025642041666669726D204F4B2C5464690A
:1091600066663A25642C543A2564200D0A000000F6
:1091700044746320566F6C7420526973696E672063
:1091800041626F766520313630562C2564562C545A
:109190003A25640D0A00000044746320566F6C7415
:1091A000205265636F7665722041626F7665203864
:1091B00035562C2564562C543A25640D0A000000BF
:1091C00044746320566F6C7420526973696E672013
:1091D00041626F766520313635562C2564562C5405
:1091E0003A25640D0A00000044746320566F6C74C5
:1091F0002046616C6C696E672042656C6F77203821
:1092000030562C2564562C3A25640D0A00000000C7
:1092100044746320566F6C742046616C6C696E6791
:109220002042656C6F77203835562C2564562C3AD1
:1092300025640D0A0000000044746320566F6C74AE
:10924000205265636F7665722042656C6F772031BE
:109250003630562C2564562C543A25640D0A0000ED
:10926000566F6C74202825642D3E256429204166A4
:109270006669726D2025732C202C2564562C205491
:109280003A25640D0A000000436865636B5F4C5625
:1092900044535F4C4F434B5F4661756C742072655D
:1092A000636F766572792C543A25640D0A000000CC
:1092B000253078204552522049535020307832448E
:1092C00043203078253032582C543A2564210D0A39
:1092D00000000000253078204E4F52204953502086
:1092E0003078324443203078253032582C543A2597
:1092F00064210D0A000000002530782045525220DC
:10930000504D494320307832453520307825303271
:10931000582C543A2564210D0A000000253078208D
:109320004552522053454E20307832444620307802
:10933000253032582C543A2564210D0A00000000D3
:10934000253078204E4F522053454E2030783244FD
:1093500046203078253032582C543A2564210D0AA5
:109360000000000046524F5A454E5F4652414D455F
:10937000283078253034582920453A203078253057
:1093800032582C543A25640D0A00000046524F5AB8
:10939000454E5F4652414D45283078253034582996
:1093A000204E3A203078253032582C543A2564210A
:1093B0000D0A00004449534F524445522830782545
:1093C0003034582920453A203078253032582C54F2
:1093D0003A2564210D0A00004449534F5244455236
:1093E0002830782530345829204E3A2030782530DE
:1093F00032582C543A2564210D0A0000504950453A
:109400004C494E45283078253034582920453A209B
:109410003078253032582C543A2564210D0A00004A
:10942000504950454C494E4528307825303458290C
:10943000204E3A203078253032582C543A25642179
:109440000D0A0000494D4147455F494E505554288B
:109450003078253034582920453A2030782530326C
:10946000582C543A2564210D0A000000494D41470B
:10947000455F494E505554283078253034582920BE
:109480004E3A203078253032582C543A2564210D3C
:109490000A000000494D4147455F494E5645525329
:1094A000494F4E283078253034582920453A20300D
:1094B00078253032582C543A2564210D0A000000DA
:1094C000494D4147455F494E56455253494F4E28F5
:1094D00030782530345829204E3A203078253032E3
:1094E000582C543A2564210D0A000000494D41478B
:1094F000455F54494D494E47283078253034582926
:1095000020453A203078253032582C543A256421B1
:109510000D0A0000494D4147455F54494D494E47AA
:109520002830782530345829204E3A20307825309C
:1095300032582C543A2564210D0A00004F707443B0
:109540007263283078253034582920453A20307805
:10955000253032582C543A2564210D0A00000000B1
:109560004F70744372632830782530345829204E68
:109570003A203078253032582C543A2564210D0A8F
:1095800000000000526F6D4372632830782530343C
:10959000582920453A203078253032582C543A2525
:1095A00064210D0A00000000526F6D437263283081
:1095B000782530345829204E3A20307825303258DA
:1095C0002C543A2564210D0A00000000506C6C43B5
:1095D0006C6F636B4D6F6E69746F722830782530D5
:1095E00034582920453A203078253032582C543AC6
:1095F0002564210D0A000000506C6C436C6F636B96
:109600004D6F6E69746F7228307825303458292078
:109610004E3A203078253032582C543A2564210DAA
:109620000A000000506C6C4C6F636B28307825305A
:1096300034582920453A203078253032582C543A75
:109640002564210D0A000000506C6C4C6F636B2880
:1096500030782530345829204E3A20307825303261
:10966000582C543A2564210D0A00000054656D7091
:109670007261747572652830782530345829204518
:109680003A203078253032582C543A2564210D0A7E
:109690000000000054656D70726174757265283049
:1096A000782530345829204E3A20307825303258E9
:1096B0002C543A2564210D0A00000000566F6C53AB
:1096C000656E736F724578746572537570706C79DE
:1096D000283078253034582920453A2030782530F4
:1096E00032582C543A2564210D0A0000566F6C53F1
:1096F000656E736F724578746572537570706C79AE
:109700002830782530345829204E3A2030782530BA
:1097100032582C543A2564210D0A00005372616DB1
:109720004275696C74496E53656C66746573742810
:109730003078253034582920453A20307825303289
:10974000582C543A2564210D0A0000005372616DB3
:109750004275696C74496E53656C667465737428E0
:1097600030782530345829204E3A20307825303250
:10977000582C543A2564210D0A0000004F7574706E
:1097800075744669666F43726328307825303458A3
:109790002920453A203078253032582C543A256417
:1097A000210D0A004F75747075744669666F4372B7
:1097B000632830782530345829204E3A20307825D7
:1097C0003032582C543A2564210D0A0045727262D9
:1097D00050696E53746174654D6F6E69746F722851
:1097E0003078253034582920453A203078253032D9
:1097F000582C543A2564210D0A000000457272620B
:1098000050696E53746174654D6F6E69746F722820
:1098100030782530345829204E3A2030782530329F
:10982000582C543A2564210D0A0000004661756CDD
:10983000744F75744661756C7428307825303458CF
:109840002920453A203078253032582C543A256466
:10985000210D0A004661756C744F75744661756C14
:10986000742830782530345829204E3A2030782515
:109870003032582C543A2564210D0A0047726F7516
:1098800070486F6C644372632830782530345829EF
:1098900020453A203078253032582C543A2564211E
:1098A0000D0A000047726F7570486F6C64437263F5
:1098B0002830782530345829204E3A203078253009
:1098C00032582C543A2564210D0A000043616D651D
:1098D00072612043757272656E742041626E6F72A0
:1098E0006D616C282564292C302E2564562C543A41
:1098F00025640D0A000000004C43442050524F5490
:10990000454354494F4E205475726E204F66662071
:109910004C63642825303864290D0A004C434420E8
:1099200050524F54454354494F4E5F54454D505F3C
:1099300044495341424C45205475726E204F66662F
:10994000204C63640D0A00004C43442050524F5495
:10995000454354494F4E205741524E4E494E4720A1
:1099600055492825303864290D0A00004C4344200D
:1099700050524F54454354494F4E5F54454D505FEC
:1099800044495341424C452053484F572055490DB7
:109990000A00000043757272656E7420446572653A
:1099A0006174696E6720636C6F7365204F53442840
:1099B00025303864290D0A004C43442050524F543E
:1099C000454354494F4E5F54454D505F44455245C1
:1099D0004154494E47202825303864290D0A00009B
:1099E00043757272656E74204E6F726D6F616C207C
:1099F000636C6F7365204F534420282530386429E9
:109A00000D0A00008C0A010035040100DEFD000093
:109A1000DEF70000DFF1000031EC000083E600001B
:109A200022E10000C1DB0000A9D6000091D10000B6
:109A3000BDCC0000E9C7000055C30000C2BE000055
:109A40006BBA000015B60000F7B10000D9AD0000F8
:109A5000F1A900000AA6000050A20000979E000095
:109A60000E9B0000869700002B940000D090000011
:109A7000A08D0000718A00006A87000064840000E5
:109A800083810000A37E0000E77B00002C790000AA
:109A900092760000F973000080710000076F0000EB
:109AA000AC6C0000526A000017680000DC65000022
:109AB000BB6300009B610000945F00008E5D0000AE
:109AC000A05B0000B2590000DB5700000556000003
:109AD0004454000083520000D65000002A4F00007A
:109AE000914D0000F94B0000734A0000ED48000062
:109AF0007947000005460000A14400003D430000F6
:109B0000E941000096400000513F00000D3E00007A
:109B1000D73C0000A13B0000793A00005139000019
:109B2000363800001B3700000C360000FE34000001
:109B3000FB330000F8320000FC310000003100006F
:109B400018300000302F00004E2E00006C2D000059
:109B5000932C0000BA2B0000EA2A00001B2A000008
:109B6000542900008D280000CE2700001027000097
:109B700059260000A2250000F22400004324000022
:109B80009B230000F322000051220000B0210000BE
:109B9000152100007A200000E61F0000521F00007F
:109BA000C31E0000351E0000AC1D0000241D000077
:109BB000A11C00001F1C0000A11B0000231B0000B3
:109BC000AA1A0000321A0000BE1900004B1900004A
:109BD000D81800006C18000001180000971700004A
:109BE000CC160000C916000066160000031600001F
:109BF000A415000045150000E91400008E140000B3
:109C000036140000DE130000891300003413000036
:109C1000E21200009112000043120000F511000052
:109C2000A91100005E11000015110000CC10000009
:109C30008610000040100000FD0F0000BA0F000069
:109C4000790F0000380F0000F90E0000BB0E000075
:109C50007F0E0000430E0000090E0000CF0D000033
:109C6000970D00005F0D0000290D0000F30C0000AF
:109C7000BF0C00008B0C0000590C0000270C0000EA
:109C8000F60B0000C60B0000980B00006A0B0000EA
:109C90003D0B0000110B0000E60A0000BC0A0000AA
:109CA000920A0000690A0000410A00001A0A000036
:109CB000F3090000CD090000A80900008309000095
:109CC0005F0900003B09000018090000F6080000C9
:109CD000D4080000B30800009208000072080000D9
:109CE000530800003408000015080000F7070000C2
:109CF000DA070000BD070000A0070000840700008D
:109D0000680700004D070000330700001907000036
:109D1000FF060000E5060000CC060000B4060000C7
:109D20009C060000840600006D0600005606000038
:109D30003F0600002906000013060000FE05000093
:109D4000E9050000D4050000C0050000AC050000D6
:109D50009805000084050000710500005E05000004
:109D60004C0500003A05000028050000160500001B
:109D700005050000F4040000E3040000D204000024
:109D8000C1040000B1040000A1040000920400001E
:109D90008204000073040000640400005504000005
:109DA00046040000380400002A0400001C040000DF
:109DB0000E04000001040000F4030000E7030000AB
:109DC000D9030000CD030000C1030000B50300006B
:109DD000A90300009D03000091030000860300001A
:109DE0007A0300006F030000640300005A030000C0
:109DF0004F030000440300003A030000300300005A
:109E0000260300001C0300001203000008030000EA
:109E1000FF020000F6020000EC020000E302000076
:109E2000DA020000D1020000C8020000C0020000F7
:109E3000B7020000AF020000A70200009F0200006E
:109E4000970200008F0200008802000080020000DC
:109E50007802000071020000690200006202000046
:109E60005B0200005402000038FFFFFF3DFFFFFFD0
:109E700042FFFFFF47FFFFFF4CFFFFFF51FFFFFFC8
:109E800056FFFFFF5BFFFFFF60FFFFFF65FFFFFF68
:109E90006AFFFFFF6FFFFFFF74FFFFFF79FFFFFF08
:109EA0007EFFFFFF83FFFFFF88FFFFFF8DFFFFFFA8
:109EB00092FFFFFF97FFFFFF9CFFFFFFA1FFFFFF48
:109EC000A6FFFFFFABFFFFFFB0FFFFFFB5FFFFFFE8
:109ED000BAFFFFFFBFFFFFFFC4FFFFFFC9FFFFFF88
:109EE000CEFFFFFFD3FFFFFFD8FFFFFFDDFFFFFF28
:109EF000E2FFFFFFE7FFFFFFECFFFFFFF1FFFFFFC8
:109F0000F6FFFFFFFBFFFFFF000000000500000061
:109F10000A0000000F0000001400000019000000FB
:109F20001E00000023000000280000002D0000009B
:109F300032000000370000003C000000410000003B
:109F4000460000004B0000005000000055000000DB
:109F50005A0000005F00000064000000690000007B
:109F60006E00000073000000780000007D0000001B
:109F700082000000870000008C00000091000000BB
:109F8000960000009B000000A0000000A50000005B
:109F9000AA000000AF000000B4000000B9000000FB
:109FA000BE000000C3000000C8000000CD0000009B
:109FB000D2000000D7000000DC000000E10000003B
:109FC000E6000000EB000000F0000000F5000000DB
:109FD000FA000000FF000000040100000901000079
:109FE0000E01000013010000180100001D01000017
:109FF00022010000270100002C01000031010000B7
:10A00000360100003B010000400100004501000056
:10A010004A0100004F0100005401000059010000F6
:10A020005E01000063010000680100006D01000096
:10A0300072010000770100007C0100008101000036
:10A04000860100008B0100009001000095010000D6
:10A050009A0100009F010000A4010000A901000076
:10A06000AE010000B3010000B8010000BD01000016
:10A07000C2010000C7010000CC010000D1010000B6
:10A08000D6010000DB010000E0010000E501000056
:10A09000EA010000EF010000F4010000F9010000F6
:10A0A000FE01000003020000080200000D02000093
:10A0B00012020000170200001C0200002102000032
:10A0C000260200002B0200003002000035020000D2
:10A0D0003A0200003F020000440200004902000072
:10A0E0004E02000053020000580200005D02000012
:10A0F00062020000670200006C02000071020000B2
:10A10000760200007B020000800200008502000051
:10A110008A0200008F0200009402000099020000F1
:10A120009E020000A3020000A8020000AD02000091
:10A13000B2020000B7020000BC020000C102000031
:10A14000C6020000CB020000D0020000D5020000D1
:10A15000DA020000DF020000E4020000E902000071
:10A16000EE020000F3020000F8020000FD02000011
:10A1700002030000070300000C03000011030000AD
:10A18000160300001B03000020030000250300004D
:10A190002A0300002F0300003403000039030000ED
:10A1A0003E03000043030000480300004D0300008D
:10A1B00052030000570300005C030000610300002D
:10A1C000660300006B0300007003000075030000CD
:10A1D0007A0300007F03000084030000890300006D
:10A1E0008E03000093030000980300009D0300000D
:10A1F000A2030000A7030000AC030000B1030000AD
:10A20000B6030000BB030000C0030000C50300004C
:10A21000CA030000CF030000D4030000D9030000EC
:10A22000DE030000E3030000E8030000ED0300008C
:10A23000F2030000F7030000FC030000010400002B
:10A24000060400000B0400001004000015040000C8
:10A250001A0400001F040000240400002904000068
:10A260002E04000033040000380400003D04000008
:10A2700042040000470400004C04000051040000A8
:10A28000560400005B040000600400006504000048
:10A290006A0400006F0400007404000079040000E8
:10A2A0007E04000083040000880400008D04000088
:10A2B00092040000970400009C040000A104000028
:10A2C000A6040000AB040000B00400000000000081
:10A2D000B1534800255448004F5448006354480087
:10A2E000715448007555480001000000C96C4800D1
:10A2F000096D4800496D4800836D48008F6D480026
:10A30000456E4800020000009D0249001503490007
:10A3100023034900AF034900BB0349007904490006
:10A320000300000069BD48003DBE48007DC74800ED
:10A3300093C74800FFC9480009CA48002A2A2A2AA8
:10A340002A2A2A2A2A2A2A2A2A2A2A2A2A205379FF
:10A350007374656D2077616B657570202A2A2A2ACF
:10A360002A2A2A2A2A2A2A2A2A2A2A2A2A0D0A00B4
:10A370004170703A205273745372633A25642C28EA
:10A380004E6D3A25642C646961673A25642C6163DB
:10A39000633A25642D687725642D737725642C64D2
:10A3A00062673A2564292C5077566F6C3A256456BB
:10A3B0002C564F533A25642C46756E563A25642C1C
:10A3C00043616E563A25642C547053743A25642CBC
:10A3D00054705077724F6E3A25642C48573A256472
:10A3E0002C43616E53743A25732C43616E57726B24
:10A3F0003A25732C4E6D3A25732C4469616753746A
:10A400003A25642C536573733A25642C7365634C49
:10A41000766C3A25642C44736C527853743D2564F1
:10A420002C44736C547853743D25640D0A0000006D
:10A430004170702053797374656D20537461727428
:10A440002C205549443A2530325825303258253091
:10A450003258253032582530325825303258253080
:10A46000325825303258200D0A0000002A2A2A2AA4
:10A470002A2A2A2A2A2A2A2A2A2A20506F775F4F34
:10A480006E2121212A2A2A2A2A2A2A2A2A2A2A2A03
:10A490002A2A2A2A0D0A00002A2A2A2A2A2A2A2AAD
:10A4A0002A2A2A2A2A2A20506F775F446F776E2C37
:10A4B00020656E74657220736C65657021212120A2
:10A4C0002A2A2A2A2A2A2A2A2A2A2A2A2A2A2A20F6
:10A4D0000D0A0D0A0000000046756E6320566F6C71
:10A4E0007420526973696E672041626F766520310E
:10A4F0003830562C2564562C543A25640D0A000039
:10A5000046756E6320566F6C74205265636F766576
:10A51000722041626F7665203830562C2564562CA7
:10A52000543A25640D0A000046756E6320566F6C20
:10A530007420526973696E672041626F76652031BD
:10A540003835562C2564562C543A25640D0A0000E3
:10A5500046756E6320566F6C742046616C6C696E34
:10A56000672042656C6F77203735562C2564562C52
:10A570003A25640D0A00000046756E6320566F6C24
:10A58000742046616C6C696E672042656C6F772041
:10A590003830562C2564562C3A25640D0A000000EC
:10A5A00046756E6320566F6C74205265636F7665D6
:10A5B000722042656C6F7720313830562C256456F6
:10A5C0002C543A25640D0A0046756E6320566F6C54
:10A5D00074202825642D3E25642920416666697211
:10A5E0006D2025732C202C2564562C20543A25648C
:10A5F0000D0A000043616E20566F6C74205269731F
:10A60000696E672041626F766520313835562C259A
:10A6100064562C543A25640D0A00000043616E20F4
:10A62000566F6C74205265636F7665722041626F5D
:10A630007665203735562C2564562C543A25640D02
:10A640000A00000043616E20566F6C7420526973DB
:10A65000696E672041626F766520313930562C254E
:10A6600064562C543A25640D0A00000043616E20A4
:10A67000566F6C742046616C6C696E672042656C25
:10A680006F77203730562C2564562C3A25640D0AF6
:10A690000000000043616E20566F6C742046616CB0
:10A6A0006C696E672042656C6F77203735562C25B4
:10A6B00064562C3A25640D0A0000000043616E20A8
:10A6C000566F6C74205265636F7665722042656CBC
:10A6D0006F7720313835562C2564562C543A256432
:10A6E0000D0A000043616E20566F6C7420282564AB
:10A6F0002D3E2564292041666669726D2025732CE4
:10A70000202C2564562C20543A25640D0A000000A4
:10A710004B6579205761697420666F7220706F777E
:10A72000657220757020746F20636F6D706C657436
:10A73000650D0A00506F776572204B657920446F74
:10A74000776E20504D643A25642C504D64463A256E
:10A75000642C726D3A25642C55493A25642C4B3A89
:10A7600025640D0A000000005072657373204B656C
:10A7700079206D6F7265207468616E20392E387390
:10A78000205379732077696C6C2072657365740D42
:10A790000A0000005072657373204B6579206D6F5D
:10A7A0007265207468616E20313073205379737440
:10A7B000656D2072657365740D0A00005450207039
:10A7C0006F776572206F6E20737563636573732C8A
:10A7D0007469636B3A25646D732C543A25640D0AD1
:10A7E00000000000526573746172742043616D65EE
:10A7F000726120556E506C75672054696D696E6783
:10A80000204F75742E2E0D0A0000000043616D6507
:10A81000726120536576657269747920546F6F2078
:10A8200043757272656E742C205450204F46462139
:10A8300021210D0A000000005265736574536F7585
:10A840007263653A25642C20627974565073696787
:10A850005265626F6F74436E743A25640D0A00008E
:10A86000567020736967206C6F73742074696D650E
:10A870006F7574207374657031206D637520726517
:10A880007365743A25640D0A000000005670207349
:10A890006967206C6F73742074696D656F757420BF
:10A8A0007374657032206D63752072657365743AD8
:10A8B00025640D0A00000000567020736967206C43
:10A8C0006F73742074696D656F757420737465702F
:10A8D000332053657373696F6E3A25640D0A000067
:10A8E00043616D65726120486173204265656E2029
:10A8F000556E706C7567204F6E205469636B202510
:10A90000640D0A0043616D657261204861732042E5
:10A9100065656E20706C7567204F6E205469636B9F
:10A920002025640D0A000000456E74657220457292
:10A9300072205549205372633A2564207469636B11
:10A940003A2564207072655372633A25640D0A00DB
:10A950005665684D6F643A25642C50696E53543ABD
:10A96000307825582C4C4344543A25642C4B657957
:10A970006D6F643A25640D0A000000004C43703A84
:10A9800025642C4C433A25642C45433A25642C41DC
:10A990006E7469476C6172653A25640D0A000000A7
:10A9A0005A6F6F6D3A25642C416E676C653A256469
:10A9B0002C43616D65726153743A307825582C4987
:10A9C0005350543A25640D0A000000005374724D30
:10A9D000643A25642C544D643A25642C25732C422A
:10A9E0004C4D643A25642C424C4C763A25642C50EC
:10A9F000574D3A25640D0A0056502053696720448C
:10AA00006574206669727374206661756C742C506D
:10AA1000305F32663A25303278482C50335F333815
:10AA20003A25303278482C50335F33393A2530326A
:10AA300078482C486163746976653A25642C543AE9
:10AA400025640D0A00000000565020536967204419
:10AA500065742061666669726D206661756C742C20
:10AA600050305F32663A25303278482C50335F33AD
:10AA7000383A25303278482C50335F33393A253014
:10AA80003278482C486163746976653A25642C54A1
:10AA90003A25640D0A00000072657365745F6D6984
:10AAA00070692C50305F32663A25303278482C502D
:10AAB000335F33383A25303278482C50335F33399E
:10AAC0003A25303278482C486163746976653A25B6
:10AAD000642C543A25640D0A00000000565020539F
:10AAE000696720446574206669727374206F6B2CEB
:10AAF00050305F32663A25303278482C50335F331D
:10AB0000383A25303278482C50335F33393A253083
:10AB10003278482C486163746976653A25642C5410
:10AB20003A25640D0A0000005650205369672044FE
:10AB300065742061666669726D206F6B2C50305FA2
:10AB400032663A25303278482C50335F33383A2514
:10AB5000303278482C50335F33393A2530327848D8
:10AB60002C486163746976653A25642C543A2564EF
:10AB70000D0A00006C6F636B206661756C74205663
:10AB80007020736967205265626F6F7420436C6533
:10AB9000616E3A25640D0A007670736967207265EC
:10ABA000616479207061747465726E5F67656E3A76
:10ABB00025642C2074696D653A25640D0A00000037
:10ABC0007670736967207265616479206279504C90
:10ABD0004B526574727954696D657320436C65617D
:10ABE0006E0D0A0076707369672072656164792062
:10ABF00062797456707369675265626F6F74466CE0
:10AC0000616720436C65616E0D0A00001419002015
:10AC10001E000000D02000200A0000006423002055
:10AC20001E0000005B43414E25645D206275736F1A
:10AC30006666207265636F766572207375636365FF
:10AC400073732C543A25640D0A0000005B43414E97
:10AC500025645D206275736F666620747279207258
:10AC600065636F7665722C2073656E64206D736703
:10AC70002C543A25640D0A0D0A0000005B43414E36
:10AC800025645D206275736F66665F4C312C636E60
:10AC9000743A25642C44746353743D25642C543AEF
:10ACA00025640D0A000000005B43414E25645D20D1
:10ACB0006275736F66665F4C32412C636E743A2521
:10ACC000642C44746353743D25642C543A25640DFC
:10ACD0000A0000005B43414E25645D206275736F7E
:10ACE00066665F4C32422C636E743A25642C447461
:10ACF0006353743D25642C543A25640D0A0000000A
:10AD00005B43414E25645D206275736F66662072F9
:10AD100065636F766572206E6F726D616C2C543A4C
:10AD200025640D0A0D0A000001005E00010000000C
:10AD3000D0070000DC05000088130000F4010000CB
:10AD400001000000F4010000000000000800000005
:10AD500000010000140000000F00000000000100CE
:10AD60000000000028AD4A000AD64A000100000099
:10AD700000000000010000000200000002000000CE
:10AD800000000000000000000000000001000000C2
:10AD900000000A00000001081900190096000000D8
:10ADA000080001010500190084AD4A0088AD4A0081
:10ADB000080000000100000001000A000100010875
:10ADC0001900190096000100080001000500190093
:10ADD00084AD4A0088AD4A00080000000000000071
:10ADE0000A0002000200010019004B0032000000BE
:10ADF0000800010184AD4A0088AD4A000800000047
:10AE0000000000000100000002000100010002003B
:10AE1000010002000200000074AD4A008CAD4A003F
:10AE200004AE4A00000000000000000010270000EF
:10AE30000503000404000000599249005B92490098
:10AE400000000000000000000000000010270000CB
:10AE5000010300040400000051924900539249008C
:10AE600000000000000000000000000000000000E2
:10AE700000000000000000000000000000000000D2
:10AE80000100000024AE4A000100320088130000D7
:10AE9000020019008813000003003200881300002C
:10AEA000000000000000010088AE4A00442F40204E
:10AEB000000000006C2F40203C2F4020442F4020F9
:10AEC00000000000542F402000000000442F4020CC
:10AED00000000000542F402000000000542F4020AC
:10AEE000000000006C2F40203C2F4020542F4020B9
:10AEF000000000006C2F40203C2F4020542F4020A9
:10AF0000000000006C2F40203C2F4020542F402098
:10AF1000000000006C2F40203C2F4020442F402098
:10AF200000000000442F402000000000742F40204B
:10AF30007C2F4020442F402000000000442F402060
:10AF400000000000442F402000000000542F40204B
:10AF5000000000006C2F40203C2F4020542F402048
:10AF6000000000006C2F40203C2F4020542F402038
:10AF700000000000542F402000000000542F40200B
:10AF800000000000542F402000000000542F4020FB
:10AF900000000000542F402000000000442F4020FB
:10AFA00000000000442F402000000000442F4020FB
:10AFB00000000000442F402000000000442F4020EB
:10AFC0000000000000010000ACAE4A00B4AE4A0030
:10AFD0000000000000010000BCAE4A0000000000BC
:10AFE0000000000000010000C4AE4A0000000000A4
:10AFF0000000000000010000CCAE4A00000000008C
:10B000000000000000010000D4AE4A000000000073
:10B010000000000000010000DCAE4A00E4AE4A007F
:10B020000000000000010000ECAE4A00F4AE4A004F
:10B030000000000000010000FCAE4A0004AF4A001E
:10B0400000000000000100000CAF4A0014AF4A00ED
:10B0500000000000000100001CAF4A0000000000DA
:10B06000000000000001000024AF4A002CAF4A009D
:10B07000000000000001000034AF4A0000000000A2
:10B0800000000000000100003CAF4A00000000008A
:10B09000000000000001000044AF4A000000000072
:10B0A00000000000000100004CAF4A0054AF4A000D
:10B0B00000000000000100005CAF4A0064AF4A00DD
:10B0C00000000000000100006CAF4A00000000001A
:10B0D000000000000001000074AF4A000000000002
:10B0E00000000000000100007CAF4A0000000000EA
:10B0F000000000000001000084AF4A0000000000D2
:10B1000000000000000100008CAF4A0000000000B9
:10B11000000000000001000094AF4A0000000000A1
:10B1200000000000000100009CAF4A000000000089
:10B130000000000000010000A4AF4A000000000071
:10B140000000000000010000ACAF4A000000000059
:10B150000000000000010000B4AF4A000000000041
:10B160000000000000010000BCAF4A000000000029
:10B1700000000000030087F1C4AF4A00842F402084
:10B180000F0000000000000055A049005DA049002C
:10B1900067A049008FA049000000000000000000E7
:10B1A000000000000000000000000000000000009F
:10B1B0000000000003008AF1D4AF4A00882F40202D
:10B1C0000A00000000000000A9A04900B1A0490049
:10B1D000000000000000000000000000000000006F
:10B1E000000000000000000000000000000000005F
:10B1F00000000000030097F1E4AF4A008C2F4020CC
:10B200000A00000000000000C1A04900C9A04900D8
:10B21000000000000000000000000000000000002E
:10B22000000000000000000000000000000000001E
:10B2300000000000030093F1F4AF4A00902F40207B
:10B240000200000000000000DBA04900E3A049006C
:10B2500000000000000000000000000000000000EE
:10B2600000000000000000000000000000000000DE
:10B2700000000000030095F104B04A00942F402024
:10B280000200000000000000F5A04900FDA04900F8
:10B2900000000000000000000000000000000000AE
:10B2A000000000000000000000000000000000009E
:10B2B0000000000003008CF114B04A00982F4020D9
:10B2C0000E000000000000000DA1490015A149007A
:10B2D0001FA1490047A14900000000000000000034
:10B2E000000000000000000000000000000000005E
:10B2F00000000000030090F124B04A009C2F402081
:10B30000110000000000000061A1490069A149008E
:10B3100073A149007BA1490000000000000000006B
:10B32000000000000000000000000000000000001D
:10B330000000000003008BF134B04A00A02F402031
:10B34000030000000000000095A149009DA14900F4
:10B35000A7A14900CDA149000000000000000000A5
:10B3600000000000000000000000000000000000DD
:10B37000000000000300A0F144B04A00A42F4020C8
:10B38000030000000000000003A249000BA24900D6
:10B3900015A249001DA249000000000000000000A5
:10B3A000000000000000000000000000000000009D
:10B3B0000000000003004AF154B04A00A82F4020CA
:10B3C000020000000000000053A249005BA24900F7
:10B3D000000000000000000000000000000000006D
:10B3E000000000000000000000000000000000005D
:10B3F0000000000003005AF164B04A00AC2F402066
:10B40000150000000000000069A2490071A2490077
:10B410007BA2490083A24900000000000000000058
:10B42000000000000000000000000000000000001C
:10B4300000000000030021F074B04A00B02F40204B
:10B4400002000000000000009DA24900A5A24900E2
:10B4500000000000000000000000000000000000EC
:10B4600000000000000000000000000000000000DC
:10B4700000000000030022F084B04A00B42F4020F6
:10B480000200000000000000B9A24900C1A249006A
:10B4900000000000000000000000000000000000AC
:10B4A000000000000000000000000000000000009C
:10B4B00000000000030026F094B04A00B82F40209E
:10B4C0000200000000000000D5A24900DDA24900F2
:10B4D000000000000000000000000000000000006C
:10B4E000000000000000000000000000000000005C
:10B4F000000000000300A1F1A4B04A00BC2F4020CE
:10B50000110000000000000067A349006FA349007C
:10B5100079A3490081A34900000000000000000059
:10B52000000000000000000000000000000000001B
:10B53000000000000300B1F1B4B04A00C02F402069
:10B5400010000000000000009BA34900A3A34900D5
:10B55000ADA34900B5A349000000000000000000B1
:10B5600000000000000000000000000000000000DB
:10B5700000000000030000F1C4B04A00C42F4020C6
:10B58000030000000000000007A449000FA44900C8
:10B5900000000000000000000000000000000000AB
:10B5A000000000000000000000000000000000009B
:10B5B00000000000030001F1D4B04A00C82F402071
:10B5C000020000000000000029A4490031A4490045
:10B5D000000000000000000000000000000000006B
:10B5E000000000000000000000000000000000005B
:10B5F00000000000030002F1E4B04A00CC2F40201C
:10B60000010000000000000047A449004FA44900C9
:10B61000000000000000000000000000000000002A
:10B62000000000000000000000000000000000001A
:10B6300000000000030003F1F4B04A00D02F4020C6
:10B64000030000000000000065A449006DA449004B
:10B6500000000000000000000000000000000000EA
:10B6600000000000000000000000000000000000DA
:10B6700000000000030004F104B14A00D42F402070
:10B68000070000000000000081A4490089A44900CF
:10B6900000000000000000000000000000000000AA
:10B6A000000000000000000000000000000000009A
:10B6B00000000000030005F114B14A00D82F40201B
:10B6C0000100000000000000B7A44900BFA4490029
:10B6D000000000000000000000000000000000006A
:10B6E000000000000000000000000000000000005A
:10B6F0000000000003004BF124B14A00DC2F402081
:10B700000100000000000000EBA24900F3A2490084
:10B710000000000000000000000000000000000029
:10B720000000000000000000000000000000000019
:10B730000000000003005FF134B14A00E02F402018
:10B740001100000000000000FDA2490005A349000F
:10B7500000000000000000000000000000000000E9
:10B7600000000000000000000000000000000000D9
:10B7700000000000030010F244B14A00E42F402012
:10B78000030000000000000051A3490059A3490034
:10B7900000000000000000000000000000000000A9
:10B7A0000000000000000000000000000000000099
:10B7B00000000000030086F154B14A00E82F402049
:10B7C0000100000000000000FDA4490005A549009B
:10B7D0000000000000000000000000000000000069
:10B7E0000000000000000000000000000000000059
:10B7F00000000000030000FD64B14A00EC2F40206F
:10B8000010000000000000001FA5490029A5490004
:10B810000000000000000000000000000000000028
:10B820000000000000000000000000000000000018
:10B830000000000000000000000000000000000008
:10B8400000000000000000000000000000000000F8
:10B8500000000000000000000000000000000000E8
:10B8600000000000000000000000000000000000D8
:10B8700000010000000001000400010000000100C0
:10B8800009000100000001000800010000000100A3
:10B8900004000100040001006C2F402000000000A3
:10B8A00074B84A000000000000000000742F40201F
:10B8B0007C2F402078B84A00000000000000000003
:10B8C000742F40207C2F40207CB84A0000000000EC
:10B8D00000000000742F40207C2F402080B84A00D8
:10B8E0000000000000000000742F40207C2F40204A
:10B8F00084B84A0000000000000000006C2F4020C7
:10B900000000000088B84A000000000000000000AD
:10B910006C2F40203C2F40208CB84A0000000000D3
:10B92000000000006C2F40203C2F402090B84A00BF
:10B9300000000000000000006C2F40203C2F402041
:10B9400094B84A0000000000000000000000000061
:10B9500000000000000000000000000000000000E7
:10B96000000002FF98B84A00F1E74800000000001C
:10B970000000000000000000000001F0ACB84A0028
:10B9800029E848000000000000000000000000005E
:10B99000000001FFC0B84A0031E848000000000084
:10B9A0000000000000000000000000FFD4B84A00C2
:10B9B00039E848000000000000000000000000001E
:10B9C000000004FFE8B84A0041E848000000000019
:10B9D0000000000000000000000000DCFCB84A008D
:10B9E00019E6480000000000000000000000000010
:10B9F000000001B010B94A008FE6480000000000C6
:10BA00000000000000000000000000B024B94A005F
:10BA1000A5E6480000000000000000000000000053
:10BA2000000002B038B94A0033E7480000000000C7
:10BA300000000000000000000000FFFF0000000008
:10BA400000000000000000000000000001000000F5
:10BA5000DB00000074B14A00C4AF4A0000000000DF
:10BA600000000000000000000000000060B94A0073
:10BA700098B84A0084AE4A00A8AE4A000000000010
:10BA8000000000000000000010010000302F4020E6
:10BA9000442F40200000000011010000302F402002
:10BAA000442F402000000000140000003C2F4020E4
:10BAB000542F402000000000190100003C2F4020BE
:10BAC000542F40200000000022000000302F4020B2
:10BAD000442F40200000000027010000302F4020AC
:10BAE000602F4020000000002E000000302F40207A
:10BAF000602F40200000000031010000302F402066
:10BB0000442F4020000000003E010000302F402064
:10BB1000442F402000000000280100003C2F40205E
:10BB20006C2F402000000000850100003C2F4020C9
:10BB30006C2F40200000000000000000000000000A
:10BB400000000000010000000000000088BA4A0068
:10BB500000000000000000000000000001000000E4
:10BB600048BB4A000000FF0FAC064020FF0F00005A
:10BB7000AC16402001000004B8164020000400006C
:10BB8000B81A4020750249007902490000000000FF
:10BB900000000000000000000100000000000000A4
:10BBA0000000000001000000E4BB4A0002000000A9
:10BBB00000000000E4BB4A0001000100000000009A
:10BBC000000000000000000000000100E4BB4A008B
:10BBD0000200000000000000000000000000000063
:10BBE00001000000FCBB4A00000000000000000053
:10BBF00000000000CCBB4A000000000024BC4A004A
:10BC0000E4BB4A000000000000000000000000004B
:10BC10000000000000000000000000000000000024
:10BC200001000000030000000001000064BB4A00A6
:10BC300074BB4A0048BB4A0078BC4A00FCBB4A00BF
:10BC4000C41A4020000000000000000000000000B6
:10BC500000000000000000000000000000000000E4
:10BC6000000000000000000001000000A8BB4A0026
:10BC7000CCBB4A0024BC4A008813320000000000FC
:10BC80008813000000000000000000000000010018
:10BC900078BC4A00F1784900000000000000000074
:10BCA0000000000000000000000000000000000094
:10BCB0000100000064BB4A0084BB4A0004D64A006D
:10BCC0006CBC4A0090BC4A009CBB4A0094BC4A0031
:10BCD00050BA4A0060BB4A00B4BC4A0044454D5FBC
:10BCE0004D41585F53495A455F46465F4441544170
:10BCF00020746F6F20736D616C6C0D0A0000000082
:10BD00000000000000F1000000000000D1A5490083
:10BD10000003000000000000000000000000000020
:10BD200001F1000000000000EBA549000002000046
:10BD300000000000000000000000000002F1000010
:10BD40000000000001A64900000100000000000002
:10BD5000000000000000000003F1000000000000EF
:10BD600017A64900000300000000000000000000CA
:10BD70000000000004F10000000000002BA64900B4
:10BD800000070000000000000000000000000000AC
:10BD900005F100000000000059A649000001000064
:10BDA0000000000000000000000000000000000093
:10BDB0000000000000000000000000000000000083
:10BDC00001000000010004000200000095A54900E8
:10BDD000000000008874C0000001000000000000A6
:10BDE00000000000000000001603F0000001000049
:10BDF0000000000000000000000000001703F00039
:10BE00000001000000000000000000000000000031
:10BE100015E85300000100000000000000000000D1
:10BE2000000000004BE8530000010000000000008B
:10BE3000000000000000000019E8530000010000AD
:10BE400000000000000000000000000031E8530086
:10BE500000010000000000000000000000000000E1
:10BE600055E8530000010000000000000000000041
:10BE700000000000F0E85300000100000000000096
:10BE8000000000000000000029E85300000100004D
:10BE90000000000000000000000000008715C20044
:10BEA0000001000000000000000000000000000091
:10BEB0008716C20000010000000000000000000022
:10BEC000000000008717C200000100000000000011
:10BED00000000000000000008718C2000001000000
:10BEE0000000000000000000000000008719C200F0
:10BEF0000001000000000000000000000000000041
:10BF00002000C6000001000000000000000000004A
:10BF1000000000002002C600000100000000000038
:10BF200000000000000000002005C6000001000025
:10BF30000000000000000000000000002006C60015
:10BF400000010000000000000000000000000000F0
:10BF50002024C600000100000000000000000000D6
:10BF6000000000002026C6000001000000000000C4
:10BF700000000000000000002009C60000010000D1
:10BF80000000000000000000000000002010C600BB
:10BF900000010000000000000000000000000000A0
:10BFA0002011C60000010000000000000000000099
:10BFB000000000002012C600000100000000000088
:10BFC00000000000000000002013C6000001000077
:10BFD0000000000000000000000000002014C60067
:10BFE0000001000000000000000000000000000050
:10BFF0002015C60000010000000000000000000045
:10C00000000000002016C600000100000000000033
:10C0100000000000000000002017C6000001000022
:10C020000000000000000000000000002018C60012
:10C0300000010000000000000000000000000000FF
:10C040002019C600000100000000000000000000F0
:10C05000000000002020C6000001000000000000D9
:10C0600000000000000000002021C60000010000C8
:10C070000000000000000000000000002022C600B8
:10C0800000010000000000000000000000000000AF
:10C090002023C60000010000000000000000000096
:10C0A0000000000001017F008000000000007F0010
:10C0B00080FF000001017F008000000000007F0081
:10C0C00080FF000001017F008000000000007F0071
:10C0D00080FF000001017F008000000000007F0061
:10C0E00080FF000001017F008000000000007F0051
:10C0F00080FF000001017F008000000000007F0041
:10C1000080FF000001017F008000000000007F0030
:10C1100080FF000001017F008000000000007F0020
:10C1200080FF000001017F008000000000007F0010
:10C1300080FF000001017F008000000000007F0000
:10C1400080FF000001017F008000000000007F00F0
:10C1500080FF000001017F008000000000007F00E0
:10C1600080FF000001017F008000000000007F00D0
:10C1700080FF000001017F008000000000007F00C0
:10C1800080FF000001017F008000000000007F00B0
:10C1900080FF000001017F008000000000007F00A0
:10C1A00080FF000001017F008000000000007F0090
:10C1B00080FF000001017F008000000000007F0080
:10C1C00080FF000001017F008000000000007F0070
:10C1D00080FF000001017F008000000000007F0060
:10C1E00080FF000001017F008000000000007F0050
:10C1F00080FF000001017F008000000000007F0040
:10C2000080FF000001017F008000000000007F002F
:10C2100080FF000001017F008000000000007F001F
:10C2200080FF000001017F008000000000007F000F
:10C2300080FF000001017F008000000000007F00FF
:10C2400080FF000001017F008000000000007F00EF
:10C2500080FF000001017F008000000000007F00DF
:10C2600080FF000001017F008000000000007F00CF
:10C2700080FF000001017F008000000000007F00BF
:10C2800080FF000001017F008000000000007F00AF
:10C2900080FF000001017F008000000000007F009F
:10C2A00080FF000001017F008000000000007F008F
:10C2B00080FF000001017F008000000000007F007F
:10C2C00080FF000001017F008000000000007F006F
:10C2D00080FF000001017F008000000000007F005F
:10C2E00080FF000001000000A4C04A00010000001F
:10C2F000B4C04A0001000000C4C04A0001000000B0
:10C30000D4C04A0001000000E4C04A00010000005F
:10C31000F4C04A000100000004C14A00010000000E
:10C3200014C14A000100000024C14A0001000000BD
:10C3300034C14A000100000044C14A00010000006D
:10C3400054C14A000100000064C14A00010000001D
:10C3500074C14A000100000084C14A0001000000CD
:10C3600094C14A0001000000A4C14A00010000007D
:10C37000B4C14A0001000000C4C14A00010000002D
:10C38000D4C14A0001000000E4C14A0001000000DD
:10C39000F4C14A000100000004C24A00010000008C
:10C3A00014C24A000100000024C24A00010000003B
:10C3B00034C24A000100000044C24A0001000000EB
:10C3C00054C24A000100000064C24A00010000009B
:10C3D00074C24A000100000084C24A00010000004B
:10C3E00094C24A0001000000A4C24A0001000000FB
:10C3F000B4C24A0001000000C4C24A0001000000AB
:10C40000D4C24A000102000101010000280100001D
:10C41000E4C24A0000000000010200010101000026
:10C4200028010000ECC24A000000000001020001E7
:10C430000101000028010000F4C24A0000000000D1
:10C44000010200010101000028010000FCC24A00B5
:10C4500000000000010200010101000028010000AD
:10C4600004C34A00000000000102000101010000B5
:10C47000280100000CC34A00000000000102000176
:10C48000010100002801000014C34A000000000060
:10C490000102000101010000280100001CC34A0044
:10C4A000000000000102000101010000280100005D
:10C4B00024C34A0000000000010200010101000045
:10C4C000280100002CC34A00000000000102000106
:10C4D000010100002801000034C34A0000000000F0
:10C4E0000102000101010000280100003CC34A00D4
:10C4F000000000000102000101010000280100000D
:10C5000044C34A00000000000102000101010000D4
:10C51000280100004CC34A00000000000102000195
:10C52000010100002801000054C34A00000000007F
:10C530000102000101010000280100005CC34A0063
:10C5400000000000010200010101000028010000BC
:10C5500064C34A0000000000010200010101000064
:10C56000280100006CC34A00000000000102000125
:10C57000010100002801000074C34A00000000000F
:10C580000102000101010000280100007CC34A00F3
:10C59000000000000102000101010000280100006C
:10C5A00084C34A00000000000102000101010000F4
:10C5B000280100008CC34A000000000001020001B5
:10C5C000010100002801000094C34A00000000009F
:10C5D0000102000101010000280100009CC34A0083
:10C5E000000000000102000101010000280100001C
:10C5F000A4C34A0000000000010200010101000084
:10C6000028010000ACC34A00000000000102000144
:10C610000101000028010000B4C34A00000000002E
:10C62000010200010101000028010000BCC34A0012
:10C6300000000000010200010101000028010000CB
:10C64000C4C34A0000000000010200010101000013
:10C6500028010000CCC34A000000000001020001D4
:10C660000101000028010000D4C34A0000000000BE
:10C67000010200010101000028010000DCC34A00A2
:10C68000000000000102000101010000280100007B
:10C69000E4C34A00000000000102000101010000A3
:10C6A00028010000ECC34A00000000000102000164
:10C6B0000101000028010000F4C34A00000000004E
:10C6C000010200010101000028010000FCC34A0032
:10C6D0000000000001020400F02F402001010300CF
:10C6E0000C3040200200020004C44A0034304020D4
:10C6F000283040200000000000000000D4BD4A00A7
:10C70000000000000300020018C44A004830402026
:10C710003C3040200000000000000000E8BD4A005E
:10C7200000000000040002002CC44A005C304020DD
:10C73000503040200000000000000000FCBD4A0016
:10C74000000000000500020040C44A007030402094
:10C7500064304020000000000000000010BE4A00CD
:10C76000000000000600020054C44A00843040204B
:10C7700078304020000000000000000024BE4A0085
:10C78000000000000700020068C44A009830402002
:10C790008C304020000000000000000038BE4A003D
:10C7A00000000000080002007CC44A00AC304020B9
:10C7B000A030402000000000000000004CBE4A00F5
:10C7C000000000000900020090C44A00C030402070
:10C7D000B4304020000000000000000060BE4A00AD
:10C7E000000000000A000200A4C44A00D430402027
:10C7F000C8304020000000000000000074BE4A0065
:10C80000000000000B000200B8C44A00E8304020DD
:10C81000DC304020000000000000000088BE4A001C
:10C82000000000000C000200CCC44A00FC30402094
:10C83000F030402000000000000000009CBE4A00D4
:10C84000000000000D000200E0C44A00103140204A
:10C85000043140200000000000000000B0BE4A008B
:10C86000000000000E000200F4C44A002431402001
:10C87000183140200000000000000000C4BE4A0043
:10C88000000000000F00020008C54A0038314020B7
:10C890002C3140200000000000000000D8BE4A00FB
:10C8A00000000000100002001CC54A004C3140206E
:10C8B000403140200000000000000000ECBE4A00B3
:10C8C000000000001100020030C54A006031402025
:10C8D00054314020000000000000000000BF4A006A
:10C8E000000000001200020044C54A0074314020DC
:10C8F00068314020000000000000000014BF4A0022
:10C90000000000001300020058C54A008831402092
:10C910007C314020000000000000000028BF4A00D9
:10C9200000000000140002006CC54A009C31402049
:10C930009031402000000000000000003CBF4A0091
:10C94000000000001500020080C54A00B031402000
:10C95000A4314020000000000000000050BF4A0049
:10C96000000000001600020094C54A00C4314020B7
:10C97000B8314020000000000000000064BF4A0001
:10C980000000000017000200A8C54A00D83140206E
:10C99000CC314020000000000000000078BF4A00B9
:10C9A0000000000018000200BCC54A00EC31402025
:10C9B000E031402000000000000000008CBF4A0071
:10C9C0000000000019000200D0C54A0000324020DB
:10C9D000F43140200000000000000000A0BF4A0029
:10C9E000000000001A000200E4C54A001432402092
:10C9F000083240200000000000000000B4BF4A00E0
:10CA0000000000001B000200F8C54A002832402048
:10CA10001C3240200000000000000000C8BF4A0097
:10CA2000000000001C0002000CC64A003C324020FE
:10CA3000303240200000000000000000DCBF4A004F
:10CA4000000000001D00020020C64A0050324020B5
:10CA5000443240200000000000000000F0BF4A0007
:10CA6000000000001E00020034C64A00643240206C
:10CA700058324020000000000000000004C04A00BE
:10CA8000000000001F00020048C64A007832402023
:10CA90006C324020000000000000000018C04A0076
:10CAA00000000000200002005CC64A008C324020DA
:10CAB0008032402000000000000000002CC04A002E
:10CAC000000000002100020070C64A00A032402091
:10CAD00094324020000000000000000040C04A00E6
:10CAE000000000002200020084C64A00B432402048
:10CAF000A8324020000000000000000054C04A009E
:10CB0000000000002300020098C64A00C8324020FE
:10CB1000BC324020000000000000000068C04A0055
:10CB20000000000024000200ACC64A00DC324020B5
:10CB3000D032402000000000000000007CC04A000D
:10CB40000000000025000200C0C64A00F03240206C
:10CB5000E4324020000000000000000090C04A00C5
:10CB600000000000000000000000000000000000C5
:10CB700000000000000000000000000000000000B5
:10CB800001000000E4C64A000000000000000000B0
:10CB90000000000084CB4A000000000000000000FC
:10CBA000020004000300040004007F0005007F0071
:10CBB00006007F0007007F0008007F0009007F005B
:10CBC0000A007F00000000000C007F000D007F00C5
:10CBD0000E0028000F0014001000140011007F0048
:10CBE00012007F0013007F001400140015007F0066
:10CBF0001600140017007F001800140019007F00B1
:10CC00001A007F001B007F001C0014001D007F0025
:10CC10001E0014001F007F00200006000001020318
:10CC20000405060708090909090A0A0A0A0B0B0B79
:10CC30000B0C0C0C0C0D0D0D0D0D0D0D0D0E0E0E27
:10CC40000E0E0E0E0E0E0E0E0E0E0E0E0E0F0F0F01
:10CC50000F0F0F0F0F0F0F0F0F0F0F0F0F00000011
:10CC6000494E4954203D3E206374782D3E646174E2
:10CC7000615F6164647220203078257820206374BD
:10CC8000782D3E666C735F6375725F706F733A25C3
:10CC90006420627974653A25642062697420706F3B
:10CCA000733A25640D0A00006261636B757020643D
:10CCB0006174612053495A453A30782578202049DB
:10CCC0004E464F3A30782578204F66667365743A41
:10CCD00025580D0A0000000052454144203C3D20EB
:10CCE0006374782D3E646174615F616464722020B6
:10CCF0003078257820206374782D3E666C735F63EE
:10CD000075725F706F733A256420627974653A2595
:10CD1000642062697420706F733A25640D0A000004
:10CD200000000000211000004220000063300000DD
:10CD300084400000A5500000C6600000E7700000BD
:10CD400008810000299100004AA100006BB1000099
:10CD50008CC10000ADD10000CEE10000EFF1000079
:10CD60003112000010020000733200005222000055
:10CD7000B552000094420000F7720000D662000035
:10CD800039930000188300007BB300005AA3000011
:10CD9000BDD300009CC30000FFF30000DEE30000F1
:10CDA000622400004334000020040000011400004D
:10CDB000E6640000C7740000A4440000855400002D
:10CDC0006AA500004BB50000288500000995000009
:10CDD000EEE50000CFF50000ACC500008DD50000E9
:10CDE00053360000722600001116000030060000C5
:10CDF000D7760000F666000095560000B4460000A5
:10CE00005BB700007AA70000199700003887000080
:10CE1000DFF70000FEE700009DD70000BCC7000060
:10CE2000C4480000E558000086680000A7780000AC
:10CE300040080000611800000228000023380000AC
:10CE4000CCC90000EDD900008EE90000AFF9000068
:10CE500048890000699900000AA900002BB9000068
:10CE6000F55A0000D44A0000B77A0000966A000024
:10CE7000711A0000500A0000333A0000122A000024
:10CE8000FDDB0000DCCB0000BFFB00009EEB0000E0
:10CE9000799B0000588B00003BBB00001AAB0000E0
:10CEA000A66C0000877C0000E44C0000C55C00001C
:10CEB000222C0000033C0000600C0000411C00001C
:10CEC000AEED00008FFD0000ECCD0000CDDD0000D8
:10CED0002AAD00000BBD0000688D0000499D0000D8
:10CEE000977E0000B66E0000D55E0000F44E000094
:10CEF000133E0000322E0000511E0000700E000094
:10CF00009FFF0000BEEF0000DDDF0000FCCF00004F
:10CF10001BBF00003AAF0000599F0000788F00004F
:10CF200088910000A9810000CAB10000EBA10000B7
:10CF30000CD100002DC100004EF100006FE1000097
:10CF400080100000A1000000C2300000E3200000BB
:10CF5000045000002540000046700000676000009B
:10CF6000B983000098930000FBA30000DAB300002F
:10CF70003DC300001CD300007FE300005EF300000F
:10CF8000B102000090120000F3220000D232000033
:10CF90003542000014520000776200005672000013
:10CFA000EAB50000CBA50000A89500008985000027
:10CFB0006EF500004FE500002CD500000DC5000007
:10CFC000E2340000C3240000A0140000810400002B
:10CFD000667400004764000024540000054400000B
:10CFE000DBA70000FAB7000099870000B89700009F
:10CFF0005FE700007EF700001DC700003CD700007F
:10D00000D3260000F236000091060000B0160000A2
:10D010005766000076760000154600003456000082
:10D020004CD900006DC900000EF900002FE9000086
:10D03000C8990000E98900008AB90000ABA9000086
:10D04000445800006548000006780000276800008A
:10D05000C0180000E108000082380000A32800008A
:10D060007DCB00005CDB00003FEB00001EFB0000FE
:10D07000F98B0000D89B0000BBAB00009ABB0000FE
:10D08000754A0000545A0000376A0000167A000002
:10D09000F10A0000D01A0000B32A0000923A000002
:10D0A0002EFD00000FED00006CDD00004DCD0000F6
:10D0B000AABD00008BAD0000E89D0000C98D0000F6
:10D0C000267C0000076C0000645C0000454C0000FA
:10D0D000A23C0000832C0000E01C0000C10C0000FA
:10D0E0001FEF00003EFF00005DCF00007CDF00006E
:10D0F0009BAF0000BABF0000D98F0000F89F00006E
:10D10000176E0000367E0000554E0000745E000071
:10D11000932E0000B23E0000D10E0000F01E000071
:10D1200054503638313520493243572041646472B7
:10D130003A307825303278205265673A3078253099
:10D140003278204572723A25640D0A005450363800
:10D15000313520493243575220416464723A307865
:10D1600025303278205265673A3078253032782081
:10D170004572723A25640D0A00000000545036389A
:10D180003135204932435220416464723A30782567
:10D19000303278205265673A307825303278204531
:10D1A00072723A25640D0A00493243572041646483
:10D1B000723A307825303278205265673A307825D7
:10D1C00030327820443A30782530327820457272F7
:10D1D0003A25640D0A0000004D61783936377878B9
:10D1E000204932435220416464723A30782530320B
:10D1F00078205265673A307825303278204572724F
:10D200003A25642C543A25640D0A000052545134D6
:10D21000353534204932435720416464723A3078BE
:10D2200025303278205265673A30782530327820C0
:10D230004572723A25640D0A0000000052545134C0
:10D2400035353420493243575220416464723A30B4
:10D250007825303278205265673A30782530327838
:10D26000204572723A25640D0A0000005254513470
:10D27000353534204932435220416464723A307863
:10D2800025303278205265673A3078253032782060
:10D290004572723A25640D0A00000000424C2025B8
:10D2A000732C736D3A307825782C7235343A307897
:10D2B00025782C7235363A307825782C7235383A04
:10D2C000307825782C494E543A25640D0A00000028
:10D2D00049324325645F5720616464723A253032D5
:10D2E0007848207265673A25303478482065727234
:10D2F0003A25303278482C543A25640D0A00000053
:10D300000A080807070707070606060606050606B1
:10D31000050A09080808070707060606060605069F
:10D3200006050B0909080808070707070706060589
:10D330000606050B0A090808080807070707060676
:10D34000060606050C0A0909090808070707070663
:10D3500007060606060D0B0A09090808080707074D
:10D360000707060606060D0B0A0A0908080807073C
:10D37000070707060606060E0C0B0A0A0909080726
:10D3800007070707060706060E0D0B0A0A09090814
:10D390000808020707060706060F0E0C0B0A090904
:10D3A000080808020707060707060000000000003B
:10D3B0009833402000000000000000000000000042
:10D3C0000000020000000100000002000000020056
:10D3D00000000A00BCD34A0000000000C4D34A0089
:10D3E00000000000CCD34A0000000000080000004C
:10D3F000000000000000000000000A00D4D34A0032
:10D4000008000000000000000000000001000A0009
:10D41000DCD34A000800000000000000000000000B
:10D4200000000200E4D34A00ECD34A0000D44A00D2
:10D4300014D44A000000000028D44A000300000071
:10D4400000000000000000000000000000000000DC
:10D450003A414D3A504D00003A53756E3A53756E4D
:10D460006461793A4D6F6E3A4D6F6E6461793A54EA
:10D4700075653A547565736461793A5765643A57CE
:10D4800065646E65736461793A5468753A54687579
:10D4900072736461793A4672693A46726964617975
:10D4A0003A5361743A536174757264617900000093
:10D4B0007C25612025622025652025542025597C66
:10D4C000256D2F25642F25797C25483A254D3A2551
:10D4D000537C25493A254D3A2553202570000000FC
:10D4E0003A4A616E3A4A616E756172793A4665628E
:10D4F0003A46656272756172793A4D61723A4D6170
:10D500007263683A4170723A417072696C3A4D6167
:10D51000793A4D61793A4A756E3A4A756E653A4A7A
:10D52000756C3A4A756C793A4175673A4175677519
:10D5300073743A5365703A53657074656D626572C1
:10D540003A4F63743A4F63746F6265723A4E6F7606
:10D550003A4E6F76656D6265723A4465633A44652A
:10D5600063656D626572000050D44A0058D44A0069
:10D5700058D44A0058D44A00E0D44A00E0D44A00C3
:10D58000E0D44A00B0D44A00B0D44A00B0D44A0033
:10D59000B0D44A00B0D44A00B0D44A00B0D44A0053
:10D5A000B0D44A00B0D44A00B0D44A000DD64A00E4
:10D5B0000CD64A0000002115110E0D0C0B0B0A0AA7
:10D5C00009090909090808080808080807070707DA
:10D5D0000707070707070707070000003031323346
:10D5E0003435363738396162636465666768696AFD
:10D5F0006B6C6D6E6F707172737475767778797A03
:10D600000000000001642E00430000000000000044
:10D61000000000000000402000800000000000002A
:10D6200000000000000000000800000000000000F2
:10D630000000000000000000FF0F000000000000DC
:10D6400000000000FF0F00000000000000000000CC
:10D65000FF0F00000000000000000000FF0F0000AE
:10D660000000000000000000FF0F000000000000AC
:10D6700000000000FF0F000034D74A000000000047
:10D6800000FF000030D64A0000000000000000004B
:10D6900000000000000000000100000001FF010088
:10D6A0000100000006000000FF000000FF00000075
:10D6B0000000000000000000010000FF000016163E
:10D6C0001600000000000100020003000400050035
:10D6D000000000000000000089724A000000010004
:10D6E000C4D64A0006003000000000000000000020
:10D6F000030000008101010000000000BCD64A00C8
:10D7000078D64A00D0D64A000100000050034B00F2
:10D710000000000052034B000100000000D74A0047
:10D720002000002700003000000100000000002859
:10D7300000000000000100000100000000000016D1
:10D74000161600000000000100000F000F0000008E
:10D7500000000000000000000000000000000000C9
:10D7600000000000000000000000000006000000B3
:10D7700020D74A008FCD490007F2480005F2480043
:10D7800018DF4A0080403040C840304010413040EF
:10D7900080423040C842304010433040584330400F
:10D7A000A0433040E843304058413040A041304031
:10D7B000E841304030423040304430409703000070
:10D7C0000000FCDF9D0300000000FCDF09020000F8
:10D7D0000000FCDF390300000000FCDFAE050000A4
:10D7E0000000FCDF6F0500000000FCDFDF07000029
:10D7F0000000FCDF940700000000FCDFC200000016
:10D800000000FCDF960000000000DCDF00040000E8
:10D81000000000DCFF030000000080DFF1060000D4
:10D820000000E0DF00FFFF0000000000000000003B
:10D83000000000000000000000000000000001FFE8
:10D8400040000100BCD74A000000000084D74A0015
:10D8500001000000000001FF40000100C4D74A00A1
:10D860000001000088D74A0002000000000001FF0C
:10D8700040000100CCD74A00000200008CD74A00CB
:10D8800003000000000001FF40000100D4D74A005F
:10D890000007000090D74A0004000000000001FFCC
:10D8A00040000100DCD74A000008000094D74A007D
:10D8B00005000000000001FF40000100E4D74A001D
:10D8C0000009000098D74A0006000000000001FF90
:10D8D00040000100ECD74A00000A00009CD74A0033
:10D8E00007000000000001FF40000100F4D74A00DB
:10D8F000000B0000A0D74A0008000000000001FF54
:10D9000040000100FCD74A00000C0000A4D74A00E8
:10D9100009000000000001FF4000010004D84A0097
:10D9200000030000A8D74A000A000000000001FF21
:10D93000400001000CD84A0000040000ACD74A00A7
:10D940000B000000000001FF4000010014D84A0055
:10D9500000050000B0D74A000C000000000001FFE5
:10D96000400001001CD84A0000060000B4D74A005D
:10D970000D000100000001FF400000000000000059
:10D98000030D0000B8D74A00010101002E0F0F005F
:10D9900000000F000B030300000003000C010F0048
:10D9A00038D84A0050D84A0068D84A0080D84A007F
:10D9B00098D84A00B0D84A00C8D84A00E0D84A00EF
:10D9C000F8D84A0010D94A0028D94A0040D94A005C
:10D9D00058D94A0070D94A00000000000040304089
:10D9E00001000000FFFFFFFF00000000000000003A
:10D9F00000000000000000000000010088D94A007B
:10DA000080D74A000E000000A0D94A00D8D94A00A9
:10DA1000000000000D00000024D84A0028D84A0069
:10DA200038D84A000CDA4A0009DD490000000E002F
:10DA300028DA4A00000000002CDA4A000100000049
:10DA400034DA4A00000000005E04000002000D000D
:10DA50000000000001E0480001000000F2060000A4
:10DA600003000D0000000000F7DF48000200000086
:10DA70002806000003000D0000000000F7DF48004A
:10DA8000030000001606000003000D000000000067
:10DA9000F7DF480004000000B803000003000D0099
:10DAA00000000000F7DF480005000000FA05000054
:10DAB00003000D0000000000F7DF48000600000032
:10DAC0007F03000003000D0000000000F7DF4800A6
:10DAD000070000001706000003000D000000000012
:10DAE000F7DF4800080000000906000003000D00F1
:10DAF00000000000F7DF4800090000002B060000CE
:10DB000003000D0000000000F7DF48000A000000DD
:10DB10009C07000003000D000000000015E0480015
:10DB20000B0000003706000003000D00000000009D
:10DB3000F7DF4800000000000000000000000000C7
:10DB400000000000000000000000000000000000D5
:10DB500000000000000000000000000000000000C5
:10DB600000000000000000000000000034DB4A005C
:10DB70006CDB4A00000C000070DB4A000000000073
:10DB800044DA4A000000000000000000000000002D
:10DB900070DF4A000100000078DF4A00000000004A
:10DBA00084DB4A008CDB4A009CDB4A00000000005A
:10DBB0000000000000000000D0DB4A000000000070
:10DBC0000000000040DE4A00010000004CDE4A0078
:10DBD00002000000C0DB4A0001000100000100005B
:10DBE000020000000000000004000000000000002F
:10DBF00005000000005A62020100310000010C0023
:10DC000000000000060001004E00010000000000BE
:10DC100000001801010000000100000000000000E9
:10DC2000000000000A08460C2C0C150110014105EB
:10DC30004A0100000700000004000000000000008E
:10DC400008000000030000000000000009000000C0
:10DC500000000000000000000B00000001000000B8
:10DC6000000000000C0000000100000000000000A7
:10DC70000D00000002000000000000000E00000087
:10DC800001000000000000000F0000000200000082
:10DC9000000000004600000002000000000000003C
:10DCA0002C00000002000000000000001500000031
:10DCB0000000000000000000100000000000000054
:10DCC000000000004A000000010000000000000009
:10DCD0000B010B000500000000000000005A62026A
:10DCE000000000000B0000000000000000B4C404AD
:10DCF000000000000C0000000000000000B4C4049C
:10DD0000000000000E0000000000000000B4C40489
:10DD10000000000000000000000000000100000002
:10DD2000006CDC0205000000005A62020B000000DB
:10DD300000B4C4040C00000000B4C4040D000000D2
:10DD4000005A620200000000000000000301010709
:10DD50000D01000000000406D8DB4A00F0DB4A0099
:10DD600004DC4A0024DC4A0034DC4A00D0DC4A00EF
:10DD700000000000000000000000000000000000A3
:10DD8000D4DC4A0014DD4A0000000000000000005E
:10DD900064144B00E4164B0017500000C409000047
:10DDA000000000000000010000500000F40100002D
:10DDB00000000000000001000850000050C30000F7
:10DDC000000000000000010010500000F4010000FD
:10DDD000000000000000010016500000FFFF0000DE
:10DDE000000000000000010000500000F4010000ED
:10DDF00000000000000001000850000050C30000B7
:10DE0000000000000000010010500000102700007A
:10DE100000000000000001001650000050C3000088
:10DE2000000000000000010017500000FFFF00008C
:10DE30000000000000000100010F0100010F0100BF
:10DE40000500000038DE4A0098DD4A0005000000A9
:10DE50003CDE4A00E8DD4A0011600101FF000001DC
:10DE6000010000001B864A0011000000F4010000C0
:10DE700000000000000000000C260001FF0101016D
:10DE8000010100001B864A000C000000C4090000CC
:10DE900000000000000000000D620101FF00000111
:10DEA000010100001B864A000D00000050C3000065
:10DEB000000000000000000003600101FF010101FB
:10DEC000010000001B864A0003000000F40100006E
:10DED000000000000000000012600101FF010101CC
:10DEE000010000001B864A0012000000F401FA0045
:10DEF00000000000000000000C600101FF010101B2
:10DF0000010100001B864A002400000050C30000ED
:10DF100000000000000000000E00000000000000F3
:10DF200000000000000000001300000000000000DE
:10DF30006000000003030101010000002E0000004A
:10DF40000F0000000F000000000000000F000000A4
:10DF50000B000000030000000300000000000000B0
:10DF600003000000000000009D134A0013144A0043
:10DF70004CE24A00000000009CE24A000000000061
:10DF800004000000E1854A0005000000E1854A0028
:10DF900006000000E1854A0007000000E1854A0014
:10DFA00008000000E1854A0009000000E1854A0000
:10DFB0000A000000E1854A000B000000E1854A00EC
:10DFC0000C000000E1854A000D000000E1854A00D8
:10DFD0000E000000E1854A000F000000E1854A00C4
:10DFE00024000000E1854A0025000000E1854A0088
:10DFF00026000000E1854A0027000000E1854A0074
:10E000002A000000E1854A002D000000E1854A0059
:10E010002E000000E1854A0030000000E1854A0042
:10E0200031000000E1854A0032000000E1854A002D
:10E0300033000000E1854A0034000000E1854A0019
:10E0400035000000E1854A0036000000E1854A0005
:10E0500037000000E1854A0038000000E1854A00F1
:10E060003D000000E1854A003E000000E1854A00D5
:10E070003F00010C054C4A0040000000E1854A00C9
:10E0800041000000E1854A0042000000E1854A00AD
:10E0900045000000E1854A0046000000E1854A0095
:10E0A0004700010D054C4A0048000000E1854A0088
:10E0B00049000000E1854A004A000000E1854A006D
:10E0C00053000000E1854A0054000000E1854A0049
:10E0D00055000000E1854A0056000000E1854A0035
:10E0E00057000000E1854A005C000000E1854A001D
:10E0F0005D000000E1854A0060000000E1854A0003
:10E1000061000000E1854A0066000000E1854A00E8
:10E110006D000000E1854A006E000000E1854A00C4
:10E120006F000000E1854A0071000000E1854A00AF
:10E1300072000000E1854A0073000000E1854A009A
:10E1400074000000E1854A0075000000E1854A0086
:10E1500076000000E1854A008B000000E1854A005E
:10E160008D00010001864A008E00010007864A00EA
:10E170008F000000E1854A0090000000E1854A0020
:10E18000A1000000E1854A00A2000000E1854A00EC
:10E19000A5000000E1854A00A6000000E1854A00D4
:10E1A000A7000000E1854A00A8000000E1854A00C0
:10E1B000B2000000E1854A00B4000000E1854A0099
:10E1C000B5000000E1854A00B7000000E1854A0083
:10E1D000BD000000E1854A00BE000000E1854A0064
:10E1E000BF000000E1854A00C0000000E1854A0050
:10E1F000C1000000E1854A00C2000000E1854A003C
:10E20000C3000000E1854A00C4000000E1854A0027
:10E21000C5000000E1854A00D4000000E1854A0005
:10E220005400000080DF4A000000000022000000CF
:10E230003E0000001D0000000F0000000100000073
:10E2400003000000020000000100000000000000C8
:10E2500028E24A000000000000000000000000006A
:10E2600000000000000100000000000000000000AD
:10E27000000000000000000000000000220000007C
:10E280003E0000001D0000000F0000000100000023
:10E290000300000002000000010000000000000078
:10E2A00078E24A00000000000000000000000000CA
:10E2B000000000000001000000000000000000005D
:10E2C000000000000101000040420F0005000000B6
:10E2D000100000010100000099724A0000000000D7
:10E2E000D0404020F0C201002100000015000001D4
:10E2F0000100000099724A0000000000E840402040
:10E300005A000000010000000100000001000000B0
:10E3100010D64A0008EC4A0044DD4A002CEC4A00C2
:10E3200028E34A0020E34A0020E24A0000000000FF
:10E3300000000000010000000100000001000000DA
:10E3400001000000010000000100000001000000C9
:10E3500001000000010000000100000001000000B9
:10E3600001000000010000000100000001000000A9
:10E370000100000001000000010000000100000099
:10E380000100000001000000010000000100000089
:10E390000100000001000000010000000100000079
:10E3A0000100000001000000010000000100000069
:10E3B0000100000001000000010000000100000059
:10E3C0000100000001000000010000000100000049
:10E3D0000100000001000000010000000100000039
:10E3E0000100000001000000010000000100000029
:10E3F000010000000100000005000000070000000F
:10E400000B000000100000001100000024000000BC
:10E410002500000028000000290000002A0000005C
:10E420002B0000002C0000002E0000002F00000038
:10E430003000000031000000400000004A000000F1
:10E440004B0000004C0000004D0000005100000097
:10E4500065000000670000006A0000006B0000001B
:10E4600081000000870000008C0000008F00000089
:10E470009000000000000800010000000300000000
:10E48000062820000000010000010000FFFF00003E
:10E49000200000000028200000020101010100000E
:10E4A000FFFF000021000000000008000002000043
:10E4B00000010000FFFF00002D0000000000080028
:10E4C0000000000000010000FFFF0000410000000C
:10E4D000000008000000000101010000FFFF000033
:10E4E00042000000000008000000000000010100E0
:10E4F00000000000430000000300200000000100B5
:10E5000000010000FFFF0000460000000028080096
:10E510000001000000010100BC00000047000000F5
:10E52000022820000000010000010000FFFF0000A1
:10E530004E0000000028200000020101010100003F
:10E54000FFFF00000C000000002820000002010175
:10E5500001010000FFFF00000D0000000028200066
:10E560000000010101010000FFFF00004800000061
:10E57000010028000000020000010100D40000009A
:10E580004900000001002800000002000001010015
:10E59000D60000000E000000000020000000010175
:10E5A00001010000FFFF00000F000000000020003C
:10E5B0000000010101010000FFFF00002300000036
:10E5C000000020000000010101010000FFFF000029
:10E5D00064000000000008000000000101010000CC
:10E5E000FFFF00006E00000000002000000001019D
:10E5F00001010000FFFF00006F000000000020008C
:10E600000000010101010000FFFF00007000000098
:10E61000000020000000010101010000FFFF0000D8
:10E620008000000000002000000001010101000046
:10E63000FFFF000082000000030020000000010036
:10E6400000010000FFFF0000860000000000200025
:10E650000000010101010000FFFF00008800000030
:10E66000000020000000010101010000FFFF000088
:10E6700089000000000028000000020101010000E4
:10E68000FFFF00000200000000280800000000005A
:10E6900000010100BB0000004F000000070028003F
:10E6A0000001020000010100D9000000500000003C
:10E6B000070028000001020000010100DB0000004B
:10E6C0000100000000002000000001010101000025
:10E6D000FFFF00006D0000000000080000020001C4
:10E6E00001010000FFFF00008B0000000000080097
:10E6F0000002000101010000FFFF00000000000017
:10E70000020020000000010000010000FFFF0000E7
:10E71000660000000300200000000100000100006E
:10E72000FFFF00006900000006002000000000005C
:10E7300000010000FFFF000068000000060020004C
:10E740000000010000010000FFFF00006000000069
:10E75000000008000000000000010000FFFF0000B2
:10E76000610000000000080000000000000100003F
:10E77000FFFF000062000000000008000000000031
:10E7800000010000FFFF0000060000000000200064
:10E790000000010101010000FFFF00006C0000000B
:10E7A000020020000000010000010000FFFF000047
:10E7B00071000000000008000000000101010000DD
:10E7C000FFFF00008A00000000002000000001019F
:10E7D00001010000FFFF00000800000000282800E1
:10E7E0000000020101010000FFFF0000090000001D
:10E7F000002828000000020101010000FFFF0000C6
:10E800006300000000282800000002010101000050
:10E81000FFFF000083000000000020000000010155
:10E8200001010000FFFF00008D0000000000080053
:10E830000001000101010000FFFF000022000000B4
:10E84000000008000000000101010000FFFF0000BF
:10E85000010000000000FF00FF00FF00FF00FF00BC
:10E86000FF00FF00FF00FF00FF00FF00FF00FF00B0
:10E870000000000000000000000000000000000098
:10E880000000000000000000000000000000000088
:10E890000000000000000000000000000000000078
:10E8A0000000000000000000000000000000000068
:10E8B0000000000000000000000000000000000058
:10E8C0000000000000000000000000000000000048
:10E8D0000000000000000000000000000000000038
:10E8E000FF00FF00FF00FF00FF00FF00FF00FF0030
:10E8F0000000000000000000000000000000000018
:10E900000000000000000000000000000000000007
:10E9100000000000000000000000000000000000F7
:10E92000FF00FF00FF00FF00FF00FF00FF00FF00EF
:10E93000FF00FF00FF00FF00FF00FF00FF00FF00DF
:10E94000FF00FF00FF00FF00FF00FF00FF00FF00CF
:10E95000FF00FF00FF00FF00FF00FF00FF00FF00BF
:10E96000FF00FF00FF00FF00FF00FF00FF00FF00AF
:10E97000FF00FF00FF00FF0000000000FF00FF009D
:10E980000000000000000000000000000000000087
:10E990000000000000000000000000000000000077
:10E9A000FF00FF00FF00FF00FF00FF00FF00FF006F
:10E9B000FF00FF00FF00FF00FF00FF00FF00FF005F
:10E9C0000000000000000100010000000000FF0046
:10E9D000FF00FF00FF00FF00FF00FF00FF00FF003F
:10E9E000FF00FF00FF00FF00FF00FF00FF00FF002F
:10E9F000FF00FF00FF000000010000000100000018
:10EA000000000600000005000000000000000000FB
:10EA100000000000000000000000000000000000F6
:10EA200000000000000000000000000000000000E6
:10EA300000000000000000000000000000000000D6
:10EA40000000000000000000000000000000FF00C7
:10EA5000FF00FF00FF00FF00FF00FF00FF00FF00BE
:10EA6000FF00FF00FF00FF00FF00FF00FF00FF00AE
:10EA7000FF00FF00FF00FF00FF00FF00FF00FF009E
:10EA8000FF00FF00FF00FF00FF00FF00FF00FF008E
:10EA9000FF00FF00FF00FF00FF00FF00FF00FF007E
:10EAA000FF00FF00FF00FF00FF00FF00FF00FF006E
:10EAB000FF00FF00FF00FF00FF00FF00FF00FF005E
:10EAC000FF00FF00FF00FF00FF00FF00FF00FF004E
:10EAD000FF00FF00FF00FF00FF00FF00FF00FF003E
:10EAE000FF00FF00FF00FF00FF00FF00FF00FF002E
:10EAF000FF00FF00FF00FF00FF00FF00FF0000001D
:10EB00000000000000000000000000000000000005
:10EB10000000000000000000FF00FF00FF00FF00F9
:10EB20000000000000000000000000000000FF00E6
:10EB3000FF00FF00FF0000000000000000000000D8
:10EB4000000000000000000031001F007B010000F9
:10EB5000F8E34A0074E44A007CE44A0050E84A00C2
:10EB600034E34A0053034B0004ED4A00C8014B0054
:10EB70000100000000000000000000000101000092
:10EB80000C110000CF330000010000000000203114
:10EB9000F8FFE0B1010100000424220107A42201D2
:10EBA00001020000060E30100E3EF093010300003B
:10EBB000000100000101000001010000010000004F
:10EBC00001000000010000007CEB4A000100000091
:10EBD00070EB4A000101010001000000010000008B
:10EBE0000400000088EB4A00000000000000000064
:10EBF000071F0000B8EB4A00000000000000000002
:10EC000000000000000000000000000020000000E4
:10EC1000F0EB4A00F8EB4A005A0000000000000048
:10EC200000000000000000000000000018EC4A0096
:10EC300028EC4A00000100000100000058DE4A00F4
:10EC400000000000010000000000000001010000C1
:10EC50000100000078DE4A00000000000100000012
:10EC600000000000020100000100000098DE4A00E0
:10EC70000000000001000000ED4348000301000017
:10EC800001000000F8DE4A00010000000100000061
:10EC9000000000000401000001000000B8DE4A008E
:10ECA000000000000100000000000000050100005D
:10ECB00001000000D8DE4A00000000400100000012
:10ECC000000000000600000034EC4A00FFFFFF04D3
:10ECD000FFFFFFFFFFFFFFFF0102FFFFFF0005FF38
:10ECE000FFFFFFFFFFFFFFFFFFFFFFFFFFFFFFFF34
:10ECF00003FFFFFFFFFFFFFFFFFFFFFFFFFFFFFF20
:10ED0000FFFFFFFF00002940020000000100000299
:10ED100000000000000100000000011010101010A1
:10ED2000101010101010101010100000BB00000088
:10ED300000000000000000000000000000000000D3
:10ED400000000000000000000000000000000000C3
:10ED500000000000000000000000000000000000B3
:10ED600000000000000000000000000000000000A3
:10ED7000000029400300000001060002000000001E
:10ED800001000000000010101010101010101010E2
:10ED90001010101010100000000000000000000013
:10EDA0000000000000000000000000000000000063
:10EDB0000000000000000000000000000000000053
:10EDC0000000000000000000000000000000000043
:10EDD00000000000000000000000000000002940CA
:10EDE00020000000010000020000000001000000FF
:10EDF0000000101010101010101010101010101033
:10EE000010100000000000000000000000000000E2
:10EE100000000000000000000000000000000000F2
:10EE200000000000000000000000000000000000E2
:10EE300000000000000000000000000000000000D2
:10EE40000000000002000000000029402100000036
:10EE5000020000020000000000010000000010108D
:10EE600010101010101010101010101010100000C2
:10EE70000000000000000000000000000000000092
:10EE80000000000000000000000000000000000082
:10EE90000000000000000000000000000000000072
:10EEA0000000000000000000000000000000000062
:10EEB00002000000000029402D00000002000002B6
:10EEC00000000000000102000000101010101010DF
:10EED0001010101010101010101000000000000092
:10EEE0000000000000000000000000000000000022
:10EEF0000000000000000000000000000000000012
:10EF00000000000000000000000000000000000001
:10EF100000000000000000000000000002000000EF
:10EF20000000294041000000020000020000000033
:10EF30000001000000001010101010101010101030
:10EF40001010101010100000000000000000000061
:10EF500000000000000000000000000000000000B1
:10EF600000000000000000000000000000000000A1
:10EF70000000000000000000000000000000000091
:10EF80000000000000000000000000000000294018
:10EF9000420000000200000200000000000100002A
:10EFA0000000011010101010101010101010101090
:10EFB0001010000000000000000000000000000031
:10EFC0000000000000000000000000000000000041
:10EFD0000000000000000000000000000000000031
:10EFE0000000000000000000000000000000000021
:10EFF0000000000000000000000029404300000065
:10F0000002030002000000000100000000001010D8
:10F010001010101010101010101010101010000010
:10F0200000000000000000000000000000000000E0
:10F0300000000000000000000000000000000000D0
:10F0400000000000000000000000000000000000C0
:10F0500000000000000000000000000000000000B0
:10F0600000000000000029404600000001000002EE
:10F07000000000000001000000000110101010103E
:10F08000101010101010101010100000BC00000024
:10F090000000000000000000000000000000000070
:10F0A0000000000000000000000000000000000060
:10F0B0000000000000000000000000000000000050
:10F0C000000000000000000000000000010000003F
:10F0D000000029404700000001020002000000007B
:10F0E000010000000000101010101010101010107F
:10F0F00010101010101000000000000000000000B0
:10F1000000000000000000000000000000000000FF
:10F1100000000000000000000000000000000000EF
:10F1200000000000000000000000000000000000DF
:10F130000000000000000000000000000000294066
:10F140004E0000000100000200000000010000006D
:10F1500000001010101010101010101010101010CF
:10F16000101000000000000000000000000000007F
:10F17000000000000000000000000000000000008F
:10F18000000000000000000000000000000000007F
:10F19000000000000000000000000000000000006F
:10F1A0000000000002000000000029400C000000E8
:10F1B000010000020000000001000000000010102B
:10F1C000101010101010101010101010101000005F
:10F1D000000000000000000000000000000000002F
:10F1E000000000000000000000000000000000001F
:10F1F000000000000000000000000000000000000F
:10F2000000000000000000000000000000000000FE
:10F2100002000000000029400D0000000100000273
:10F22000000000000100000000001010101010107D
:10F23000101010101010101010100000000000002E
:10F2400000000000000000000000000000000000BE
:10F2500000000000000000000000000000000000AE
:10F26000000000000000000000000000000000009E
:10F27000000000000000000000000000000000008E
:10F2800000002940480000000201000200000000C8
:10F2900001010000000001101010101010101010DB
:10F2A0001010101010100000D4000000000000002A
:10F2B000000000000000000000000000000000004E
:10F2C000000000000000000000000000000000003E
:10F2D000000000000000000000000000000000002E
:10F2E00000000000000000000000000000002940B5
:10F2F00049000000020100020000000001010000BE
:10F30000000001101010101010101010101010102C
:10F3100010100000D60000000000000000000000F7
:10F3200000000000000000000000000000000000DD
:10F3300000000000000000000000000000000000CD
:10F3400000000000000000000000000000000000BD
:10F350000000000000000000000029400E00000036
:10F360000200000200000000010000000000101078
:10F3700010101010101010101010101010100000AD
:10F38000000000000000000000000000000000007D
:10F39000000000000000000000000000000000006D
:10F3A000000000000000000000000000000000005D
:10F3B000000000000000000000000000000000004D
:10F3C00000000000000029400F00000002000002C1
:10F3D00000000000010000000000101010101010CC
:10F3E000101010101010101010100000000000007D
:10F3F000000000000000000000000000000000000D
:10F4000000000000000000000000000000000000FC
:10F4100000000000000000000000000000000000EC
:10F4200000000000000000000000000000000000DC
:10F43000000029402300000002000002000000003C
:10F44000010000000000101010101010101010101B
:10F45000101010101010000000000000000000004C
:10F46000000000000000000000000000000000009C
:10F47000000000000000000000000000000000008C
:10F48000000000000000000000000000000000007C
:10F490000000000000000000000000000000294003
:10F4A00064000000020000020000000000010000F3
:10F4B000000010101010101010101010101010106C
:10F4C000101000000000000000000000000000001C
:10F4D000000000000000000000000000000000002C
:10F4E000000000000000000000000000000000001C
:10F4F000000000000000000000000000000000000C
:10F500000000000000000000000029406E00000024
:10F5100002000002000000000100000000001010C6
:10F5200010101010101010101010101010100000FB
:10F5300000000000000000000000000000000000CB
:10F5400000000000000000000000000000000000BB
:10F5500000000000000000000000000000000000AB
:10F56000000000000000000000000000000000009B
:10F5700000000000000029406F00000002000002AF
:10F58000000000000100000000001010101010101A
:10F5900010101010101010101010000000000000CB
:10F5A000000000000000000000000000000000005B
:10F5B000000000000000000000000000000000004B
:10F5C000000000000000000000000000000000003B
:10F5D000000000000000000000000000000000002B
:10F5E000000029407000000002000002000000003E
:10F5F000010000000000101010101010101010106A
:10F60000101010101010000000000000000000009A
:10F6100000000000000000000000000000000000EA
:10F6200000000000000000000000000000000000DA
:10F6300000000000000000000000000000000000CA
:10F640000000000000000000000000000000294051
:10F650008000000002000002000000000100000025
:10F6600000001010101010101010101010101010BA
:10F67000101000000000000000000000000000006A
:10F68000000000000000000000000000000000007A
:10F69000000000000000000000000000000000006A
:10F6A000000000000000000000000000000000005A
:10F6B000000000000000000000002940820000005F
:10F6C0000203000200000000010000000000101012
:10F6D000101010101010101010101010101000004A
:10F6E000000000000000000000000000000000001A
:10F6F000000000000000000000000000000000000A
:10F7000000000000000000000000000000000000F9
:10F7100000000000000000000000000000000000E9
:10F7200000000000000029408600000002000002E6
:10F730000000000001000000000010101010101068
:10F740001010101010101010101000000000000019
:10F7500000000000000000000000000000000000A9
:10F760000000000000000000000000000000000099
:10F770000000000000000000000000000000000089
:10F780000000000000000000000000000000000079
:10F790000000294088000000020000020000000074
:10F7A00001000000000010101010101010101010B8
:10F7B00010101010101000000000000000000000E9
:10F7C0000000000000000000000000000000000039
:10F7D0000000000000000000000000000000000029
:10F7E0000000000000000000000000000000000019
:10F7F00000000000000000000000000000002940A0
:10F800008900000002000002000000000101000069
:10F810000000101010101010101010101010101008
:10F8200010100000000000000000000000000000B8
:10F8300000000000000000000000000000000000C8
:10F8400000000000000000000000000000000000B8
:10F8500000000000000000000000000000000000A8
:10F860000000000000000000000029404F000000E0
:10F870000207000200000000010100000000061065
:10F880001010101010101010101010101010000098
:10F89000D90000000000000000000000000000008F
:10F8A0000000000000000000000000000000000058
:10F8B0000000000000000000000000000000000048
:10F8C0000000000000000000000000000000000038
:10F8D0000100000000002940500000000207000263
:10F8E00000000000010100000000051010101010C1
:10F8F000101010101010101010100000DB0000008D
:10F9000000000000000000000000000000000000F7
:10F9100000000000000000000000000000000000E7
:10F9200000000000000000000000000000000000D7
:10F9300000000000000000000000000001000000C6
:10F940000000294001000000020000020000000049
:10F950000100000000001010101010101010101006
:10F960001010101010100000000000000000000037
:10F970000000000000000000000000000000000087
:10F980000000000000000000000000000000000077
:10F990000000000000000000000000000000000067
:10F9A00000000000000000000000000000002940EE
:10F9B0006D000000020000020000000000010000D5
:10F9C0000000101010101010101010101010101057
:10F9D0001010000000000000000000000000000007
:10F9E0000000000000000000000000000000000017
:10F9F0000000000000000000000000000000000007
:10FA000000000000000000000000000000000000F6
:10FA10000000000002000000000029408B000000F0
:10FA200002000002000000000001000000001010B1
:10FA300010101010101010101010101010100000E6
:10FA400000000000000000000000000000000000B6
:10FA500000000000000000000000000000000000A6
:10FA60000000000000000000000000000000000096
:10FA70000000000000000000000000000000000086
:10FA80000200000000002940000000000202000205
:10FA90000000000001000000000010101010101005
:10FAA00010101010101010101010000000000000B6
:10FAB0000000000000000000000000000000000046
:10FAC0000000000000000000000000000000000036
:10FAD0000000000000000000000000000000000026
:10FAE0000000000000000000000000000000000016
:10FAF0000000294066000000020300020000000030
:10FB00000100000000001010101010101010101054
:10FB10001010101010100000000000000000000085
:10FB200000000000000000000000000000000000D5
:10FB300000000000000000000000000000000000C5
:10FB400000000000000000000000000000000000B5
:10FB5000000000000000000000000000000029403C
:10FB60006900000002060002000000000100000021
:10FB700000001010101010101010101010101010A5
:10FB80001010000000000000000000000000000055
:10FB90000000000000000000000000000000000065
:10FBA0000000000000000000000000000000000055
:10FBB0000000000000000000000000000000000045
:10FBC0000000000000000000000029406800000064
:10FBD00002060002000000000100000000001010FA
:10FBE0001010101010101010101010101010000035
:10FBF0000000000000000000000000000000000005
:10FC000000000000000000000000000000000000F4
:10FC100000000000000000000000000000000000E4
:10FC200000000000000000000000000000000000D4
:10FC300000000000000029406000000002000002F7
:10FC40000000000000010000000010101010101053
:10FC50001010101010101010101000000000000004
:10FC60000000000000000000000000000000000094
:10FC70000000000000000000000000000000000084
:10FC80000000000000000000000000000000000074
:10FC90000000000000000000000000000200000062
:10FCA0000000294061000000020000020000000086
:10FCB00000010000000010101010101010101010A3
:10FCC00010101010101000000000000000000000D4
:10FCD0000000000000000000000000000000000024
:10FCE0000000000000000000000000000000000014
:10FCF0000000000000000000000000000000000004
:10FD00000000000000000000020000000000294088
:10FD1000620000000200000200000000000100007C
:10FD200000001010101010101010101010101010F3
:10FD300010100000000000000000000000000000A3
:10FD400000000000000000000000000000000000B3
:10FD500000000000000000000000000000000000A3
:10FD60000000000000000000000000000000000093
:10FD70000000000002000000000029400600000012
:10FD8000020000020000000001000000000010104E
:10FD90001010101010101010101010101010000083
:10FDA0000000000000000000000000000000000053
:10FDB0000000000000000000000000000000000043
:10FDC0000000000000000000000000000000000033
:10FDD0000000000000000000000000000000000023
:10FDE00000000000000029406C0000000202000238
:10FDF00000000000010000000000101010101010A2
:10FE00001010101010101010101000000000000052
:10FE100000000000000000000000000000000000E2
:10FE200000000000000000000000000000000000D2
:10FE300000000000000000000000000000000000C2
:10FE400000000000000000000000000000000000B2
:10FE500000002940710000000200000200000000C4
:10FE600000010000000010101010101010101010F1
:10FE70001010101010100000000000000000000022
:10FE80000000000000000000000000000000000072
:10FE90000000000000000000000000000000000062
:10FEA0000000000000000000000000000000000052
:10FEB00000000000000000000000000000002940D9
:10FEC0008A000000020000020000000001000000A3
:10FED0000000101010101010101010101010101042
:10FEE00010100000000000000000000000000000F2
:10FEF0000000000000000000000000000000000002
:10FF000000000000000000000000000000000000F1
:10FF100000000000000000000000000000000000E1
:10FF20000000000000000000000029400800000060
:10FF3000010000020000000001010000000010109C
:10FF400010101010101010101010101010100000D1
:10FF500000000000000000000000000000000000A1
:10FF60000000000000000000000000000000000091
:10FF70000000000000000000000000000000000081
:10FF80000000000000000000000000000000000071
:10FF900000000000000029400900000001000002EC
:10FFA00000000000010100000000101010101010EF
:10FFB00010101010101010101010000000000000A1
:10FFC0000000000000000000000000000000000031
:10FFD0000000000000000000000000000000000021
:10FFE0000000000000000000000000000000000011
:10FFF0000000000000000000000000000000000001
:02000004004BAF
:100000000000294063000000010000020000000021
:10001000010100000000101010101010101010103E
:100020001010101010100000000000000000000070
:1000300000000000000000000000000000000000C0
:1000400000000000000000000000000000000000B0
:1000500000000000000000000000000000000000A0
:100060000000000000000000000000000000294027
:1000700083000000020000020000000001000000F8
:100080000000101010101010101010101010101090
:100090001010000000000000000000000000000040
:1000A0000000000000000000000000000000000050
:1000B0000000000000000000000000000000000040
:1000C0000000000000000000000000000000000030
:1000D0000000000000000000000029408D0000002A
:1000E00002000002000000000001000000001010EB
:1000F0001010101010101010101010101010000020
:1001000000000000000000000000000000000000EF
:1001100000000000000000000000000000000000DF
:1001200000000000000000000000000000000000CF
:1001300000000000000000000000000000000000BF
:10014000010000000000294022000000020000021F
:10015000000000000001000000001010101010103E
:1001600010101010101010101010000000000000EF
:10017000000000000000000000000000000000007F
:10018000000000000000000000000000000000006F
:10019000000000000000000000000000000000005F
:1001A000000000000000000000000000000000004F
:1001B000FF00000000010000C0030000000000007C
:1001C000000001006D08490000000000FFFF000072
:1001D00000000000FFFF000000000000050000001C
:1001E0000000000004000000000000000900000002
:1001F00000000000FFFF000000000000FFFF000003
:1002000000000000FFFF000000000000FFFF0000F2
:1002100000000000FFFF000000000000FFFF0000E2
:1002200000000000150000000000000004000000B5
:1002300000000000FFFF000000000000FFFF0000C2
:100240000000000011000000000000000E0000008F
:100250000000000002000000000000001800000084
:1002600000000000FFFF000000000000FFFF000092
:1002700000000000FFFF000000000000130000006D
:1002800000000000FFFF0000000000000F00000061
:1002900000000000FFFF000000000000FFFF000062
:1002A00000000000FFFF000000000000FFFF000052
:1002B00000000000FFFF000000000000FFFF000042
:1002C000000000000E00000000000000FFFF000022
:1002D00000000000FFFF000000000000FFFF000022
:1002E00000000000FFFF000000000000010000000F
:1002F0000000000000000000000000000B000000F3
:10030000000000001300000000000000FFFF0000DC
:1003100000000000FFFF0000000000000F000000D0
:1003200000000000FFFF00000000000014000000BB
:10033000000000000A00000000000000FFFF0000B5
:1003400000000000FFFF00000000000003000000AC
:10035000000000010303000000000A4000400A40C2
:10036000FF000000FFFFC700FFFFFFFFFF000000CE
:10037000FFFFC300FFFFFFFF0F0000000F000000A2
:10038000B424402000010103020201010100000029
:10039000000000000000010100000000000100005A
:1003A0000000000000000000000301020000000047
:1003B000000000000001000000000000010000003B
:1003C000000000000000000000000000000100002C
:1003D0000000000000000000000301020400000013
:1003E000010000000000000001000000000000000B
:1003F00000010000000001000000000000000000FB
:1004000000000000000001000000000000000002E9
:1004100000000000000000000000000000000000DC
:1004200000030000000000000000010000000000C8
:1004300000000001000000000000000003000000B8
:10044000000000000004000000000007000005009C
:100450000000010000000003000000000000000098
:100460000616000000000003000610000001000056
:100470000400071100000200000000061200000343
:100480000000050007130000040000000001010047
:100490000600000000000000000000000000000155
:1004A000000000000000000001000000000100004A
:1004B0000001000000000A00000001020005000029
:1004C00000000001000000000B000000010000001F
:1004D000000E00000000000000000000000001000D
:1004E0000000000F000000010000000010000000EC
:1004F00001000000001100000001000000001200D7
:1005000000000100000000130000000100000000D6
:1005100014000000010000000015000000010000B0
:10052000000016000000010000000017000000019C
:100530000000000018000000010000000019000089
:100540000001000000001A00000001000000001B74
:1005500000000001000000001C000000010000007D
:10056000001D00000001000000003200000001003A
:10057000000000370000000100000000380000000B
:1005800001000000003A0000000207000300000024
:100590000000010000000041000000010000000018
:1005A00042000000010000000043000000010000C4
:1005B00000004700000001000000004B00000001A7
:1005C000000000004C00000001000000004D000091
:1005D0000001000000004E00000001000000004F7C
:1005E00000000001000000005000000001000000B9
:1005F0000051000000010000000052000000010056
:100600000000005300000001000000005600000040
:100610000100000000570000000100000000580029
:10062000000001000000005900000001000000006F
:1006300066000000010000000069000000010000E9
:1006400000006A000000040000000000000000013B
:10065000000000006F00000001000000009D00008D
:100660000001000000007300000001000000007A9B
:10067000000000020B00010000000000010000006B
:10068000007B00000001000000008000000001006D
:1006900000000084000000010F000B0000000000BB
:1006A000010000000085000000010000000086003D
:1006B00000000100000000870000000000000000B2
:1006C000000000000000000000000000000000002A
:1006D000000000000000000000000000000000001A
:1006E000000000000000000000000000000000000A
:1006F00000000000000000000000000000000000FA
:1007000000000000000000000000000000000000E9
:1007100000000100000002000000000008000900C5
:100720000000100016001700130000003200000047
:1007300000000200000001000000030000000000B3
:1007400000000000000000000000000000000000A9
:100750000000000000832D4040832D400000000079
:10076000C0832D400000000040842D4080842D4037
:100770000000000000000000000000000000000079
:10078000C0852D40000000000000000000000000B7
:100790000000000000000000000000000000000059
:1007A0000000000000802D4000402D4000000000AF
:1007B00000002E40020000000000000000000000C9
:1007C00005010D0000C02B404E4E4E000000000001
:1007D0004E4E4E00000000000B050D0060C02B4087
:1007E0000C010D0080C02B400E010D00A0C02B405D
:1007F0004E4E4E000000000030C12D4030C32D4051
:10080000000000000000000010C12D4010C32D406A
:10081000000000000000000000C12D4000C32D407A
:1008200000000000000000000001010101020303BC
:100830000303000000000000000000000000000FA3
:100840001800000000000000000000000000003F51
:100850001800000000003F00100000000000003FF2
:100860001800000000003F00100000000000000021
:100870000000000000000000000000000000000078
:100880000000000000000000000000000000000068
:100890000000000000000000000000000000000058
:1008A0000000000000000000000000000000001F29
:1008B000180000000000030010000000000000000D
:1008C0000000000000000000000000000000000028
:1008D0000000000000000000000000000000000018
:1008E0000000000000000000000000000000001FE9
:1008F00018000000000001001000000000000000CF
:1009000000000000000000000000000000000000E7
:1009100000000000000000000000000000000000D7
:100920000000000000000000000000000000000FB8
:100930001800000000000700100000000000000F79
:100940001800000000000700100000000000000F69
:100950001800000000000F00100000000000000F51
:100960001800000000000700100000000000000F49
:100970001800000000000700100000000000000048
:100980000000000000000000000000000000000067
:100990000000000000000000000000000000000F48
:1009A0001800000000000700100000000000000018
:1009B0000000000000000000000000000000000037
:1009C0000000000000000000000000000000000027
:1009D0000000000000000000000000000000000017
:1009E0000000000000000000000000000000000007
:1009F00000000000000000000000000000000000F7
:100A000000000000000000000000000000000000E6
:100A100000000000000000000000000000000000D6
:100A200000000000000000000000000000000000C6
:100A300000000000000000000000000000000000B6
:100A400000000000000000000000000000000000A6
:100A5000000000000000000000000000000108008D
:100A60000001000000010900000200000000000079
:100A70000000000000000000000000000000000076
:100A80000000000000000000000000000000000066
:100A90000000000000000000000000000000000056
:100AA0000000000000000000000000000001010044
:100AB0000200000001021C00000000100000000005
:100AC0000000000000000000000000000103000022
:100AD000010000000101000001000000010101000F
:100AE00002000000010003000800000001000400F3
:100AF00010000000010005002000000001000600B9
:100B00004000000001000700800000000100080014
:100B100000010000010009000002000001000A00BD
:100B20000004000001000B000008000001000C00A0
:100B30000010000001000D000020000001000E0068
:100B40000040000001000F000080000000000000D5
:100B50000000000000000000000000000000000095
:100B60000000000000000000000000000000000085
:100B70000000000000000000000000000000000075
:100B80000000000000000000000000000000000065
:100B90000000000000000000000000000000000055
:100BA0000000000000000000000000000000000045
:100BB0000000000000000000000000000000000035
:100BC0000000000000000000000000000000000025
:100BD0000000000000000000000000000000000015
:100BE00000000000000000000000000001001600EE
:100BF00000004000000000000000000000000000B5
:100C000000000000000000000000000000000000E4
:100C100000000000000102000400000000010300C9
:100C200008000000000000000000000001001700A4
:100C30000000800000000000000000000000000034
:100C400000000000000000000000000000000000A4
:100C50000000000000000000000000000000000094
:100C60000000000001020100020000000102020079
:100C70000400000001020300080000000000000062
:100C80000000000000000000000000000000000064
:100C90000000000001020900000200000000000046
:100CA0000000000000000000000000000000000044
:100CB0000000000001001F0000000080000106008D
:100CC0004000000000010700800000000102140045
:100CD00000001000010215000000200001021600B3
:100CE000000040000102170000008000010218000F
:100CF00000000001010219000000000200000000D5
:100D000000000000000000000000000001020A00D6
:100D10000004000001020B000008000001020C00AA
:100D20000010000001020D00002000000000000083
:100D300000000000000000000000000000000000B3
:100D400000000000000000000000000000000000A3
:100D50000000000000000000000000000000000093
:100D60000000000000000000000000000000000083
:100D70000000000000000000000000000000000073
:100D8000000000000000000000000000010018004A
:100D90000000000100000000000000000000000052
:100DA0000000000000010C000010000000010D0018
:100DB0000020000000000000000000000000000013
:100DC0000000000000000000000000000000000023
:100DD000000000000101020004000000000000000B
:100DE0000000000000000000000000000000000003
:100DF0000000000001010A000004000000000000E3
:100E000000000000000000000000000000000000E2
:100E100000000000000000000000000000000000D2
:100E200000000000000000000000000001030800B6
:100E30000001000001001D00000000200000000073
:100E400000000000000000000000000000000000A2
:100E500000000000000000000000000001001C0075
:100E60000000001000000000000000000000000072
:100E700000000000000000000000000001021F0050
:100E800000000080000100000100000001011100CD
:100E90000000020001010D00002000000000000021
:100EA0000000000000000000000000000000000042
:100EB0000000000000000000000000000000000032
:100EC0000000000000000000000000000000000022
:100ED0000000000000000000000000000000000012
:100EE0000000000000000000000000000000000002
:100EF00000000000000000000000000000000000F2
:100F000000000000000000000000000000000000E1
:100F100000000000000000000000000000000000D1
:100F200000000000000000000000000000000000C1
:100F300000000000000000000000000000000000B1
:100F4000000000000100150000002000000000006B
:100F50000000000000000000000000000000000091
:100F60000000000000000000000000000000000081
:100F70000000000000000000000000000000000071
:100F80000000000000000000000000000000000061
:100F90000000000000000000000000000000000051
:100FA0000000000000000000000000000000000041
:100FB0000000000000000000000000000000000031
:100FC0000000000000000000000000000000000021
:100FD0000000000000000000000000000000000011
:100FE0000000000000000000000000000000000001
:100FF00000000000000000000000000000000000F1
:1010000000000000000000000000000000000000E0
:1010100000000000000000000000000000000000D0
:1010200000000000000000000000000000000000C0
:1010300000000000000000000000000000000000B0
:1010400000000000000000000000000000000000A0
:101050000000000000000000000000000000000090
:101060000000000000000000000000000000000080
:101070000000000000000000000000000000000070
:101080000000000000000000000000000000000060
:101090000000000000000000000000000000000050
:1010A0000000000000000000000000000000000040
:1010B0000000000000000000000000000000000030
:1010C0000000000000000000000000000000000020
:1010D0000000000000000000000000000000000010
:1010E0000000000000000000000000000000000000
:1010F00000000000000000000000000000000000F0
:1011000000000000000000000000000000000000DF
:1011100000000000000000000000000000000000CF
:1011200000000000000000000000000000000000BF
:1011300000000000753B4A00773B4A00273C4A000C
:10114000653C4A009D3C4A009D3C4A009F3C4A0049
:10115000DB3C4A00453D4A00453D4A00453D4A00CA
:10116000473D4A00453D4A00493D4A00673D4A0027
:10117000B33D4A00173E4A002F3E4A000BCA4900C1
:101180000BCA49000DCA49006D314A00A5314A0019
:10119000C7314A0069314A0069314A0069314A0061
:1011A00069314A0069314A003F324A0065324A00DB
:1011B00069314A0069314A0069314A0069314A009F
:1011C00069314A0069314A009D324A0069314A005A
:1011D00069314A000F334A0069314A0069314A00D7
:1011E000C3324A00E9324A0069314A0069314A0093
:1011F00069314A0069314A0069314A0069314A005F
:1012000069314A0069314A0069314A00A5314A0012
:101210006D314A00C7314A0069314A006D314A00D8
:1012200089314A00A5314A00AB314A00C7314A0032
:10123000EF314A0021324A003F324A0065324A000B
:101240008B324A009D324A00C3324A00E9324A00DA
:101250000F334A0035334A005B334A0069314A0094
:101260008D334A00A9334A00C5334A00E1334A00AE
:1012700013344A002F344A0035334A004B344A00B5
:1012800067344A0083344A009F344A00BB344A0022
:10129000D7344A00F3344A000F354A002B354A0050
:1012A00047354A0063354A007F354A009B354A007E
:1012B000B7354A00D3354A00EF354A000B364A00AD
:1012C00027364A0043364A005F364A0091364A00C4
:1012D000AD364A00C9364A00E5364A0001374A00B1
:1012E0001B374A0037374A0053374A006F374A00E6
:1012F0008B374A00A7374A00C3374A00DD374A0018
:10130000F7374A0011384A0029384A0041384A0064
:1013100059384A0071384A0089384A00A1384A00D1
:10132000B3384A00CB384A00E3384A00FB384A0059
:1013300013394A003F394A0057394A006F394A0089
:1013400085394A00B1394A00C9394A00E1394A00B1
:1013500000000000FFFFFFFF00000000FFFFFFFF95
:101360000200000002000000100000000100000068
:101370005D3E4A005F3E4A00613E4A00653F4A00CA
:10138000853F4A00853F4A00873F4A00893F4A001F
:10139000A73F4A00B33F4A00BF3F4A00DD3F4A0033
:1013A000E93F4A00F53F4A00853F4A00873F4A002F
:1013B00089404A008B404A008D404A0089404A00DB
:1013C00001414A000B414A008F404A00F5414A0062
:1013D000ED424A00ED424A00EF424A00ED424A0027
:1013E000F3424A00F5424A0039434A00C9434A00E1
:1013F0002D444A00F3424A00000000000C000000A7
:101400003000000070000000B8000000E803000099
:1014100000000000050000000A0000000F000000AE
:10142000140000006400000065444A0067444A005C
:10143000B9454A00B9454A00BB454A0001464A0041
:10144000F3464A0033474A001D484A00AF484A0065
:10145000B9454A0077494A0000000000000000003A
:101460000000000001000000010000000100000079
:101470000100000001000000010000000100000068
:101480000100000001000000010000000100000058
:101490000100000001000000010000000100000048
:1014A0000100000001000000010000000100000038
:1014B0000100000001000000010000000100000028
:1014C0000100000001000000010000000100000018
:1014D0000100000001000000010000000100000008
:1014E00001000000010000000100000001000000F8
:1014F00001000000010000000100000001000000E8
:1015000001000000010000000100000001000000D7
:1015100001000000010000000100000001000000C7
:1015200001000000010000000100000001000000B7
:1015300001000000010000000100000001000000A7
:101540000100000001000000010000000100000097
:101550000100000001000000010000000100000087
:101560000100000001000000010000000100000077
:101570000100000001000000010000000100000067
:101580000100000001000000010000000100000057
:101590000100000001000000010000000100000047
:1015A0000100000001000000010000000100000037
:1015B0000100000001000000010000000100000027
:1015C0000100000001000000010000000100000017
:1015D0000100000001000000010000000100000007
:1015E00001000000010000000100000001000000F7
:1015F00001000000010000000100000001000000E7
:1016000001000000010000000100000001000000D6
:1016100001000000010000000100000001000000C6
:1016200001000000010000000100000001000000B6
:1016300001000000010000000100000001000000A6
:101640000100000001000000010000000100000096
:101650000100000001000000010000000100000086
:101660000100000001000000010000000100000076
:101670000100000001000000010000000100000066
:101680000100000001000000010000000100000056
:101690000100000001000000010000000100000046
:1016A0000100000001000000010000000100000036
:1016B0000100000001000000010000000100000026
:1016C0000100000001000000010000000100000016
:1016D0000100000001000000010000000100000006
:1016E00001000000010000000100000001000000F6
:1016F00001000000010000000100000001000000E6
:10170000010000000100000001000000FFFF0100D7
:101710003FFF0300FFFF0300FFFF0300CFBF0100F7
:10172000FFFF01003FFF0300FFFF0300FFFF030077
:10173000CFBF01000080084000C00840004030409A
:101740000080304000C0304000003540004035404F
:101750000080324000C0324000003340004033403F
:10176000010007000B00110017001B001C002400E3
:101770002A002F00340037003C00420047004B0095
:101780004F0000000000000000000000000000000A
:101790000000000000000000000000000000000049
:1017A00054005C00630067006B00700000000000E4
:1017B00076007A007D007F00830087008C008F0018
:1017C00092009500000000000000000000000000F2
:1017D0000000000000000000000000000000000009
:1017E0009A009D00A100A800AB00B000B500BD00AC
:1017F000C400CB00D200D800DC00E000E300E90028
:10180000EF00F700000000000000000000000000F2
:1018100000000000000000000000000000000000C8
:10182000FB00010107010E01150118011F0125012F
:101830002901300136013A013E01420147014B01C5
:1018400052015501000000000000000000000000EF
:101850000000000000000000000000000000000088
:101860005A015D0160016601000000006A016E011D
:10187000710176017B01800186018B0100009001DE
:1018800097010000FFFF01003FFF0300FFFF03007F
:10189000FFFF0300CFBF01008C38000007300000BD
:1018A000C097030004810000009101008FFF010038
:1018B0003FFF0300FFFA0300FFFF0300C72F0100F3
:1018C000DBDB01003FE40300CCFB0200FFF600007D
:1018D0004FBE0100DB8F01002B400200FEFF030022
:1018E000AFE101004C9D01008FB8000027290000E6
:1018F000C8C301001C07030008240100CF7A0000C0
:101900003B170200C3F703006F5F0300C4BC010074
:101910003304000003000000C08F030063C3000015
:10192000CC9F01001000000010000000180C000007
:1019300000000000000000000000000000000000A7
:101940000000000000000000000000000000000097
:101950000000000000000000000000000000000087
:101960000000000000000000000000000000000077
:101970000000000000000000000000000000000067
:101980000000000000000000000000000000000057
:101990000000000000000000000000000000000047
:1019A0000000000000000000000000000000000037
:1019B0000000000000000000000000000000000027
:1019C00000000000DFFF010003FF0300E0CF010083
:1019D0001F00000047AC01000000000000000000F4
:1019E00000000000000000000000000066A70100E9
:1019F00005BB0300CC0A0000DDA00100450B01007F
:101A0000FFFF01003FFF0300FFFF0300FFFF030094
:101A1000CFBF0100DFFF01003FFF0300FFFF030016
:101A2000FFFF0300CFBF0100DFFF01003FFB03000A
:101A3000FFFF0300FFFF0300CFBF0100DFFB01003A
:101A40003F390200F6DF0300EFFF02004CBF010048
:101A5000CD3B010033200200F4C701006FA3020058
:101A600004BF0100CD10000023000000C4C7010026
:101A70006F830000048801004000000003000000A4
:101A8000C40301002C810000008000004000000021
:101A90000100000040000100000000000000000004
:101AA0000000000000000000000000000000000036
:101AB0000000000000000000000000000000000026
:101AC0000000000000000000000000000000000016
:101AD0000000000000000000000000000000000006
:101AE00000000000000000000000000000000000F6
:101AF00000000000000000000000000000000000E6
:101B000000000000000000000000000000000000D5
:101B100000000000000000000000000000000000C5
:101B20000000000000000000000000008030000005
:101B300003300000C0070300008100000001000026
:101B40008FFF01003FFF0300FFF20100FFFF0300D2
:101B5000C72F0100D8CB01003FE00300C4F800000C
:101B6000FFE600000FBE0100438F010023000200CA
:101B70003E1F0300AFE101004C9D01000D3000004D
:101B800000000000C0C001000C070300002000009E
:101B9000CB7A000033010200C3030300671B02007D
:101BA000C4BC0100300000000000000000870300FA
:101BB000608300008013000010000000000000009F
:101BC000100000000000000000000000FFFF000007
:101BD0001000010041000200500003009A000200C2
:101BE000E40001006801010011000100390001005A
:101BF0009B000100E30001001200010063000400EB
:101C0000940001009C000300BB000100EF000200F3
:101C10001300010064000400950001009D00030012
:101C2000EE0001006B010100140001009E0008009D
:101C3000BA000000DB0006001500010000000200F1
:101C4000160001005D000100BE000200E900010075
:101C5000F900050069010200770101001700010089
:101C60005B000100A1000300DE0003006E01010023
:101C700076010100200001005C0002009E000200CD
:101C8000BD000300F7000100210001009F000200D9
:101C9000F1000100F80003006D01010022000100C5
:101CA0003C00020098000200230001003D000100FA
:101CB0005100030099000200E80002000100020048
:101CC000240001003E00010052000400A1000400B5
:101CD000ED000100250001003F0002005300040058
:101CE000A0000400EC0001002600010054000700E1
:101CF000A6000400EB000200270001003A000200E9
:101D0000E0000100F4000100140002003B000200AA
:101D1000E1000100EA0002007A0101000000030076
:101D2000180001003300040056000100A600030063
:101D3000BB000200D7000100DD0001001900010016
:101D40003700030055000100D5000100E700030043
:101D5000570101006B0102001A0001003800010068
:101D6000F60002005B0101001B00010039000200C7
:101D7000F70002005A0101001C00010034000100BC
:101D80005A000600E7000200590101001D00010091
:101D9000350001005B000500DD000200DE000100EF
:101DA000580101001E0001005F000600E200010072
:101DB000790101001F0001006000050078010100A9
:101DC00028000100610004002900010062000400F5
:101DD000D3000100750102002A000100300001005B
:101DE000FB000100760102002B000100310002001F
:101DF000A0000300FA000100770102002C0001009E
:101E000032000300EE0002002D000100330001004B
:101E1000EF0001002E00010034000200F00002007B
:101E20002F0001003500020057000700EB00010001
:101E3000F800020010000300300003003E00020022
:101E400011000300310001003F0001009D00070068
:101E50000000010001000600120003003200020031
:101E6000BB000300DF000200FA00040013000300BF
:101E7000330003006B01030014000300380002006C
:101E80009D000800B8000000D900070015000300FD
:101E9000400002009C000700B9000000D8000200CA
:101EA000020006001600030056000400A300030011
:101EB000BC000100DB000200DE000400E9000400B9
:101EC0001700030057000400A2000300D300020023
:101ED000D9000100DD0006006C01010020000200B5
:101EE00059000100A4000300BC000200D40001005E
:101EF000E50001006801020001000100210002006C
:101F000058000100A5000300D6000100E600020011
:101F10006C0102002200020036000400500006009E
:101F2000F2000300630101007501010023000200BB
:101F300051000700A7000300620101002400020015
:101F40004600020052000100F200040025000200D9
:101F500047000100530007000200020026000200B3
:101F60003A00010054000800F10002006101010084
:101F7000270002003B000100D9000600F500020026
:101F8000600101006D01020002000100590005001E
:101F9000A7000100BD000500DB000500DC0001001A
:101FA000FD000300730102009A000A00A600010070
:101FB000DA000200FC0003001800030032000100F8
:101FC0004000010098000100FE0001005F010200D6
:101FD00019000300330002004100010099000100D4
:101FE000FC0001005E0102001A000300650004000D
:101FF0009C0001009E000300F00001005D01010053
:102000006E0102001B000300660004009D00020038
:102010009F000300BE000300E80001005C01010016
:102020001C00030067000400E90006001D00030017
:102030003200040043000200A7000400DE00050097
:102040005F010100740102001E0003005C00050036
:102050009B000900A5000100BD000100DD00070094
:102060001F000300E0000200FB0005006D010300FB
:10207000280002003C00010099000500A3000500B3
:10208000DB000100FE0003007401010029000200D2
:102090003D00020098000500A2000400D9000200E3
:1020A000730101002A000200400003005A000200F0
:1020B000E60004002B00020041000300E5000500DB
:1020C0006A0101002C00020042000100D80001005A
:1020D000E70005002D000200440001009F000700FA
:1020E000BC000300D60002002E00030045000100E2
:1020F000D40002006C0103002F0002003000020037
:102100005E0006009E000700A2000100E50003003B
:102110006A010200310003005F000700E6000300CF
:102120002800030042000300A1000100BD000200DE
:10213000F8000100100004009B000700E600010009
:10214000110004009A000800E500020012000400DB
:102150003300050058000400A5000400E70001005A
:102160006901010013000400430004009E00060002
:102170005E010100160004005E000500A4000400DA
:10218000DF00010037000200A3000400FC00020091
:102190001700040036000100A0000500A4000100A3
:1021A000F900010018000400370001005D0005007F
:1021B000A30001006A0103001900040044000200AA
:1021C0009C000200F2000100FD0001001A00040062
:1021D00031000400450002009D000100F1000300F1
:1021E000600102001B000400550005009F0009006B
:1021F000A00001006D0104001C0004005500030054
:102200009D000500F1000500F30002001E0004001F
:1022100046000100940002009A000100BE00010087
:10222000F5000100690103001F00040047000200DF
:10223000950002009B000200F60001006E01030001
:102240000000230041000200000025009A00020067
:10225000000026005000030000002700E4000100F9
:102260000100230039000100010025009B0001004E
:1022700001002700E30001000200230063000400C6
:10228000020026009C0003000300230064000400F9
:1022900003002400EE000100030026009D0003005F
:1022A000030027006B010100040024009E000800C9
:1022B00004002800BA00000004002900DB0006002A
:1022C00005002800FFFF000006002400E9000100CF
:1022D000060025005D00010006002700F90005004A
:1022E000070022006E01010007002300DE0003004A
:1022F000070024005B00010007002700A100030085
:10230000080023005C00020008002400F700010020
:10231000080025009E000200090023006D01010055
:1023200009002400F1000100090025009F000200BF
:1023300009002700F80003000A0023003C00020007
:102340000A002500980002000B0023003D00010058
:102350000B002400510003000B002500990002002F
:102360000B002700E80002000C002200ED00010035
:102370000C0023003E0001000C002600A100040018
:102380000C002700520004000D002200EC000100A8
:102390000D0023003F0002000D002600A0000400F5
:1023A0000D002700530004000E0023005400070016
:1023B0000E002400EB0002000E002700A60004001F
:1023C0000F0023003A0002000F002400E00001008B
:1023D0000F002500F4000100100023003B00020064
:1023E00010002400EA00020010002500E1000100B6
:1023F00020002200D700010020002300A6000300D7
:1024000020002400DD00010020002500330004002E
:10241000200027005600010021002200D500010005
:10242000210023006B01020021002400E7000300CB
:10243000210025003700030021002700550001007E
:10244000220023003800010022002400F6000200D0
:10245000230023003900020023002400F7000200BB
:10246000240023003400010024002400E7000200BF
:10247000240027005A000600250023003500010033
:1024800025002400DE00010025002500DD000200FB
:10249000250027005B000500280023005F000600E0
:1024A00028002700E2000100290023006000050049
:1024B0002A002300610004002B00230062000400B6
:1024C0002C002200FB0001002C0023003000010042
:1024D0002D002200FA0001002D002300310002002F
:1024E0002D002400A00003002E0023003200030072
:1024F0002E002400EE0002002F0023003300010014
:102500002F002400EF0001003000230034000200FF
:1025100030002400F00002003100230035000200EA
:1025200031002400EB0001003100250057000700B6
:1025300031002700F80002004000230030000300B3
:10254000400027003E00020041002300310001004E
:10255000410025009D000700410027003F000100C9
:10256000420023003200020042002400FA0004006E
:1025700042002500DF000200430023003300030077
:10258000430025006B0103004400230038000200D3
:10259000440025009D00080044002900D9000700E0
:1025A0004500230040000200450025009C00070074
:1025B00046002200DB00020046002300A3000300C7
:1025C00046002400E90004004600260056000400EE
:1025D00046002700DE00040047002200A20003009E
:1025E000470023006C01010047002400D9000100CE
:1025F000470026005700040047002700DD000600C2
:1026000048002200D40001004800250059000100C4
:1026100048002700E500010048002800A40003004E
:1026200049002200D6000100490023006C0102008D
:10263000490025005800010049002700E60002007B
:1026400049002800A50003004A00220036000400CB
:102650004A002500F20003004A002800500006004E
:102660004B002400510007004B002500A700030089
:102670004C002300520001004C00240046000200E0
:102680004C002500F20004004D0023005300070019
:102690004D002400470001004E0023003A000100D5
:1026A0004E002400F10002004E00260054000800F5
:1026B0004F0023003B0001004F002400F500020002
:1026C0004F0026006D0102004F002800D9000600CF
:1026D00050002200FD0003005000230059000500B7
:1026E00050002500DC0001005000260073010200AC
:1026F00050002700A700010050002800DB00050063
:1027000051002200FC00030051002500DA00020005
:1027100051002700A6000100510028009A000A007D
:10272000600023003200010060002400FE00010070
:1027300060002500400001006000270098000100B3
:10274000610023003300020061002400FC0001004E
:10275000610025004100010061002700990001008F
:10276000620023006500040062002400F000010004
:10277000620025009C000100620026009E0003000C
:10278000620027006E01020063002300660004005F
:1027900063002400E8000100630025009D000200A2
:1027A000630026009F00030064002300670004000C
:1027B00064002400E90006006500230043000200D5
:1027C0006500240032000400650025007401020049
:1027D00065002700A700040065002800DE00050052
:1027E000660023009B000900660024005C000500D1
:1027F00066002700A500010066002800DD00070034
:10280000670023006D01030067002400FB00050042
:1028100067002500E000020068002200FE000300BF
:1028200068002300DB00010068002500740101003E
:102830006800260099000500680027003C000100A0
:1028400068002800A300050069002300D9000200E9
:10285000690024009800050069002600730101004A
:10286000690027003D00020069002800A200040062
:102870006A002300400003006A0024005A0002009E
:102880006A002600E60004006B00230041000300FC
:102890006B002700E50005006C00230042000100EA
:1028A0006C002700E70005006D00230044000100D4
:1028B0006D0024009F0007006D002500D600020077
:1028C0006E002300450001006E0024006C0103002F
:1028D0006E002500D40002006F0022009E00070059
:1028E0006F002300300002006F0024005E0006002D
:1028F0006F002500E50003006F002800A200010022
:10290000700023003100030070002500E600030082
:10291000700026005F0007007100230042000300E2
:1029200071002600F800010071002700A1000100DD
:1029300080002300E6000100800024009B000700C7
:1029400081002300E5000200810024009A000800B5
:1029500082002300E700010082002400330005000C
:10296000820025005800040082002700A500040012
:102970008300240043000400830025009E0006001D
:1029800086002300DF000100860025005E000500B0
:1029900086002700A40004008700230037000200FF
:1029A00087002700FC00020087002800A300040025
:1029B00088002200F9000100880023003600010091
:1029C00088002500A400010088002800A000050060
:1029D0008900230037000100890024005D00050004
:1029E00089002800A30001008A002300FD000100E7
:1029F0008A002400F20001008A0025004400020041
:102A00008A0027009C0002008B002300F1000300D5
:102A10008B002400310004008B00250045000200DB
:102A20008B0027009D0001008C0024006D01040034
:102A30008C002500550005008C002700A000010037
:102A40008C0028009F0009008D0023005500030022
:102A50008D002400F30002008D002600F100050027
:102A60008D0027009D0005008F002400F500010067
:102A70008F002500460001008F0027009A0001000A
:102A8000900023006E01030090002400F600010076
:102A90009000250047000200900027009B000200E4
:102AA00084184B00CC1B4B0060174B0040224B009E
:102AB00000002940000027400C01064E00FFFFFFE8
:102AC0000000000000000000000000000000000006
:102AD00000000000000000000000000000000000F6
:102AE00000000000000000000000000000000000E6
:102AF00000000000000000000000000000000000D6
:102B000000000000000000000000000000000000C5
:102B1000000000006400000032000000C800000057
:102B200000000000000000000000000000000000A5
:102B30000000000000000000000000000000000095
:102B40000000000000000000000000000000000085
:102B50000000000000000000000000000000000075
:102B60000000000000000000000000000000000065
:102B7000000000000000000000000000C80000008D
:102B800064000000102700000000000000000000AA
:102B90000000000000000000000000000000000035
:102BA0000000000000000000000000000000000025
:102BB0000000000000000000000000000000000015
:102BC0000000000000000000000000000000000005
:102BD00000000000000000000000000000000000F5
:102BE00000000000E8030000F40100000000000005
:102BF00000000000000000000000000000000000D5
:102C000000000000000000000000000000000000C4
:102C100000000000000000000000000000000000B4
:102C200000000000000000000000000000000000A4
:102C30000000000000000000000000000000000094
:102C40000000000000000000000000006400000020
:102C50003200000000000000000000000000000042
:102C60000000000000000000000000000000000064
:102C70000000000000000000000000000000000054
:102C80000000000000000000000000000000000044
:102C90000000000000000000000000000000000034
:102CA0000000000000000000000000000000000024
:102CB00000000000E8030000F40100000000000034
:102CC0000000000000000000000000000000000004
:102CD00000000000000000000000000000000000F4
:102CE00000000000000000000000000000000000E4
:102CF00000000000000000000000000000000000D4
:102D000000000000000000000000000000000000C3
:102D1000000000000000000000000000F4010000BE
:102D2000FA000000000000000000000000000000A9
:102D30000000000000000000000000000000000093
:102D40000000000000000000000000000000000083
:102D50000000000000000000000000000000000073
:102D60000000000000000000000000000000000063
:102D70000000000000000000000000000000000053
:102D800000000000E8030000F40100000000000063
:102D90000000000000000000000000000000000033
:102DA0000000000000000000000000000000000023
:102DB0000000000000000000000000000000000013
:102DC0000000000000000000000000000000000003
:102DD00000000000000000000000000000000000F3
:102DE00000000000000000000000000010270000AC
:102DF0008813000000000000000000000000000038
:102E000000000000000000000000000000000000C2
:102E100000000000000000000000000000000000B2
:102E200000000000000000000000000000000000A2
:102E30000000000000000000000000000000000092
:102E40000000000000000000000000000000000082
:102E500000000001FFFFFFFF000000000000000075
:102E60000000000000000000000000000000000062
:102E70000000000000000000000000000000000052
:102E80000000000000000000000000000000000042
:102E90000000000000000000000000000000000032
:102EA0000000000000000000000000000000000022
:102EB000000000000000000000000001FFFFFFFF15
:102EC0000000000000000000000000000000000002
:102ED00000000000000000000000000000000000F2
:102EE00000000000000000000000000000000000E2
:102EF00000000000000000000000000000000000D2
:102F000000000000000000000000000000000000C1
:102F100000000000000000000000000000000000B1
:102F200000000001FFFFFFFF0000000000000000A4
:102F30000000000000000000000000000000000091
:102F40000000000000000000000000000000000081
:102F50000000000000000000000000000000000071
:102F60000000000000000000000000000000000061
:102F70000000000000000000000000000000000051
:102F8000000000000000000000000000E803000056
:102F9000F40100000000000000000000000000003C
:102FA0000000000000000000000000000000000021
:102FB0000000000000000000000000000000000011
:102FC0000000000000000000000000000000000001
:102FD00000000000000000000000000000000000F1
:102FE00000000000000000000000000000000000E1
:102FF000000000006400000032000000C800000073
:1030000000000000000000000000000000000000C0
:1030100000000000000000000000000000000000B0
:1030200000000000000000000000000000000000A0
:103030000000000000000000000000000000000090
:103040000000000000000000000000000000000080
:10305000000000000000000000000000E803000085
:10306000F40100000000000000000000000000006B
:103070000000000000000000000000000000000050
:103080000000000000000000000000000000000040
:103090000000000000000000000000000000000030
:1030A0000000000000000000000000000000000020
:1030B0000000000000000000000000000000000010
:1030C00000000001FFFFFFFF000000000000000003
:1030D00000000000000000000000000000000000F0
:1030E00000000000000000000000000000000000E0
:1030F00000000000000000000000000000000000D0
:1031000000000000000000000000000000000000BF
:1031100000000000000000000000000000000000AF
:10312000000000000000000000000001FFFFFFFFA2
:10313000000000000000000000000000000000008F
:10314000000000000000000000000000000000007F
:10315000000000000000000000000000000000006F
:10316000000000000000000000000000000000005F
:10317000000000000000000000000000000000004F
:10318000000000000000000000000000000000003F
:1031900000000000E8030000F4010000000000004F
:1031A000000000000000000000000000000000001F
:1031B000000000000000000000000000000000000F
:1031C00000000000000000000000000000000000FF
:1031D00000000000000000000000000000000000EF
:1031E00000000000000000000000000000000000DF
:1031F00000000000000000000000000000000000CF
:1032000000000000000000000000000000000000BE
:1032100000000000000000000000000000000000AE
:10322000000000000000000000000000000000009E
:10323000000000000000000000000000000000008E
:10324000000000000000000000000000000000007E
:10325000000000000000000000000000000000006E
:10326000000000000000000000000000000000005E
:10327000000000000000000000000000000000004E
:10328000000000000000000000000000000000003E
:10329000000000000000000000000000000000002E
:1032A000000000000000000000000000000000001E
:1032B000000000000000000000000000000000000E
:1032C00000000000000000000000000000000000FE
:1032D00000000000000000000000000000000000EE
:1032E00000000000000000000000000000000000DE
:1032F00000000000000000000000000000000000CE
:1033000000000000000000000000000000000000BD
:1033100000000000000000000000000000000000AD
:10332000000000000000000000000000000000009D
:10333000000000000000000000000000000000008D
:10334000000000000000000000000000000000007D
:10335000000000000000000000000000000000006D
:10336000000000000000000000000000000000005D
:10337000000000000000000000000000000000004D
:10338000000000000000000000000000000000003D
:10339000000000000000000000000000000000002D
:1033A000000000000000000000000000000000001D
:1033B000000000000000000000000000000000000D
:1033C0000000000000000000000000009600004027
:1033D0000800000009020040080000009D030040B2
:1033E000080000009E00004008000000FF030040AD
:1033F00020000000EF03004020000000AE05004068
:10340000080000006F05004008000000F1060040C1
:10341000400000002D04000008000000F6060040F7
:10342000080000009703004008000000C2000040B0
:103430000800000039030040080000009407004025
:1034400040000000DF07004008000000F0030040DB
:103450000800000000000000000000000000000064
:10346000000000000000000000000000000000005C
:10347000000000000000000000000000000000004C
:10348000000000000000000000000000000000003C
:10349000000000000000000000000000000000002C
:1034A000000000000000000001000000000000001B
:1034B000000000000000000000000000000000000C
:1034C00000000000000000000000000000000000FC
:1034D00000000000000000000000000000000000EC
:1034E0000000000000000000004001011400000086
:1034F00000000000140009000000000002000000AD
:1035000000000000000000000000000000000000BB
:1035100000000000000000000000000000000000AB
:10352000000000000000000000000000000000009B
:103530000000000000000000000000000008010082
:10354000E803000000000000140005000000000077
:103550000300000000000000000000000000000068
:10356000000000000000000000000000000000005B
:10357000000000000000000000000000000000004B
:10358000000000000000000000000000000000003B
:1035900000080101140000000000000014000800F1
:1035A0000000000004000000000000000000000017
:1035B000000000000000000000000000000000000B
:1035C00000000000000000000000000000000000FB
:1035D00000000000000000000000000000000000EB
:1035E000000000000008010064000000000000006E
:1035F00014000100000000000500000000000000B1
:1036000000000000000000000000000000000000BA
:1036100000000000000000000000000000000000AA
:10362000000000000000000000000000000000009A
:10363000000000000000000000080100E803000096
:10364000000000001400020000000000060000005E
:10365000000000000000000000000000000000006A
:10366000000000000000000000000000000000005A
:10367000000000000000000000000000000000004A
:103680000000000000000000000000000008010031
:1036900064000000000000001400030000000000AF
:1036A0000700000000000000000000000000000013
:1036B000000000000000000000000000000000000A
:1036C00000000000000000000000000000000000FA
:1036D00000000000000000000000000000000000EA
:1036E00000400100E8030000000000001400040096
:1036F00000000000080000000000000000000000C2
:1037000000000000000000000000000000000000B9
:1037100000000000000000000000000000000000A9
:103720000000000000000000000000000000000099
:103730000000000000400101140000000000000033
:103740001400070000000000090000000000000055
:103750000000000000000000000000000000000069
:103760000000000000000000000000000000000059
:103770000000000000000000000000000000000049
:103780000000000000000000000801008813000095
:10379000000000001400060000000000000000000F
:1037A0000000000000000000000000000000000019
:1037B0000000000000000000000000000000000009
:1037C00000000000000000000000000000000000F9
:1037D00000000000000000000000000000000000E9
:1037E00000000000000000000000000000000000D9
:1037F0000B000000000000000000000000000000BE
:1038000000000000000000000000000000000000B8
:1038100000000000000000000000000000000000A8
:103820000000000000000000000000000000000098
:1038300000080100E80300000000000014000A0076
:103840000000000000000000000000000000000078
:103850000000000000000000000000000000000068
:103860000000000000000000000000000000000058
:103870000000000000000000000000000000000048
:103880000000000000000000000000000000050033
:10389000000000000000000001000000190000000E
:1038A000000000007DCE48008BCE480000000000E4
:1038B0000000050000000000000000000000D0072C
:1038C000D0070000000000009FCE4800A3CE4800B3
:1038D00000000000000005000000000000000000E3
:1038E0000000D007D007000000000000B5CE48005F
:1038F000B9CE480000000000000064000000000095
:10390000000000000100F401F401000000000000CC
:1039100039CF480047CF4800000000000000640095
:103920000000000000000000010070177017000088
:103930000000000057CF480065CF4800000000009D
:1039400000006400000000000000000001002C01E5
:103950002C010000000000007DCF48008BCF480004
:103960000000000000000A0000000000000000004D
:103970000100C800C800000000000000FBD14800A2
:1039800009D24800000000000000640000000000B0
:10399000000000000100B80BB80B000000000000A0
:1039A000C1CF4800CFCF48000000000000006400F5
:1039B000000000000000000000002C012C010000AD
:1039C00000000000DDCF4800F9CF480000000000F3
:1039D00000006400000000000000000001009001F1
:1039E000900100000000000009D0480017D04800F6
:1039F00000000000000014000000000000000000B3
:103A000000006400C800000000000000E1CE480093
:103A1000E3CE480000000000000064000000000049
:103A2000000000000000F401E803000000000000B6
:103A30000DCF48000FCF48000000000000000A0032
:103A400000000000000000000000320064000000E0
:103A50000000000023CF480025CF480000000000F0
:103A600000000A000000000000000000000032001A
:103A70006400000000000000CBCE4800CDCE48001E
:103A80000000000000000A0000000000000000002C
:103A9000000032006400000000000000F7CE480083
:103AA000F9CE4800000000000000640000000000A3
:103AB0000000000001001027102700000000000097
:103AC00019D2480035D24800000000000000640010
:103AD0000000000000000000010010271027000077
:103AE0000000000043D248005FD248000000000000
:103AF000000064000000000000000000010010272A
:103B000010270000000000006DD2480089D2480054
:103B10000000000000006400000000000000000041
:103B200001001027102700000000000097D2480075
:103B3000B3D2480000000000000064000000000054
:103B40000000000001001027102700000000000006
:103B500053D048006FD0480000000000000064000F
:103B600000000000000000000100102710270000E6
:103B700000000000A9D04800C5D0480000000000A7
:103B80000000640000000000000000000100102799
:103B90001027000000000000D3D04800EFD04800FC
:103BA00000000000000064000000000000000000B1
:103BB000010010271027000000000000FFD048007F
:103BC0001BD148000000000000006400000000005D
:103BD0000000000001001027102700000000000076
:103BE0002BD1480047D148000000000000006400CD
:103BF0000000000000000000010010271027000056
:103C000000000000A3D14800BFD148000000000020
:103C10000000640000000000000000000100102708
:103C20001027000000000000CFD14800EBD1480071
:103C30000000000000006400000000000000000020
:103C40000100102710270000000000004BD14800A1
:103C500067D1480000000000000064000000000080
:103C600000000000010010271027000000000000E5
:103C700077D1480093D148000000000000006400A4
:103C800000000000000000000100102710270000C5
:103C9000000000007DD0480099D0480000000000DE
:103CA0000000640000000000000000000100102778
:103CB000102700000000000027D0480043D0480033
:103CC0000000000000006400000000000000000090
:103CD00001001027102700000000000095CF4800C9
:103CE000B1CF4800000000000000640000000000A8
:103CF0000000000001001027102700000000000055
:103D0000C1D24800DDD2480000000000000064007D
:103D10000000000000000000010010271027000034
:103D200000000000EBD2480007D34800000000006C
:103D300000006400000000000000000001001027E7
:103D4000102700000000000015D3480031D34800C0
:103D500000000000000064000000000000000000FF
:103D60000100102710270000000000003FD348008A
:103D70005BD3480000000000000064000000000069
:103D800000000000010010271027000000000000C4
:103D900069D3480085D348000000000000000000FF
:103DA0000000000000000000000000000000000013
:103DB0000000000000000000000000000000000003
:103DC00000000000000000000000000000000000F3
:103DD00000000000000000000000000000000000E3
:103DE00000000000000000000000000000000000D3
:103DF00000000000000000000000000000000000C3
:103E000000000000000000000000000000000000B2
:103E100000000000000000000000000000000000A2
:103E20000000000000000000000000000000000092
:103E30000000000000000000000000000000000082
:103E40000000000000000000000000000000000072
:103E50000000000000000000000000000000000062
:103E60000000000000000000000000000000000052
:103E70000000000000000000000000000000000042
:103E80000000000000000000000000000000000032
:103E90000000000000000000000000000000000022
:103EA0000000000000000000000000000000000012
:103EB0000000000000000000000000000000000002
:103EC00000000000000000000000000000000000F2
:103ED000000000000000000084B0034600918DF84F
:103EE0000730009B039342F2E47302939DF807307E
:103EF000002B11D12D4B4FF0FF32C3F800212B4B7B
:103F00001B682A4A43F010031360284B1B68274A9A
:103F100023F02003136009E09DF80730012B05D141
:103F2000224B1B68214A43F4807313601F4B1B68AC
:103F30001E4A43F0010313601C4B5B6803F400430B
:103F4000002B0CD14EF242730293039B013B03936F
:103F5000039B002B10D142F6D43302930CE0134B99
:103F60005B6803F48043002B03D142F2E4730293B5
:103F700002E045F6A5230293029B4EF24272934261
:103F8000DAD0029B4EF2427293420BD0074B1B6871
:103F9000064A23F001031360044B1B68034A23F411
:103FA00080731360029B184604B0704700C02E4017
:103FB0000100000000000000000000000000000000
:103FC00000000000D48D4A00E08D4A00EC8D4A00CC
:103FD000F88D4A00048E4A00108E4A001C8E4A005A
:103FE000288E4A00348E4A00408E4A00488E4A008D
:103FF000548E4A00608E4A006C8E4A00788E4A00C9
:10400000888E4A00988E4A000000000000000000E0
:1040100000000000000000000000000000000000A0
:10402000000000002000C6002005C6002024C600B5
:104030002013C6002014C6002015C6002016C60096
:104040002017C6002018C6002019C6002020C60070
:104050002021C6002022C6002023C6000100000146
:10406000050001000AD7A33C000000006F12833A4C
:104070000000803F00007A430AD7A33C0000000004
:104080000AD7233C0000803F0000C8430AD7A33C66
:10409000000000000AD7233C000020410000F0424D
:1040A0000AD7A33C00000000CDCCCC3D0000803FEF
:1040B0000000F0420101000000000000FF00FFFFCF
:1040C00000000000000000FF0000000000000000F1
:1040D00000007D01F691000060FC61FF620063FF5B
:1040E00064F065FF663F670068E600006AFF6BFFEB
:1040F0006CFF6D006E006FFF70A6710072007300A0
:1041000074807570771778C279007AE57B007C003F
:1041100020E7103011F112551355145515001608EB
:104120001700180F1DFF1EFF1F7821142201230006
:1041300024F0259826082D072E192F093065310403
:1041400020E000000000010C02800337048005011C
:1041500006160714080009500A300B860C010DA042
:104160000E0400000F7010001100120013001480E4
:10417000150716801701181019331A081B6C1C003C
:104180001D001E00020003000401050006000701D7
:104190000C600D0076807709780079007A000000C5
:1041A0008CBC8DBD8E070000901E910092BE9300C6
:1041B00094809507966C9708980299009A199B002D
:1041C0009C809D019ED89F01A90CAA00AB00AC0069
:1041D000AD00AE28BB01BC89BD03BE74BF000000AA
:1041E000907E910F92029388944695409666971020
:1041F000BB01BC8900000000800700884800000067
:1042000010EB323210EB2232FFFFFFFF0100000003
:10421000000000000000000000000000000000009E
:10422000000000000000000000000000000000008E
:10423000000000000000000000000000000000007E
:10424000000000000000000000000000000000006E
:1042500000000000C5284A0000010203040506070B
:10426000080900000A0B0C0D0E0F000000000000F2
:10427000000000000000000000000000000000003E
:1042800000000000117F127E3100000000000000DD
:10429000000000000000000000000000000000001E
:1042A000000000000000000000000000000000000E
:1042B00000000000000000000000000000000000FE
:1042C00000000000000000000000000000000000EE
:1042D00000000000000000000000000000000000DE
:1042E00000000000000000000000000000000000CE
:1042F00044AE4A0024AE4A0064AE4A0044AE4A00CE
:1043000064AE4A0088AE4A0098AE4A0090AE4A00B9
:10431000A0AE4A0088AE4A0098AE4A00A0AE4A005D
:1043200098AE4A0090AE4A00A0AE4A0098AE4A004D
:10433000A0AE4A0090AE4A00A0AE4A0024AE4A00A9
:1043400064AE4A0034B84A0034B84A0034B84A006F
:1043500034B84A0034B84A0034B84A0034B84A0085
:1043600034B84A0034B84A0034B84A0034B84A0075
:1043700034B84A0034B84A0034B84A0034B84A0065
:1043800034B84A0034B84A0034B84A0034B84A0055
:1043900034B84A0034B84A0034B84A0034B84A0045
:1043A00034B84A0034B84A0034B84A0034B84A0035
:1043B00000BD4A001CBD4A0038BD4A0054BD4A0039
:1043C00070BD4A008CBD4A000000000000BD4A00DC
:1043D0001CBD4A0038BD4A0054BD4A0070BD4A00A9
:1043E0008CBD4A0000000000DCC64A00D4C64A006A
:1043F00000000000C4BD4A0000000000DCC64A0006
:10440000D4C64A0000000000C4BD4A0000000000FD
:10441000DCC64A00D4C64A0000000000C4BD4A0001
:1044200000000000DCC64A00D4C64A0000000000BC
:10443000C4BD4A0000000000DCC64A00D4C64A00E1
:1044400000000000C4BD4A0000000000DCC64A00B5
:10445000D4C64A0000000000C4BD4A0000000000AD
:10446000DCC64A00D4C64A0000000000C4BD4A00B1
:1044700000000000DCC64A00D4C64A00000000006C
:10448000C4BD4A0000000000DCC64A00D4C64A0091
:1044900000000000C4BD4A0000000000DCC64A0065
:1044A000D4C64A0000000000C4BD4A00000000005D
:1044B000DCC64A00D4C64A0000000000C4BD4A0061
:1044C00000000000DCC64A00D4C64A00000000001C
:1044D000C4BD4A0000000000DCC64A00D4C64A0041
:1044E00000000000C4BD4A0000000000DCC64A0015
:1044F000D4C64A0000000000C4BD4A00000000000D
:10450000DCC64A00D4C64A0000000000C4BD4A0010
:1045100000000000DCC64A00D4C64A0000000000CB
:10452000C4BD4A0000000000DCC64A00D4C64A00F0
:1045300000000000C4BD4A0000000000DCC64A00C4
:10454000D4C64A0000000000C4BD4A0000000000BC
:10455000DCC64A00D4C64A0000000000C4BD4A00C0
:1045600000000000DCC64A00D4C64A00000000007B
:10457000C4BD4A0000000000DCC64A00D4C64A00A0
:1045800000000000C4BD4A0000000000DCC64A0074
:10459000D4C64A0000000000C4BD4A00000000006C
:1045A000DCC64A00D4C64A0000000000C4BD4A0070
:1045B00000000000DCC64A00D4C64A00000000002B
:1045C000C4BD4A0000000000DCC64A00D4C64A0050
:1045D00000000000C4BD4A0000000000DCC64A0024
:1045E000D4C64A0000000000C4BD4A00000000001C
:1045F000DCC64A00D4C64A0000000000C4BD4A0020
:1046000000000000DCC64A00D4C64A0000000000DA
:10461000C4BD4A0000000000DCC64A00D4C64A00FF
:1046200000000000C4BD4A0000000000DCC64A00D3
:10463000D4C64A0000000000C4BD4A0000000000CB
:10464000DCC64A00D4C64A0000000000C4BD4A00CF
:1046500000000000DCC64A00D4C64A00000000008A
:10466000C4BD4A0000000000DCC64A00D4C64A00AF
:1046700000000000C4BD4A0000000000DCC64A0083
:10468000D4C64A0000000000C4BD4A00000000007B
:10469000DCC64A00D4C64A0000000000C4BD4A007F
:1046A00000000000DCC64A00D4C64A00000000003A
:1046B000C4BD4A000000000021000000000000000E
:1046C0000000BA00BB0046024702D703D8036505C5
:1046D0006605020703079C089D085A0A5B0A0D0C31
:1046E0000E0C9D0D9E0D340F350F001000000000C4
:1046F0000000000078000000000000000000000042
:104700007800000000000000000000000000000031
:104710000000000000000000000000000000000099
:1047200000000000D81E402000020000D8204020D9
:104730000002000064334020000000000000000080
:104740006433402000000000000000006C33402073
:10475000000000000000000074334020803340203F
:104760008C33402000000000010000000BD64A00FE
:104770000BD64A000BD64A000BD64A000BD64A008D
:104780000BD64A000BD64A00FFFFFFFFFFFFFFFFDB
:1047900006D64A000BD64A000BD64A00FFFFFFFFA1
:1047A000FFFF000008D64A0001000000AC334020A3
:1047B00068D54A0000000000000000000000000072
:1047C0000000000011844900058449002584490047
:1047D000000000000000000091A9490089A94900DB
:1047E000000000000100000000000000FFFFFFFFCC
:1047F000FFFFFFFF00FF00FF00FF02021F0000009D
:10480000FFFFFFFFFFFF0000FFFFFFFFFFFF0000B4
:104810004E000000040000004E00000004000000F4
:104820004E000000040000004E00000004000000E4
:104830000024F4000094357733100000FF01C1001C
:10484000FE000000FFFFFF00FFFFFF00FEFE000074
:104850000101C10000000000FFFFFF00FFFFFF009B
:10486000FEFE0000FFFFFFFFFFFFFFFFFFFFFF0057
:10487000FFFFFFFFFFFFFFFFFFFFFF0000FFFF0144
:10488000FFFFFFFF02FFFFFF0304FFFF050607FF17
:10489000FFFFFF08FFFFFFFFFFFFFFFF09FFFFFF15
:1048A0000AFFFFFFFFFFFFFFFFFFFFFF956D4A00BD
:1048B00000C02D4000C028400000000000000000A3
:1048C00002020000000000000000000000000000E4
:1048D00000000000000000000000000000000000D8
:1048E0000000000000002940E42703000080084089
:1048F00000C0084001000000FFFFFFFFFFFFFFFFB7
:10490000FFFFFFFFFFFFFFFFFFFFFFFFFFFFFFFFB7
:10491000FFFFFFFFFFFFFFFFFFFFFFFFFFFFFFFFA7
:10492000FFFFFFFFFFFFFFFFFFFFFFFFFFFFFFFF97
:10493000FFFFFFFFFFFFFFFFFFFFFFFFFFFFFFFF87
:10494000FFFFFFFFFFFFFFFFFFFFFFFFFFFFFFFF77
:10495000FFFFFFFFFFFFFFFFFFFFFFFFFFFFFFFF67
:10496000FFFFFFFFFFFFFFFFFFFFFFFFFFFFFFFF57
:10497000FFFFFFFFFFFFFFFFFFFFFFFFFFFFFFFF47
:10498000FFFFFFFFFFFFFFFFFFFFFFFFFFFFFFFF37
:10499000FFFFFFFFFFFFFFFFFFFFFFFFFFFFFFFF27
:1049A000FFFFFFFFFFFFFFFFFFFFFFFFFFFFFFFF17
:1049B000FFFFFFFFFFFFFFFFFFFFFFFFFFFFFFFF07
:1049C000FFFFFFFFFFFFFFFFFFFFFFFFFFFFFFFFF7
:1049D000FFFFFFFFFFFFFFFFFFFFFFFFFFFFFFFFE7
:1049E000FFFFFFFFFFFFFFFFFFFFFFFFFFFFFFFFD7
:1049F000FFFFFFFFFFFFFFFFFFFFFFFFFFFFFFFFC7
:104A0000FFFFFFFFFFFFFFFFFFFFFFFFFFFFFFFFB6
:104A1000FFFFFFFFFFFFFFFFFFFFFFFFFFFFFFFFA6
:104A2000FFFFFFFFFFFFFFFFFFFFFFFFFFFFFFFF96
:104A3000FFFFFFFFFFFFFFFFFFFFFFFFFFFFFFFF86
:104A4000FFFFFFFFFFFFFFFFFFFFFFFFFFFFFFFF76
:104A5000FFFFFFFFFFFFFFFFFFFFFFFFFFFFFFFF66
:104A6000FFFFFFFFFFFFFFFFFFFFFFFFFFFFFFFF56
:104A7000FFFFFFFFFFFFFFFFFFFFFFFFFFFFFFFF46
:104A8000FFFFFFFFFFFFFFFFFFFFFFFFFFFFFFFF36
:104A9000FFFFFFFFFFFFFFFFFFFFFFFFFFFFFFFF26
:104AA000FFFFFFFFFFFFFFFFFFFFFFFFFFFFFFFF16
:104AB000FFFFFFFFFFFFFFFFFFFFFFFFFFFFFFFF06
:104AC000FFFFFFFFFFFFFFFFFFFFFFFFFFFFFFFFF6
:104AD000FFFFFFFFFFFFFFFFFFFFFFFFFFFFFFFFE6
:104AE000FFFFFFFFFFFFFFFFFFFFFFFFFFFFFFFFD6
:104AF000FFFFFFFFFFFFFFFFFFFFFFFFFFFFFFFFC6
:104B0000FFFFFFFFFFFFFFFFFFFFFFFFFFFFFFFFB5
:104B1000FFFFFFFFFFFFFFFFFFFFFFFFFFFFFFFFA5
:104B2000FFFFFFFFFFFFFFFFFFFFFFFFFFFFFFFF95
:104B3000FFFFFFFFFFFFFFFFFFFFFFFFFFFFFFFF85
:104B4000FFFFFFFFFFFFFFFFFFFFFFFFFFFFFFFF75
:104B5000FFFFFFFFFFFFFFFFFFFFFFFFFFFFFFFF65
:104B6000FFFFFFFFFFFFFFFFFFFFFFFFFFFFFFFF55
:104B7000FFFFFFFFFFFFFFFFFFFFFFFFFFFFFFFF45
:104B8000FFFFFFFFFFFFFFFFFFFFFFFFFFFFFFFF35
:104B9000FFFFFFFFFFFFFFFFFFFFFFFFFFFFFFFF25
:104BA000FFFFFFFFFFFFFFFFFFFFFFFFFFFFFFFF15
:104BB000FFFFFFFFFFFFFFFFFFFFFFFFFFFFFFFF05
:104BC000FFFFFFFFFFFFFFFFFFFFFFFFFFFFFFFFF5
:104BD000FFFFFFFFFFFFFFFFFFFFFFFFFFFFFFFFE5
:104BE000FFFFFFFFFFFFFFFFFFFFFFFFFFFFFFFFD5
:104BF000FFFFFFFFFFFFFFFFFFFFFFFFFFFFFFFFC5
:104C0000FFFFFFFFFFFFFFFFFFFFFFFFFFFFFFFFB4
:104C1000FFFFFFFFFFFFFFFFFFFFFFFFFFFFFFFFA4
:104C2000FFFFFFFFFFFFFFFFFFFFFFFFFFFFFFFF94
:104C3000FFFFFFFFFFFFFFFFFFFFFFFFFFFFFFFF84
:104C4000FFFFFFFFFFFFFFFFFFFFFFFFFFFFFFFF74
:104C5000FFFFFFFFFFFFFFFFFFFFFFFFFFFFFFFF64
:104C6000FFFFFFFFFFFFFFFFFFFFFFFFFFFFFFFF54
:104C7000FFFFFFFFFFFFFFFFFFFFFFFFFFFFFFFF44
:104C8000FFFFFFFFFFFFFFFFFFFFFFFFFFFFFFFF34
:104C9000FFFFFFFFFFFFFFFFFFFFFFFFFFFFFFFF24
:104CA000FFFFFFFFFFFFFFFFFFFFFFFFFFFFFFFF14
:104CB000FFFFFFFFFFFFFFFFFFFFFFFFFFFFFFFF04
:104CC000FFFFFFFFFFFFFFFFFFFFFFFFFFFFFFFFF4
:104CD000FFFFFFFFFFFFFFFFFFFFFFFFFFFFFFFFE4
:104CE000FFFFFFFFFFFFFFFFFFFFFFFFFFFFFFFFD4
:104CF000FFFFFFFFFFFFFFFFFFFFFFFFFFFFFFFFC4
:104D0000FFFFFFFFFFFFFFFFFFFFFFFFFFFFFFFFB3
:104D1000FFFFFFFFFFFFFFFFFFFFFFFFFFFFFFFFA3
:104D2000FFFFFFFFFFFFFFFFFFFFFFFFFFFFFFFF93
:104D3000FFFFFFFFFFFFFFFFFFFFFFFFFFFFFFFF83
:104D4000FFFFFFFFFFFFFFFFFFFFFFFFFFFFFFFF73
:104D5000FFFFFFFFFFFFFFFFFFFFFFFFFFFFFFFF63
:104D6000FFFFFFFFFFFFFFFFFFFFFFFFFFFFFFFF53
:104D7000FFFFFFFFFFFFFFFFFFFFFFFFFFFFFFFF43
:104D8000FFFFFFFFFFFFFFFFFFFFFFFFFFFFFFFF33
:104D9000FFFFFFFFFFFFFFFFFFFFFFFFFFFFFFFF23
:104DA000FFFFFFFFFFFFFFFFFFFFFFFFFFFFFFFF13
:104DB000FFFFFFFFFFFFFFFFFFFFFFFFFFFFFFFF03
:104DC000FFFFFFFFFFFFFFFFFFFFFFFFFFFFFFFFF3
:104DD000FFFFFFFFFFFFFFFFFFFFFFFFFFFFFFFFE3
:104DE000FFFFFFFFFFFFFFFFFFFFFFFFFFFFFFFFD3
:104DF000FFFFFFFFFFFFFFFFFFFFFFFFFFFFFFFFC3
:104E0000FFFFFFFFFFFFFFFFFFFFFFFFFFFFFFFFB2
:104E1000FFFFFFFFFFFFFFFFFFFFFFFFFFFFFFFFA2
:104E2000FFFFFFFFFFFFFFFFFFFFFFFFFFFFFFFF92
:104E3000FFFFFFFFFFFFFFFFFFFFFFFFFFFFFFFF82
:104E4000FFFFFFFFFFFFFFFFFFFFFFFFFFFFFFFF72
:104E5000FFFFFFFFFFFFFFFFFFFFFFFFFFFFFFFF62
:104E6000FFFFFFFFFFFFFFFFFFFFFFFFFFFFFFFF52
:104E7000FFFFFFFFFFFFFFFFFFFFFFFFFFFFFFFF42
:104E8000FFFFFFFFFFFFFFFFFFFFFFFFFFFFFFFF32
:104E9000FFFFFFFFFFFFFFFFFFFFFFFFFFFFFFFF22
:104EA000FFFFFFFFFFFFFFFFFFFFFFFFFFFFFFFF12
:104EB000FFFFFFFFFFFFFFFFFFFFFFFFFFFFFFFF02
:104EC000FFFFFFFFFFFFFFFFFFFFFFFFFFFFFFFFF2
:104ED000FFFFFFFFFFFFFFFFFFFFFFFFFFFFFFFFE2
:104EE000FFFFFFFFFFFFFFFFFFFFFFFFFFFFFFFFD2
:104EF000FFFFFFFFFFFFFFFFFFFFFFFFFFFFFFFFC2
:104F0000FFFFFFFFFFFFFFFFFFFFFFFFFFFFFFFFB1
:104F1000FFFFFFFFFFFFFFFFFFFFFFFFFFFFFFFFA1
:104F2000FFFFFFFFFFFFFFFFFFFFFFFFFFFFFFFF91
:104F3000FFFFFFFFFFFFFFFFFFFFFFFFFFFFFFFF81
:104F4000FFFFFFFFFFFFFFFFFFFFFFFFFFFFFFFF71
:104F5000FFFFFFFFFFFFFFFFFFFFFFFFFFFFFFFF61
:104F6000FFFFFFFFFFFFFFFFFFFFFFFFFFFFFFFF51
:104F7000FFFFFFFFFFFFFFFFFFFFFFFFFFFFFFFF41
:104F8000FFFFFFFFFFFFFFFFFFFFFFFFFFFFFFFF31
:104F9000FFFFFFFFFFFFFFFFFFFFFFFFFFFFFFFF21
:104FA000FFFFFFFFFFFFFFFFFFFFFFFFFFFFFFFF11
:104FB000FFFFFFFFFFFFFFFFFFFFFFFFFFFFFFFF01
:104FC000FFFFFFFFFFFFFFFFFFFFFFFFFFFFFFFFF1
:104FD000FFFFFFFFFFFFFFFFFFFFFFFFFFFFFFFFE1
:104FE000FFFFFFFFFFFFFFFFFFFFFFFFFFFFFFFFD1
:104FF000FFFFFFFFFFFFFFFFFFFFFFFFFFFFFFFFC1
:10500000FFFFFFFFFFFFFFFFFFFFFFFFFFFFFFFFB0
:10501000FFFFFFFFFFFFFFFFFFFFFFFFFFFFFFFFA0
:10502000FFFFFFFFFFFFFFFFFFFFFFFFFFFFFFFF90
:10503000FFFFFFFFFFFFFFFFFFFFFFFFFFFFFFFF80
:10504000FFFFFFFFFFFFFFFFFFFFFFFFFFFFFFFF70
:10505000FFFFFFFFFFFFFFFFFFFFFFFFFFFFFFFF60
:10506000FFFFFFFFFFFFFFFFFFFFFFFFFFFFFFFF50
:10507000FFFFFFFFFFFFFFFFFFFFFFFFFFFFFFFF40
:10508000FFFFFFFFFFFFFFFFFFFFFFFFFFFFFFFF30
:10509000FFFFFFFFFFFFFFFFFFFFFFFFFFFFFFFF20
:1050A000FFFFFFFFFFFFFFFFFFFFFFFFFFFFFFFF10
:1050B000FFFFFFFFFFFFFFFFFFFFFFFFFFFFFFFF00
:1050C000FFFFFFFFFFFFFFFFFFFFFFFFFFFFFFFFF0
:1050D000FFFFFFFFFFFFFFFFFFFFFFFFFFFFFFFFE0
:1050E000FFFFFFFFFFFFFFFFFFFFFFFFFFFFFFFFD0
:1050F000FFFFFFFFFFFFFFFFFFFFFFFFFFFFFFFFC0
:10510000FFFFFFFFFFFFFFFFFFFFFFFFFFFFFFFFAF
:10511000FFFFFFFFFFFFFFFFFFFFFFFFFFFFFFFF9F
:10512000FFFFFFFFFFFFFFFFFFFFFFFFFFFFFFFF8F
:10513000FFFFFFFFFFFFFFFFFFFFFFFFFFFFFFFF7F
:10514000FFFFFFFFFFFFFFFFFFFFFFFFFFFFFFFF6F
:10515000FFFFFFFFFFFFFFFFFFFFFFFFFFFFFFFF5F
:10516000FFFFFFFFFFFFFFFFFFFFFFFFFFFFFFFF4F
:10517000FFFFFFFFFFFFFFFFFFFFFFFFFFFFFFFF3F
:10518000FFFFFFFFFFFFFFFFFFFFFFFFFFFFFFFF2F
:10519000FFFFFFFFFFFFFFFFFFFFFFFFFFFFFFFF1F
:1051A000FFFFFFFFFFFFFFFFFFFFFFFFFFFFFFFF0F
:1051B000FFFFFFFFFFFFFFFFFFFFFFFFFFFFFFFFFF
:1051C000FFFFFFFFFFFFFFFFFFFFFFFFFFFFFFFFEF
:1051D000FFFFFFFFFFFFFFFFFFFFFFFFFFFFFFFFDF
:1051E000FFFFFFFFFFFFFFFFFFFFFFFFFFFFFFFFCF
:1051F000FFFFFFFFFFFFFFFFFFFFFFFFFFFFFFFFBF
:10520000FFFFFFFFFFFFFFFFFFFFFFFFFFFFFFFFAE
:10521000FFFFFFFFFFFFFFFFFFFFFFFFFFFFFFFF9E
:10522000FFFFFFFFFFFFFFFFFFFFFFFFFFFFFFFF8E
:10523000FFFFFFFFFFFFFFFFFFFFFFFFFFFFFFFF7E
:10524000FFFFFFFFFFFFFFFFFFFFFFFFFFFFFFFF6E
:10525000FFFFFFFFFFFFFFFFFFFFFFFFFFFFFFFF5E
:10526000FFFFFFFFFFFFFFFFFFFFFFFFFFFFFFFF4E
:10527000FFFFFFFFFFFFFFFFFFFFFFFFFFFFFFFF3E
:10528000FFFFFFFFFFFFFFFFFFFFFFFFFFFFFFFF2E
:10529000FFFFFFFFFFFFFFFFFFFFFFFFFFFFFFFF1E
:1052A000FFFFFFFFFFFFFFFFFFFFFFFFFFFFFFFF0E
:1052B000FFFFFFFFFFFFFFFFFFFFFFFFFFFFFFFFFE
:1052C000FFFFFFFFFFFFFFFFFFFFFFFFFFFFFFFFEE
:1052D000FFFFFFFFFFFFFFFFFFFFFFFFFFFFFFFFDE
:1052E000FFFFFFFFFFFFFFFFFFFFFFFFFFFFFFFFCE
:1052F000FFFFFFFFFFFFFFFFFFFFFFFFFFFFFFFFBE
:10530000FFFFFFFFFFFFFFFFFFFFFFFFFFFFFFFFAD
:10531000FFFFFFFFFFFFFFFFFFFFFFFFFFFFFFFF9D
:10532000FFFFFFFFFFFFFFFFFFFFFFFFFFFFFFFF8D
:10533000FFFFFFFFFFFFFFFFFFFFFFFFFFFFFFFF7D
:10534000FFFFFFFFFFFFFFFFFFFFFFFFFFFFFFFF6D
:10535000FFFFFFFFFFFFFFFFFFFFFFFFFFFFFFFF5D
:10536000FFFFFFFFFFFFFFFFFFFFFFFFFFFFFFFF4D
:10537000FFFFFFFFFFFFFFFFFFFFFFFFFFFFFFFF3D
:10538000FFFFFFFFFFFFFFFFFFFFFFFFFFFFFFFF2D
:10539000FFFFFFFFFFFFFFFFFFFFFFFFFFFFFFFF1D
:1053A000FFFFFFFFFFFFFFFFFFFFFFFFFFFFFFFF0D
:1053B000FFFFFFFFFFFFFFFFFFFFFFFFFFFFFFFFFD
:1053C000FFFFFFFFFFFFFFFFFFFFFFFFFFFFFFFFED
:1053D000FFFFFFFFFFFFFFFFFFFFFFFFFFFFFFFFDD
:1053E000FFFFFFFFFFFFFFFFFFFFFFFFFFFFFFFFCD
:1053F000FFFFFFFFFFFFFFFFFFFFFFFFFFFFFFFFBD
:10540000FFFFFFFFFFFFFFFFFFFFFFFFFFFFFFFFAC
:10541000FFFFFFFFFFFFFFFFFFFFFFFFFFFFFFFF9C
:10542000FFFFFFFFFFFFFFFFFFFFFFFFFFFFFFFF8C
:10543000FFFFFFFFFFFFFFFFFFFFFFFFFFFFFFFF7C
:10544000FFFFFFFFFFFFFFFFFFFFFFFFFFFFFFFF6C
:10545000FFFFFFFFFFFFFFFFFFFFFFFFFFFFFFFF5C
:10546000FFFFFFFFFFFFFFFFFFFFFFFFFFFFFFFF4C
:10547000FFFFFFFFFFFFFFFFFFFFFFFFFFFFFFFF3C
:10548000FFFFFFFFFFFFFFFFFFFFFFFFFFFFFFFF2C
:10549000FFFFFFFFFFFFFFFFFFFFFFFFFFFFFFFF1C
:1054A000FFFFFFFFFFFFFFFFFFFFFFFFFFFFFFFF0C
:1054B000FFFFFFFFFFFFFFFFFFFFFFFFFFFFFFFFFC
:1054C000FFFFFFFFFFFFFFFFFFFFFFFFFFFFFFFFEC
:1054D000FFFFFFFFFFFFFFFFFFFFFFFFFFFFFFFFDC
:1054E000FFFFFFFFFFFFFFFFFFFFFFFFFFFFFFFFCC
:1054F000FFFFFFFFFFFFFFFFFFFFFFFFFFFFFFFFBC
:10550000FFFFFFFFFFFFFFFFFFFFFFFFFFFFFFFFAB
:10551000FFFFFFFFFFFFFFFFFFFFFFFFFFFFFFFF9B
:10552000FFFFFFFFFFFFFFFFFFFFFFFFFFFFFFFF8B
:10553000FFFFFFFFFFFFFFFFFFFFFFFFFFFFFFFF7B
:10554000FFFFFFFFFFFFFFFFFFFFFFFFFFFFFFFF6B
:10555000FFFFFFFFFFFFFFFFFFFFFFFFFFFFFFFF5B
:10556000FFFFFFFFFFFFFFFFFFFFFFFFFFFFFFFF4B
:10557000FFFFFFFFFFFFFFFFFFFFFFFFFFFFFFFF3B
:10558000FFFFFFFFFFFFFFFFFFFFFFFFFFFFFFFF2B
:10559000FFFFFFFFFFFFFFFFFFFFFFFFFFFFFFFF1B
:1055A000FFFFFFFFFFFFFFFFFFFFFFFFFFFFFFFF0B
:1055B000FFFFFFFFFFFFFFFFFFFFFFFFFFFFFFFFFB
:1055C000FFFFFFFFFFFFFFFFFFFFFFFFFFFFFFFFEB
:1055D000FFFFFFFFFFFFFFFFFFFFFFFFFFFFFFFFDB
:1055E000FFFFFFFFFFFFFFFFFFFFFFFFFFFFFFFFCB
:1055F000FFFFFFFFFFFFFFFFFFFFFFFFFFFFFFFFBB
:10560000FFFFFFFFFFFFFFFFFFFFFFFFFFFFFFFFAA
:10561000FFFFFFFFFFFFFFFFFFFFFFFFFFFFFFFF9A
:10562000FFFFFFFFFFFFFFFFFFFFFFFFFFFFFFFF8A
:10563000FFFFFFFFFFFFFFFFFFFFFFFFFFFFFFFF7A
:10564000FFFFFFFFFFFFFFFFFFFFFFFFFFFFFFFF6A
:10565000FFFFFFFFFFFFFFFFFFFFFFFFFFFFFFFF5A
:10566000FFFFFFFFFFFFFFFFFFFFFFFFFFFFFFFF4A
:10567000FFFFFFFFFFFFFFFFFFFFFFFFFFFFFFFF3A
:10568000FFFFFFFFFFFFFFFFFFFFFFFFFFFFFFFF2A
:10569000FFFFFFFFFFFFFFFFFFFFFFFFFFFFFFFF1A
:1056A000FFFFFFFFFFFFFFFFFFFFFFFFFFFFFFFF0A
:1056B000FFFFFFFFFFFFFFFFFFFFFFFFFFFFFFFFFA
:1056C000FFFFFFFFFFFFFFFFFFFFFFFFFFFFFFFFEA
:1056D000FFFFFFFFFFFFFFFFFFFFFFFFFFFFFFFFDA
:1056E000FFFFFFFFFFFFFFFFFFFFFFFFFFFFFFFFCA
:1056F000FFFFFFFFFFFFFFFFFFFFFFFFFFFFFFFFBA
:10570000FFFFFFFFFFFFFFFFFFFFFFFFFFFFFFFFA9
:10571000FFFFFFFFFFFFFFFFFFFFFFFFFFFFFFFF99
:10572000FFFFFFFFFFFFFFFFFFFFFFFFFFFFFFFF89
:10573000FFFFFFFFFFFFFFFFFFFFFFFFFFFFFFFF79
:10574000FFFFFFFFFFFFFFFFFFFFFFFFFFFFFFFF69
:10575000FFFFFFFFFFFFFFFFFFFFFFFFFFFFFFFF59
:10576000FFFFFFFFFFFFFFFFFFFFFFFFFFFFFFFF49
:10577000FFFFFFFFFFFFFFFFFFFFFFFFFFFFFFFF39
:10578000FFFFFFFFFFFFFFFFFFFFFFFFFFFFFFFF29
:10579000FFFFFFFFFFFFFFFFFFFFFFFFFFFFFFFF19
:1057A000FFFFFFFFFFFFFFFFFFFFFFFFFFFFFFFF09
:1057B000FFFFFFFFFFFFFFFFFFFFFFFFFFFFFFFFF9
:1057C000FFFFFFFFFFFFFFFFFFFFFFFFFFFFFFFFE9
:1057D000FFFFFFFFFFFFFFFFFFFFFFFFFFFFFFFFD9
:1057E000FFFFFFFFFFFFFFFFFFFFFFFFFFFFFFFFC9
:1057F000FFFFFFFFFFFFFFFFFFFFFFFFFFFFFFFFB9
:10580000FFFFFFFFFFFFFFFFFFFFFFFFFFFFFFFFA8
:10581000FFFFFFFFFFFFFFFFFFFFFFFFFFFFFFFF98
:10582000FFFFFFFFFFFFFFFFFFFFFFFFFFFFFFFF88
:10583000FFFFFFFFFFFFFFFFFFFFFFFFFFFFFFFF78
:10584000FFFFFFFFFFFFFFFFFFFFFFFFFFFFFFFF68
:10585000FFFFFFFFFFFFFFFFFFFFFFFFFFFFFFFF58
:10586000FFFFFFFFFFFFFFFFFFFFFFFFFFFFFFFF48
:10587000FFFFFFFFFFFFFFFFFFFFFFFFFFFFFFFF38
:10588000FFFFFFFFFFFFFFFFFFFFFFFFFFFFFFFF28
:10589000FFFFFFFFFFFFFFFFFFFFFFFFFFFFFFFF18
:1058A000FFFFFFFFFFFFFFFFFFFFFFFFFFFFFFFF08
:1058B000FFFFFFFFFFFFFFFFFFFFFFFFFFFFFFFFF8
:1058C000FFFFFFFFFFFFFFFFFFFFFFFFFFFFFFFFE8
:1058D000FFFFFFFFFFFFFFFFFFFFFFFFFFFFFFFFD8
:1058E000FFFFFFFFFFFFFFFFFFFFFFFFFFFFFFFFC8
:1058F000FFFFFFFFFFFFFFFFFFFFFFFFFFFFFFFFB8
:10590000FFFFFFFFFFFFFFFFFFFFFFFFFFFFFFFFA7
:10591000FFFFFFFFFFFFFFFFFFFFFFFFFFFFFFFF97
:10592000FFFFFFFFFFFFFFFFFFFFFFFFFFFFFFFF87
:10593000FFFFFFFFFFFFFFFFFFFFFFFFFFFFFFFF77
:10594000FFFFFFFFFFFFFFFFFFFFFFFFFFFFFFFF67
:10595000FFFFFFFFFFFFFFFFFFFFFFFFFFFFFFFF57
:10596000FFFFFFFFFFFFFFFFFFFFFFFFFFFFFFFF47
:10597000FFFFFFFFFFFFFFFFFFFFFFFFFFFFFFFF37
:10598000FFFFFFFFFFFFFFFFFFFFFFFFFFFFFFFF27
:10599000FFFFFFFFFFFFFFFFFFFFFFFFFFFFFFFF17
:1059A000FFFFFFFFFFFFFFFFFFFFFFFFFFFFFFFF07
:1059B000FFFFFFFFFFFFFFFFFFFFFFFFFFFFFFFFF7
:1059C000FFFFFFFFFFFFFFFFFFFFFFFFFFFFFFFFE7
:1059D000FFFFFFFFFFFFFFFFFFFFFFFFFFFFFFFFD7
:1059E000FFFFFFFFFFFFFFFFFFFFFFFFFFFFFFFFC7
:1059F000FFFFFFFFFFFFFFFFFFFFFFFFFFFFFFFFB7
:105A0000FFFFFFFFFFFFFFFFFFFFFFFFFFFFFFFFA6
:105A1000FFFFFFFFFFFFFFFFFFFFFFFFFFFFFFFF96
:105A2000FFFFFFFFFFFFFFFFFFFFFFFFFFFFFFFF86
:105A3000FFFFFFFFFFFFFFFFFFFFFFFFFFFFFFFF76
:105A4000FFFFFFFFFFFFFFFFFFFFFFFFFFFFFFFF66
:105A5000FFFFFFFFFFFFFFFFFFFFFFFFFFFFFFFF56
:105A6000FFFFFFFFFFFFFFFFFFFFFFFFFFFFFFFF46
:105A7000FFFFFFFFFFFFFFFFFFFFFFFFFFFFFFFF36
:105A8000FFFFFFFFFFFFFFFFFFFFFFFFFFFFFFFF26
:105A9000FFFFFFFFFFFFFFFFFFFFFFFFFFFFFFFF16
:105AA000FFFFFFFFFFFFFFFFFFFFFFFFFFFFFFFF06
:105AB000FFFFFFFFFFFFFFFFFFFFFFFFFFFFFFFFF6
:105AC000FFFFFFFFFFFFFFFFFFFFFFFFFFFFFFFFE6
:105AD000FFFFFFFFFFFFFFFFFFFFFFFFFFFFFFFFD6
:105AE000FFFFFFFFFFFFFFFFFFFFFFFFFFFFFFFFC6
:105AF000FFFFFFFFFFFFFFFFFFFFFFFFFFFFFFFFB6
:105B0000FFFFFFFFFFFFFFFFFFFFFFFFFFFFFFFFA5
:105B1000FFFFFFFFFFFFFFFFFFFFFFFFFFFFFFFF95
:105B2000FFFFFFFFFFFFFFFFFFFFFFFFFFFFFFFF85
:105B3000FFFFFFFFFFFFFFFFFFFFFFFFFFFFFFFF75
:105B4000FFFFFFFFFFFFFFFFFFFFFFFFFFFFFFFF65
:105B5000FFFFFFFFFFFFFFFFFFFFFFFFFFFFFFFF55
:105B6000FFFFFFFFFFFFFFFFFFFFFFFFFFFFFFFF45
:105B7000FFFFFFFFFFFFFFFFFFFFFFFFFFFFFFFF35
:105B8000FFFFFFFFFFFFFFFFFFFFFFFFFFFFFFFF25
:105B9000FFFFFFFFFFFFFFFFFFFFFFFFFFFFFFFF15
:105BA000FFFFFFFFFFFFFFFFFFFFFFFFFFFFFFFF05
:105BB000FFFFFFFFFFFFFFFFFFFFFFFFFFFFFFFFF5
:105BC000FFFFFFFFFFFFFFFFFFFFFFFFFFFFFFFFE5
:105BD000FFFFFFFFFFFFFFFFFFFFFFFFFFFFFFFFD5
:105BE000FFFFFFFFFFFFFFFFFFFFFFFFFFFFFFFFC5
:105BF000FFFFFFFFFFFFFFFFFFFFFFFFFFFFFFFFB5
:105C0000FFFFFFFFFFFFFFFFFFFFFFFFFFFFFFFFA4
:105C1000FFFFFFFFFFFFFFFFFFFFFFFFFFFFFFFF94
:105C2000FFFFFFFFFFFFFFFFFFFFFFFFFFFFFFFF84
:105C3000FFFFFFFFFFFFFFFFFFFFFFFFFFFFFFFF74
:105C4000FFFFFFFFFFFFFFFFFFFFFFFFFFFFFFFF64
:105C5000FFFFFFFFFFFFFFFFFFFFFFFFFFFFFFFF54
:105C6000FFFFFFFFFFFFFFFFFFFFFFFFFFFFFFFF44
:105C7000FFFFFFFFFFFFFFFFFFFFFFFFFFFFFFFF34
:105C8000FFFFFFFFFFFFFFFFFFFFFFFFFFFFFFFF24
:105C9000FFFFFFFFFFFFFFFFFFFFFFFFFFFFFFFF14
:105CA000FFFFFFFFFFFFFFFFFFFFFFFFFFFFFFFF04
:105CB000FFFFFFFFFFFFFFFFFFFFFFFFFFFFFFFFF4
:105CC000FFFFFFFFFFFFFFFFFFFFFFFFFFFFFFFFE4
:105CD000FFFFFFFFFFFFFFFFFFFFFFFFFFFFFFFFD4
:105CE000FFFFFFFFFFFFFFFFFFFFFFFFFFFFFFFFC4
:105CF000FFFFFFFFFFFFFFFFFFFFFFFFFFFFFFFFB4
:105D0000FFFFFFFFFFFFFFFFFFFFFFFFFFFFFFFFA3
:105D1000FFFFFFFFFFFFFFFFFFFFFFFFFFFFFFFF93
:105D2000FFFFFFFFFFFFFFFFFFFFFFFFFFFFFFFF83
:105D3000FFFFFFFFFFFFFFFFFFFFFFFFFFFFFFFF73
:105D4000FFFFFFFFFFFFFFFFFFFFFFFFFFFFFFFF63
:105D5000FFFFFFFFFFFFFFFFFFFFFFFFFFFFFFFF53
:105D6000FFFFFFFFFFFFFFFFFFFFFFFFFFFFFFFF43
:105D7000FFFFFFFFFFFFFFFFFFFFFFFFFFFFFFFF33
:105D8000FFFFFFFFFFFFFFFFFFFFFFFFFFFFFFFF23
:105D9000FFFFFFFFFFFFFFFFFFFFFFFFFFFFFFFF13
:105DA000FFFFFFFFFFFFFFFFFFFFFFFFFFFFFFFF03
:105DB000FFFFFFFFFFFFFFFFFFFFFFFFFFFFFFFFF3
:105DC000FFFFFFFFFFFFFFFFFFFFFFFFFFFFFFFFE3
:105DD000FFFFFFFFFFFFFFFFFFFFFFFFFFFFFFFFD3
:105DE000FFFFFFFFFFFFFFFFFFFFFFFFFFFFFFFFC3
:105DF000FFFFFFFFFFFFFFFFFFFFFFFFFFFFFFFFB3
:105E0000FFFFFFFFFFFFFFFFFFFFFFFFFFFFFFFFA2
:105E1000FFFFFFFFFFFFFFFFFFFFFFFFFFFFFFFF92
:105E2000FFFFFFFFFFFFFFFFFFFFFFFFFFFFFFFF82
:105E3000FFFFFFFFFFFFFFFFFFFFFFFFFFFFFFFF72
:105E4000FFFFFFFFFFFFFFFFFFFFFFFFFFFFFFFF62
:105E5000FFFFFFFFFFFFFFFFFFFFFFFFFFFFFFFF52
:105E6000FFFFFFFFFFFFFFFFFFFFFFFFFFFFFFFF42
:105E7000FFFFFFFFFFFFFFFFFFFFFFFFFFFFFFFF32
:105E8000FFFFFFFFFFFFFFFFFFFFFFFFFFFFFFFF22
:105E9000FFFFFFFFFFFFFFFFFFFFFFFFFFFFFFFF12
:105EA000FFFFFFFFFFFFFFFFFFFFFFFFFFFFFFFF02
:105EB000FFFFFFFFFFFFFFFFFFFFFFFFFFFFFFFFF2
:105EC000FFFFFFFFFFFFFFFFFFFFFFFFFFFFFFFFE2
:105ED000FFFFFFFFFFFFFFFFFFFFFFFFFFFFFFFFD2
:105EE000FFFFFFFFFFFFFFFFFFFFFFFFFFFFFFFFC2
:105EF000FFFFFFFFFFFFFFFFFFFFFFFFFFFFFFFFB2
:105F0000FFFFFFFFFFFFFFFFFFFFFFFFFFFFFFFFA1
:105F1000FFFFFFFFFFFFFFFFFFFFFFFFFFFFFFFF91
:105F2000FFFFFFFFFFFFFFFFFFFFFFFFFFFFFFFF81
:105F3000FFFFFFFFFFFFFFFFFFFFFFFFFFFFFFFF71
:105F4000FFFFFFFFFFFFFFFFFFFFFFFFFFFFFFFF61
:105F5000FFFFFFFFFFFFFFFFFFFFFFFFFFFFFFFF51
:105F6000FFFFFFFFFFFFFFFFFFFFFFFFFFFFFFFF41
:105F7000FFFFFFFFFFFFFFFFFFFFFFFFFFFFFFFF31
:105F8000FFFFFFFFFFFFFFFFFFFFFFFFFFFFFFFF21
:105F9000FFFFFFFFFFFFFFFFFFFFFFFFFFFFFFFF11
:105FA000FFFFFFFFFFFFFFFFFFFFFFFFFFFFFFFF01
:105FB000FFFFFFFFFFFFFFFFFFFFFFFFFFFFFFFFF1
:105FC000FFFFFFFFFFFFFFFFFFFFFFFFFFFFFFFFE1
:105FD000FFFFFFFFFFFFFFFFFFFFFFFFFFFFFFFFD1
:105FE000FFFFFFFFFFFFFFFFFFFFFFFFFFFFFFFFC1
:105FF000FFFFFFFFFFFFFFFFFFFFFFFFFFFFFFFFB1
:10600000FFFFFFFFFFFFFFFFFFFFFFFFFFFFFFFFA0
:10601000FFFFFFFFFFFFFFFFFFFFFFFFFFFFFFFF90
:10602000FFFFFFFFFFFFFFFFFFFFFFFFFFFFFFFF80
:10603000FFFFFFFFFFFFFFFFFFFFFFFFFFFFFFFF70
:10604000FFFFFFFFFFFFFFFFFFFFFFFFFFFFFFFF60
:10605000FFFFFFFFFFFFFFFFFFFFFFFFFFFFFFFF50
:10606000FFFFFFFFFFFFFFFFFFFFFFFFFFFFFFFF40
:10607000FFFFFFFFFFFFFFFFFFFFFFFFFFFFFFFF30
:10608000FFFFFFFFFFFFFFFFFFFFFFFFFFFFFFFF20
:10609000FFFFFFFFFFFFFFFFFFFFFFFFFFFFFFFF10
:1060A000FFFFFFFFFFFFFFFFFFFFFFFFFFFFFFFF00
:1060B000FFFFFFFFFFFFFFFFFFFFFFFFFFFFFFFFF0
:1060C000FFFFFFFFFFFFFFFFFFFFFFFFFFFFFFFFE0
:1060D000FFFFFFFFFFFFFFFFFFFFFFFFFFFFFFFFD0
:1060E000FFFFFFFFFFFFFFFFFFFFFFFFFFFFFFFFC0
:1060F000FFFFFFFFFFFFFFFFFFFFFFFFFFFFFFFFB0
:10610000FFFFFFFFFFFFFFFFFFFFFFFFFFFFFFFF9F
:10611000FFFFFFFFFFFFFFFFFFFFFFFFFFFFFFFF8F
:10612000FFFFFFFFFFFFFFFFFFFFFFFFFFFFFFFF7F
:10613000FFFFFFFFFFFFFFFFFFFFFFFFFFFFFFFF6F
:10614000FFFFFFFFFFFFFFFFFFFFFFFFFFFFFFFF5F
:10615000FFFFFFFFFFFFFFFFFFFFFFFFFFFFFFFF4F
:10616000FFFFFFFFFFFFFFFFFFFFFFFFFFFFFFFF3F
:10617000FFFFFFFFFFFFFFFFFFFFFFFFFFFFFFFF2F
:10618000FFFFFFFFFFFFFFFFFFFFFFFFFFFFFFFF1F
:10619000FFFFFFFFFFFFFFFFFFFFFFFFFFFFFFFF0F
:1061A000FFFFFFFFFFFFFFFFFFFFFFFFFFFFFFFFFF
:1061B000FFFFFFFFFFFFFFFFFFFFFFFFFFFFFFFFEF
:1061C000FFFFFFFFFFFFFFFFFFFFFFFFFFFFFFFFDF
:1061D000FFFFFFFFFFFFFFFFFFFFFFFFFFFFFFFFCF
:1061E000FFFFFFFFFFFFFFFFFFFFFFFFFFFFFFFFBF
:1061F000FFFFFFFFFFFFFFFFFFFFFFFFFFFFFFFFAF
:10620000FFFFFFFFFFFFFFFFFFFFFFFFFFFFFFFF9E
:10621000FFFFFFFFFFFFFFFFFFFFFFFFFFFFFFFF8E
:10622000FFFFFFFFFFFFFFFFFFFFFFFFFFFFFFFF7E
:10623000FFFFFFFFFFFFFFFFFFFFFFFFFFFFFFFF6E
:10624000FFFFFFFFFFFFFFFFFFFFFFFFFFFFFFFF5E
:10625000FFFFFFFFFFFFFFFFFFFFFFFFFFFFFFFF4E
:10626000FFFFFFFFFFFFFFFFFFFFFFFFFFFFFFFF3E
:10627000FFFFFFFFFFFFFFFFFFFFFFFFFFFFFFFF2E
:10628000FFFFFFFFFFFFFFFFFFFFFFFFFFFFFFFF1E
:10629000FFFFFFFFFFFFFFFFFFFFFFFFFFFFFFFF0E
:1062A000FFFFFFFFFFFFFFFFFFFFFFFFFFFFFFFFFE
:1062B000FFFFFFFFFFFFFFFFFFFFFFFFFFFFFFFFEE
:1062C000FFFFFFFFFFFFFFFFFFFFFFFFFFFFFFFFDE
:1062D000FFFFFFFFFFFFFFFFFFFFFFFFFFFFFFFFCE
:1062E000FFFFFFFFFFFFFFFFFFFFFFFFFFFFFFFFBE
:1062F000FFFFFFFFFFFFFFFFFFFFFFFFFFFFFFFFAE
:10630000FFFFFFFFFFFFFFFFFFFFFFFFFFFFFFFF9D
:10631000FFFFFFFFFFFFFFFFFFFFFFFFFFFFFFFF8D
:10632000FFFFFFFFFFFFFFFFFFFFFFFFFFFFFFFF7D
:10633000FFFFFFFFFFFFFFFFFFFFFFFFFFFFFFFF6D
:10634000FFFFFFFFFFFFFFFFFFFFFFFFFFFFFFFF5D
:10635000FFFFFFFFFFFFFFFFFFFFFFFFFFFFFFFF4D
:10636000FFFFFFFFFFFFFFFFFFFFFFFFFFFFFFFF3D
:10637000FFFFFFFFFFFFFFFFFFFFFFFFFFFFFFFF2D
:10638000FFFFFFFFFFFFFFFFFFFFFFFFFFFFFFFF1D
:10639000FFFFFFFFFFFFFFFFFFFFFFFFFFFFFFFF0D
:1063A000FFFFFFFFFFFFFFFFFFFFFFFFFFFFFFFFFD
:1063B000FFFFFFFFFFFFFFFFFFFFFFFFFFFFFFFFED
:1063C000FFFFFFFFFFFFFFFFFFFFFFFFFFFFFFFFDD
:1063D000FFFFFFFFFFFFFFFFFFFFFFFFFFFFFFFFCD
:1063E000FFFFFFFFFFFFFFFFFFFFFFFFFFFFFFFFBD
:1063F000FFFFFFFFFFFFFFFFFFFFFFFFFFFFFFFFAD
:10640000FFFFFFFFFFFFFFFFFFFFFFFFFFFFFFFF9C
:10641000FFFFFFFFFFFFFFFFFFFFFFFFFFFFFFFF8C
:10642000FFFFFFFFFFFFFFFFFFFFFFFFFFFFFFFF7C
:10643000FFFFFFFFFFFFFFFFFFFFFFFFFFFFFFFF6C
:10644000FFFFFFFFFFFFFFFFFFFFFFFFFFFFFFFF5C
:10645000FFFFFFFFFFFFFFFFFFFFFFFFFFFFFFFF4C
:10646000FFFFFFFFFFFFFFFFFFFFFFFFFFFFFFFF3C
:10647000FFFFFFFFFFFFFFFFFFFFFFFFFFFFFFFF2C
:10648000FFFFFFFFFFFFFFFFFFFFFFFFFFFFFFFF1C
:10649000FFFFFFFFFFFFFFFFFFFFFFFFFFFFFFFF0C
:1064A000FFFFFFFFFFFFFFFFFFFFFFFFFFFFFFFFFC
:1064B000FFFFFFFFFFFFFFFFFFFFFFFFFFFFFFFFEC
:1064C000FFFFFFFFFFFFFFFFFFFFFFFFFFFFFFFFDC
:1064D000FFFFFFFFFFFFFFFFFFFFFFFFFFFFFFFFCC
:1064E000FFFFFFFFFFFFFFFFFFFFFFFFFFFFFFFFBC
:1064F000FFFFFFFFFFFFFFFFFFFFFFFFFFFFFFFFAC
:10650000FFFFFFFFFFFFFFFFFFFFFFFFFFFFFFFF9B
:10651000FFFFFFFFFFFFFFFFFFFFFFFFFFFFFFFF8B
:10652000FFFFFFFFFFFFFFFFFFFFFFFFFFFFFFFF7B
:10653000FFFFFFFFFFFFFFFFFFFFFFFFFFFFFFFF6B
:10654000FFFFFFFFFFFFFFFFFFFFFFFFFFFFFFFF5B
:10655000FFFFFFFFFFFFFFFFFFFFFFFFFFFFFFFF4B
:10656000FFFFFFFFFFFFFFFFFFFFFFFFFFFFFFFF3B
:10657000FFFFFFFFFFFFFFFFFFFFFFFFFFFFFFFF2B
:10658000FFFFFFFFFFFFFFFFFFFFFFFFFFFFFFFF1B
:10659000FFFFFFFFFFFFFFFFFFFFFFFFFFFFFFFF0B
:1065A000FFFFFFFFFFFFFFFFFFFFFFFFFFFFFFFFFB
:1065B000FFFFFFFFFFFFFFFFFFFFFFFFFFFFFFFFEB
:1065C000FFFFFFFFFFFFFFFFFFFFFFFFFFFFFFFFDB
:1065D000FFFFFFFFFFFFFFFFFFFFFFFFFFFFFFFFCB
:1065E000FFFFFFFFFFFFFFFFFFFFFFFFFFFFFFFFBB
:1065F000FFFFFFFFFFFFFFFFFFFFFFFFFFFFFFFFAB
:10660000FFFFFFFFFFFFFFFFFFFFFFFFFFFFFFFF9A
:10661000FFFFFFFFFFFFFFFFFFFFFFFFFFFFFFFF8A
:10662000FFFFFFFFFFFFFFFFFFFFFFFFFFFFFFFF7A
:10663000FFFFFFFFFFFFFFFFFFFFFFFFFFFFFFFF6A
:10664000FFFFFFFFFFFFFFFFFFFFFFFFFFFFFFFF5A
:10665000FFFFFFFFFFFFFFFFFFFFFFFFFFFFFFFF4A
:10666000FFFFFFFFFFFFFFFFFFFFFFFFFFFFFFFF3A
:10667000FFFFFFFFFFFFFFFFFFFFFFFFFFFFFFFF2A
:10668000FFFFFFFFFFFFFFFFFFFFFFFFFFFFFFFF1A
:10669000FFFFFFFFFFFFFFFFFFFFFFFFFFFFFFFF0A
:1066A000FFFFFFFFFFFFFFFFFFFFFFFFFFFFFFFFFA
:1066B000FFFFFFFFFFFFFFFFFFFFFFFFFFFFFFFFEA
:1066C000FFFFFFFFFFFFFFFFFFFFFFFFFFFFFFFFDA
:1066D000FFFFFFFFFFFFFFFFFFFFFFFFFFFFFFFFCA
:1066E000FFFFFFFFFFFFFFFFFFFFFFFFFFFFFFFFBA
:1066F000FFFFFFFFFFFFFFFFFFFFFFFFFFFFFFFFAA
:10670000FFFFFFFFFFFFFFFFFFFFFFFFFFFFFFFF99
:10671000FFFFFFFFFFFFFFFFFFFFFFFFFFFFFFFF89
:10672000FFFFFFFFFFFFFFFFFFFFFFFFFFFFFFFF79
:10673000FFFFFFFFFFFFFFFFFFFFFFFFFFFFFFFF69
:10674000FFFFFFFFFFFFFFFFFFFFFFFFFFFFFFFF59
:10675000FFFFFFFFFFFFFFFFFFFFFFFFFFFFFFFF49
:10676000FFFFFFFFFFFFFFFFFFFFFFFFFFFFFFFF39
:10677000FFFFFFFFFFFFFFFFFFFFFFFFFFFFFFFF29
:10678000FFFFFFFFFFFFFFFFFFFFFFFFFFFFFFFF19
:10679000FFFFFFFFFFFFFFFFFFFFFFFFFFFFFFFF09
:1067A000FFFFFFFFFFFFFFFFFFFFFFFFFFFFFFFFF9
:1067B000FFFFFFFFFFFFFFFFFFFFFFFFFFFFFFFFE9
:1067C000FFFFFFFFFFFFFFFFFFFFFFFFFFFFFFFFD9
:1067D000FFFFFFFFFFFFFFFFFFFFFFFFFFFFFFFFC9
:1067E000FFFFFFFFFFFFFFFFFFFFFFFFFFFFFFFFB9
:1067F000FFFFFFFFFFFFFFFFFFFFFFFFFFFFFFFFA9
:10680000FFFFFFFFFFFFFFFFFFFFFFFFFFFFFFFF98
:10681000FFFFFFFFFFFFFFFFFFFFFFFFFFFFFFFF88
:10682000FFFFFFFFFFFFFFFFFFFFFFFFFFFFFFFF78
:10683000FFFFFFFFFFFFFFFFFFFFFFFFFFFFFFFF68
:10684000FFFFFFFFFFFFFFFFFFFFFFFFFFFFFFFF58
:10685000FFFFFFFFFFFFFFFFFFFFFFFFFFFFFFFF48
:10686000FFFFFFFFFFFFFFFFFFFFFFFFFFFFFFFF38
:10687000FFFFFFFFFFFFFFFFFFFFFFFFFFFFFFFF28
:10688000FFFFFFFFFFFFFFFFFFFFFFFFFFFFFFFF18
:10689000FFFFFFFFFFFFFFFFFFFFFFFFFFFFFFFF08
:1068A000FFFFFFFFFFFFFFFFFFFFFFFFFFFFFFFFF8
:1068B000FFFFFFFFFFFFFFFFFFFFFFFFFFFFFFFFE8
:1068C000FFFFFFFFFFFFFFFFFFFFFFFFFFFFFFFFD8
:1068D000FFFFFFFFFFFFFFFFFFFFFFFFFFFFFFFFC8
:1068E000FFFFFFFFFFFFFFFFFFFFFFFFFFFFFFFFB8
:1068F000FFFFFFFFFFFFFFFFFFFFFFFFFFFFFFFFA8
:10690000FFFFFFFFFFFFFFFFFFFFFFFFFFFFFFFF97
:10691000FFFFFFFFFFFFFFFFFFFFFFFFFFFFFFFF87
:10692000FFFFFFFFFFFFFFFFFFFFFFFFFFFFFFFF77
:10693000FFFFFFFFFFFFFFFFFFFFFFFFFFFFFFFF67
:10694000FFFFFFFFFFFFFFFFFFFFFFFFFFFFFFFF57
:10695000FFFFFFFFFFFFFFFFFFFFFFFFFFFFFFFF47
:10696000FFFFFFFFFFFFFFFFFFFFFFFFFFFFFFFF37
:10697000FFFFFFFFFFFFFFFFFFFFFFFFFFFFFFFF27
:10698000FFFFFFFFFFFFFFFFFFFFFFFFFFFFFFFF17
:10699000FFFFFFFFFFFFFFFFFFFFFFFFFFFFFFFF07
:1069A000FFFFFFFFFFFFFFFFFFFFFFFFFFFFFFFFF7
:1069B000FFFFFFFFFFFFFFFFFFFFFFFFFFFFFFFFE7
:1069C000FFFFFFFFFFFFFFFFFFFFFFFFFFFFFFFFD7
:1069D000FFFFFFFFFFFFFFFFFFFFFFFFFFFFFFFFC7
:1069E000FFFFFFFFFFFFFFFFFFFFFFFFFFFFFFFFB7
:1069F000FFFFFFFFFFFFFFFFFFFFFFFFFFFFFFFFA7
:106A0000FFFFFFFFFFFFFFFFFFFFFFFFFFFFFFFF96
:106A1000FFFFFFFFFFFFFFFFFFFFFFFFFFFFFFFF86
:106A2000FFFFFFFFFFFFFFFFFFFFFFFFFFFFFFFF76
:106A3000FFFFFFFFFFFFFFFFFFFFFFFFFFFFFFFF66
:106A4000FFFFFFFFFFFFFFFFFFFFFFFFFFFFFFFF56
:106A5000FFFFFFFFFFFFFFFFFFFFFFFFFFFFFFFF46
:106A6000FFFFFFFFFFFFFFFFFFFFFFFFFFFFFFFF36
:106A7000FFFFFFFFFFFFFFFFFFFFFFFFFFFFFFFF26
:106A8000FFFFFFFFFFFFFFFFFFFFFFFFFFFFFFFF16
:106A9000FFFFFFFFFFFFFFFFFFFFFFFFFFFFFFFF06
:106AA000FFFFFFFFFFFFFFFFFFFFFFFFFFFFFFFFF6
:106AB000FFFFFFFFFFFFFFFFFFFFFFFFFFFFFFFFE6
:106AC000FFFFFFFFFFFFFFFFFFFFFFFFFFFFFFFFD6
:106AD000FFFFFFFFFFFFFFFFFFFFFFFFFFFFFFFFC6
:106AE000FFFFFFFFFFFFFFFFFFFFFFFFFFFFFFFFB6
:106AF000FFFFFFFFFFFFFFFFFFFFFFFFFFFFFFFFA6
:106B0000FFFFFFFFFFFFFFFFFFFFFFFFFFFFFFFF95
:106B1000FFFFFFFFFFFFFFFFFFFFFFFFFFFFFFFF85
:106B2000FFFFFFFFFFFFFFFFFFFFFFFFFFFFFFFF75
:106B3000FFFFFFFFFFFFFFFFFFFFFFFFFFFFFFFF65
:106B4000FFFFFFFFFFFFFFFFFFFFFFFFFFFFFFFF55
:106B5000FFFFFFFFFFFFFFFFFFFFFFFFFFFFFFFF45
:106B6000FFFFFFFFFFFFFFFFFFFFFFFFFFFFFFFF35
:106B7000FFFFFFFFFFFFFFFFFFFFFFFFFFFFFFFF25
:106B8000FFFFFFFFFFFFFFFFFFFFFFFFFFFFFFFF15
:106B9000FFFFFFFFFFFFFFFFFFFFFFFFFFFFFFFF05
:106BA000FFFFFFFFFFFFFFFFFFFFFFFFFFFFFFFFF5
:106BB000FFFFFFFFFFFFFFFFFFFFFFFFFFFFFFFFE5
:106BC000FFFFFFFFFFFFFFFFFFFFFFFFFFFFFFFFD5
:106BD000FFFFFFFFFFFFFFFFFFFFFFFFFFFFFFFFC5
:106BE000FFFFFFFFFFFFFFFFFFFFFFFFFFFFFFFFB5
:106BF000FFFFFFFFFFFFFFFFFFFFFFFFFFFFFFFFA5
:106C0000FFFFFFFFFFFFFFFFFFFFFFFFFFFFFFFF94
:106C1000FFFFFFFFFFFFFFFFFFFFFFFFFFFFFFFF84
:106C2000FFFFFFFFFFFFFFFFFFFFFFFFFFFFFFFF74
:106C3000FFFFFFFFFFFFFFFFFFFFFFFFFFFFFFFF64
:106C4000FFFFFFFFFFFFFFFFFFFFFFFFFFFFFFFF54
:106C5000FFFFFFFFFFFFFFFFFFFFFFFFFFFFFFFF44
:106C6000FFFFFFFFFFFFFFFFFFFFFFFFFFFFFFFF34
:106C7000FFFFFFFFFFFFFFFFFFFFFFFFFFFFFFFF24
:106C8000FFFFFFFFFFFFFFFFFFFFFFFFFFFFFFFF14
:106C9000FFFFFFFFFFFFFFFFFFFFFFFFFFFFFFFF04
:106CA000FFFFFFFFFFFFFFFFFFFFFFFFFFFFFFFFF4
:106CB000FFFFFFFFFFFFFFFFFFFFFFFFFFFFFFFFE4
:106CC000FFFFFFFFFFFFFFFFFFFFFFFFFFFFFFFFD4
:106CD000FFFFFFFFFFFFFFFFFFFFFFFFFFFFFFFFC4
:106CE000FFFFFFFFFFFFFFFFFFFFFFFFFFFFFFFFB4
:106CF000FFFFFFFFFFFFFFFFFFFFFFFFFFFFFFFFA4
:106D0000FFFFFFFFFFFFFFFFFFFFFFFFFFFFFFFF93
:106D1000FFFFFFFFFFFFFFFFFFFFFFFFFFFFFFFF83
:106D2000FFFFFFFFFFFFFFFFFFFFFFFFFFFFFFFF73
:106D3000FFFFFFFFFFFFFFFFFFFFFFFFFFFFFFFF63
:106D4000FFFFFFFFFFFFFFFFFFFFFFFFFFFFFFFF53
:106D5000FFFFFFFFFFFFFFFFFFFFFFFFFFFFFFFF43
:106D6000FFFFFFFFFFFFFFFFFFFFFFFFFFFFFFFF33
:106D7000FFFFFFFFFFFFFFFFFFFFFFFFFFFFFFFF23
:106D8000FFFFFFFFFFFFFFFFFFFFFFFFFFFFFFFF13
:106D9000FFFFFFFFFFFFFFFFFFFFFFFFFFFFFFFF03
:106DA000FFFFFFFFFFFFFFFFFFFFFFFFFFFFFFFFF3
:106DB000FFFFFFFFFFFFFFFFFFFFFFFFFFFFFFFFE3
:106DC000FFFFFFFFFFFFFFFFFFFFFFFFFFFFFFFFD3
:106DD000FFFFFFFFFFFFFFFFFFFFFFFFFFFFFFFFC3
:106DE000FFFFFFFFFFFFFFFFFFFFFFFFFFFFFFFFB3
:106DF000FFFFFFFFFFFFFFFFFFFFFFFFFFFFFFFFA3
:106E0000FFFFFFFFFFFFFFFFFFFFFFFFFFFFFFFF92
:106E1000FFFFFFFFFFFFFFFFFFFFFFFFFFFFFFFF82
:106E2000FFFFFFFFFFFFFFFFFFFFFFFFFFFFFFFF72
:106E3000FFFFFFFFFFFFFFFFFFFFFFFFFFFFFFFF62
:106E4000FFFFFFFFFFFFFFFFFFFFFFFFFFFFFFFF52
:106E5000FFFFFFFFFFFFFFFFFFFFFFFFFFFFFFFF42
:106E6000FFFFFFFFFFFFFFFFFFFFFFFFFFFFFFFF32
:106E7000FFFFFFFFFFFFFFFFFFFFFFFFFFFFFFFF22
:106E8000FFFFFFFFFFFFFFFFFFFFFFFFFFFFFFFF12
:106E9000FFFFFFFFFFFFFFFFFFFFFFFFFFFFFFFF02
:106EA000FFFFFFFFFFFFFFFFFFFFFFFFFFFFFFFFF2
:106EB000FFFFFFFFFFFFFFFFFFFFFFFFFFFFFFFFE2
:106EC000FFFFFFFFFFFFFFFFFFFFFFFFFFFFFFFFD2
:106ED000FFFFFFFFFFFFFFFFFFFFFFFFFFFFFFFFC2
:106EE000FFFFFFFFFFFFFFFFFFFFFFFFFFFFFFFFB2
:106EF000FFFFFFFFFFFFFFFFFFFFFFFFFFFFFFFFA2
:106F0000FFFFFFFFFFFFFFFFFFFFFFFFFFFFFFFF91
:106F1000FFFFFFFFFFFFFFFFFFFFFFFFFFFFFFFF81
:106F2000FFFFFFFFFFFFFFFFFFFFFFFFFFFFFFFF71
:106F3000FFFFFFFFFFFFFFFFFFFFFFFFFFFFFFFF61
:106F4000FFFFFFFFFFFFFFFFFFFFFFFFFFFFFFFF51
:106F5000FFFFFFFFFFFFFFFFFFFFFFFFFFFFFFFF41
:106F6000FFFFFFFFFFFFFFFFFFFFFFFFFFFFFFFF31
:106F7000FFFFFFFFFFFFFFFFFFFFFFFFFFFFFFFF21
:106F8000FFFFFFFFFFFFFFFFFFFFFFFFFFFFFFFF11
:106F9000FFFFFFFFFFFFFFFFFFFFFFFFFFFFFFFF01
:106FA000FFFFFFFFFFFFFFFFFFFFFFFFFFFFFFFFF1
:106FB000FFFFFFFFFFFFFFFFFFFFFFFFFFFFFFFFE1
:106FC000FFFFFFFFFFFFFFFFFFFFFFFFFFFFFFFFD1
:106FD000FFFFFFFFFFFFFFFFFFFFFFFFFFFFFFFFC1
:106FE000FFFFFFFFFFFFFFFFFFFFFFFFFFFFFFFFB1
:106FF000FFFFFFFFFFFFFFFFFFFFFFFFFFFFFFFFA1
:10700000FFFFFFFFFFFFFFFFFFFFFFFFFFFFFFFF90
:10701000FFFFFFFFFFFFFFFFFFFFFFFFFFFFFFFF80
:10702000FFFFFFFFFFFFFFFFFFFFFFFFFFFFFFFF70
:10703000FFFFFFFFFFFFFFFFFFFFFFFFFFFFFFFF60
:10704000FFFFFFFFFFFFFFFFFFFFFFFFFFFFFFFF50
:10705000FFFFFFFFFFFFFFFFFFFFFFFFFFFFFFFF40
:10706000FFFFFFFFFFFFFFFFFFFFFFFFFFFFFFFF30
:10707000FFFFFFFFFFFFFFFFFFFFFFFFFFFFFFFF20
:10708000FFFFFFFFFFFFFFFFFFFFFFFFFFFFFFFF10
:10709000FFFFFFFFFFFFFFFFFFFFFFFFFFFFFFFF00
:1070A000FFFFFFFFFFFFFFFFFFFFFFFFFFFFFFFFF0
:1070B000FFFFFFFFFFFFFFFFFFFFFFFFFFFFFFFFE0
:1070C000FFFFFFFFFFFFFFFFFFFFFFFFFFFFFFFFD0
:1070D000FFFFFFFFFFFFFFFFFFFFFFFFFFFFFFFFC0
:1070E000FFFFFFFFFFFFFFFFFFFFFFFFFFFFFFFFB0
:1070F000FFFFFFFFFFFFFFFFFFFFFFFFFFFFFFFFA0
:10710000FFFFFFFFFFFFFFFFFFFFFFFFFFFFFFFF8F
:10711000FFFFFFFFFFFFFFFFFFFFFFFFFFFFFFFF7F
:10712000FFFFFFFFFFFFFFFFFFFFFFFFFFFFFFFF6F
:10713000FFFFFFFFFFFFFFFFFFFFFFFFFFFFFFFF5F
:10714000FFFFFFFFFFFFFFFFFFFFFFFFFFFFFFFF4F
:10715000FFFFFFFFFFFFFFFFFFFFFFFFFFFFFFFF3F
:10716000FFFFFFFFFFFFFFFFFFFFFFFFFFFFFFFF2F
:10717000FFFFFFFFFFFFFFFFFFFFFFFFFFFFFFFF1F
:10718000FFFFFFFFFFFFFFFFFFFFFFFFFFFFFFFF0F
:10719000FFFFFFFFFFFFFFFFFFFFFFFFFFFFFFFFFF
:1071A000FFFFFFFFFFFFFFFFFFFFFFFFFFFFFFFFEF
:1071B000FFFFFFFFFFFFFFFFFFFFFFFFFFFFFFFFDF
:1071C000FFFFFFFFFFFFFFFFFFFFFFFFFFFFFFFFCF
:1071D000FFFFFFFFFFFFFFFFFFFFFFFFFFFFFFFFBF
:1071E000FFFFFFFFFFFFFFFFFFFFFFFFFFFFFFFFAF
:1071F000FFFFFFFFFFFFFFFFFFFFFFFFFFFFFFFF9F
:10720000FFFFFFFFFFFFFFFFFFFFFFFFFFFFFFFF8E
:10721000FFFFFFFFFFFFFFFFFFFFFFFFFFFFFFFF7E
:10722000FFFFFFFFFFFFFFFFFFFFFFFFFFFFFFFF6E
:10723000FFFFFFFFFFFFFFFFFFFFFFFFFFFFFFFF5E
:10724000FFFFFFFFFFFFFFFFFFFFFFFFFFFFFFFF4E
:10725000FFFFFFFFFFFFFFFFFFFFFFFFFFFFFFFF3E
:10726000FFFFFFFFFFFFFFFFFFFFFFFFFFFFFFFF2E
:10727000FFFFFFFFFFFFFFFFFFFFFFFFFFFFFFFF1E
:10728000FFFFFFFFFFFFFFFFFFFFFFFFFFFFFFFF0E
:10729000FFFFFFFFFFFFFFFFFFFFFFFFFFFFFFFFFE
:1072A000FFFFFFFFFFFFFFFFFFFFFFFFFFFFFFFFEE
:1072B000FFFFFFFFFFFFFFFFFFFFFFFFFFFFFFFFDE
:1072C000FFFFFFFFFFFFFFFFFFFFFFFFFFFFFFFFCE
:1072D000FFFFFFFFFFFFFFFFFFFFFFFFFFFFFFFFBE
:1072E000FFFFFFFFFFFFFFFFFFFFFFFFFFFFFFFFAE
:1072F000FFFFFFFFFFFFFFFFFFFFFFFFFFFFFFFF9E
:10730000FFFFFFFFFFFFFFFFFFFFFFFFFFFFFFFF8D
:10731000FFFFFFFFFFFFFFFFFFFFFFFFFFFFFFFF7D
:10732000FFFFFFFFFFFFFFFFFFFFFFFFFFFFFFFF6D
:10733000FFFFFFFFFFFFFFFFFFFFFFFFFFFFFFFF5D
:10734000FFFFFFFFFFFFFFFFFFFFFFFFFFFFFFFF4D
:10735000FFFFFFFFFFFFFFFFFFFFFFFFFFFFFFFF3D
:10736000FFFFFFFFFFFFFFFFFFFFFFFFFFFFFFFF2D
:10737000FFFFFFFFFFFFFFFFFFFFFFFFFFFFFFFF1D
:10738000FFFFFFFFFFFFFFFFFFFFFFFFFFFFFFFF0D
:10739000FFFFFFFFFFFFFFFFFFFFFFFFFFFFFFFFFD
:1073A000FFFFFFFFFFFFFFFFFFFFFFFFFFFFFFFFED
:1073B000FFFFFFFFFFFFFFFFFFFFFFFFFFFFFFFFDD
:1073C000FFFFFFFFFFFFFFFFFFFFFFFFFFFFFFFFCD
:1073D000FFFFFFFFFFFFFFFFFFFFFFFFFFFFFFFFBD
:1073E000FFFFFFFFFFFFFFFFFFFFFFFFFFFFFFFFAD
:1073F000FFFFFFFFFFFFFFFFFFFFFFFFFFFFFFFF9D
:10740000FFFFFFFFFFFFFFFFFFFFFFFFFFFFFFFF8C
:10741000FFFFFFFFFFFFFFFFFFFFFFFFFFFFFFFF7C
:10742000FFFFFFFFFFFFFFFFFFFFFFFFFFFFFFFF6C
:10743000FFFFFFFFFFFFFFFFFFFFFFFFFFFFFFFF5C
:10744000FFFFFFFFFFFFFFFFFFFFFFFFFFFFFFFF4C
:10745000FFFFFFFFFFFFFFFFFFFFFFFFFFFFFFFF3C
:10746000FFFFFFFFFFFFFFFFFFFFFFFFFFFFFFFF2C
:10747000FFFFFFFFFFFFFFFFFFFFFFFFFFFFFFFF1C
:10748000FFFFFFFFFFFFFFFFFFFFFFFFFFFFFFFF0C
:10749000FFFFFFFFFFFFFFFFFFFFFFFFFFFFFFFFFC
:1074A000FFFFFFFFFFFFFFFFFFFFFFFFFFFFFFFFEC
:1074B000FFFFFFFFFFFFFFFFFFFFFFFFFFFFFFFFDC
:1074C000FFFFFFFFFFFFFFFFFFFFFFFFFFFFFFFFCC
:1074D000FFFFFFFFFFFFFFFFFFFFFFFFFFFFFFFFBC
:1074E000FFFFFFFFFFFFFFFFFFFFFFFFFFFFFFFFAC
:1074F000FFFFFFFFFFFFFFFFFFFFFFFFFFFFFFFF9C
:10750000FFFFFFFFFFFFFFFFFFFFFFFFFFFFFFFF8B
:10751000FFFFFFFFFFFFFFFFFFFFFFFFFFFFFFFF7B
:10752000FFFFFFFFFFFFFFFFFFFFFFFFFFFFFFFF6B
:10753000FFFFFFFFFFFFFFFFFFFFFFFFFFFFFFFF5B
:10754000FFFFFFFFFFFFFFFFFFFFFFFFFFFFFFFF4B
:10755000FFFFFFFFFFFFFFFFFFFFFFFFFFFFFFFF3B
:10756000FFFFFFFFFFFFFFFFFFFFFFFFFFFFFFFF2B
:10757000FFFFFFFFFFFFFFFFFFFFFFFFFFFFFFFF1B
:10758000FFFFFFFFFFFFFFFFFFFFFFFFFFFFFFFF0B
:10759000FFFFFFFFFFFFFFFFFFFFFFFFFFFFFFFFFB
:1075A000FFFFFFFFFFFFFFFFFFFFFFFFFFFFFFFFEB
:1075B000FFFFFFFFFFFFFFFFFFFFFFFFFFFFFFFFDB
:1075C000FFFFFFFFFFFFFFFFFFFFFFFFFFFFFFFFCB
:1075D000FFFFFFFFFFFFFFFFFFFFFFFFFFFFFFFFBB
:1075E000FFFFFFFFFFFFFFFFFFFFFFFFFFFFFFFFAB
:1075F000FFFFFFFFFFFFFFFFFFFFFFFFFFFFFFFF9B
:10760000FFFFFFFFFFFFFFFFFFFFFFFFFFFFFFFF8A
:10761000FFFFFFFFFFFFFFFFFFFFFFFFFFFFFFFF7A
:10762000FFFFFFFFFFFFFFFFFFFFFFFFFFFFFFFF6A
:10763000FFFFFFFFFFFFFFFFFFFFFFFFFFFFFFFF5A
:10764000FFFFFFFFFFFFFFFFFFFFFFFFFFFFFFFF4A
:10765000FFFFFFFFFFFFFFFFFFFFFFFFFFFFFFFF3A
:10766000FFFFFFFFFFFFFFFFFFFFFFFFFFFFFFFF2A
:10767000FFFFFFFFFFFFFFFFFFFFFFFFFFFFFFFF1A
:10768000FFFFFFFFFFFFFFFFFFFFFFFFFFFFFFFF0A
:10769000FFFFFFFFFFFFFFFFFFFFFFFFFFFFFFFFFA
:1076A000FFFFFFFFFFFFFFFFFFFFFFFFFFFFFFFFEA
:1076B000FFFFFFFFFFFFFFFFFFFFFFFFFFFFFFFFDA
:1076C000FFFFFFFFFFFFFFFFFFFFFFFFFFFFFFFFCA
:1076D000FFFFFFFFFFFFFFFFFFFFFFFFFFFFFFFFBA
:1076E000FFFFFFFFFFFFFFFFFFFFFFFFFFFFFFFFAA
:1076F000FFFFFFFFFFFFFFFFFFFFFFFFFFFFFFFF9A
:10770000FFFFFFFFFFFFFFFFFFFFFFFFFFFFFFFF89
:10771000FFFFFFFFFFFFFFFFFFFFFFFFFFFFFFFF79
:10772000FFFFFFFFFFFFFFFFFFFFFFFFFFFFFFFF69
:10773000FFFFFFFFFFFFFFFFFFFFFFFFFFFFFFFF59
:10774000FFFFFFFFFFFFFFFFFFFFFFFFFFFFFFFF49
:10775000FFFFFFFFFFFFFFFFFFFFFFFFFFFFFFFF39
:10776000FFFFFFFFFFFFFFFFFFFFFFFFFFFFFFFF29
:10777000FFFFFFFFFFFFFFFFFFFFFFFFFFFFFFFF19
:10778000FFFFFFFFFFFFFFFFFFFFFFFFFFFFFFFF09
:10779000FFFFFFFFFFFFFFFFFFFFFFFFFFFFFFFFF9
:1077A000FFFFFFFFFFFFFFFFFFFFFFFFFFFFFFFFE9
:1077B000FFFFFFFFFFFFFFFFFFFFFFFFFFFFFFFFD9
:1077C000FFFFFFFFFFFFFFFFFFFFFFFFFFFFFFFFC9
:1077D000FFFFFFFFFFFFFFFFFFFFFFFFFFFFFFFFB9
:1077E000FFFFFFFFFFFFFFFFFFFFFFFFFFFFFFFFA9
:1077F000FFFFFFFFFFFFFFFFFFFFFFFFFFFFFFFF99
:10780000FFFFFFFFFFFFFFFFFFFFFFFFFFFFFFFF88
:10781000FFFFFFFFFFFFFFFFFFFFFFFFFFFFFFFF78
:10782000FFFFFFFFFFFFFFFFFFFFFFFFFFFFFFFF68
:10783000FFFFFFFFFFFFFFFFFFFFFFFFFFFFFFFF58
:10784000FFFFFFFFFFFFFFFFFFFFFFFFFFFFFFFF48
:10785000FFFFFFFFFFFFFFFFFFFFFFFFFFFFFFFF38
:10786000FFFFFFFFFFFFFFFFFFFFFFFFFFFFFFFF28
:10787000FFFFFFFFFFFFFFFFFFFFFFFFFFFFFFFF18
:10788000FFFFFFFFFFFFFFFFFFFFFFFFFFFFFFFF08
:10789000FFFFFFFFFFFFFFFFFFFFFFFFFFFFFFFFF8
:1078A000FFFFFFFFFFFFFFFFFFFFFFFFFFFFFFFFE8
:1078B000FFFFFFFFFFFFFFFFFFFFFFFFFFFFFFFFD8
:1078C000FFFFFFFFFFFFFFFFFFFFFFFFFFFFFFFFC8
:1078D000FFFFFFFFFFFFFFFFFFFFFFFFFFFFFFFFB8
:1078E000FFFFFFFFFFFFFFFFFFFFFFFFFFFFFFFFA8
:1078F000FFFFFFFFFFFFFFFFFFFFFFFFFFFFFFFF98
:10790000FFFFFFFFFFFFFFFFFFFFFFFFFFFFFFFF87
:10791000FFFFFFFFFFFFFFFFFFFFFFFFFFFFFFFF77
:10792000FFFFFFFFFFFFFFFFFFFFFFFFFFFFFFFF67
:10793000FFFFFFFFFFFFFFFFFFFFFFFFFFFFFFFF57
:10794000FFFFFFFFFFFFFFFFFFFFFFFFFFFFFFFF47
:10795000FFFFFFFFFFFFFFFFFFFFFFFFFFFFFFFF37
:10796000FFFFFFFFFFFFFFFFFFFFFFFFFFFFFFFF27
:10797000FFFFFFFFFFFFFFFFFFFFFFFFFFFFFFFF17
:10798000FFFFFFFFFFFFFFFFFFFFFFFFFFFFFFFF07
:10799000FFFFFFFFFFFFFFFFFFFFFFFFFFFFFFFFF7
:1079A000FFFFFFFFFFFFFFFFFFFFFFFFFFFFFFFFE7
:1079B000FFFFFFFFFFFFFFFFFFFFFFFFFFFFFFFFD7
:1079C000FFFFFFFFFFFFFFFFFFFFFFFFFFFFFFFFC7
:1079D000FFFFFFFFFFFFFFFFFFFFFFFFFFFFFFFFB7
:1079E000FFFFFFFFFFFFFFFFFFFFFFFFFFFFFFFFA7
:1079F000FFFFFFFFFFFFFFFFFFFFFFFFFFFFFFFF97
:107A0000FFFFFFFFFFFFFFFFFFFFFFFFFFFFFFFF86
:107A1000FFFFFFFFFFFFFFFFFFFFFFFFFFFFFFFF76
:107A2000FFFFFFFFFFFFFFFFFFFFFFFFFFFFFFFF66
:107A3000FFFFFFFFFFFFFFFFFFFFFFFFFFFFFFFF56
:107A4000FFFFFFFFFFFFFFFFFFFFFFFFFFFFFFFF46
:107A5000FFFFFFFFFFFFFFFFFFFFFFFFFFFFFFFF36
:107A6000FFFFFFFFFFFFFFFFFFFFFFFFFFFFFFFF26
:107A7000FFFFFFFFFFFFFFFFFFFFFFFFFFFFFFFF16
:107A8000FFFFFFFFFFFFFFFFFFFFFFFFFFFFFFFF06
:107A9000FFFFFFFFFFFFFFFFFFFFFFFFFFFFFFFFF6
:107AA000FFFFFFFFFFFFFFFFFFFFFFFFFFFFFFFFE6
:107AB000FFFFFFFFFFFFFFFFFFFFFFFFFFFFFFFFD6
:107AC000FFFFFFFFFFFFFFFFFFFFFFFFFFFFFFFFC6
:107AD000FFFFFFFFFFFFFFFFFFFFFFFFFFFFFFFFB6
:107AE000FFFFFFFFFFFFFFFFFFFFFFFFFFFFFFFFA6
:107AF000FFFFFFFFFFFFFFFFFFFFFFFFFFFFFFFF96
:107B0000FFFFFFFFFFFFFFFFFFFFFFFFFFFFFFFF85
:107B1000FFFFFFFFFFFFFFFFFFFFFFFFFFFFFFFF75
:107B2000FFFFFFFFFFFFFFFFFFFFFFFFFFFFFFFF65
:107B3000FFFFFFFFFFFFFFFFFFFFFFFFFFFFFFFF55
:107B4000FFFFFFFFFFFFFFFFFFFFFFFFFFFFFFFF45
:107B5000FFFFFFFFFFFFFFFFFFFFFFFFFFFFFFFF35
:107B6000FFFFFFFFFFFFFFFFFFFFFFFFFFFFFFFF25
:107B7000FFFFFFFFFFFFFFFFFFFFFFFFFFFFFFFF15
:107B8000FFFFFFFFFFFFFFFFFFFFFFFFFFFFFFFF05
:107B9000FFFFFFFFFFFFFFFFFFFFFFFFFFFFFFFFF5
:107BA000FFFFFFFFFFFFFFFFFFFFFFFFFFFFFFFFE5
:107BB000FFFFFFFFFFFFFFFFFFFFFFFFFFFFFFFFD5
:107BC000FFFFFFFFFFFFFFFFFFFFFFFFFFFFFFFFC5
:107BD000FFFFFFFFFFFFFFFFFFFFFFFFFFFFFFFFB5
:107BE000FFFFFFFFFFFFFFFFFFFFFFFFFFFFFFFFA5
:107BF000FFFFFFFFFFFFFFFFFFFFFFFFFFFFFFFF95
:107C0000FFFFFFFFFFFFFFFFFFFFFFFFFFFFFFFF84
:107C1000FFFFFFFFFFFFFFFFFFFFFFFFFFFFFFFF74
:107C2000FFFFFFFFFFFFFFFFFFFFFFFFFFFFFFFF64
:107C3000FFFFFFFFFFFFFFFFFFFFFFFFFFFFFFFF54
:107C4000FFFFFFFFFFFFFFFFFFFFFFFFFFFFFFFF44
:107C5000FFFFFFFFFFFFFFFFFFFFFFFFFFFFFFFF34
:107C6000FFFFFFFFFFFFFFFFFFFFFFFFFFFFFFFF24
:107C7000FFFFFFFFFFFFFFFFFFFFFFFFFFFFFFFF14
:107C8000FFFFFFFFFFFFFFFFFFFFFFFFFFFFFFFF04
:107C9000FFFFFFFFFFFFFFFFFFFFFFFFFFFFFFFFF4
:107CA000FFFFFFFFFFFFFFFFFFFFFFFFFFFFFFFFE4
:107CB000FFFFFFFFFFFFFFFFFFFFFFFFFFFFFFFFD4
:107CC000FFFFFFFFFFFFFFFFFFFFFFFFFFFFFFFFC4
:107CD000FFFFFFFFFFFFFFFFFFFFFFFFFFFFFFFFB4
:107CE000FFFFFFFFFFFFFFFFFFFFFFFFFFFFFFFFA4
:107CF000FFFFFFFFFFFFFFFFFFFFFFFFFFFFFFFF94
:107D0000FFFFFFFFFFFFFFFFFFFFFFFFFFFFFFFF83
:107D1000FFFFFFFFFFFFFFFFFFFFFFFFFFFFFFFF73
:107D2000FFFFFFFFFFFFFFFFFFFFFFFFFFFFFFFF63
:107D3000FFFFFFFFFFFFFFFFFFFFFFFFFFFFFFFF53
:107D4000FFFFFFFFFFFFFFFFFFFFFFFFFFFFFFFF43
:107D5000FFFFFFFFFFFFFFFFFFFFFFFFFFFFFFFF33
:107D6000FFFFFFFFFFFFFFFFFFFFFFFFFFFFFFFF23
:107D7000FFFFFFFFFFFFFFFFFFFFFFFFFFFFFFFF13
:107D8000FFFFFFFFFFFFFFFFFFFFFFFFFFFFFFFF03
:107D9000FFFFFFFFFFFFFFFFFFFFFFFFFFFFFFFFF3
:107DA000FFFFFFFFFFFFFFFFFFFFFFFFFFFFFFFFE3
:107DB000FFFFFFFFFFFFFFFFFFFFFFFFFFFFFFFFD3
:107DC000FFFFFFFFFFFFFFFFFFFFFFFFFFFFFFFFC3
:107DD000FFFFFFFFFFFFFFFFFFFFFFFFFFFFFFFFB3
:107DE000FFFFFFFFFFFFFFFFFFFFFFFFFFFFFFFFA3
:107DF000FFFFFFFFFFFFFFFFFFFFFFFFFFFFFFFF93
:107E0000FFFFFFFFFFFFFFFFFFFFFFFFFFFFFFFF82
:107E1000FFFFFFFFFFFFFFFFFFFFFFFFFFFFFFFF72
:107E2000FFFFFFFFFFFFFFFFFFFFFFFFFFFFFFFF62
:107E3000FFFFFFFFFFFFFFFFFFFFFFFFFFFFFFFF52
:107E4000FFFFFFFFFFFFFFFFFFFFFFFFFFFFFFFF42
:107E5000FFFFFFFFFFFFFFFFFFFFFFFFFFFFFFFF32
:107E6000FFFFFFFFFFFFFFFFFFFFFFFFFFFFFFFF22
:107E7000FFFFFFFFFFFFFFFFFFFFFFFFFFFFFFFF12
:107E8000FFFFFFFFFFFFFFFFFFFFFFFFFFFFFFFF02
:107E9000FFFFFFFFFFFFFFFFFFFFFFFFFFFFFFFFF2
:107EA000FFFFFFFFFFFFFFFFFFFFFFFFFFFFFFFFE2
:107EB000FFFFFFFFFFFFFFFFFFFFFFFFFFFFFFFFD2
:107EC000FFFFFFFFFFFFFFFFFFFFFFFFFFFFFFFFC2
:107ED000FFFFFFFFFFFFFFFFFFFFFFFFFFFFFFFFB2
:107EE000FFFFFFFFFFFFFFFFFFFFFFFFFFFFFFFFA2
:107EF000FFFFFFFFFFFFFFFFFFFFFFFFFFFFFFFF92
:107F0000FFFFFFFFFFFFFFFFFFFFFFFFFFFFFFFF81
:107F1000FFFFFFFFFFFFFFFFFFFFFFFFFFFFFFFF71
:107F2000FFFFFFFFFFFFFFFFFFFFFFFFFFFFFFFF61
:107F3000FFFFFFFFFFFFFFFFFFFFFFFFFFFFFFFF51
:107F4000FFFFFFFFFFFFFFFFFFFFFFFFFFFFFFFF41
:107F5000FFFFFFFFFFFFFFFFFFFFFFFFFFFFFFFF31
:107F6000FFFFFFFFFFFFFFFFFFFFFFFFFFFFFFFF21
:107F7000FFFFFFFFFFFFFFFFFFFFFFFFFFFFFFFF11
:107F8000FFFFFFFFFFFFFFFFFFFFFFFFFFFFFFFF01
:107F9000FFFFFFFFFFFFFFFFFFFFFFFFFFFFFFFFF1
:107FA000FFFFFFFFFFFFFFFFFFFFFFFFFFFFFFFFE1
:107FB000FFFFFFFFFFFFFFFFFFFFFFFFFFFFFFFFD1
:107FC000FFFFFFFFFFFFFFFFFFFFFFFFFFFFFFFFC1
:107FD000FFFFFFFFFFFFFFFFFFFFFFFFFFFFFFFFB1
:107FE000FFFFFFFFFFFFFFFFFFFFFFFFFFFFFFFFA1
:107FF000FFFFFFFFFFFFFFFFFFFFFFFFFFFFFFFF91
:10800000FFFFFFFFFFFFFFFFFFFFFFFFFFFFFFFF80
:10801000FFFFFFFFFFFFFFFFFFFFFFFFFFFFFFFF70
:10802000FFFFFFFFFFFFFFFFFFFFFFFFFFFFFFFF60
:10803000FFFFFFFFFFFFFFFFFFFFFFFFFFFFFFFF50
:10804000FFFFFFFFFFFFFFFFFFFFFFFFFFFFFFFF40
:10805000FFFFFFFFFFFFFFFFFFFFFFFFFFFFFFFF30
:10806000FFFFFFFFFFFFFFFFFFFFFFFFFFFFFFFF20
:10807000FFFFFFFFFFFFFFFFFFFFFFFFFFFFFFFF10
:10808000FFFFFFFFFFFFFFFFFFFFFFFFFFFFFFFF00
:10809000FFFFFFFFFFFFFFFFFFFFFFFFFFFFFFFFF0
:1080A000FFFFFFFFFFFFFFFFFFFFFFFFFFFFFFFFE0
:1080B000FFFFFFFFFFFFFFFFFFFFFFFFFFFFFFFFD0
:1080C000FFFFFFFFFFFFFFFFFFFFFFFFFFFFFFFFC0
:1080D000FFFFFFFFFFFFFFFFFFFFFFFFFFFFFFFFB0
:1080E000FFFFFFFFFFFFFFFFFFFFFFFFFFFFFFFFA0
:1080F000FFFFFFFFFFFFFFFFFFFFFFFFFFFFFFFF90
:10810000FFFFFFFFFFFFFFFFFFFFFFFFFFFFFFFF7F
:10811000FFFFFFFFFFFFFFFFFFFFFFFFFFFFFFFF6F
:10812000FFFFFFFFFFFFFFFFFFFFFFFFFFFFFFFF5F
:10813000FFFFFFFFFFFFFFFFFFFFFFFFFFFFFFFF4F
:10814000FFFFFFFFFFFFFFFFFFFFFFFFFFFFFFFF3F
:10815000FFFFFFFFFFFFFFFFFFFFFFFFFFFFFFFF2F
:10816000FFFFFFFFFFFFFFFFFFFFFFFFFFFFFFFF1F
:10817000FFFFFFFFFFFFFFFFFFFFFFFFFFFFFFFF0F
:10818000FFFFFFFFFFFFFFFFFFFFFFFFFFFFFFFFFF
:10819000FFFFFFFFFFFFFFFFFFFFFFFFFFFFFFFFEF
:1081A000FFFFFFFFFFFFFFFFFFFFFFFFFFFFFFFFDF
:1081B000FFFFFFFFFFFFFFFFFFFFFFFFFFFFFFFFCF
:1081C000FFFFFFFFFFFFFFFFFFFFFFFFFFFFFFFFBF
:1081D000FFFFFFFFFFFFFFFFFFFFFFFFFFFFFFFFAF
:1081E000FFFFFFFFFFFFFFFFFFFFFFFFFFFFFFFF9F
:1081F000FFFFFFFFFFFFFFFFFFFFFFFFFFFFFFFF8F
:10820000FFFFFFFFFFFFFFFFFFFFFFFFFFFFFFFF7E
:10821000FFFFFFFFFFFFFFFFFFFFFFFFFFFFFFFF6E
:10822000FFFFFFFFFFFFFFFFFFFFFFFFFFFFFFFF5E
:10823000FFFFFFFFFFFFFFFFFFFFFFFFFFFFFFFF4E
:10824000FFFFFFFFFFFFFFFFFFFFFFFFFFFFFFFF3E
:10825000FFFFFFFFFFFFFFFFFFFFFFFFFFFFFFFF2E
:10826000FFFFFFFFFFFFFFFFFFFFFFFFFFFFFFFF1E
:10827000FFFFFFFFFFFFFFFFFFFFFFFFFFFFFFFF0E
:10828000FFFFFFFFFFFFFFFFFFFFFFFFFFFFFFFFFE
:10829000FFFFFFFFFFFFFFFFFFFFFFFFFFFFFFFFEE
:1082A000FFFFFFFFFFFFFFFFFFFFFFFFFFFFFFFFDE
:1082B000FFFFFFFFFFFFFFFFFFFFFFFFFFFFFFFFCE
:1082C000FFFFFFFFFFFFFFFFFFFFFFFFFFFFFFFFBE
:1082D000FFFFFFFFFFFFFFFFFFFFFFFFFFFFFFFFAE
:1082E000FFFFFFFFFFFFFFFFFFFFFFFFFFFFFFFF9E
:1082F000FFFFFFFFFFFFFFFFFFFFFFFFFFFFFFFF8E
:10830000FFFFFFFFFFFFFFFFFFFFFFFFFFFFFFFF7D
:10831000FFFFFFFFFFFFFFFFFFFFFFFFFFFFFFFF6D
:10832000FFFFFFFFFFFFFFFFFFFFFFFFFFFFFFFF5D
:10833000FFFFFFFFFFFFFFFFFFFFFFFFFFFFFFFF4D
:10834000FFFFFFFFFFFFFFFFFFFFFFFFFFFFFFFF3D
:10835000FFFFFFFFFFFFFFFFFFFFFFFFFFFFFFFF2D
:10836000FFFFFFFFFFFFFFFFFFFFFFFFFFFFFFFF1D
:10837000FFFFFFFFFFFFFFFFFFFFFFFFFFFFFFFF0D
:10838000FFFFFFFFFFFFFFFFFFFFFFFFFFFFFFFFFD
:10839000FFFFFFFFFFFFFFFFFFFFFFFFFFFFFFFFED
:1083A000FFFFFFFFFFFFFFFFFFFFFFFFFFFFFFFFDD
:1083B000FFFFFFFFFFFFFFFFFFFFFFFFFFFFFFFFCD
:1083C000FFFFFFFFFFFFFFFFFFFFFFFFFFFFFFFFBD
:1083D000FFFFFFFFFFFFFFFFFFFFFFFFFFFFFFFFAD
:1083E000FFFFFFFFFFFFFFFFFFFFFFFFFFFFFFFF9D
:1083F000FFFFFFFFFFFFFFFFFFFFFFFFFFFFFFFF8D
:10840000FFFFFFFFFFFFFFFFFFFFFFFFFFFFFFFF7C
:10841000FFFFFFFFFFFFFFFFFFFFFFFFFFFFFFFF6C
:10842000FFFFFFFFFFFFFFFFFFFFFFFFFFFFFFFF5C
:10843000FFFFFFFFFFFFFFFFFFFFFFFFFFFFFFFF4C
:10844000FFFFFFFFFFFFFFFFFFFFFFFFFFFFFFFF3C
:10845000FFFFFFFFFFFFFFFFFFFFFFFFFFFFFFFF2C
:10846000FFFFFFFFFFFFFFFFFFFFFFFFFFFFFFFF1C
:10847000FFFFFFFFFFFFFFFFFFFFFFFFFFFFFFFF0C
:10848000FFFFFFFFFFFFFFFFFFFFFFFFFFFFFFFFFC
:10849000FFFFFFFFFFFFFFFFFFFFFFFFFFFFFFFFEC
:1084A000FFFFFFFFFFFFFFFFFFFFFFFFFFFFFFFFDC
:1084B000FFFFFFFFFFFFFFFFFFFFFFFFFFFFFFFFCC
:1084C000FFFFFFFFFFFFFFFFFFFFFFFFFFFFFFFFBC
:1084D000FFFFFFFFFFFFFFFFFFFFFFFFFFFFFFFFAC
:1084E000FFFFFFFFFFFFFFFFFFFFFFFFFFFFFFFF9C
:1084F000FFFFFFFFFFFFFFFFFFFFFFFFFFFFFFFF8C
:10850000FFFFFFFFFFFFFFFFFFFFFFFFFFFFFFFF7B
:10851000FFFFFFFFFFFFFFFFFFFFFFFFFFFFFFFF6B
:10852000FFFFFFFFFFFFFFFFFFFFFFFFFFFFFFFF5B
:10853000FFFFFFFFFFFFFFFFFFFFFFFFFFFFFFFF4B
:10854000FFFFFFFFFFFFFFFFFFFFFFFFFFFFFFFF3B
:10855000FFFFFFFFFFFFFFFFFFFFFFFFFFFFFFFF2B
:10856000FFFFFFFFFFFFFFFFFFFFFFFFFFFFFFFF1B
:10857000FFFFFFFFFFFFFFFFFFFFFFFFFFFFFFFF0B
:10858000FFFFFFFFFFFFFFFFFFFFFFFFFFFFFFFFFB
:10859000FFFFFFFFFFFFFFFFFFFFFFFFFFFFFFFFEB
:1085A000FFFFFFFFFFFFFFFFFFFFFFFFFFFFFFFFDB
:1085B000FFFFFFFFFFFFFFFFFFFFFFFFFFFFFFFFCB
:1085C000FFFFFFFFFFFFFFFFFFFFFFFFFFFFFFFFBB
:1085D000FFFFFFFFFFFFFFFFFFFFFFFFFFFFFFFFAB
:1085E000FFFFFFFFFFFFFFFFFFFFFFFFFFFFFFFF9B
:1085F000FFFFFFFFFFFFFFFFFFFFFFFFFFFFFFFF8B
:10860000FFFFFFFFFFFFFFFFFFFFFFFFFFFFFFFF7A
:10861000FFFFFFFFFFFFFFFFFFFFFFFFFFFFFFFF6A
:10862000FFFFFFFFFFFFFFFFFFFFFFFFFFFFFFFF5A
:10863000FFFFFFFFFFFFFFFFFFFFFFFFFFFFFFFF4A
:10864000FFFFFFFFFFFFFFFFFFFFFFFFFFFFFFFF3A
:10865000FFFFFFFFFFFFFFFFFFFFFFFFFFFFFFFF2A
:10866000FFFFFFFFFFFFFFFFFFFFFFFFFFFFFFFF1A
:10867000FFFFFFFFFFFFFFFFFFFFFFFFFFFFFFFF0A
:10868000FFFFFFFFFFFFFFFFFFFFFFFFFFFFFFFFFA
:10869000FFFFFFFFFFFFFFFFFFFFFFFFFFFFFFFFEA
:1086A000FFFFFFFFFFFFFFFFFFFFFFFFFFFFFFFFDA
:1086B000FFFFFFFFFFFFFFFFFFFFFFFFFFFFFFFFCA
:1086C000FFFFFFFFFFFFFFFFFFFFFFFFFFFFFFFFBA
:1086D000FFFFFFFFFFFFFFFFFFFFFFFFFFFFFFFFAA
:1086E000FFFFFFFFFFFFFFFFFFFFFFFFFFFFFFFF9A
:1086F000FFFFFFFFFFFFFFFFFFFFFFFFFFFFFFFF8A
:10870000FFFFFFFFFFFFFFFFFFFFFFFFFFFFFFFF79
:10871000FFFFFFFFFFFFFFFFFFFFFFFFFFFFFFFF69
:10872000FFFFFFFFFFFFFFFFFFFFFFFFFFFFFFFF59
:10873000FFFFFFFFFFFFFFFFFFFFFFFFFFFFFFFF49
:10874000FFFFFFFFFFFFFFFFFFFFFFFFFFFFFFFF39
:10875000FFFFFFFFFFFFFFFFFFFFFFFFFFFFFFFF29
:10876000FFFFFFFFFFFFFFFFFFFFFFFFFFFFFFFF19
:10877000FFFFFFFFFFFFFFFFFFFFFFFFFFFFFFFF09
:10878000FFFFFFFFFFFFFFFFFFFFFFFFFFFFFFFFF9
:10879000FFFFFFFFFFFFFFFFFFFFFFFFFFFFFFFFE9
:1087A000FFFFFFFFFFFFFFFFFFFFFFFFFFFFFFFFD9
:1087B000FFFFFFFFFFFFFFFFFFFFFFFFFFFFFFFFC9
:1087C000FFFFFFFFFFFFFFFFFFFFFFFFFFFFFFFFB9
:1087D000FFFFFFFFFFFFFFFFFFFFFFFFFFFFFFFFA9
:1087E000FFFFFFFFFFFFFFFFFFFFFFFFFFFFFFFF99
:1087F000FFFFFFFFFFFFFFFFFFFFFFFFFFFFFFFF89
:10880000FFFFFFFFFFFFFFFFFFFFFFFFFFFFFFFF78
:10881000FFFFFFFFFFFFFFFFFFFFFFFFFFFFFFFF68
:10882000FFFFFFFFFFFFFFFFFFFFFFFFFFFFFFFF58
:10883000FFFFFFFFFFFFFFFFFFFFFFFFFFFFFFFF48
:10884000FFFFFFFFFFFFFFFFFFFFFFFFFFFFFFFF38
:10885000FFFFFFFFFFFFFFFFFFFFFFFFFFFFFFFF28
:10886000FFFFFFFFFFFFFFFFFFFFFFFFFFFFFFFF18
:10887000FFFFFFFFFFFFFFFFFFFFFFFFFFFFFFFF08
:10888000FFFFFFFFFFFFFFFFFFFFFFFFFFFFFFFFF8
:10889000FFFFFFFFFFFFFFFFFFFFFFFFFFFFFFFFE8
:1088A000FFFFFFFFFFFFFFFFFFFFFFFFFFFFFFFFD8
:1088B000FFFFFFFFFFFFFFFFFFFFFFFFFFFFFFFFC8
:1088C000FFFFFFFFFFFFFFFFFFFFFFFFFFFFFFFFB8
:1088D000FFFFFFFFFFFFFFFFFFFFFFFFFFFFFFFFA8
:1088E000FFFFFFFFFFFFFFFFFFFFFFFFFFFFFFFF98
:1088F000FFFFFFFFFFFFFFFFFFFFFFFFFFFFFFFF88
:10890000FFFFFFFFFFFFFFFFFFFFFFFFFFFFFFFF77
:10891000FFFFFFFFFFFFFFFFFFFFFFFFFFFFFFFF67
:10892000FFFFFFFFFFFFFFFFFFFFFFFFFFFFFFFF57
:10893000FFFFFFFFFFFFFFFFFFFFFFFFFFFFFFFF47
:10894000FFFFFFFFFFFFFFFFFFFFFFFFFFFFFFFF37
:10895000FFFFFFFFFFFFFFFFFFFFFFFFFFFFFFFF27
:10896000FFFFFFFFFFFFFFFFFFFFFFFFFFFFFFFF17
:10897000FFFFFFFFFFFFFFFFFFFFFFFFFFFFFFFF07
:10898000FFFFFFFFFFFFFFFFFFFFFFFFFFFFFFFFF7
:10899000FFFFFFFFFFFFFFFFFFFFFFFFFFFFFFFFE7
:1089A000FFFFFFFFFFFFFFFFFFFFFFFFFFFFFFFFD7
:1089B000FFFFFFFFFFFFFFFFFFFFFFFFFFFFFFFFC7
:1089C000FFFFFFFFFFFFFFFFFFFFFFFFFFFFFFFFB7
:1089D000FFFFFFFFFFFFFFFFFFFFFFFFFFFFFFFFA7
:1089E000FFFFFFFFFFFFFFFFFFFFFFFFFFFFFFFF97
:1089F000FFFFFFFFFFFFFFFFFFFFFFFFFFFFFFFF87
:108A0000FFFFFFFFFFFFFFFFFFFFFFFFFFFFFFFF76
:108A1000FFFFFFFFFFFFFFFFFFFFFFFFFFFFFFFF66
:108A2000FFFFFFFFFFFFFFFFFFFFFFFFFFFFFFFF56
:108A3000FFFFFFFFFFFFFFFFFFFFFFFFFFFFFFFF46
:108A4000FFFFFFFFFFFFFFFFFFFFFFFFFFFFFFFF36
:108A5000FFFFFFFFFFFFFFFFFFFFFFFFFFFFFFFF26
:108A6000FFFFFFFFFFFFFFFFFFFFFFFFFFFFFFFF16
:108A7000FFFFFFFFFFFFFFFFFFFFFFFFFFFFFFFF06
:108A8000FFFFFFFFFFFFFFFFFFFFFFFFFFFFFFFFF6
:108A9000FFFFFFFFFFFFFFFFFFFFFFFFFFFFFFFFE6
:108AA000FFFFFFFFFFFFFFFFFFFFFFFFFFFFFFFFD6
:108AB000FFFFFFFFFFFFFFFFFFFFFFFFFFFFFFFFC6
:108AC000FFFFFFFFFFFFFFFFFFFFFFFFFFFFFFFFB6
:108AD000FFFFFFFFFFFFFFFFFFFFFFFFFFFFFFFFA6
:108AE000FFFFFFFFFFFFFFFFFFFFFFFFFFFFFFFF96
:108AF000FFFFFFFFFFFFFFFFFFFFFFFFFFFFFFFF86
:108B0000FFFFFFFFFFFFFFFFFFFFFFFFFFFFFFFF75
:108B1000FFFFFFFFFFFFFFFFFFFFFFFFFFFFFFFF65
:108B2000FFFFFFFFFFFFFFFFFFFFFFFFFFFFFFFF55
:108B3000FFFFFFFFFFFFFFFFFFFFFFFFFFFFFFFF45
:108B4000FFFFFFFFFFFFFFFFFFFFFFFFFFFFFFFF35
:108B5000FFFFFFFFFFFFFFFFFFFFFFFFFFFFFFFF25
:108B6000FFFFFFFFFFFFFFFFFFFFFFFFFFFFFFFF15
:108B7000FFFFFFFFFFFFFFFFFFFFFFFFFFFFFFFF05
:108B8000FFFFFFFFFFFFFFFFFFFFFFFFFFFFFFFFF5
:108B9000FFFFFFFFFFFFFFFFFFFFFFFFFFFFFFFFE5
:108BA000FFFFFFFFFFFFFFFFFFFFFFFFFFFFFFFFD5
:108BB000FFFFFFFFFFFFFFFFFFFFFFFFFFFFFFFFC5
:108BC000FFFFFFFFFFFFFFFFFFFFFFFFFFFFFFFFB5
:108BD000FFFFFFFFFFFFFFFFFFFFFFFFFFFFFFFFA5
:108BE000FFFFFFFFFFFFFFFFFFFFFFFFFFFFFFFF95
:108BF000FFFFFFFFFFFFFFFFFFFFFFFFFFFFFFFF85
:108C0000FFFFFFFFFFFFFFFFFFFFFFFFFFFFFFFF74
:108C1000FFFFFFFFFFFFFFFFFFFFFFFFFFFFFFFF64
:108C2000FFFFFFFFFFFFFFFFFFFFFFFFFFFFFFFF54
:108C3000FFFFFFFFFFFFFFFFFFFFFFFFFFFFFFFF44
:108C4000FFFFFFFFFFFFFFFFFFFFFFFFFFFFFFFF34
:108C5000FFFFFFFFFFFFFFFFFFFFFFFFFFFFFFFF24
:108C6000FFFFFFFFFFFFFFFFFFFFFFFFFFFFFFFF14
:108C7000FFFFFFFFFFFFFFFFFFFFFFFFFFFFFFFF04
:108C8000FFFFFFFFFFFFFFFFFFFFFFFFFFFFFFFFF4
:108C9000FFFFFFFFFFFFFFFFFFFFFFFFFFFFFFFFE4
:108CA000FFFFFFFFFFFFFFFFFFFFFFFFFFFFFFFFD4
:108CB000FFFFFFFFFFFFFFFFFFFFFFFFFFFFFFFFC4
:108CC000FFFFFFFFFFFFFFFFFFFFFFFFFFFFFFFFB4
:108CD000FFFFFFFFFFFFFFFFFFFFFFFFFFFFFFFFA4
:108CE000FFFFFFFFFFFFFFFFFFFFFFFFFFFFFFFF94
:108CF000FFFFFFFFFFFFFFFFFFFFFFFFFFFFFFFF84
:108D0000FFFFFFFFFFFFFFFFFFFFFFFFFFFFFFFF73
:108D1000FFFFFFFFFFFFFFFFFFFFFFFFFFFFFFFF63
:108D2000FFFFFFFFFFFFFFFFFFFFFFFFFFFFFFFF53
:108D3000FFFFFFFFFFFFFFFFFFFFFFFFFFFFFFFF43
:108D4000FFFFFFFFFFFFFFFFFFFFFFFFFFFFFFFF33
:108D5000FFFFFFFFFFFFFFFFFFFFFFFFFFFFFFFF23
:108D6000FFFFFFFFFFFFFFFFFFFFFFFFFFFFFFFF13
:108D7000FFFFFFFFFFFFFFFFFFFFFFFFFFFFFFFF03
:108D8000FFFFFFFFFFFFFFFFFFFFFFFFFFFFFFFFF3
:108D9000FFFFFFFFFFFFFFFFFFFFFFFFFFFFFFFFE3
:108DA000FFFFFFFFFFFFFFFFFFFFFFFFFFFFFFFFD3
:108DB000FFFFFFFFFFFFFFFFFFFFFFFFFFFFFFFFC3
:108DC000FFFFFFFFFFFFFFFFFFFFFFFFFFFFFFFFB3
:108DD000FFFFFFFFFFFFFFFFFFFFFFFFFFFFFFFFA3
:108DE000FFFFFFFFFFFFFFFFFFFFFFFFFFFFFFFF93
:108DF000FFFFFFFFFFFFFFFFFFFFFFFFFFFFFFFF83
:108E0000FFFFFFFFFFFFFFFFFFFFFFFFFFFFFFFF72
:108E1000FFFFFFFFFFFFFFFFFFFFFFFFFFFFFFFF62
:108E2000FFFFFFFFFFFFFFFFFFFFFFFFFFFFFFFF52
:108E3000FFFFFFFFFFFFFFFFFFFFFFFFFFFFFFFF42
:108E4000FFFFFFFFFFFFFFFFFFFFFFFFFFFFFFFF32
:108E5000FFFFFFFFFFFFFFFFFFFFFFFFFFFFFFFF22
:108E6000FFFFFFFFFFFFFFFFFFFFFFFFFFFFFFFF12
:108E7000FFFFFFFFFFFFFFFFFFFFFFFFFFFFFFFF02
:108E8000FFFFFFFFFFFFFFFFFFFFFFFFFFFFFFFFF2
:108E9000FFFFFFFFFFFFFFFFFFFFFFFFFFFFFFFFE2
:108EA000FFFFFFFFFFFFFFFFFFFFFFFFFFFFFFFFD2
:108EB000FFFFFFFFFFFFFFFFFFFFFFFFFFFFFFFFC2
:108EC000FFFFFFFFFFFFFFFFFFFFFFFFFFFFFFFFB2
:108ED000FFFFFFFFFFFFFFFFFFFFFFFFFFFFFFFFA2
:108EE000FFFFFFFFFFFFFFFFFFFFFFFFFFFFFFFF92
:108EF000FFFFFFFFFFFFFFFFFFFFFFFFFFFFFFFF82
:108F0000FFFFFFFFFFFFFFFFFFFFFFFFFFFFFFFF71
:108F1000FFFFFFFFFFFFFFFFFFFFFFFFFFFFFFFF61
:108F2000FFFFFFFFFFFFFFFFFFFFFFFFFFFFFFFF51
:108F3000FFFFFFFFFFFFFFFFFFFFFFFFFFFFFFFF41
:108F4000FFFFFFFFFFFFFFFFFFFFFFFFFFFFFFFF31
:108F5000FFFFFFFFFFFFFFFFFFFFFFFFFFFFFFFF21
:108F6000FFFFFFFFFFFFFFFFFFFFFFFFFFFFFFFF11
:108F7000FFFFFFFFFFFFFFFFFFFFFFFFFFFFFFFF01
:108F8000FFFFFFFFFFFFFFFFFFFFFFFFFFFFFFFFF1
:108F9000FFFFFFFFFFFFFFFFFFFFFFFFFFFFFFFFE1
:108FA000FFFFFFFFFFFFFFFFFFFFFFFFFFFFFFFFD1
:108FB000FFFFFFFFFFFFFFFFFFFFFFFFFFFFFFFFC1
:108FC000FFFFFFFFFFFFFFFFFFFFFFFFFFFFFFFFB1
:108FD000FFFFFFFFFFFFFFFFFFFFFFFFFFFFFFFFA1
:108FE000FFFFFFFFFFFFFFFFFFFFFFFFFFFFFFFF91
:108FF000FFFFFFFFFFFFFFFFFFFFFFFFFFFFFFFF81
:10900000FFFFFFFFFFFFFFFFFFFFFFFFFFFFFFFF70
:10901000FFFFFFFFFFFFFFFFFFFFFFFFFFFFFFFF60
:10902000FFFFFFFFFFFFFFFFFFFFFFFFFFFFFFFF50
:10903000FFFFFFFFFFFFFFFFFFFFFFFFFFFFFFFF40
:10904000FFFFFFFFFFFFFFFFFFFFFFFFFFFFFFFF30
:10905000FFFFFFFFFFFFFFFFFFFFFFFFFFFFFFFF20
:10906000FFFFFFFFFFFFFFFFFFFFFFFFFFFFFFFF10
:10907000FFFFFFFFFFFFFFFFFFFFFFFFFFFFFFFF00
:10908000FFFFFFFFFFFFFFFFFFFFFFFFFFFFFFFFF0
:10909000FFFFFFFFFFFFFFFFFFFFFFFFFFFFFFFFE0
:1090A000FFFFFFFFFFFFFFFFFFFFFFFFFFFFFFFFD0
:1090B000FFFFFFFFFFFFFFFFFFFFFFFFFFFFFFFFC0
:1090C000FFFFFFFFFFFFFFFFFFFFFFFFFFFFFFFFB0
:1090D000FFFFFFFFFFFFFFFFFFFFFFFFFFFFFFFFA0
:1090E000FFFFFFFFFFFFFFFFFFFFFFFFFFFFFFFF90
:1090F000FFFFFFFFFFFFFFFFFFFFFFFFFFFFFFFF80
:10910000FFFFFFFFFFFFFFFFFFFFFFFFFFFFFFFF6F
:10911000FFFFFFFFFFFFFFFFFFFFFFFFFFFFFFFF5F
:10912000FFFFFFFFFFFFFFFFFFFFFFFFFFFFFFFF4F
:10913000FFFFFFFFFFFFFFFFFFFFFFFFFFFFFFFF3F
:10914000FFFFFFFFFFFFFFFFFFFFFFFFFFFFFFFF2F
:10915000FFFFFFFFFFFFFFFFFFFFFFFFFFFFFFFF1F
:10916000FFFFFFFFFFFFFFFFFFFFFFFFFFFFFFFF0F
:10917000FFFFFFFFFFFFFFFFFFFFFFFFFFFFFFFFFF
:10918000FFFFFFFFFFFFFFFFFFFFFFFFFFFFFFFFEF
:10919000FFFFFFFFFFFFFFFFFFFFFFFFFFFFFFFFDF
:1091A000FFFFFFFFFFFFFFFFFFFFFFFFFFFFFFFFCF
:1091B000FFFFFFFFFFFFFFFFFFFFFFFFFFFFFFFFBF
:1091C000FFFFFFFFFFFFFFFFFFFFFFFFFFFFFFFFAF
:1091D000FFFFFFFFFFFFFFFFFFFFFFFFFFFFFFFF9F
:1091E000FFFFFFFFFFFFFFFFFFFFFFFFFFFFFFFF8F
:1091F000FFFFFFFFFFFFFFFFFFFFFFFFFFFFFFFF7F
:10920000FFFFFFFFFFFFFFFFFFFFFFFFFFFFFFFF6E
:10921000FFFFFFFFFFFFFFFFFFFFFFFFFFFFFFFF5E
:10922000FFFFFFFFFFFFFFFFFFFFFFFFFFFFFFFF4E
:10923000FFFFFFFFFFFFFFFFFFFFFFFFFFFFFFFF3E
:10924000FFFFFFFFFFFFFFFFFFFFFFFFFFFFFFFF2E
:10925000FFFFFFFFFFFFFFFFFFFFFFFFFFFFFFFF1E
:10926000FFFFFFFFFFFFFFFFFFFFFFFFFFFFFFFF0E
:10927000FFFFFFFFFFFFFFFFFFFFFFFFFFFFFFFFFE
:10928000FFFFFFFFFFFFFFFFFFFFFFFFFFFFFFFFEE
:10929000FFFFFFFFFFFFFFFFFFFFFFFFFFFFFFFFDE
:1092A000FFFFFFFFFFFFFFFFFFFFFFFFFFFFFFFFCE
:1092B000FFFFFFFFFFFFFFFFFFFFFFFFFFFFFFFFBE
:1092C000FFFFFFFFFFFFFFFFFFFFFFFFFFFFFFFFAE
:1092D000FFFFFFFFFFFFFFFFFFFFFFFFFFFFFFFF9E
:1092E000FFFFFFFFFFFFFFFFFFFFFFFFFFFFFFFF8E
:1092F000FFFFFFFFFFFFFFFFFFFFFFFFFFFFFFFF7E
:10930000FFFFFFFFFFFFFFFFFFFFFFFFFFFFFFFF6D
:10931000FFFFFFFFFFFFFFFFFFFFFFFFFFFFFFFF5D
:10932000FFFFFFFFFFFFFFFFFFFFFFFFFFFFFFFF4D
:10933000FFFFFFFFFFFFFFFFFFFFFFFFFFFFFFFF3D
:10934000FFFFFFFFFFFFFFFFFFFFFFFFFFFFFFFF2D
:10935000FFFFFFFFFFFFFFFFFFFFFFFFFFFFFFFF1D
:10936000FFFFFFFFFFFFFFFFFFFFFFFFFFFFFFFF0D
:10937000FFFFFFFFFFFFFFFFFFFFFFFFFFFFFFFFFD
:10938000FFFFFFFFFFFFFFFFFFFFFFFFFFFFFFFFED
:10939000FFFFFFFFFFFFFFFFFFFFFFFFFFFFFFFFDD
:1093A000FFFFFFFFFFFFFFFFFFFFFFFFFFFFFFFFCD
:1093B000FFFFFFFFFFFFFFFFFFFFFFFFFFFFFFFFBD
:1093C000FFFFFFFFFFFFFFFFFFFFFFFFFFFFFFFFAD
:1093D000FFFFFFFFFFFFFFFFFFFFFFFFFFFFFFFF9D
:1093E000FFFFFFFFFFFFFFFFFFFFFFFFFFFFFFFF8D
:1093F000FFFFFFFFFFFFFFFFFFFFFFFFFFFFFFFF7D
:10940000FFFFFFFFFFFFFFFFFFFFFFFFFFFFFFFF6C
:10941000FFFFFFFFFFFFFFFFFFFFFFFFFFFFFFFF5C
:10942000FFFFFFFFFFFFFFFFFFFFFFFFFFFFFFFF4C
:10943000FFFFFFFFFFFFFFFFFFFFFFFFFFFFFFFF3C
:10944000FFFFFFFFFFFFFFFFFFFFFFFFFFFFFFFF2C
:10945000FFFFFFFFFFFFFFFFFFFFFFFFFFFFFFFF1C
:10946000FFFFFFFFFFFFFFFFFFFFFFFFFFFFFFFF0C
:10947000FFFFFFFFFFFFFFFFFFFFFFFFFFFFFFFFFC
:10948000FFFFFFFFFFFFFFFFFFFFFFFFFFFFFFFFEC
:10949000FFFFFFFFFFFFFFFFFFFFFFFFFFFFFFFFDC
:1094A000FFFFFFFFFFFFFFFFFFFFFFFFFFFFFFFFCC
:1094B000FFFFFFFFFFFFFFFFFFFFFFFFFFFFFFFFBC
:1094C000FFFFFFFFFFFFFFFFFFFFFFFFFFFFFFFFAC
:1094D000FFFFFFFFFFFFFFFFFFFFFFFFFFFFFFFF9C
:1094E000FFFFFFFFFFFFFFFFFFFFFFFFFFFFFFFF8C
:1094F000FFFFFFFFFFFFFFFFFFFFFFFFFFFFFFFF7C
:10950000FFFFFFFFFFFFFFFFFFFFFFFFFFFFFFFF6B
:10951000FFFFFFFFFFFFFFFFFFFFFFFFFFFFFFFF5B
:10952000FFFFFFFFFFFFFFFFFFFFFFFFFFFFFFFF4B
:10953000FFFFFFFFFFFFFFFFFFFFFFFFFFFFFFFF3B
:10954000FFFFFFFFFFFFFFFFFFFFFFFFFFFFFFFF2B
:10955000FFFFFFFFFFFFFFFFFFFFFFFFFFFFFFFF1B
:10956000FFFFFFFFFFFFFFFFFFFFFFFFFFFFFFFF0B
:10957000FFFFFFFFFFFFFFFFFFFFFFFFFFFFFFFFFB
:10958000FFFFFFFFFFFFFFFFFFFFFFFFFFFFFFFFEB
:10959000FFFFFFFFFFFFFFFFFFFFFFFFFFFFFFFFDB
:1095A000FFFFFFFFFFFFFFFFFFFFFFFFFFFFFFFFCB
:1095B000FFFFFFFFFFFFFFFFFFFFFFFFFFFFFFFFBB
:1095C000FFFFFFFFFFFFFFFFFFFFFFFFFFFFFFFFAB
:1095D000FFFFFFFFFFFFFFFFFFFFFFFFFFFFFFFF9B
:1095E000FFFFFFFFFFFFFFFFFFFFFFFFFFFFFFFF8B
:1095F000FFFFFFFFFFFFFFFFFFFFFFFFFFFFFFFF7B
:10960000FFFFFFFFFFFFFFFFFFFFFFFFFFFFFFFF6A
:10961000FFFFFFFFFFFFFFFFFFFFFFFFFFFFFFFF5A
:10962000FFFFFFFFFFFFFFFFFFFFFFFFFFFFFFFF4A
:10963000FFFFFFFFFFFFFFFFFFFFFFFFFFFFFFFF3A
:10964000FFFFFFFFFFFFFFFFFFFFFFFFFFFFFFFF2A
:10965000FFFFFFFFFFFFFFFFFFFFFFFFFFFFFFFF1A
:10966000FFFFFFFFFFFFFFFFFFFFFFFFFFFFFFFF0A
:10967000FFFFFFFFFFFFFFFFFFFFFFFFFFFFFFFFFA
:10968000FFFFFFFFFFFFFFFFFFFFFFFFFFFFFFFFEA
:10969000FFFFFFFFFFFFFFFFFFFFFFFFFFFFFFFFDA
:1096A000FFFFFFFFFFFFFFFFFFFFFFFFFFFFFFFFCA
:1096B000FFFFFFFFFFFFFFFFFFFFFFFFFFFFFFFFBA
:1096C000FFFFFFFFFFFFFFFFFFFFFFFFFFFFFFFFAA
:1096D000FFFFFFFFFFFFFFFFFFFFFFFFFFFFFFFF9A
:1096E000FFFFFFFFFFFFFFFFFFFFFFFFFFFFFFFF8A
:1096F000FFFFFFFFFFFFFFFFFFFFFFFFFFFFFFFF7A
:10970000FFFFFFFFFFFFFFFFFFFFFFFFFFFFFFFF69
:10971000FFFFFFFFFFFFFFFFFFFFFFFFFFFFFFFF59
:10972000FFFFFFFFFFFFFFFFFFFFFFFFFFFFFFFF49
:10973000FFFFFFFFFFFFFFFFFFFFFFFFFFFFFFFF39
:10974000FFFFFFFFFFFFFFFFFFFFFFFFFFFFFFFF29
:10975000FFFFFFFFFFFFFFFFFFFFFFFFFFFFFFFF19
:10976000FFFFFFFFFFFFFFFFFFFFFFFFFFFFFFFF09
:10977000FFFFFFFFFFFFFFFFFFFFFFFFFFFFFFFFF9
:10978000FFFFFFFFFFFFFFFFFFFFFFFFFFFFFFFFE9
:10979000FFFFFFFFFFFFFFFFFFFFFFFFFFFFFFFFD9
:1097A000FFFFFFFFFFFFFFFFFFFFFFFFFFFFFFFFC9
:1097B000FFFFFFFFFFFFFFFFFFFFFFFFFFFFFFFFB9
:1097C000FFFFFFFFFFFFFFFFFFFFFFFFFFFFFFFFA9
:1097D000FFFFFFFFFFFFFFFFFFFFFFFFFFFFFFFF99
:1097E000FFFFFFFFFFFFFFFFFFFFFFFFFFFFFFFF89
:1097F000FFFFFFFFFFFFFFFFFFFFFFFFFFFFFFFF79
:10980000FFFFFFFFFFFFFFFFFFFFFFFFFFFFFFFF68
:10981000FFFFFFFFFFFFFFFFFFFFFFFFFFFFFFFF58
:10982000FFFFFFFFFFFFFFFFFFFFFFFFFFFFFFFF48
:10983000FFFFFFFFFFFFFFFFFFFFFFFFFFFFFFFF38
:10984000FFFFFFFFFFFFFFFFFFFFFFFFFFFFFFFF28
:10985000FFFFFFFFFFFFFFFFFFFFFFFFFFFFFFFF18
:10986000FFFFFFFFFFFFFFFFFFFFFFFFFFFFFFFF08
:10987000FFFFFFFFFFFFFFFFFFFFFFFFFFFFFFFFF8
:10988000FFFFFFFFFFFFFFFFFFFFFFFFFFFFFFFFE8
:10989000FFFFFFFFFFFFFFFFFFFFFFFFFFFFFFFFD8
:1098A000FFFFFFFFFFFFFFFFFFFFFFFFFFFFFFFFC8
:1098B000FFFFFFFFFFFFFFFFFFFFFFFFFFFFFFFFB8
:1098C000FFFFFFFFFFFFFFFFFFFFFFFFFFFFFFFFA8
:1098D000FFFFFFFFFFFFFFFFFFFFFFFFFFFFFFFF98
:1098E000FFFFFFFFFFFFFFFFFFFFFFFFFFFFFFFF88
:1098F000FFFFFFFFFFFFFFFFFFFFFFFFFFFFFFFF78
:10990000FFFFFFFFFFFFFFFFFFFFFFFFFFFFFFFF67
:10991000FFFFFFFFFFFFFFFFFFFFFFFFFFFFFFFF57
:10992000FFFFFFFFFFFFFFFFFFFFFFFFFFFFFFFF47
:10993000FFFFFFFFFFFFFFFFFFFFFFFFFFFFFFFF37
:10994000FFFFFFFFFFFFFFFFFFFFFFFFFFFFFFFF27
:10995000FFFFFFFFFFFFFFFFFFFFFFFFFFFFFFFF17
:10996000FFFFFFFFFFFFFFFFFFFFFFFFFFFFFFFF07
:10997000FFFFFFFFFFFFFFFFFFFFFFFFFFFFFFFFF7
:10998000FFFFFFFFFFFFFFFFFFFFFFFFFFFFFFFFE7
:10999000FFFFFFFFFFFFFFFFFFFFFFFFFFFFFFFFD7
:1099A000FFFFFFFFFFFFFFFFFFFFFFFFFFFFFFFFC7
:1099B000FFFFFFFFFFFFFFFFFFFFFFFFFFFFFFFFB7
:1099C000FFFFFFFFFFFFFFFFFFFFFFFFFFFFFFFFA7
:1099D000FFFFFFFFFFFFFFFFFFFFFFFFFFFFFFFF97
:1099E000FFFFFFFFFFFFFFFFFFFFFFFFFFFFFFFF87
:1099F000FFFFFFFFFFFFFFFFFFFFFFFFFFFFFFFF77
:109A0000FFFFFFFFFFFFFFFFFFFFFFFFFFFFFFFF66
:109A1000FFFFFFFFFFFFFFFFFFFFFFFFFFFFFFFF56
:109A2000FFFFFFFFFFFFFFFFFFFFFFFFFFFFFFFF46
:109A3000FFFFFFFFFFFFFFFFFFFFFFFFFFFFFFFF36
:109A4000FFFFFFFFFFFFFFFFFFFFFFFFFFFFFFFF26
:109A5000FFFFFFFFFFFFFFFFFFFFFFFFFFFFFFFF16
:109A6000FFFFFFFFFFFFFFFFFFFFFFFFFFFFFFFF06
:109A7000FFFFFFFFFFFFFFFFFFFFFFFFFFFFFFFFF6
:109A8000FFFFFFFFFFFFFFFFFFFFFFFFFFFFFFFFE6
:109A9000FFFFFFFFFFFFFFFFFFFFFFFFFFFFFFFFD6
:109AA000FFFFFFFFFFFFFFFFFFFFFFFFFFFFFFFFC6
:109AB000FFFFFFFFFFFFFFFFFFFFFFFFFFFFFFFFB6
:109AC000FFFFFFFFFFFFFFFFFFFFFFFFFFFFFFFFA6
:109AD000FFFFFFFFFFFFFFFFFFFFFFFFFFFFFFFF96
:109AE000FFFFFFFFFFFFFFFFFFFFFFFFFFFFFFFF86
:109AF000FFFFFFFFFFFFFFFFFFFFFFFFFFFFFFFF76
:109B0000FFFFFFFFFFFFFFFFFFFFFFFFFFFFFFFF65
:109B1000FFFFFFFFFFFFFFFFFFFFFFFFFFFFFFFF55
:109B2000FFFFFFFFFFFFFFFFFFFFFFFFFFFFFFFF45
:109B3000FFFFFFFFFFFFFFFFFFFFFFFFFFFFFFFF35
:109B4000FFFFFFFFFFFFFFFFFFFFFFFFFFFFFFFF25
:109B5000FFFFFFFFFFFFFFFFFFFFFFFFFFFFFFFF15
:109B6000FFFFFFFFFFFFFFFFFFFFFFFFFFFFFFFF05
:109B7000FFFFFFFFFFFFFFFFFFFFFFFFFFFFFFFFF5
:109B8000FFFFFFFFFFFFFFFFFFFFFFFFFFFFFFFFE5
:109B9000FFFFFFFFFFFFFFFFFFFFFFFFFFFFFFFFD5
:109BA000FFFFFFFFFFFFFFFFFFFFFFFFFFFFFFFFC5
:109BB000FFFFFFFFFFFFFFFFFFFFFFFFFFFFFFFFB5
:109BC000FFFFFFFFFFFFFFFFFFFFFFFFFFFFFFFFA5
:109BD000FFFFFFFFFFFFFFFFFFFFFFFFFFFFFFFF95
:109BE000FFFFFFFFFFFFFFFFFFFFFFFFFFFFFFFF85
:109BF000FFFFFFFFFFFFFFFFFFFFFFFFFFFFFFFF75
:109C0000FFFFFFFFFFFFFFFFFFFFFFFFFFFFFFFF64
:109C1000FFFFFFFFFFFFFFFFFFFFFFFFFFFFFFFF54
:109C2000FFFFFFFFFFFFFFFFFFFFFFFFFFFFFFFF44
:109C3000FFFFFFFFFFFFFFFFFFFFFFFFFFFFFFFF34
:109C4000FFFFFFFFFFFFFFFFFFFFFFFFFFFFFFFF24
:109C5000FFFFFFFFFFFFFFFFFFFFFFFFFFFFFFFF14
:109C6000FFFFFFFFFFFFFFFFFFFFFFFFFFFFFFFF04
:109C7000FFFFFFFFFFFFFFFFFFFFFFFFFFFFFFFFF4
:109C8000FFFFFFFFFFFFFFFFFFFFFFFFFFFFFFFFE4
:109C9000FFFFFFFFFFFFFFFFFFFFFFFFFFFFFFFFD4
:109CA000FFFFFFFFFFFFFFFFFFFFFFFFFFFFFFFFC4
:109CB000FFFFFFFFFFFFFFFFFFFFFFFFFFFFFFFFB4
:109CC000FFFFFFFFFFFFFFFFFFFFFFFFFFFFFFFFA4
:109CD000FFFFFFFFFFFFFFFFFFFFFFFFFFFFFFFF94
:109CE000FFFFFFFFFFFFFFFFFFFFFFFFFFFFFFFF84
:109CF000FFFFFFFFFFFFFFFFFFFFFFFFFFFFFFFF74
:109D0000FFFFFFFFFFFFFFFFFFFFFFFFFFFFFFFF63
:109D1000FFFFFFFFFFFFFFFFFFFFFFFFFFFFFFFF53
:109D2000FFFFFFFFFFFFFFFFFFFFFFFFFFFFFFFF43
:109D3000FFFFFFFFFFFFFFFFFFFFFFFFFFFFFFFF33
:109D4000FFFFFFFFFFFFFFFFFFFFFFFFFFFFFFFF23
:109D5000FFFFFFFFFFFFFFFFFFFFFFFFFFFFFFFF13
:109D6000FFFFFFFFFFFFFFFFFFFFFFFFFFFFFFFF03
:109D7000FFFFFFFFFFFFFFFFFFFFFFFFFFFFFFFFF3
:109D8000FFFFFFFFFFFFFFFFFFFFFFFFFFFFFFFFE3
:109D9000FFFFFFFFFFFFFFFFFFFFFFFFFFFFFFFFD3
:109DA000FFFFFFFFFFFFFFFFFFFFFFFFFFFFFFFFC3
:109DB000FFFFFFFFFFFFFFFFFFFFFFFFFFFFFFFFB3
:109DC000FFFFFFFFFFFFFFFFFFFFFFFFFFFFFFFFA3
:109DD000FFFFFFFFFFFFFFFFFFFFFFFFFFFFFFFF93
:109DE000FFFFFFFFFFFFFFFFFFFFFFFFFFFFFFFF83
:109DF000FFFFFFFFFFFFFFFFFFFFFFFFFFFFFFFF73
:109E0000FFFFFFFFFFFFFFFFFFFFFFFFFFFFFFFF62
:109E1000FFFFFFFFFFFFFFFFFFFFFFFFFFFFFFFF52
:109E2000FFFFFFFFFFFFFFFFFFFFFFFFFFFFFFFF42
:109E3000FFFFFFFFFFFFFFFFFFFFFFFFFFFFFFFF32
:109E4000FFFFFFFFFFFFFFFFFFFFFFFFFFFFFFFF22
:109E5000FFFFFFFFFFFFFFFFFFFFFFFFFFFFFFFF12
:109E6000FFFFFFFFFFFFFFFFFFFFFFFFFFFFFFFF02
:109E7000FFFFFFFFFFFFFFFFFFFFFFFFFFFFFFFFF2
:109E8000FFFFFFFFFFFFFFFFFFFFFFFFFFFFFFFFE2
:109E9000FFFFFFFFFFFFFFFFFFFFFFFFFFFFFFFFD2
:109EA000FFFFFFFFFFFFFFFFFFFFFFFFFFFFFFFFC2
:109EB000FFFFFFFFFFFFFFFFFFFFFFFFFFFFFFFFB2
:109EC000FFFFFFFFFFFFFFFFFFFFFFFFFFFFFFFFA2
:109ED000FFFFFFFFFFFFFFFFFFFFFFFFFFFFFFFF92
:109EE000FFFFFFFFFFFFFFFFFFFFFFFFFFFFFFFF82
:109EF000FFFFFFFFFFFFFFFFFFFFFFFFFFFFFFFF72
:109F0000FFFFFFFFFFFFFFFFFFFFFFFFFFFFFFFF61
:109F1000FFFFFFFFFFFFFFFFFFFFFFFFFFFFFFFF51
:109F2000FFFFFFFFFFFFFFFFFFFFFFFFFFFFFFFF41
:109F3000FFFFFFFFFFFFFFFFFFFFFFFFFFFFFFFF31
:109F4000FFFFFFFFFFFFFFFFFFFFFFFFFFFFFFFF21
:109F5000FFFFFFFFFFFFFFFFFFFFFFFFFFFFFFFF11
:109F6000FFFFFFFFFFFFFFFFFFFFFFFFFFFFFFFF01
:109F7000FFFFFFFFFFFFFFFFFFFFFFFFFFFFFFFFF1
:109F8000FFFFFFFFFFFFFFFFFFFFFFFFFFFFFFFFE1
:109F9000FFFFFFFFFFFFFFFFFFFFFFFFFFFFFFFFD1
:109FA000FFFFFFFFFFFFFFFFFFFFFFFFFFFFFFFFC1
:109FB000FFFFFFFFFFFFFFFFFFFFFFFFFFFFFFFFB1
:109FC000FFFFFFFFFFFFFFFFFFFFFFFFFFFFFFFFA1
:109FD000FFFFFFFFFFFFFFFFFFFFFFFFFFFFFFFF91
:109FE000FFFFFFFFFFFFFFFFFFFFFFFFFFFFFFFF81
:109FF000FFFFFFFFFFFFFFFFFFFFFFFFFFFFFFFF71
:10A00000FFFFFFFFFFFFFFFFFFFFFFFFFFFFFFFF60
:10A01000FFFFFFFFFFFFFFFFFFFFFFFFFFFFFFFF50
:10A02000FFFFFFFFFFFFFFFFFFFFFFFFFFFFFFFF40
:10A03000FFFFFFFFFFFFFFFFFFFFFFFFFFFFFFFF30
:10A04000FFFFFFFFFFFFFFFFFFFFFFFFFFFFFFFF20
:10A05000FFFFFFFFFFFFFFFFFFFFFFFFFFFFFFFF10
:10A06000FFFFFFFFFFFFFFFFFFFFFFFFFFFFFFFF00
:10A07000FFFFFFFFFFFFFFFFFFFFFFFFFFFFFFFFF0
:10A08000FFFFFFFFFFFFFFFFFFFFFFFFFFFFFFFFE0
:10A09000FFFFFFFFFFFFFFFFFFFFFFFFFFFFFFFFD0
:10A0A000FFFFFFFFFFFFFFFFFFFFFFFFFFFFFFFFC0
:10A0B000FFFFFFFFFFFFFFFFFFFFFFFFFFFFFFFFB0
:10A0C000FFFFFFFFFFFFFFFFFFFFFFFFFFFFFFFFA0
:10A0D000FFFFFFFFFFFFFFFFFFFFFFFFFFFFFFFF90
:10A0E000FFFFFFFFFFFFFFFFFFFFFFFFFFFFFFFF80
:10A0F000FFFFFFFFFFFFFFFFFFFFFFFFFFFFFFFF70
:10A10000FFFFFFFFFFFFFFFFFFFFFFFFFFFFFFFF5F
:10A11000FFFFFFFFFFFFFFFFFFFFFFFFFFFFFFFF4F
:10A12000FFFFFFFFFFFFFFFFFFFFFFFFFFFFFFFF3F
:10A13000FFFFFFFFFFFFFFFFFFFFFFFFFFFFFFFF2F
:10A14000FFFFFFFFFFFFFFFFFFFFFFFFFFFFFFFF1F
:10A15000FFFFFFFFFFFFFFFFFFFFFFFFFFFFFFFF0F
:10A16000FFFFFFFFFFFFFFFFFFFFFFFFFFFFFFFFFF
:10A17000FFFFFFFFFFFFFFFFFFFFFFFFFFFFFFFFEF
:10A18000FFFFFFFFFFFFFFFFFFFFFFFFFFFFFFFFDF
:10A19000FFFFFFFFFFFFFFFFFFFFFFFFFFFFFFFFCF
:10A1A000FFFFFFFFFFFFFFFFFFFFFFFFFFFFFFFFBF
:10A1B000FFFFFFFFFFFFFFFFFFFFFFFFFFFFFFFFAF
:10A1C000FFFFFFFFFFFFFFFFFFFFFFFFFFFFFFFF9F
:10A1D000FFFFFFFFFFFFFFFFFFFFFFFFFFFFFFFF8F
:10A1E000FFFFFFFFFFFFFFFFFFFFFFFFFFFFFFFF7F
:10A1F000FFFFFFFFFFFFFFFFFFFFFFFFFFFFFFFF6F
:10A20000FFFFFFFFFFFFFFFFFFFFFFFFFFFFFFFF5E
:10A21000FFFFFFFFFFFFFFFFFFFFFFFFFFFFFFFF4E
:10A22000FFFFFFFFFFFFFFFFFFFFFFFFFFFFFFFF3E
:10A23000FFFFFFFFFFFFFFFFFFFFFFFFFFFFFFFF2E
:10A24000FFFFFFFFFFFFFFFFFFFFFFFFFFFFFFFF1E
:10A25000FFFFFFFFFFFFFFFFFFFFFFFFFFFFFFFF0E
:10A26000FFFFFFFFFFFFFFFFFFFFFFFFFFFFFFFFFE
:10A27000FFFFFFFFFFFFFFFFFFFFFFFFFFFFFFFFEE
:10A28000FFFFFFFFFFFFFFFFFFFFFFFFFFFFFFFFDE
:10A29000FFFFFFFFFFFFFFFFFFFFFFFFFFFFFFFFCE
:10A2A000FFFFFFFFFFFFFFFFFFFFFFFFFFFFFFFFBE
:10A2B000FFFFFFFFFFFFFFFFFFFFFFFFFFFFFFFFAE
:10A2C000FFFFFFFFFFFFFFFFFFFFFFFFFFFFFFFF9E
:10A2D000FFFFFFFFFFFFFFFFFFFFFFFFFFFFFFFF8E
:10A2E000FFFFFFFFFFFFFFFFFFFFFFFFFFFFFFFF7E
:10A2F000FFFFFFFFFFFFFFFFFFFFFFFFFFFFFFFF6E
:10A30000FFFFFFFFFFFFFFFFFFFFFFFFFFFFFFFF5D
:10A31000FFFFFFFFFFFFFFFFFFFFFFFFFFFFFFFF4D
:10A32000FFFFFFFFFFFFFFFFFFFFFFFFFFFFFFFF3D
:10A33000FFFFFFFFFFFFFFFFFFFFFFFFFFFFFFFF2D
:10A34000FFFFFFFFFFFFFFFFFFFFFFFFFFFFFFFF1D
:10A35000FFFFFFFFFFFFFFFFFFFFFFFFFFFFFFFF0D
:10A36000FFFFFFFFFFFFFFFFFFFFFFFFFFFFFFFFFD
:10A37000FFFFFFFFFFFFFFFFFFFFFFFFFFFFFFFFED
:10A38000FFFFFFFFFFFFFFFFFFFFFFFFFFFFFFFFDD
:10A39000FFFFFFFFFFFFFFFFFFFFFFFFFFFFFFFFCD
:10A3A000FFFFFFFFFFFFFFFFFFFFFFFFFFFFFFFFBD
:10A3B000FFFFFFFFFFFFFFFFFFFFFFFFFFFFFFFFAD
:10A3C000FFFFFFFFFFFFFFFFFFFFFFFFFFFFFFFF9D
:10A3D000FFFFFFFFFFFFFFFFFFFFFFFFFFFFFFFF8D
:10A3E000FFFFFFFFFFFFFFFFFFFFFFFFFFFFFFFF7D
:10A3F000FFFFFFFFFFFFFFFFFFFFFFFFFFFFFFFF6D
:10A40000FFFFFFFFFFFFFFFFFFFFFFFFFFFFFFFF5C
:10A41000FFFFFFFFFFFFFFFFFFFFFFFFFFFFFFFF4C
:10A42000FFFFFFFFFFFFFFFFFFFFFFFFFFFFFFFF3C
:10A43000FFFFFFFFFFFFFFFFFFFFFFFFFFFFFFFF2C
:10A44000FFFFFFFFFFFFFFFFFFFFFFFFFFFFFFFF1C
:10A45000FFFFFFFFFFFFFFFFFFFFFFFFFFFFFFFF0C
:10A46000FFFFFFFFFFFFFFFFFFFFFFFFFFFFFFFFFC
:10A47000FFFFFFFFFFFFFFFFFFFFFFFFFFFFFFFFEC
:10A48000FFFFFFFFFFFFFFFFFFFFFFFFFFFFFFFFDC
:10A49000FFFFFFFFFFFFFFFFFFFFFFFFFFFFFFFFCC
:10A4A000FFFFFFFFFFFFFFFFFFFFFFFFFFFFFFFFBC
:10A4B000FFFFFFFFFFFFFFFFFFFFFFFFFFFFFFFFAC
:10A4C000FFFFFFFFFFFFFFFFFFFFFFFFFFFFFFFF9C
:10A4D000FFFFFFFFFFFFFFFFFFFFFFFFFFFFFFFF8C
:10A4E000FFFFFFFFFFFFFFFFFFFFFFFFFFFFFFFF7C
:10A4F000FFFFFFFFFFFFFFFFFFFFFFFFFFFFFFFF6C
:10A50000FFFFFFFFFFFFFFFFFFFFFFFFFFFFFFFF5B
:10A51000FFFFFFFFFFFFFFFFFFFFFFFFFFFFFFFF4B
:10A52000FFFFFFFFFFFFFFFFFFFFFFFFFFFFFFFF3B
:10A53000FFFFFFFFFFFFFFFFFFFFFFFFFFFFFFFF2B
:10A54000FFFFFFFFFFFFFFFFFFFFFFFFFFFFFFFF1B
:10A55000FFFFFFFFFFFFFFFFFFFFFFFFFFFFFFFF0B
:10A56000FFFFFFFFFFFFFFFFFFFFFFFFFFFFFFFFFB
:10A57000FFFFFFFFFFFFFFFFFFFFFFFFFFFFFFFFEB
:10A58000FFFFFFFFFFFFFFFFFFFFFFFFFFFFFFFFDB
:10A59000FFFFFFFFFFFFFFFFFFFFFFFFFFFFFFFFCB
:10A5A000FFFFFFFFFFFFFFFFFFFFFFFFFFFFFFFFBB
:10A5B000FFFFFFFFFFFFFFFFFFFFFFFFFFFFFFFFAB
:10A5C000FFFFFFFFFFFFFFFFFFFFFFFFFFFFFFFF9B
:10A5D000FFFFFFFFFFFFFFFFFFFFFFFFFFFFFFFF8B
:10A5E000FFFFFFFFFFFFFFFFFFFFFFFFFFFFFFFF7B
:10A5F000FFFFFFFFFFFFFFFFFFFFFFFFFFFFFFFF6B
:10A60000FFFFFFFFFFFFFFFFFFFFFFFFFFFFFFFF5A
:10A61000FFFFFFFFFFFFFFFFFFFFFFFFFFFFFFFF4A
:10A62000FFFFFFFFFFFFFFFFFFFFFFFFFFFFFFFF3A
:10A63000FFFFFFFFFFFFFFFFFFFFFFFFFFFFFFFF2A
:10A64000FFFFFFFFFFFFFFFFFFFFFFFFFFFFFFFF1A
:10A65000FFFFFFFFFFFFFFFFFFFFFFFFFFFFFFFF0A
:10A66000FFFFFFFFFFFFFFFFFFFFFFFFFFFFFFFFFA
:10A67000FFFFFFFFFFFFFFFFFFFFFFFFFFFFFFFFEA
:10A68000FFFFFFFFFFFFFFFFFFFFFFFFFFFFFFFFDA
:10A69000FFFFFFFFFFFFFFFFFFFFFFFFFFFFFFFFCA
:10A6A000FFFFFFFFFFFFFFFFFFFFFFFFFFFFFFFFBA
:10A6B000FFFFFFFFFFFFFFFFFFFFFFFFFFFFFFFFAA
:10A6C000FFFFFFFFFFFFFFFFFFFFFFFFFFFFFFFF9A
:10A6D000FFFFFFFFFFFFFFFFFFFFFFFFFFFFFFFF8A
:10A6E000FFFFFFFFFFFFFFFFFFFFFFFFFFFFFFFF7A
:10A6F000FFFFFFFFFFFFFFFFFFFFFFFFFFFFFFFF6A
:10A70000FFFFFFFFFFFFFFFFFFFFFFFFFFFFFFFF59
:10A71000FFFFFFFFFFFFFFFFFFFFFFFFFFFFFFFF49
:10A72000FFFFFFFFFFFFFFFFFFFFFFFFFFFFFFFF39
:10A73000FFFFFFFFFFFFFFFFFFFFFFFFFFFFFFFF29
:10A74000FFFFFFFFFFFFFFFFFFFFFFFFFFFFFFFF19
:10A75000FFFFFFFFFFFFFFFFFFFFFFFFFFFFFFFF09
:10A76000FFFFFFFFFFFFFFFFFFFFFFFFFFFFFFFFF9
:10A77000FFFFFFFFFFFFFFFFFFFFFFFFFFFFFFFFE9
:10A78000FFFFFFFFFFFFFFFFFFFFFFFFFFFFFFFFD9
:10A79000FFFFFFFFFFFFFFFFFFFFFFFFFFFFFFFFC9
:10A7A000FFFFFFFFFFFFFFFFFFFFFFFFFFFFFFFFB9
:10A7B000FFFFFFFFFFFFFFFFFFFFFFFFFFFFFFFFA9
:10A7C000FFFFFFFFFFFFFFFFFFFFFFFFFFFFFFFF99
:10A7D000FFFFFFFFFFFFFFFFFFFFFFFFFFFFFFFF89
:10A7E000FFFFFFFFFFFFFFFFFFFFFFFFFFFFFFFF79
:10A7F000FFFFFFFFFFFFFFFFFFFFFFFFFFFFFFFF69
:10A80000FFFFFFFFFFFFFFFFFFFFFFFFFFFFFFFF58
:10A81000FFFFFFFFFFFFFFFFFFFFFFFFFFFFFFFF48
:10A82000FFFFFFFFFFFFFFFFFFFFFFFFFFFFFFFF38
:10A83000FFFFFFFFFFFFFFFFFFFFFFFFFFFFFFFF28
:10A84000FFFFFFFFFFFFFFFFFFFFFFFFFFFFFFFF18
:10A85000FFFFFFFFFFFFFFFFFFFFFFFFFFFFFFFF08
:10A86000FFFFFFFFFFFFFFFFFFFFFFFFFFFFFFFFF8
:10A87000FFFFFFFFFFFFFFFFFFFFFFFFFFFFFFFFE8
:10A88000FFFFFFFFFFFFFFFFFFFFFFFFFFFFFFFFD8
:10A89000FFFFFFFFFFFFFFFFFFFFFFFFFFFFFFFFC8
:10A8A000FFFFFFFFFFFFFFFFFFFFFFFFFFFFFFFFB8
:10A8B000FFFFFFFFFFFFFFFFFFFFFFFFFFFFFFFFA8
:10A8C000FFFFFFFFFFFFFFFFFFFFFFFFFFFFFFFF98
:10A8D000FFFFFFFFFFFFFFFFFFFFFFFFFFFFFFFF88
:10A8E000FFFFFFFFFFFFFFFFFFFFFFFFFFFFFFFF78
:10A8F000FFFFFFFFFFFFFFFFFFFFFFFFFFFFFFFF68
:10A90000FFFFFFFFFFFFFFFFFFFFFFFFFFFFFFFF57
:10A91000FFFFFFFFFFFFFFFFFFFFFFFFFFFFFFFF47
:10A92000FFFFFFFFFFFFFFFFFFFFFFFFFFFFFFFF37
:10A93000FFFFFFFFFFFFFFFFFFFFFFFFFFFFFFFF27
:10A94000FFFFFFFFFFFFFFFFFFFFFFFFFFFFFFFF17
:10A95000FFFFFFFFFFFFFFFFFFFFFFFFFFFFFFFF07
:10A96000FFFFFFFFFFFFFFFFFFFFFFFFFFFFFFFFF7
:10A97000FFFFFFFFFFFFFFFFFFFFFFFFFFFFFFFFE7
:10A98000FFFFFFFFFFFFFFFFFFFFFFFFFFFFFFFFD7
:10A99000FFFFFFFFFFFFFFFFFFFFFFFFFFFFFFFFC7
:10A9A000FFFFFFFFFFFFFFFFFFFFFFFFFFFFFFFFB7
:10A9B000FFFFFFFFFFFFFFFFFFFFFFFFFFFFFFFFA7
:10A9C000FFFFFFFFFFFFFFFFFFFFFFFFFFFFFFFF97
:10A9D000FFFFFFFFFFFFFFFFFFFFFFFFFFFFFFFF87
:10A9E000FFFFFFFFFFFFFFFFFFFFFFFFFFFFFFFF77
:10A9F000FFFFFFFFFFFFFFFFFFFFFFFFFFFFFFFF67
:10AA0000FFFFFFFFFFFFFFFFFFFFFFFFFFFFFFFF56
:10AA1000FFFFFFFFFFFFFFFFFFFFFFFFFFFFFFFF46
:10AA2000FFFFFFFFFFFFFFFFFFFFFFFFFFFFFFFF36
:10AA3000FFFFFFFFFFFFFFFFFFFFFFFFFFFFFFFF26
:10AA4000FFFFFFFFFFFFFFFFFFFFFFFFFFFFFFFF16
:10AA5000FFFFFFFFFFFFFFFFFFFFFFFFFFFFFFFF06
:10AA6000FFFFFFFFFFFFFFFFFFFFFFFFFFFFFFFFF6
:10AA7000FFFFFFFFFFFFFFFFFFFFFFFFFFFFFFFFE6
:10AA8000FFFFFFFFFFFFFFFFFFFFFFFFFFFFFFFFD6
:10AA9000FFFFFFFFFFFFFFFFFFFFFFFFFFFFFFFFC6
:10AAA000FFFFFFFFFFFFFFFFFFFFFFFFFFFFFFFFB6
:10AAB000FFFFFFFFFFFFFFFFFFFFFFFFFFFFFFFFA6
:10AAC000FFFFFFFFFFFFFFFFFFFFFFFFFFFFFFFF96
:10AAD000FFFFFFFFFFFFFFFFFFFFFFFFFFFFFFFF86
:10AAE000FFFFFFFFFFFFFFFFFFFFFFFFFFFFFFFF76
:10AAF000FFFFFFFFFFFFFFFFFFFFFFFFFFFFFFFF66
:10AB0000FFFFFFFFFFFFFFFFFFFFFFFFFFFFFFFF55
:10AB1000FFFFFFFFFFFFFFFFFFFFFFFFFFFFFFFF45
:10AB2000FFFFFFFFFFFFFFFFFFFFFFFFFFFFFFFF35
:10AB3000FFFFFFFFFFFFFFFFFFFFFFFFFFFFFFFF25
:10AB4000FFFFFFFFFFFFFFFFFFFFFFFFFFFFFFFF15
:10AB5000FFFFFFFFFFFFFFFFFFFFFFFFFFFFFFFF05
:10AB6000FFFFFFFFFFFFFFFFFFFFFFFFFFFFFFFFF5
:10AB7000FFFFFFFFFFFFFFFFFFFFFFFFFFFFFFFFE5
:10AB8000FFFFFFFFFFFFFFFFFFFFFFFFFFFFFFFFD5
:10AB9000FFFFFFFFFFFFFFFFFFFFFFFFFFFFFFFFC5
:10ABA000FFFFFFFFFFFFFFFFFFFFFFFFFFFFFFFFB5
:10ABB000FFFFFFFFFFFFFFFFFFFFFFFFFFFFFFFFA5
:10ABC000FFFFFFFFFFFFFFFFFFFFFFFFFFFFFFFF95
:10ABD000FFFFFFFFFFFFFFFFFFFFFFFFFFFFFFFF85
:10ABE000FFFFFFFFFFFFFFFFFFFFFFFFFFFFFFFF75
:10ABF000FFFFFFFFFFFFFFFFFFFFFFFFFFFFFFFF65
:10AC0000FFFFFFFFFFFFFFFFFFFFFFFFFFFFFFFF54
:10AC1000FFFFFFFFFFFFFFFFFFFFFFFFFFFFFFFF44
:10AC2000FFFFFFFFFFFFFFFFFFFFFFFFFFFFFFFF34
:10AC3000FFFFFFFFFFFFFFFFFFFFFFFFFFFFFFFF24
:10AC4000FFFFFFFFFFFFFFFFFFFFFFFFFFFFFFFF14
:10AC5000FFFFFFFFFFFFFFFFFFFFFFFFFFFFFFFF04
:10AC6000FFFFFFFFFFFFFFFFFFFFFFFFFFFFFFFFF4
:10AC7000FFFFFFFFFFFFFFFFFFFFFFFFFFFFFFFFE4
:10AC8000FFFFFFFFFFFFFFFFFFFFFFFFFFFFFFFFD4
:10AC9000FFFFFFFFFFFFFFFFFFFFFFFFFFFFFFFFC4
:10ACA000FFFFFFFFFFFFFFFFFFFFFFFFFFFFFFFFB4
:10ACB000FFFFFFFFFFFFFFFFFFFFFFFFFFFFFFFFA4
:10ACC000FFFFFFFFFFFFFFFFFFFFFFFFFFFFFFFF94
:10ACD000FFFFFFFFFFFFFFFFFFFFFFFFFFFFFFFF84
:10ACE000FFFFFFFFFFFFFFFFFFFFFFFFFFFFFFFF74
:10ACF000FFFFFFFFFFFFFFFFFFFFFFFFFFFFFFFF64
:10AD0000FFFFFFFFFFFFFFFFFFFFFFFFFFFFFFFF53
:10AD1000FFFFFFFFFFFFFFFFFFFFFFFFFFFFFFFF43
:10AD2000FFFFFFFFFFFFFFFFFFFFFFFFFFFFFFFF33
:10AD3000FFFFFFFFFFFFFFFFFFFFFFFFFFFFFFFF23
:10AD4000FFFFFFFFFFFFFFFFFFFFFFFFFFFFFFFF13
:10AD5000FFFFFFFFFFFFFFFFFFFFFFFFFFFFFFFF03
:10AD6000FFFFFFFFFFFFFFFFFFFFFFFFFFFFFFFFF3
:10AD7000FFFFFFFFFFFFFFFFFFFFFFFFFFFFFFFFE3
:10AD8000FFFFFFFFFFFFFFFFFFFFFFFFFFFFFFFFD3
:10AD9000FFFFFFFFFFFFFFFFFFFFFFFFFFFFFFFFC3
:10ADA000FFFFFFFFFFFFFFFFFFFFFFFFFFFFFFFFB3
:10ADB000FFFFFFFFFFFFFFFFFFFFFFFFFFFFFFFFA3
:10ADC000FFFFFFFFFFFFFFFFFFFFFFFFFFFFFFFF93
:10ADD000FFFFFFFFFFFFFFFFFFFFFFFFFFFFFFFF83
:10ADE000FFFFFFFFFFFFFFFFFFFFFFFFFFFFFFFF73
:10ADF000FFFFFFFFFFFFFFFFFFFFFFFFFFFFFFFF63
:10AE0000FFFFFFFFFFFFFFFFFFFFFFFFFFFFFFFF52
:10AE1000FFFFFFFFFFFFFFFFFFFFFFFFFFFFFFFF42
:10AE2000FFFFFFFFFFFFFFFFFFFFFFFFFFFFFFFF32
:10AE3000FFFFFFFFFFFFFFFFFFFFFFFFFFFFFFFF22
:10AE4000FFFFFFFFFFFFFFFFFFFFFFFFFFFFFFFF12
:10AE5000FFFFFFFFFFFFFFFFFFFFFFFFFFFFFFFF02
:10AE6000FFFFFFFFFFFFFFFFFFFFFFFFFFFFFFFFF2
:10AE7000FFFFFFFFFFFFFFFFFFFFFFFFFFFFFFFFE2
:10AE8000FFFFFFFFFFFFFFFFFFFFFFFFFFFFFFFFD2
:10AE9000FFFFFFFFFFFFFFFFFFFFFFFFFFFFFFFFC2
:10AEA000FFFFFFFFFFFFFFFFFFFFFFFFFFFFFFFFB2
:10AEB000FFFFFFFFFFFFFFFFFFFFFFFFFFFFFFFFA2
:10AEC000FFFFFFFFFFFFFFFFFFFFFFFFFFFFFFFF92
:10AED000FFFFFFFFFFFFFFFFFFFFFFFFFFFFFFFF82
:10AEE000FFFFFFFFFFFFFFFFFFFFFFFFFFFFFFFF72
:10AEF000FFFFFFFFFFFFFFFFFFFFFFFFFFFFFFFF62
:10AF0000FFFFFFFFFFFFFFFFFFFFFFFFFFFFFFFF51
:10AF1000FFFFFFFFFFFFFFFFFFFFFFFFFFFFFFFF41
:10AF2000FFFFFFFFFFFFFFFFFFFFFFFFFFFFFFFF31
:10AF3000FFFFFFFFFFFFFFFFFFFFFFFFFFFFFFFF21
:10AF4000FFFFFFFFFFFFFFFFFFFFFFFFFFFFFFFF11
:10AF5000FFFFFFFFFFFFFFFFFFFFFFFFFFFFFFFF01
:10AF6000FFFFFFFFFFFFFFFFFFFFFFFFFFFFFFFFF1
:10AF7000FFFFFFFFFFFFFFFFFFFFFFFFFFFFFFFFE1
:10AF8000FFFFFFFFFFFFFFFFFFFFFFFFFFFFFFFFD1
:10AF9000FFFFFFFFFFFFFFFFFFFFFFFFFFFFFFFFC1
:10AFA000FFFFFFFFFFFFFFFFFFFFFFFFFFFFFFFFB1
:10AFB000FFFFFFFFFFFFFFFFFFFFFFFFFFFFFFFFA1
:10AFC000FFFFFFFFFFFFFFFFFFFFFFFFFFFFFFFF91
:10AFD000FFFFFFFFFFFFFFFFFFFFFFFFFFFFFFFF81
:10AFE000FFFFFFFFFFFFFFFFFFFFFFFFFFFFFFFF71
:10AFF000FFFFFFFFFFFFFFFFFFFFFFFFFFFFFFFF61
:10B00000FFFFFFFFFFFFFFFFFFFFFFFFFFFFFFFF50
:10B01000FFFFFFFFFFFFFFFFFFFFFFFFFFFFFFFF40
:10B02000FFFFFFFFFFFFFFFFFFFFFFFFFFFFFFFF30
:10B03000FFFFFFFFFFFFFFFFFFFFFFFFFFFFFFFF20
:10B04000FFFFFFFFFFFFFFFFFFFFFFFFFFFFFFFF10
:10B05000FFFFFFFFFFFFFFFFFFFFFFFFFFFFFFFF00
:10B06000FFFFFFFFFFFFFFFFFFFFFFFFFFFFFFFFF0
:10B07000FFFFFFFFFFFFFFFFFFFFFFFFFFFFFFFFE0
:10B08000FFFFFFFFFFFFFFFFFFFFFFFFFFFFFFFFD0
:10B09000FFFFFFFFFFFFFFFFFFFFFFFFFFFFFFFFC0
:10B0A000FFFFFFFFFFFFFFFFFFFFFFFFFFFFFFFFB0
:10B0B000FFFFFFFFFFFFFFFFFFFFFFFFFFFFFFFFA0
:10B0C000FFFFFFFFFFFFFFFFFFFFFFFFFFFFFFFF90
:10B0D000FFFFFFFFFFFFFFFFFFFFFFFFFFFFFFFF80
:10B0E000FFFFFFFFFFFFFFFFFFFFFFFFFFFFFFFF70
:10B0F000FFFFFFFFFFFFFFFFFFFFFFFFFFFFFFFF60
:10B10000FFFFFFFFFFFFFFFFFFFFFFFFFFFFFFFF4F
:10B11000FFFFFFFFFFFFFFFFFFFFFFFFFFFFFFFF3F
:10B12000FFFFFFFFFFFFFFFFFFFFFFFFFFFFFFFF2F
:10B13000FFFFFFFFFFFFFFFFFFFFFFFFFFFFFFFF1F
:10B14000FFFFFFFFFFFFFFFFFFFFFFFFFFFFFFFF0F
:10B15000FFFFFFFFFFFFFFFFFFFFFFFFFFFFFFFFFF
:10B16000FFFFFFFFFFFFFFFFFFFFFFFFFFFFFFFFEF
:10B17000FFFFFFFFFFFFFFFFFFFFFFFFFFFFFFFFDF
:10B18000FFFFFFFFFFFFFFFFFFFFFFFFFFFFFFFFCF
:10B19000FFFFFFFFFFFFFFFFFFFFFFFFFFFFFFFFBF
:10B1A000FFFFFFFFFFFFFFFFFFFFFFFFFFFFFFFFAF
:10B1B000FFFFFFFFFFFFFFFFFFFFFFFFFFFFFFFF9F
:10B1C000FFFFFFFFFFFFFFFFFFFFFFFFFFFFFFFF8F
:10B1D000FFFFFFFFFFFFFFFFFFFFFFFFFFFFFFFF7F
:10B1E000FFFFFFFFFFFFFFFFFFFFFFFFFFFFFFFF6F
:10B1F000FFFFFFFFFFFFFFFFFFFFFFFFFFFFFFFF5F
:10B20000FFFFFFFFFFFFFFFFFFFFFFFFFFFFFFFF4E
:10B21000FFFFFFFFFFFFFFFFFFFFFFFFFFFFFFFF3E
:10B22000FFFFFFFFFFFFFFFFFFFFFFFFFFFFFFFF2E
:10B23000FFFFFFFFFFFFFFFFFFFFFFFFFFFFFFFF1E
:10B24000FFFFFFFFFFFFFFFFFFFFFFFFFFFFFFFF0E
:10B25000FFFFFFFFFFFFFFFFFFFFFFFFFFFFFFFFFE
:10B26000FFFFFFFFFFFFFFFFFFFFFFFFFFFFFFFFEE
:10B27000FFFFFFFFFFFFFFFFFFFFFFFFFFFFFFFFDE
:10B28000FFFFFFFFFFFFFFFFFFFFFFFFFFFFFFFFCE
:10B29000FFFFFFFFFFFFFFFFFFFFFFFFFFFFFFFFBE
:10B2A000FFFFFFFFFFFFFFFFFFFFFFFFFFFFFFFFAE
:10B2B000FFFFFFFFFFFFFFFFFFFFFFFFFFFFFFFF9E
:10B2C000FFFFFFFFFFFFFFFFFFFFFFFFFFFFFFFF8E
:10B2D000FFFFFFFFFFFFFFFFFFFFFFFFFFFFFFFF7E
:10B2E000FFFFFFFFFFFFFFFFFFFFFFFFFFFFFFFF6E
:10B2F000FFFFFFFFFFFFFFFFFFFFFFFFFFFFFFFF5E
:10B30000FFFFFFFFFFFFFFFFFFFFFFFFFFFFFFFF4D
:10B31000FFFFFFFFFFFFFFFFFFFFFFFFFFFFFFFF3D
:10B32000FFFFFFFFFFFFFFFFFFFFFFFFFFFFFFFF2D
:10B33000FFFFFFFFFFFFFFFFFFFFFFFFFFFFFFFF1D
:10B34000FFFFFFFFFFFFFFFFFFFFFFFFFFFFFFFF0D
:10B35000FFFFFFFFFFFFFFFFFFFFFFFFFFFFFFFFFD
:10B36000FFFFFFFFFFFFFFFFFFFFFFFFFFFFFFFFED
:10B37000FFFFFFFFFFFFFFFFFFFFFFFFFFFFFFFFDD
:10B38000FFFFFFFFFFFFFFFFFFFFFFFFFFFFFFFFCD
:10B39000FFFFFFFFFFFFFFFFFFFFFFFFFFFFFFFFBD
:10B3A000FFFFFFFFFFFFFFFFFFFFFFFFFFFFFFFFAD
:10B3B000FFFFFFFFFFFFFFFFFFFFFFFFFFFFFFFF9D
:10B3C000FFFFFFFFFFFFFFFFFFFFFFFFFFFFFFFF8D
:10B3D000FFFFFFFFFFFFFFFFFFFFFFFFFFFFFFFF7D
:10B3E000FFFFFFFFFFFFFFFFFFFFFFFFFFFFFFFF6D
:10B3F000FFFFFFFFFFFFFFFFFFFFFFFFFFFFFFFF5D
:10B40000FFFFFFFFFFFFFFFFFFFFFFFFFFFFFFFF4C
:10B41000FFFFFFFFFFFFFFFFFFFFFFFFFFFFFFFF3C
:10B42000FFFFFFFFFFFFFFFFFFFFFFFFFFFFFFFF2C
:10B43000FFFFFFFFFFFFFFFFFFFFFFFFFFFFFFFF1C
:10B44000FFFFFFFFFFFFFFFFFFFFFFFFFFFFFFFF0C
:10B45000FFFFFFFFFFFFFFFFFFFFFFFFFFFFFFFFFC
:10B46000FFFFFFFFFFFFFFFFFFFFFFFFFFFFFFFFEC
:10B47000FFFFFFFFFFFFFFFFFFFFFFFFFFFFFFFFDC
:10B48000FFFFFFFFFFFFFFFFFFFFFFFFFFFFFFFFCC
:10B49000FFFFFFFFFFFFFFFFFFFFFFFFFFFFFFFFBC
:10B4A000FFFFFFFFFFFFFFFFFFFFFFFFFFFFFFFFAC
:10B4B000FFFFFFFFFFFFFFFFFFFFFFFFFFFFFFFF9C
:10B4C000FFFFFFFFFFFFFFFFFFFFFFFFFFFFFFFF8C
:10B4D000FFFFFFFFFFFFFFFFFFFFFFFFFFFFFFFF7C
:10B4E000FFFFFFFFFFFFFFFFFFFFFFFFFFFFFFFF6C
:10B4F000FFFFFFFFFFFFFFFFFFFFFFFFFFFFFFFF5C
:10B50000FFFFFFFFFFFFFFFFFFFFFFFFFFFFFFFF4B
:10B51000FFFFFFFFFFFFFFFFFFFFFFFFFFFFFFFF3B
:10B52000FFFFFFFFFFFFFFFFFFFFFFFFFFFFFFFF2B
:10B53000FFFFFFFFFFFFFFFFFFFFFFFFFFFFFFFF1B
:10B54000FFFFFFFFFFFFFFFFFFFFFFFFFFFFFFFF0B
:10B55000FFFFFFFFFFFFFFFFFFFFFFFFFFFFFFFFFB
:10B56000FFFFFFFFFFFFFFFFFFFFFFFFFFFFFFFFEB
:10B57000FFFFFFFFFFFFFFFFFFFFFFFFFFFFFFFFDB
:10B58000FFFFFFFFFFFFFFFFFFFFFFFFFFFFFFFFCB
:10B59000FFFFFFFFFFFFFFFFFFFFFFFFFFFFFFFFBB
:10B5A000FFFFFFFFFFFFFFFFFFFFFFFFFFFFFFFFAB
:10B5B000FFFFFFFFFFFFFFFFFFFFFFFFFFFFFFFF9B
:10B5C000FFFFFFFFFFFFFFFFFFFFFFFFFFFFFFFF8B
:10B5D000FFFFFFFFFFFFFFFFFFFFFFFFFFFFFFFF7B
:10B5E000FFFFFFFFFFFFFFFFFFFFFFFFFFFFFFFF6B
:10B5F000FFFFFFFFFFFFFFFFFFFFFFFFFFFFFFFF5B
:10B60000FFFFFFFFFFFFFFFFFFFFFFFFFFFFFFFF4A
:10B61000FFFFFFFFFFFFFFFFFFFFFFFFFFFFFFFF3A
:10B62000FFFFFFFFFFFFFFFFFFFFFFFFFFFFFFFF2A
:10B63000FFFFFFFFFFFFFFFFFFFFFFFFFFFFFFFF1A
:10B64000FFFFFFFFFFFFFFFFFFFFFFFFFFFFFFFF0A
:10B65000FFFFFFFFFFFFFFFFFFFFFFFFFFFFFFFFFA
:10B66000FFFFFFFFFFFFFFFFFFFFFFFFFFFFFFFFEA
:10B67000FFFFFFFFFFFFFFFFFFFFFFFFFFFFFFFFDA
:10B68000FFFFFFFFFFFFFFFFFFFFFFFFFFFFFFFFCA
:10B69000FFFFFFFFFFFFFFFFFFFFFFFFFFFFFFFFBA
:10B6A000FFFFFFFFFFFFFFFFFFFFFFFFFFFFFFFFAA
:10B6B000FFFFFFFFFFFFFFFFFFFFFFFFFFFFFFFF9A
:10B6C000FFFFFFFFFFFFFFFFFFFFFFFFFFFFFFFF8A
:10B6D000FFFFFFFFFFFFFFFFFFFFFFFFFFFFFFFF7A
:10B6E000FFFFFFFFFFFFFFFFFFFFFFFFFFFFFFFF6A
:10B6F000FFFFFFFFFFFFFFFFFFFFFFFFFFFFFFFF5A
:10B70000FFFFFFFFFFFFFFFFFFFFFFFFFFFFFFFF49
:10B71000FFFFFFFFFFFFFFFFFFFFFFFFFFFFFFFF39
:10B72000FFFFFFFFFFFFFFFFFFFFFFFFFFFFFFFF29
:10B73000FFFFFFFFFFFFFFFFFFFFFFFFFFFFFFFF19
:10B74000FFFFFFFFFFFFFFFFFFFFFFFFFFFFFFFF09
:10B75000FFFFFFFFFFFFFFFFFFFFFFFFFFFFFFFFF9
:10B76000FFFFFFFFFFFFFFFFFFFFFFFFFFFFFFFFE9
:10B77000FFFFFFFFFFFFFFFFFFFFFFFFFFFFFFFFD9
:10B78000FFFFFFFFFFFFFFFFFFFFFFFFFFFFFFFFC9
:10B79000FFFFFFFFFFFFFFFFFFFFFFFFFFFFFFFFB9
:10B7A000FFFFFFFFFFFFFFFFFFFFFFFFFFFFFFFFA9
:10B7B000FFFFFFFFFFFFFFFFFFFFFFFFFFFFFFFF99
:10B7C000FFFFFFFFFFFFFFFFFFFFFFFFFFFFFFFF89
:10B7D000FFFFFFFFFFFFFFFFFFFFFFFFFFFFFFFF79
:10B7E000FFFFFFFFFFFFFFFFFFFFFFFFFFFFFFFF69
:10B7F000FFFFFFFFFFFFFFFFFFFFFFFFFFFFFFFF59
:10B80000FFFFFFFFFFFFFFFFFFFFFFFFFFFFFFFF48
:10B81000FFFFFFFFFFFFFFFFFFFFFFFFFFFFFFFF38
:10B82000FFFFFFFFFFFFFFFFFFFFFFFFFFFFFFFF28
:10B83000FFFFFFFFFFFFFFFFFFFFFFFFFFFFFFFF18
:10B84000FFFFFFFFFFFFFFFFFFFFFFFFFFFFFFFF08
:10B85000FFFFFFFFFFFFFFFFFFFFFFFFFFFFFFFFF8
:10B86000FFFFFFFFFFFFFFFFFFFFFFFFFFFFFFFFE8
:10B87000FFFFFFFFFFFFFFFFFFFFFFFFFFFFFFFFD8
:10B88000FFFFFFFFFFFFFFFFFFFFFFFFFFFFFFFFC8
:10B89000FFFFFFFFFFFFFFFFFFFFFFFFFFFFFFFFB8
:10B8A000FFFFFFFFFFFFFFFFFFFFFFFFFFFFFFFFA8
:10B8B000FFFFFFFFFFFFFFFFFFFFFFFFFFFFFFFF98
:10B8C000FFFFFFFFFFFFFFFFFFFFFFFFFFFFFFFF88
:10B8D000FFFFFFFFFFFFFFFFFFFFFFFFFFFFFFFF78
:10B8E000FFFFFFFFFFFFFFFFFFFFFFFFFFFFFFFF68
:10B8F000FFFFFFFFFFFFFFFFFFFFFFFFFFFFFFFF58
:10B90000FFFFFFFFFFFFFFFFFFFFFFFFFFFFFFFF47
:10B91000FFFFFFFFFFFFFFFFFFFFFFFFFFFFFFFF37
:10B92000FFFFFFFFFFFFFFFFFFFFFFFFFFFFFFFF27
:10B93000FFFFFFFFFFFFFFFFFFFFFFFFFFFFFFFF17
:10B94000FFFFFFFFFFFFFFFFFFFFFFFFFFFFFFFF07
:10B95000FFFFFFFFFFFFFFFFFFFFFFFFFFFFFFFFF7
:10B96000FFFFFFFFFFFFFFFFFFFFFFFFFFFFFFFFE7
:10B97000FFFFFFFFFFFFFFFFFFFFFFFFFFFFFFFFD7
:10B98000FFFFFFFFFFFFFFFFFFFFFFFFFFFFFFFFC7
:10B99000FFFFFFFFFFFFFFFFFFFFFFFFFFFFFFFFB7
:10B9A000FFFFFFFFFFFFFFFFFFFFFFFFFFFFFFFFA7
:10B9B000FFFFFFFFFFFFFFFFFFFFFFFFFFFFFFFF97
:10B9C000FFFFFFFFFFFFFFFFFFFFFFFFFFFFFFFF87
:10B9D000FFFFFFFFFFFFFFFFFFFFFFFFFFFFFFFF77
:10B9E000FFFFFFFFFFFFFFFFFFFFFFFFFFFFFFFF67
:10B9F000FFFFFFFFFFFFFFFFFFFFFFFFFFFFFFFF57
:10BA0000FFFFFFFFFFFFFFFFFFFFFFFFFFFFFFFF46
:10BA1000FFFFFFFFFFFFFFFFFFFFFFFFFFFFFFFF36
:10BA2000FFFFFFFFFFFFFFFFFFFFFFFFFFFFFFFF26
:10BA3000FFFFFFFFFFFFFFFFFFFFFFFFFFFFFFFF16
:10BA4000FFFFFFFFFFFFFFFFFFFFFFFFFFFFFFFF06
:10BA5000FFFFFFFFFFFFFFFFFFFFFFFFFFFFFFFFF6
:10BA6000FFFFFFFFFFFFFFFFFFFFFFFFFFFFFFFFE6
:10BA7000FFFFFFFFFFFFFFFFFFFFFFFFFFFFFFFFD6
:10BA8000FFFFFFFFFFFFFFFFFFFFFFFFFFFFFFFFC6
:10BA9000FFFFFFFFFFFFFFFFFFFFFFFFFFFFFFFFB6
:10BAA000FFFFFFFFFFFFFFFFFFFFFFFFFFFFFFFFA6
:10BAB000FFFFFFFFFFFFFFFFFFFFFFFFFFFFFFFF96
:10BAC000FFFFFFFFFFFFFFFFFFFFFFFFFFFFFFFF86
:10BAD000FFFFFFFFFFFFFFFFFFFFFFFFFFFFFFFF76
:10BAE000FFFFFFFFFFFFFFFFFFFFFFFFFFFFFFFF66
:10BAF000FFFFFFFFFFFFFFFFFFFFFFFFFFFFFFFF56
:10BB0000FFFFFFFFFFFFFFFFFFFFFFFFFFFFFFFF45
:10BB1000FFFFFFFFFFFFFFFFFFFFFFFFFFFFFFFF35
:10BB2000FFFFFFFFFFFFFFFFFFFFFFFFFFFFFFFF25
:10BB3000FFFFFFFFFFFFFFFFFFFFFFFFFFFFFFFF15
:10BB4000FFFFFFFFFFFFFFFFFFFFFFFFFFFFFFFF05
:10BB5000FFFFFFFFFFFFFFFFFFFFFFFFFFFFFFFFF5
:10BB6000FFFFFFFFFFFFFFFFFFFFFFFFFFFFFFFFE5
:10BB7000FFFFFFFFFFFFFFFFFFFFFFFFFFFFFFFFD5
:10BB8000FFFFFFFFFFFFFFFFFFFFFFFFFFFFFFFFC5
:10BB9000FFFFFFFFFFFFFFFFFFFFFFFFFFFFFFFFB5
:10BBA000FFFFFFFFFFFFFFFFFFFFFFFFFFFFFFFFA5
:10BBB000FFFFFFFFFFFFFFFFFFFFFFFFFFFFFFFF95
:10BBC000FFFFFFFFFFFFFFFFFFFFFFFFFFFFFFFF85
:10BBD000FFFFFFFFFFFFFFFFFFFFFFFFFFFFFFFF75
:10BBE000FFFFFFFFFFFFFFFFFFFFFFFFFFFFFFFF65
:10BBF000FFFFFFFFFFFFFFFFFFFFFFFFFFFFFFFF55
:10BC0000FFFFFFFFFFFFFFFFFFFFFFFFFFFFFFFF44
:10BC1000FFFFFFFFFFFFFFFFFFFFFFFFFFFFFFFF34
:10BC2000FFFFFFFFFFFFFFFFFFFFFFFFFFFFFFFF24
:10BC3000FFFFFFFFFFFFFFFFFFFFFFFFFFFFFFFF14
:10BC4000FFFFFFFFFFFFFFFFFFFFFFFFFFFFFFFF04
:10BC5000FFFFFFFFFFFFFFFFFFFFFFFFFFFFFFFFF4
:10BC6000FFFFFFFFFFFFFFFFFFFFFFFFFFFFFFFFE4
:10BC7000FFFFFFFFFFFFFFFFFFFFFFFFFFFFFFFFD4
:10BC8000FFFFFFFFFFFFFFFFFFFFFFFFFFFFFFFFC4
:10BC9000FFFFFFFFFFFFFFFFFFFFFFFFFFFFFFFFB4
:10BCA000FFFFFFFFFFFFFFFFFFFFFFFFFFFFFFFFA4
:10BCB000FFFFFFFFFFFFFFFFFFFFFFFFFFFFFFFF94
:10BCC000FFFFFFFFFFFFFFFFFFFFFFFFFFFFFFFF84
:10BCD000FFFFFFFFFFFFFFFFFFFFFFFFFFFFFFFF74
:10BCE000FFFFFFFFFFFFFFFFFFFFFFFFFFFFFFFF64
:10BCF000FFFFFFFFFFFFFFFFFFFFFFFFFFFFFFFF54
:10BD0000FFFFFFFFFFFFFFFFFFFFFFFFFFFFFFFF43
:10BD1000FFFFFFFFFFFFFFFFFFFFFFFFFFFFFFFF33
:10BD2000FFFFFFFFFFFFFFFFFFFFFFFFFFFFFFFF23
:10BD3000FFFFFFFFFFFFFFFFFFFFFFFFFFFFFFFF13
:10BD4000FFFFFFFFFFFFFFFFFFFFFFFFFFFFFFFF03
:10BD5000FFFFFFFFFFFFFFFFFFFFFFFFFFFFFFFFF3
:10BD6000FFFFFFFFFFFFFFFFFFFFFFFFFFFFFFFFE3
:10BD7000FFFFFFFFFFFFFFFFFFFFFFFFFFFFFFFFD3
:10BD8000FFFFFFFFFFFFFFFFFFFFFFFFFFFFFFFFC3
:10BD9000FFFFFFFFFFFFFFFFFFFFFFFFFFFFFFFFB3
:10BDA000FFFFFFFFFFFFFFFFFFFFFFFFFFFFFFFFA3
:10BDB000FFFFFFFFFFFFFFFFFFFFFFFFFFFFFFFF93
:10BDC000FFFFFFFFFFFFFFFFFFFFFFFFFFFFFFFF83
:10BDD000FFFFFFFFFFFFFFFFFFFFFFFFFFFFFFFF73
:10BDE000FFFFFFFFFFFFFFFFFFFFFFFFFFFFFFFF63
:10BDF000FFFFFFFFFFFFFFFFFFFFFFFFFFFFFFFF53
:10BE0000FFFFFFFFFFFFFFFFFFFFFFFFFFFFFFFF42
:10BE1000FFFFFFFFFFFFFFFFFFFFFFFFFFFFFFFF32
:10BE2000FFFFFFFFFFFFFFFFFFFFFFFFFFFFFFFF22
:10BE3000FFFFFFFFFFFFFFFFFFFFFFFFFFFFFFFF12
:10BE4000FFFFFFFFFFFFFFFFFFFFFFFFFFFFFFFF02
:10BE5000FFFFFFFFFFFFFFFFFFFFFFFFFFFFFFFFF2
:10BE6000FFFFFFFFFFFFFFFFFFFFFFFFFFFFFFFFE2
:10BE7000FFFFFFFFFFFFFFFFFFFFFFFFFFFFFFFFD2
:10BE8000FFFFFFFFFFFFFFFFFFFFFFFFFFFFFFFFC2
:10BE9000FFFFFFFFFFFFFFFFFFFFFFFFFFFFFFFFB2
:10BEA000FFFFFFFFFFFFFFFFFFFFFFFFFFFFFFFFA2
:10BEB000FFFFFFFFFFFFFFFFFFFFFFFFFFFFFFFF92
:10BEC000FFFFFFFFFFFFFFFFFFFFFFFFFFFFFFFF82
:10BED000FFFFFFFFFFFFFFFFFFFFFFFFFFFFFFFF72
:10BEE000FFFFFFFFFFFFFFFFFFFFFFFFFFFFFFFF62
:10BEF000FFFFFFFFFFFFFFFFFFFFFFFFFFFFFFFF52
:10BF0000FFFFFFFFFFFFFFFFFFFFFFFFFFFFFFFF41
:10BF1000FFFFFFFFFFFFFFFFFFFFFFFFFFFFFFFF31
:10BF2000FFFFFFFFFFFFFFFFFFFFFFFFFFFFFFFF21
:10BF3000FFFFFFFFFFFFFFFFFFFFFFFFFFFFFFFF11
:10BF4000FFFFFFFFFFFFFFFFFFFFFFFFFFFFFFFF01
:10BF5000FFFFFFFFFFFFFFFFFFFFFFFFFFFFFFFFF1
:10BF6000FFFFFFFFFFFFFFFFFFFFFFFFFFFFFFFFE1
:10BF7000FFFFFFFFFFFFFFFFFFFFFFFFFFFFFFFFD1
:10BF8000FFFFFFFFFFFFFFFFFFFFFFFFFFFFFFFFC1
:10BF9000FFFFFFFFFFFFFFFFFFFFFFFFFFFFFFFFB1
:10BFA000FFFFFFFFFFFFFFFFFFFFFFFFFFFFFFFFA1
:10BFB000FFFFFFFFFFFFFFFFFFFFFFFFFFFFFFFF91
:10BFC000FFFFFFFFFFFFFFFFFFFFFFFFFFFFFFFF81
:10BFD000FFFFFFFFFFFFFFFFFFFFFFFFFFFFFFFF71
:10BFE000FFFFFFFFFFFFFFFFFFFFFFFFFFFFFFFF61
:10BFF000534D49524D00000007002000856E415806
:0400000500480CB1F2
:00000001FF
